Company_Name,Category,Address,Url
Sunshine Clinic,Medical clinic,"Sangaiprou Mamang Leikai, C/o MRF Tyres, Airport Road, Imphal West, Imphal, Manipur 795001, India",https://www.google.co.kr/maps/place/Sunshine+Clinic/data=!4m5!3m4!1s0x374926180a793b71:0xd793803d75c4215a!8m2!3d24.7820039!4d93.9153673?authuser=0&hl=en&rclk=1
Health Clinic,Medical clinic,"JVFR+J8G, Mayang Imphal, Manipur 795132, India",https://www.google.co.kr/maps/place/Health+Clinic/data=!4m5!3m4!1s0x37493066a1cd6561:0x1cdfc39bf41c0170!8m2!3d24.6240515!4d93.8908218?authuser=0&hl=en&rclk=1
Apollo Clinic,Medical clinic,"RW7G+6X4, Lalambung Makhong, Thangmeiband, Imphal, Manipur 795004, India",https://www.google.co.kr/maps/place/Apollo+Clinic/data=!4m5!3m4!1s0x374927b63c54315f:0xdcee9408a39ce427!8m2!3d24.8130172!4d93.9274577?authuser=0&hl=en&rclk=1
Dr bilashini home clinic,Medical clinic,"RWCM+HRM, Thangmeiband, Imphal, Manipur 795001, India",https://www.google.co.kr/maps/place/Dr+bilashini+home+clinic/data=!4m5!3m4!1s0x374927a1ac95addd:0x54a4632449ecbb24!8m2!3d24.8214674!4d93.9345411?authuser=0&hl=en&rclk=1
Surbina Physiotherapy Clinic,Medical clinic,"Keishampat Thokchom Leikai, Imphal, Manipur 795001, India",https://www.google.co.kr/maps/place/Surbina+Physiotherapy+Clinic/data=!4m5!3m4!1s0x3749264ceeecc657:0xa7774342efa16964!8m2!3d24.803276!4d93.9334223?authuser=0&hl=en&rclk=1
SAI CLINIC,Women's health clinic,"parking near, Thoubal, Manipur, India",https://www.google.co.kr/maps/place/SAI+CLINIC/data=!4m5!3m4!1s0x37493ca493fb90f7:0xa00d84d30bc23908!8m2!3d24.6446874!4d93.9965075?authuser=0&hl=en&rclk=1
Nazareth Clinic and Diagnostic Centre,Medical clinic,"Kabo Leika, Imphal, Manipur 795001, India",https://www.google.co.kr/maps/place/Nazareth+Clinic+and+Diagnostic+Centre/data=!4m5!3m4!1s0x37492709fb62d223:0xa94bac33bce59ba3!8m2!3d24.8222982!4d93.9473443?authuser=0&hl=en&rclk=1
Jandho Memorial Clinic,Medical clinic,"QWMP+5VH, Makha Leirak, Imphal, Manipur 795004, India",https://www.google.co.kr/maps/place/Jandho+Memorial+Clinic/data=!4m5!3m4!1s0x3749265d49e103a9:0x8003306b5b8a192b!8m2!3d24.7829277!4d93.9372414?authuser=0&hl=en&rclk=1
Public Health Clinic,Medical clinic,"Laitonjam Rd, Laitonjam Khori Leikai, Nambol Laitonjam, Manipur 795134, India",https://www.google.co.kr/maps/place/Public+Health+Clinic/data=!4m5!3m4!1s0x37492e8c144ae7af:0x15e9d56b897ca150!8m2!3d24.7199997!4d93.8411043?authuser=0&hl=en&rclk=1
ACME Fertility and Healcthcare Centre,Medical clinic,"Hiyang Hiren Leirak, Palace Compound, Manipur 795001, India",https://www.google.co.kr/maps/place/ACME+Fertility+and+Healcthcare+Centre/data=!4m5!3m4!1s0x374926fe1796a029:0x5820d5b8453eef49!8m2!3d24.8039629!4d93.9510763?authuser=0&hl=en&rclk=1
Shija Hospitals Info. Centre Thoubal,Medical clinic,"Ward Number 1, Wangmataba, Thoubal, Manipur 795138, India",https://www.google.co.kr/maps/place/Shija+Hospitals+Info.+Centre+Thoubal/data=!4m5!3m4!1s0x37493dfd03b5c1a7:0xa8c1bd428b75f3e1!8m2!3d24.6450452!4d93.9957562?authuser=0&hl=en&rclk=1
Shija Clinic,Hospital,"J2P3+Q63, Meira Paibi, Thoubal, Manipur 795138, India",https://www.google.co.kr/maps/place/Shija+Clinic/data=!4m5!3m4!1s0x37493c9607a50a1d:0xf841a33e307f8f72!8m2!3d24.6368793!4d94.0030387?authuser=0&hl=en&rclk=1
Langol View Clinic,Hospital,"Uripok, Imphal, Manipur 795004, India",https://www.google.co.kr/maps/place/Langol+View+Clinic/data=!4m5!3m4!1s0x374927c976764091:0x2c2a93f04663351d!8m2!3d24.8124895!4d93.9239594?authuser=0&hl=en&rclk=1
Neurocare,Physical therapy clinic,"Unnamed Road, Uripok, Imphal, Manipur 795004, India",https://www.google.co.kr/maps/place/Neurocare/data=!4m5!3m4!1s0x374927c322af639d:0x528d36a18fb5a28b!8m2!3d24.8079128!4d93.9280399?authuser=0&hl=en&rclk=1
Laishram Physio Care,Medical clinic,"Wangkhem, Manipur 795149, India",https://www.google.co.kr/maps/place/Laishram+Physio+Care/data=!4m5!3m4!1s0x3749230c6c15c3eb:0xa30408aeba6b0e1!8m2!3d24.6702943!4d94.0428541?authuser=0&hl=en&rclk=1
Phubala Primary Clinic,Free clinic,"GQM4+6JX, Phubala, Manipur 795126, India",https://www.google.co.kr/maps/place/Phubala+Primary+Clinic/data=!4m5!3m4!1s0x374934dbb111556b:0xff518c70282a172d!8m2!3d24.5331064!4d93.7566228?authuser=0&hl=en&rclk=1
Surbati Physio Therapy Clinic,Physical therapy clinic,"Wangkhei Meihoupham Lampak, Imphal, Manipur 795001, India",https://www.google.co.kr/maps/place/Surbati+Physio+Therapy+Clinic/data=!4m5!3m4!1s0x374926f05655a5a3:0x87892dd8f4baf978!8m2!3d24.790416!4d93.95484?authuser=0&hl=en&rclk=1
Dr. Seanboi Clinic,Medical clinic,"8MQR+5MF, Leimaram Meitei Leikai, Churachandpur, Manipur 795128, India",https://www.google.co.kr/maps/place/Dr.+Seanboi+Clinic/data=!4m5!3m4!1s0x374eb384fd9cd381:0x8534e2f35452530!8m2!3d24.3379411!4d93.6916631?authuser=0&hl=en&rclk=1
Ultracare clinic,Medical clinic,"university first gate, Manipur, India",https://www.google.co.kr/maps/place/Ultracare+clinic/data=!4m5!3m4!1s0x374925d9a36ccb37:0x9c8dcbe99abccd6e!8m2!3d24.7536851!4d93.9345364?authuser=0&hl=en&rclk=1
KAKA Physiotherapy Clinic,Physical therapy clinic,"Soibam Leikai, Old Checkon-DC Road,Imphal East,, Imphal, Manipur 795001, India",https://www.google.co.kr/maps/place/KAKA+Physiotherapy+Clinic/data=!4m5!3m4!1s0x37492789523fde1b:0xaa018b42f281baad!8m2!3d24.807516!4d93.955414?authuser=0&hl=en&rclk=1
Dr. Liangoumuan Clinic,Medical clinic,"Saikham Rd, Vengnuam, New Lamka, Churachandpur, Manipur 795128, India",https://www.google.co.kr/maps/place/Dr.+Liangoumuan+Clinic/data=!4m5!3m4!1s0x374eb3a7caec1cb7:0x4476104b7f57e2f0!8m2!3d24.3326557!4d93.6995579?authuser=0&hl=en&rclk=1
"Community Hospital Moirang, Manipur",Hospital,"Moirang Palli Rd, Part II, Mayai Leikai, Khangabok, Manipur 795138, India","https://www.google.co.kr/maps/place/Community+Hospital+Moirang,+Manipur/data=!4m5!3m4!1s0x37493c6055555555:0xbda00318a7f7b2d2!8m2!3d24.6107233!4d94.0057042?authuser=0&hl=en&rclk=1"
shyam clinic,Emergency care physician,"Unnamed Road, Uripok, Imphal, Manipur 795004, India",https://www.google.co.kr/maps/place/shyam+clinic/data=!4m5!3m4!1s0x374927cd85c56e2f:0x91d23817d9c9ec84!8m2!3d24.8092521!4d93.9168241?authuser=0&hl=en&rclk=1
Shija ENT Hospital,Hospital,"Lamphel Rd, Thangmeiband, Imphal, Manipur 795001, India",https://www.google.co.kr/maps/place/Shija+ENT+Hospital/data=!4m5!3m4!1s0x374927bc26dbb023:0xc5c124e2f99677d0!8m2!3d24.8249769!4d93.9319333?authuser=0&hl=en&rclk=1
Manipur Hijama Centre,Medical clinic,"Hatta Golapati Maning Leikai, Imphal, Manipur 795001, India",https://www.google.co.kr/maps/place/Manipur+Hijama+Centre/data=!4m5!3m4!1s0x374927deec4180e7:0xa8f166551e70e6a6!8m2!3d24.8110683!4d93.9451935?authuser=0&hl=en&rclk=1
Canchi Physiotherapy Centre,Physical therapy clinic,"Chanchipur, Indo-Myanmar Rd, Imphal, Manipur 795003, India",https://www.google.co.kr/maps/place/Canchi+Physiotherapy+Centre/data=!4m5!3m4!1s0x374925d978c1aa1d:0x3aea0b9dbde68eba!8m2!3d24.7523484!4d93.9342045?authuser=0&hl=en&rclk=1
Aadarsh clinic,Doctor,"Porompat PDA Complex, JNIMS Rd, Khongnang Makhong, Imphal, Manipur 795010, India",https://www.google.co.kr/maps/place/Aadarsh+clinic/data=!4m5!3m4!1s0x3749274f73c880db:0x43f15c6dc7a654c2!8m2!3d24.8125729!4d93.9587756?authuser=0&hl=en&rclk=1
Dr. Karam Lokendro (Skin),Medical clinic,"Khuman Lanpak, Khongnang Ani Karak, Chingmeirong, Imphal, Manipur 795001, India",https://www.google.co.kr/maps/place/Dr.+Karam+Lokendro+(Skin)/data=!4m5!3m4!1s0x374927519d6dbb93:0xa5048c345e12ea0b!8m2!3d24.8258734!4d93.9466989?authuser=0&hl=en&rclk=1
Neitin Clinic,Doctor,"Super Market, Lamphelpat, Imphal, Manipur 795004, India",https://www.google.co.kr/maps/place/Neitin+Clinic/data=!4m5!3m4!1s0x374927df03eb8621:0xd1a221b1600bd980!8m2!3d24.8236022!4d93.9113634?authuser=0&hl=en&rclk=1
DR. Memcha Clinic,Hospital,"F2X7+W35, Kakching, Manipur 795103, India",https://www.google.co.kr/maps/place/DR.+Memcha+Clinic/data=!4m5!3m4!1s0x37493f1411fd8fdb:0x479d891ea77bd0af!8m2!3d24.4997698!4d94.0127205?authuser=0&hl=en&rclk=1
Miracle Homeo Cure,Medical clinic,"NH2, Sangaiprou Mamang, Manipur 795001, India",https://www.google.co.kr/maps/place/Miracle+Homeo+Cure/data=!4m5!3m4!1s0x374926191badca4d:0x51277d0312b3b492!8m2!3d24.7785849!4d93.9131036?authuser=0&hl=en&rclk=1
Niti Clinic,Hospital,"Unnamed Road, khurai ahongei, leirk, Manipur 795001, India",https://www.google.co.kr/maps/place/Niti+Clinic/data=!4m5!3m4!1s0x3749271b3c5b9249:0xf0a4a0c76bc9c98!8m2!3d24.8126044!4d93.9585772?authuser=0&hl=en&rclk=1
Imphal spine and pain clinic,Doctor,"NH2, Imphal, Manipur 795140, India",https://www.google.co.kr/maps/place/Imphal+spine+and+pain+clinic/data=!4m5!3m4!1s0x3749277df3cbec87:0x20d9f2163d1b8fed!8m2!3d24.7785882!4d93.9114771?authuser=0&hl=en&rclk=1
Health Centre,Medical Center,"QWMP+4X6, Makha Leirak, Imphal, Manipur 795008, India",https://www.google.co.kr/maps/place/Health+Centre/data=!4m5!3m4!1s0x374927da84937177:0xc64ad9d43c1b2640!8m2!3d24.782793!4d93.937403?authuser=0&hl=en&rclk=1
Little Clinic,Hospital,"Nagaram Village, Imphal, Manipur 795010, India",https://www.google.co.kr/maps/place/Little+Clinic/data=!4m5!3m4!1s0x374927e4761ed7db:0x321d583788fb922a!8m2!3d24.8266042!4d93.949884?authuser=0&hl=en&rclk=1
National homoeo clinic,Medical clinic,"RW6M+2QM, Thangal Bazar, Imphal, Manipur 795001, India",https://www.google.co.kr/maps/place/National+homoeo+clinic/data=!4m5!3m4!1s0x374927b233774a05:0x2c483dba3d392337!8m2!3d24.8100899!4d93.9344358?authuser=0&hl=en&rclk=1
"Public Health Centre, Akampat",Medical clinic,"QWFX+XHQ, Imphal, Manipur 795008, India","https://www.google.co.kr/maps/place/Public+Health+Centre,+Akampat/data=!4m5!3m4!1s0x3749268987ccd33f:0x5cc9022de872636e!8m2!3d24.7749526!4d93.9489764?authuser=0&hl=en&rclk=1"
Mind Care Clinic,Doctor,"RW7G+7V9, Lalambung Makhong, Thangmeiband, Imphal, Manipur 795004, India",https://www.google.co.kr/maps/place/Mind+Care+Clinic/data=!4m5!3m4!1s0x374927ad6577a04d:0xbdc6a544df5a040f!8m2!3d24.8131625!4d93.9272351?authuser=0&hl=en&rclk=1
MSF Clinic,Medical clinic,"8MRV+RP5, Churachandpur, Manipur 795128, India",https://www.google.co.kr/maps/place/MSF+Clinic/data=!4m5!3m4!1s0x374eb3adc33bfef9:0x47db764fef7388d1!8m2!3d24.3420213!4d93.6943582?authuser=0&hl=en&rclk=1
"Classical Homoeopathic Clinic,Porompat.",Medical clinic,"RX75+VQ5, Khurai Thangjam Leikai, Imphal, Manipur 795010, India","https://www.google.co.kr/maps/place/Classical+Homoeopathic+Clinic,Porompat./data=!4m5!3m4!1s0x3749277fee4f13e5:0x682c267056919113!8m2!3d24.814642!4d93.959486?authuser=0&hl=en&rclk=1"
Chingkhei Physiotherapy clinic,Medical clinic,"Nongthombam, Kongba Uchekon, Manipur 795008, India",https://www.google.co.kr/maps/place/Chingkhei+Physiotherapy+clinic/data=!4m5!3m4!1s0x374927dcf8163355:0x945c527d02bbf891!8m2!3d24.7768086!4d93.9590283?authuser=0&hl=en&rclk=1
Physiotherapy Clinic,Hospital,"sagolband moirang hanuba mamang leirak, Imphal, Manipur 795001, India",https://www.google.co.kr/maps/place/Physiotherapy+Clinic/data=!4m5!3m4!1s0x3749291885d9fac5:0x4da07baa49b14073!8m2!3d24.7924134!4d93.9061224?authuser=0&hl=en&rclk=1
Dr.Kh.Nabakeshore Singh ( N I Mansion),Medical clinic,"Canchipur Langthabal Road Mutum Leirak Langthabal Kunja, Awang Leikai, Canchipur, Imphal, Manipur 795003, India",https://www.google.co.kr/maps/place/Dr.Kh.Nabakeshore+Singh+(+N+I+Mansion)/data=!4m5!3m4!1s0x374925862f73b403:0x843069b8729815f9!8m2!3d24.7472491!4d93.915991?authuser=0&hl=en&rclk=1
Physiotheraphy Clinic,Hospital,"PXP4+R77, Uchekon Khunou, Manipur 795003, India",https://www.google.co.kr/maps/place/Physiotheraphy+Clinic/data=!4m5!3m4!1s0x374924370c3aa8d9:0xbd9ce98334c64e5!8m2!3d24.7370258!4d93.9556856?authuser=0&hl=en&rclk=1
Raj Medicity,Private hospital,"North A.O.C, Imphal, Manipur 795001, India",https://www.google.co.kr/maps/place/Raj+Medicity/data=!4m5!3m4!1s0x374927a897983d57:0x9a27943afe37e514!8m2!3d24.8160364!4d93.9433619?authuser=0&hl=en&rclk=1
Dr. Basanta Clinic,Children's hospital,"QWW2+QFW, Takyel, Imphal, Manipur 795004, India",https://www.google.co.kr/maps/place/Dr.+Basanta+Clinic/data=!4m5!3m4!1s0x374928837e2e1977:0xb16625472817d407!8m2!3d24.7969887!4d93.9012127?authuser=0&hl=en&rclk=1
JR CNILIC HEALTH CENTER,Medical clinic,"NH202, Telipati Baste, Soibam Leikai, Kairang Meitei, Manipur 795001, India",https://www.google.co.kr/maps/place/JR+CNILIC+HEALTH+CENTER/data=!4m5!3m4!1s0x3749278b5932b71f:0x2406ee7193ada1cd!8m2!3d24.8141868!4d93.9512448?authuser=0&hl=en&rclk=1
Sapam X-ray Clinic,X-ray lab,"RIMS Rd, Lalambung Makhong, Uripok, Imphal, Manipur 795004, India",https://www.google.co.kr/maps/place/Sapam+X-ray+Clinic/data=!4m5!3m4!1s0x374927b66a3d16a7:0x65f47c9f2523bbe8!8m2!3d24.8126529!4d93.9282044?authuser=0&hl=en&rclk=1
Dr Taruni Ngangbam private clinic,Hospital,"Thingbaijam Colony, Uripok Kangchup Rd, Uripok Bachaspati Leikai, Uripok, Imphal, Manipur 795004, India",https://www.google.co.kr/maps/place/Dr+Taruni+Ngangbam+private+clinic/data=!4m5!3m4!1s0x3749277d847b7965:0xd5a750c8558d0e96!8m2!3d24.8077067!4d93.9246143?authuser=0&hl=en&rclk=1
Radhamanbi Fetility Centre,Fertility clinic,"QWRC+Q35, Imphal, Manipur 795004, India",https://www.google.co.kr/maps/place/Radhamanbi+Fetility+Centre/data=!4m5!3m4!1s0x3749263a40b147c7:0x15892b2bdc9b0221!8m2!3d24.7918919!4d93.9202489?authuser=0&hl=en&rclk=1
Community Medical Services,Medical Center,"Zone-III, National Game Village, Langol, Imphal, Manipur 795004, India",https://www.google.co.kr/maps/place/Community+Medical+Services/data=!4m5!3m4!1s0x3749287195d45b75:0xcc43f1a5aed64322!8m2!3d24.8226487!4d93.8976594?authuser=0&hl=en&rclk=1
ARINA PHYSIOTHERAPY CLINIC,Physical therapy clinic,"QX68+JCJ, Bashikhong Torban, Wangkhei Loumanbi, Manipur 795008, India",https://www.google.co.kr/maps/place/ARINA+PHYSIOTHERAPY+CLINIC/data=!4m5!3m4!1s0x374927f037ff65af:0xb7770e8a5c398133!8m2!3d24.7615852!4d93.9660185?authuser=0&hl=en&rclk=1
Zion Clinic & Diagnostic Centre,Hospital,"NH2, Churachandpur, Manipur 795128, India",https://www.google.co.kr/maps/place/Zion+Clinic+%26+Diagnostic+Centre/data=!4m5!3m4!1s0x374eb30a5fd37ed5:0xf02a0bf3a374b4cb!8m2!3d24.3588229!4d93.7046497?authuser=0&hl=en&rclk=1
Shija Emergency & Trauma Care,General hospital,"HealthVillage, Langol, West, Imphal, Manipur 795004, India",https://www.google.co.kr/maps/place/Shija+Emergency+%26+Trauma+Care/data=!4m5!3m4!1s0x374927cd33566c6b:0x984052a75926b600!8m2!3d24.8359305!4d93.9141938?authuser=0&hl=en&rclk=1
Changkhonbi Clinic,Hospital,"FPA Rd, Sagoltongba Mayai Leikai, Sabal Leikai, Manipur 795113, India",https://www.google.co.kr/maps/place/Changkhonbi+Clinic/data=!4m5!3m4!1s0x374929d47b9dbbad:0x272f9480ae58a78d!8m2!3d24.7744942!4d93.8451592?authuser=0&hl=en&rclk=1
Dr Suraj Clinic,Hospital,"QWRG+F92, Kwakeithel Thokchom Leikai, Imphal, Manipur 795004, India",https://www.google.co.kr/maps/place/Dr+Suraj+Clinic/data=!4m5!3m4!1s0x3749263864fa87ab:0x5551a2fbffd81307!8m2!3d24.7911448!4d93.9258843?authuser=0&hl=en&rclk=1
Apollo Scan Clinic,Hospital,"RIMS Rd, near Crown dental, Lalambung Makhong, Uripok, Imphal, Manipur 795004, India",https://www.google.co.kr/maps/place/Apollo+Scan+Clinic/data=!4m5!3m4!1s0x3749278882dc8e61:0xe2759538365c4fef!8m2!3d24.8126632!4d93.9285407?authuser=0&hl=en&rclk=1
Dr Sachindra Laishram,Doctor,"QWPC+WXX, Kwakeithel Makha, akham Leikai, Imphal, Manipur 795004, India",https://www.google.co.kr/maps/place/Dr+Sachindra+Laishram/data=!4m5!3m4!1s0x3749263eb15148ab:0x155901558c507652!8m2!3d24.7873628!4d93.9224859?authuser=0&hl=en&rclk=1
TOMBIMACHA CLINIC,Medical clinic,"Keinou Thongkha Mamang Leikai Rd, Nambol Mongjing Leikai, Nambol, Manipur 795134, India",https://www.google.co.kr/maps/place/TOMBIMACHA+CLINIC/data=!4m5!3m4!1s0x37492e8669673d1b:0xa4803c3ee472db!8m2!3d24.7161663!4d93.8339576?authuser=0&hl=en&rclk=1
Primary Health Center,Hospital,"RXV5+7R4, Imphal, Manipur 795010, India",https://www.google.co.kr/maps/place/Primary+Health+Center/data=!4m5!3m4!1s0x374927d807b35757:0x84e57807ad3c4d2d!8m2!3d24.8431347!4d93.9595735?authuser=0&hl=en&rclk=1
Catholic Medical Centre (CMC Hospital),Government hospital,"Koirengei, Imphal East -, Koirengei, Manipur 795002, India",https://www.google.co.kr/maps/place/Catholic+Medical+Centre+(CMC+Hospital)/data=!4m5!3m4!1s0x3748d83bfe4a6a2f:0x6e48d1e08ad6732d!8m2!3d24.882947!4d93.9210043?authuser=0&hl=en&rclk=1
Remedy Hospital,Hospital,"Nityaiband Chuthek - Konung Mamang Rd, Angom Colony, Imphal, Manipur 795001, India",https://www.google.co.kr/maps/place/Remedy+Hospital/data=!4m5!3m4!1s0x374926ff8facc3d5:0x6b5429d11c3ca96a!8m2!3d24.802856!4d93.9475089?authuser=0&hl=en&rclk=1
TB and Leprosy Hospital,Hospital,"PX3V+QM5, Keirao-Wangkhem, Manipur 795130, India",https://www.google.co.kr/maps/place/TB+and+Leprosy+Hospital/data=!4m5!3m4!1s0x3749237940000007:0xbd19e9e88b382ada!8m2!3d24.7043857!4d93.994221?authuser=0&hl=en&rclk=1
Dr. LM Singh,Doctor,"RW7Q+V44, Majorkhul, Thangal Bazar, Imphal, Manipur 795001, India",https://www.google.co.kr/maps/place/Dr.+LM+Singh/data=!4m5!3m4!1s0x37492742afd95137:0x5e503c62eadcab22!8m2!3d24.8146378!4d93.9378288?authuser=0&hl=en&rclk=1
Anni Med.Centre,Medical Center,"Khoyathong Road, Majorkhul, Thangal Bazar, Imphal, Manipur 795001, India",https://www.google.co.kr/maps/place/Anni+Med.Centre/data=!4m5!3m4!1s0x374927b1c2cfc789:0x789c4b8c011c83e5!8m2!3d24.8127178!4d93.9361739?authuser=0&hl=en&rclk=1
Public Health Center,Hospital,"PXQH+H99, Leitambi, Manipur 795008, India",https://www.google.co.kr/maps/place/Public+Health+Center/data=!4m5!3m4!1s0x3749240e09da6fe3:0x7579100e5daecd46!8m2!3d24.7389117!4d93.9784784?authuser=0&hl=en&rclk=1
Kyamgei PHC,Hospital,"PWRR+XW9, Nandeibam Leikai, Manipur 795003, India",https://www.google.co.kr/maps/place/Kyamgei+PHC/data=!4m5!3m4!1s0x374925d9973e7c27:0x5d3d4c4b1f2c4f33!8m2!3d24.742405!4d93.942361?authuser=0&hl=en&rclk=1
"Thoubal District Hospital, Khangabok",Hospital,"Khangabok Hospital Rd, Part I, Mamang Leikai, Khangabok, Manipur 795138, India","https://www.google.co.kr/maps/place/Thoubal+District+Hospital,+Khangabok/data=!4m5!3m4!1s0x37493c8ad0b62265:0x9c40d39e15d59e04!8m2!3d24.6251328!4d94.0128097?authuser=0&hl=en&rclk=1"
OPD RIMS IMPHAL,Hospital,"RW7F+WP4, Imphal, Manipur 795004, India",https://www.google.co.kr/maps/place/OPD+RIMS+IMPHAL/data=!4m5!3m4!1s0x374927c8569f3131:0x8a67bdde2a6f2650!8m2!3d24.8147674!4d93.9243346?authuser=0&hl=en&rclk=1
Eden Clinic & Chemist,Medical clinic,"Rengkai Road Rengkai, Road, Churachandpur, Manipur 795128, India",https://www.google.co.kr/maps/place/Eden+Clinic+%26+Chemist/data=!4m5!3m4!1s0x374eb35af67e6715:0x8ba710ef5c3bd5c9!8m2!3d24.3425165!4d93.7027241?authuser=0&hl=en&rclk=1
New Life Rehabilitation Centre,Hospital,"QVCX+Q4R, Takyel Mapal, Manipur 795140, India",https://www.google.co.kr/maps/place/New+Life+Rehabilitation+Centre/data=!4m5!3m4!1s0x374928a56ce946eb:0x51046f67f45499e0!8m2!3d24.7719936!4d93.8977764?authuser=0&hl=en&rclk=1
Health Centre,Hospital,"QW2G+PM8, Imphal, Manipur 795003, India",https://www.google.co.kr/maps/place/Health+Centre/data=!4m5!3m4!1s0x374925ddf8d3933b:0x683c76beb7190234!8m2!3d24.751786!4d93.9267139?authuser=0&hl=en&rclk=1
Iroisemba Primary Health Centre,Hospital,"RV5V+3PQ, Uripok, Imphal, Manipur 795004, India",https://www.google.co.kr/maps/place/Iroisemba+Primary+Health+Centre/data=!4m5!3m4!1s0x374928629325667b:0xfefcdee07ca789d9!8m2!3d24.8077006!4d93.894364?authuser=0&hl=en&rclk=1
Maipakpi Maternity & Child Hospital,Hospital,"MW74+FGJ, Yumnam Huidrom, Manipur 795009, India",https://www.google.co.kr/maps/place/Maipakpi+Maternity+%26+Child+Hospital/data=!4m5!3m4!1s0x3749255555555555:0xaf03d1115bafd46d!8m2!3d24.6637173!4d93.9062688?authuser=0&hl=en&rclk=1
LAMJINGBA Hospital,Hospital,"RW6F+XHW, Uripok, Imphal, Manipur 795004, India",https://www.google.co.kr/maps/place/LAMJINGBA+Hospital/data=!4m5!3m4!1s0x3749274738921f5b:0xbff09cc9a90ab7d9!8m2!3d24.8124895!4d93.9239594?authuser=0&hl=en&rclk=1
CMO OFFICE COMPLEX THOUBAL,Hospital,"JXVW+MCW, Wangmataba, Thoubal, Manipur 795138, India",https://www.google.co.kr/maps/place/CMO+OFFICE+COMPLEX+THOUBAL/data=!4m5!3m4!1s0x37493d1ee1e51f91:0x2c11eac693ae60ea!8m2!3d24.6442316!4d93.996076?authuser=0&hl=en&rclk=1
Asian Hospital,Hospital,"Kwakeithel Makha, Lourembam Leikai, Imphal, Manipur 795004, India",https://www.google.co.kr/maps/place/Asian+Hospital/data=!4m5!3m4!1s0x374926394dc8584b:0x74a9cfab922cafa2!8m2!3d24.7879265!4d93.9223702?authuser=0&hl=en&rclk=1
Swiss Clinic,Hospital,"Lamding Mamang Leikai, Wangjing, Manipur 795148, India",https://www.google.co.kr/maps/place/Swiss+Clinic/data=!4m5!3m4!1s0x37493d6349166e17:0xd5576708ff3fad25!8m2!3d24.5989746!4d94.0354613?authuser=0&hl=en&rclk=1
Chamber Hospital,Hospital,"near yaiphaba hotel, Manipur, India",https://www.google.co.kr/maps/place/Chamber+Hospital/data=!4m5!3m4!1s0x374927b20e4e1e5d:0x8dd9c2768cf65c5a!8m2!3d24.8097098!4d93.9365982?authuser=0&hl=en&rclk=1
Primary Health Centre,Hospital,"Samurou, Takhellambam Konjil, Manipur 795009, India",https://www.google.co.kr/maps/place/Primary+Health+Centre/data=!4m5!3m4!1s0x37492f8647ffa81b:0x61dbb0c6be42b4!8m2!3d24.7010299!4d93.9028531?authuser=0&hl=en&rclk=1
Maipakpi Maternity and Child Hospital,Maternity hospital,"Indo Mayanmar Road, Near Classic Hostel, North AOC Petrol Pump, Imphal, Manipur 795001, India",https://www.google.co.kr/maps/place/Maipakpi+Maternity+and+Child+Hospital/data=!4m5!3m4!1s0x374927a8b85450ab:0xaa0bb8236ae3056!8m2!3d24.8154502!4d93.9426866?authuser=0&hl=en&rclk=1
Advanced Medical Homoeopathic Clinic,Medical clinic,"Tokpam Mamang Leikai, Wangkhei, Imphal, Manipur 795008, India",https://www.google.co.kr/maps/place/Advanced+Medical+Homoeopathic+Clinic/data=!4m5!3m4!1s0x374927ffcaf06aed:0xc2daccb965221aef!8m2!3d24.785524!4d93.9598017?authuser=0&hl=en&rclk=1
I.Beikul Singh Traditional Healing (Physical Therapy,Physical therapy clinic,"QWF4+X53, Ghari, Manipur 795140, India",https://www.google.co.kr/maps/place/I.Beikul+Singh+Traditional+Healing+(Physical+Therapy/data=!4m5!3m4!1s0x3749292cfa8d9da7:0xfd72004c00ecd11!8m2!3d24.774882!4d93.9054207?authuser=0&hl=en&rclk=1
JNIMS Hospital,Hospital,"QWWC+8J5, Sagolband Thangjam Leirak, Sagolband, Porompat, Manipur 795004, India",https://www.google.co.kr/maps/place/JNIMS+Hospital/data=!4m5!3m4!1s0x374927549b69dae1:0xc56908ab519fdab5!8m2!3d24.7957561!4d93.9216181?authuser=0&hl=en&rclk=1
Christian Hospital,Hospital,"RWFW+X44, Khongnang Ani Karak, Kabo Leika, Imphal, Manipur 795001, India",https://www.google.co.kr/maps/place/Christian+Hospital/data=!4m5!3m4!1s0x374927a0ee30442f:0x544f4c0f9f64d240!8m2!3d24.824882!4d93.9453202?authuser=0&hl=en&rclk=1
JNIMS Hospital OPD Block,Hospital,"JNIMS Rd, Khongnang Makhong, Lairikyengbam Leikai, Manipur 795010, India",https://www.google.co.kr/maps/place/JNIMS+Hospital+OPD+Block/data=!4m5!3m4!1s0x3749271be165ea01:0x797c195657da24dc!8m2!3d24.8113124!4d93.9622563?authuser=0&hl=en&rclk=1
Advanced Hospital,Hospital,"Palace Compound, Wangkhei, Imphal, Manipur 795001, India",https://www.google.co.kr/maps/place/Advanced+Hospital/data=!4m5!3m4!1s0x3749265611f63dd5:0x4a93c743f29b839e!8m2!3d24.7981401!4d93.9461518?authuser=0&hl=en&rclk=1
"District Hospital, Bishnupur",Hospital,"NH-150, Tengkhal Khunou, Manipur 795126, India","https://www.google.co.kr/maps/place/District+Hospital,+Bishnupur/data=!4m5!3m4!1s0x374932dd2cb7514f:0x9440110c8c5a037e!8m2!3d24.6319257!4d93.7620137?authuser=0&hl=en&rclk=1"
Moijing Primary Health Sub Centre,Hospital,"Awang Mamang Leikai, Thoubal Mayum Leikai, Moijing, Manipur 795138, India",https://www.google.co.kr/maps/place/Moijing+Primary+Health+Sub+Centre/data=!4m5!3m4!1s0x37493b3b92f87987:0x8e616b75d101d01f!8m2!3d24.6453932!4d93.9608965?authuser=0&hl=en&rclk=1
Regional Institute of Medical Sciences,Hospital,"Lamphel Rd, Lamphelpat, Imphal, Manipur 795004, India",https://www.google.co.kr/maps/place/Regional+Institute+of+Medical+Sciences/data=!4m5!3m4!1s0x374927c8c3319919:0x6900e9cc97a1edd7!8m2!3d24.8158998!4d93.9228051?authuser=0&hl=en&rclk=1
Hospital Sahaningi Ching Matum Asima Pik Thankhei,Hospital,"Kiyam Leitanpok, Thoubal, Manipur, India",https://www.google.co.kr/maps/place/Hospital+Sahaningi+Ching+Matum+Asima+Pik+Thankhei/data=!4m5!3m4!1s0x37493b2d5529a4e7:0xc8909041c6ea5620!8m2!3d24.6623618!4d93.9570858?authuser=0&hl=en&rclk=1
Konok Khongnangkhong,Hospital,"QW3P+98F, Khoupum, Manipur 795003, India",https://www.google.co.kr/maps/place/Konok+Khongnangkhong/data=!4m5!3m4!1s0x374925446f69122d:0x895f81d627a86523!8m2!3d24.7534339!4d93.9357816?authuser=0&hl=en&rclk=1
PHC Mekola,Hospital,"Mekola Bazaar, Chingphu Rd, Manipur, India",https://www.google.co.kr/maps/place/PHC+Mekola/data=!4m5!3m4!1s0x37492f96778f1c11:0xeb6f05bbf33a157b!8m2!3d24.7356723!4d93.8767851?authuser=0&hl=en&rclk=1
AYURVEDIC CLINIC CENTER MV FIROZ,Hospital,"Salvation Army Rd, Hiangtam Lamka, Churachandpur, Manipur 795128, India",https://www.google.co.kr/maps/place/AYURVEDIC+CLINIC+CENTER+MV+FIROZ/data=!4m5!3m4!1s0x374eb3d4a0a40dd3:0xda93c3820bf097cd!8m2!3d24.3438771!4d93.699078?authuser=0&hl=en&rclk=1
dr Imo Singh,Doctor,"Sagolband Thangjam Leirak, Sagolband, Imphal, Manipur 795004, India",https://www.google.co.kr/maps/place/dr+Imo+Singh/data=!4m5!3m4!1s0x37492636dbf85293:0x2363b1ac27bfcf75!8m2!3d24.797055!4d93.9225?authuser=0&hl=en&rclk=1
Dr Anash Medical/ Health services,Doctor,"Imphal, Manipur 795148, India",https://www.google.co.kr/maps/place/Dr+Anash+Medical%2F+Health+services/data=!4m5!3m4!1s0x37493f997076026f:0x4364df6819ab6665!8m2!3d24.5541572!4d94.0506173?authuser=0&hl=en&rclk=1
PROACTIVE physio,Physical therapy clinic,"Mayai Leikai Rd, Lilong Chajing, Manipur 795130, India",https://www.google.co.kr/maps/place/PROACTIVE+physio/data=!4m5!3m4!1s0x374925039a747bc1:0x9877e7d4ae0bc3c!8m2!3d24.7027907!4d93.9235621?authuser=0&hl=en&rclk=1
Babina Diagnostic Centre,Diagnostic center,"Ahongei Leirak, Soibam Leikai, Imphal, Manipur 795010, India",https://www.google.co.kr/maps/place/Babina+Diagnostic+Centre/data=!4m5!3m4!1s0x3749271b34d63e25:0xb2078295f37f5ca!8m2!3d24.8121149!4d93.9572386?authuser=0&hl=en&rclk=1
"Casualty Block, RIMS",Hospital,"RIMS Road, Lamphelpat, Imphal, Manipur 795004, India","https://www.google.co.kr/maps/place/Casualty+Block,+RIMS/data=!4m5!3m4!1s0x374927c84e1d1517:0x11dc6077cd5f7fe0!8m2!3d24.8147881!4d93.9247444?authuser=0&hl=en&rclk=1"
Dr. Romi Ortho,Doctor,"2, Soibam Leikai Rd, Konjeng Poila Leikai, Soibam Leikai, Kairang Meitei, Manipur 795001, India",https://www.google.co.kr/maps/place/Dr.+Romi+Ortho/data=!4m5!3m4!1s0x3749270466eb1e31:0x9e270a952eb40ed5!8m2!3d24.8118495!4d93.9542972?authuser=0&hl=en&rclk=1
Jivan Hospital,Hospital,"Kakching, Manipur 795103, India",https://www.google.co.kr/maps/place/Jivan+Hospital/data=!4m5!3m4!1s0x37493f3f4ea09cf9:0x62f6e7b34b6c32df!8m2!3d24.4961993!4d94.0034719?authuser=0&hl=en&rclk=1
Dr. Nilachandra Longjam,Doctor,"Khongman Atom Leirak, Khongman Zone V, zone4, Khongman Mayai, Imphal, Manipur 795008, India",https://www.google.co.kr/maps/place/Dr.+Nilachandra+Longjam/data=!4m5!3m4!1s0x37492749ccc96bfd:0xb4483d05801ad716!8m2!3d24.7693734!4d93.9536919?authuser=0&hl=en&rclk=1
"Department of Microbiology, Regional Institute of Medical Sciences, Imphal.",Hospital,"RW7F+V4Q, Imphal, Manipur 795004, India","https://www.google.co.kr/maps/place/Department+of+Microbiology,+Regional+Institute+of+Medical+Sciences,+Imphal./data=!4m5!3m4!1s0x3749275035d058ff:0x7b0c1717cd2e6686!8m2!3d24.8147169!4d93.9228738?authuser=0&hl=en&rclk=1"
SHARC (Suba Hospital & Assisted Reproductive Centre),Hospital,"RIMS Rd, Kombirei Keithel, Uripok Khumanthem Leikai, Imphal, Manipur 795004, India",https://www.google.co.kr/maps/place/SHARC+(Suba+Hospital+%26+Assisted+Reproductive+Centre)/data=!4m5!3m4!1s0x374927c9974fff45:0x794d75bca1b853a2!8m2!3d24.8126115!4d93.9247845?authuser=0&hl=en&rclk=1
"Urban Health Center,UHC",Hospital,"Singjamei, Chinga makhong, Singjamei, Imphal, Manipur 795008, India","https://www.google.co.kr/maps/place/Urban+Health+Center,UHC/data=!4m5!3m4!1s0x3749264330628f1b:0x259b02ba9b68621b!8m2!3d24.7827933!4d93.9374584?authuser=0&hl=en&rclk=1"
"Primary health centre, Bashikhong",Hospital,"Bashikhong Torban Rd, Bashikhong Torban, Imphal, Manipur 795003, India","https://www.google.co.kr/maps/place/Primary+health+centre,+Bashikhong/data=!4m5!3m4!1s0x374925d25134c913:0x224bd8c8d60d5731!8m2!3d24.7499787!4d93.9469671?authuser=0&hl=en&rclk=1"
Gynae clinic and ultrasound,Hospital,"QW3M+JJV, Khongman, Manipur 795003, India",https://www.google.co.kr/maps/place/Gynae+clinic+and+ultrasound/data=!4m5!3m4!1s0x374925bcae4e71e1:0x451b88411c00c404!8m2!3d24.7541156!4d93.9340617?authuser=0&hl=en&rclk=1
"District Hospital, Imphal West",Hospital,"I.B. Rd, Mayang Imphal, Manipur 795132, India","https://www.google.co.kr/maps/place/District+Hospital,+Imphal+West/data=!4m5!3m4!1s0x374930f3ac937ec1:0x63202d6c96c8072a!8m2!3d24.6081159!4d93.8829606?authuser=0&hl=en&rclk=1"
LILONG PRIMARY HEALTH CENTRE,Hospital,"Lilong Bazar, LMC (TBL) P.O/P.S - Lilong, 795130, Manipur, India",https://www.google.co.kr/maps/place/LILONG+PRIMARY+HEALTH+CENTRE/data=!4m5!3m4!1s0x37492596658caedd:0x12a6659394cbd171!8m2!3d24.7172299!4d93.9417787?authuser=0&hl=en&rclk=1
"Dr. Yumnam Surjit MPT, Peoples Healing Touch Physiotherapy Clinic",Hospital,"Yumnam Huidrom, Manipur 795009, India","https://www.google.co.kr/maps/place/Dr.+Yumnam+Surjit+MPT,+Peoples+Healing+Touch+Physiotherapy+Clinic/data=!4m5!3m4!1s0x37493aaa7aaa38f1:0xfaa1df6bfd787c25!8m2!3d24.6549795!4d93.8989328?authuser=0&hl=en&rclk=1"
PHSC_Thoubal Khunou,Hospital,"Thoubal Khunou Rd, Thoubal, Manipur 795130, India",https://www.google.co.kr/maps/place/PHSC_Thoubal+Khunou/data=!4m5!3m4!1s0x374923454e4d8103:0xffa23c0fd6275e86!8m2!3d24.6740341!4d93.9985162?authuser=0&hl=en&rclk=1
Relief Physiotherapy Clinic,Hospital,"QXG2+X32, Khongman Zone V, 3 West, Porompat, Manipur 795001, India",https://www.google.co.kr/maps/place/Relief+Physiotherapy+Clinic/data=!4m5!3m4!1s0x37492788b28b898d:0xe695efd9e4884bb!8m2!3d24.7773754!4d93.9501373?authuser=0&hl=en&rclk=1
Metro Health Clinic,Hospital,"Mayang Imphal Bengoon, Leirak Achouba, Wabagai, Manipur, India",https://www.google.co.kr/maps/place/Metro+Health+Clinic/data=!4m5!3m4!1s0x3749308d153b4ced:0x14e59b49a4840575!8m2!3d24.6064711!4d93.8872875?authuser=0&hl=en&rclk=1
BABINA Diagnostics,Diagnostic center,"RIMS Road, South, Manipur 795001, India",https://www.google.co.kr/maps/place/BABINA+Diagnostics/data=!4m5!3m4!1s0x374927b69906fdb5:0xa518949ce47afcca!8m2!3d24.8116901!4d93.9304786?authuser=0&hl=en&rclk=1
Dr indibor,Hospital,"143, Thumbu Thong Bamon Leikai Rd, Singjamei, Imphal, Manipur 795008, India",https://www.google.co.kr/maps/place/Dr+indibor/data=!4m5!3m4!1s0x3749277315b1a259:0xfabf4aabdfc20a62!8m2!3d24.7974404!4d93.9460332?authuser=0&hl=en&rclk=1
SS HEALTH CARE CLINIC,Hospital,"Thiyam Leishangkhong Rd, near COSMO LAMPAK, Yumnam Huidrom, Manipur 795009, India",https://www.google.co.kr/maps/place/SS+HEALTH+CARE+CLINIC/data=!4m5!3m4!1s0x3749312548392f19:0xd1a3f7c53f249d9c!8m2!3d24.6577792!4d93.8994615?authuser=0&hl=en&rclk=1
SODO Manipur,Hospital,"Oinam Sawombung, Manipur 795009, India",https://www.google.co.kr/maps/place/SODO+Manipur/data=!4m5!3m4!1s0x37492f9f317cb25d:0x40ecad2752830e4b!8m2!3d24.682221!4d93.901157?authuser=0&hl=en&rclk=1
Yengkhom Dayal Kumar Bone Care Center,Doctor,"PW8P+R5P, Turel Ahanbi Mathak, Lilong Chajing, Manipur 795009, India",https://www.google.co.kr/maps/place/Yengkhom+Dayal+Kumar+Bone+Care+Center/data=!4m5!3m4!1s0x374925a5c2d02fd3:0x1e952dbcccad87ae!8m2!3d24.7170825!4d93.9354477?authuser=0&hl=en&rclk=1
Health Sub Center,Hospital,"RIMS Doctors Colony, Lamphelpat, Ningombam, Manipur 795009, India",https://www.google.co.kr/maps/place/Health+Sub+Center/data=!4m5!3m4!1s0x37492f5a91df722d:0x3477e267b6c2d5ce!8m2!3d24.7459081!4d93.8979873?authuser=0&hl=en&rclk=1
Imphal Heart Institute,Hospital,"Sagolband, Imphal, Manipur 795004, India",https://www.google.co.kr/maps/place/Imphal+Heart+Institute/data=!4m5!3m4!1s0x3749264a9c7bc141:0x55604e8d841112ee!8m2!3d24.8034127!4d93.9269448?authuser=0&hl=en&rclk=1
"Govt. Health Center, Mekola",Hospital,"PVPG+7MF, Malom Tuliyaima, Manipur 795009, India","https://www.google.co.kr/maps/place/Govt.+Health+Center,+Mekola/data=!4m5!3m4!1s0x37492f3d5b0ccc13:0x7cb527b57824aaba!8m2!3d24.7356829!4d93.8766597?authuser=0&hl=en&rclk=1"
Community Hospital,Hospital,"MWW7+HX3, Samurou, Manipur 795009, India",https://www.google.co.kr/maps/place/Community+Hospital/data=!4m5!3m4!1s0x374925650beaf8c7:0x74686608d5660696!8m2!3d24.696382!4d93.9149362?authuser=0&hl=en&rclk=1
Irong Chesaba Bazar Primary Health Centre,Child health care centre,"Irong Cheshaba Road, Mayang Imphal, Manipur 795132, India",https://www.google.co.kr/maps/place/Irong+Chesaba+Bazar+Primary+Health+Centre/data=!4m5!3m4!1s0x374930761c60cf8b:0x90d9e5fa8baaf0f9!8m2!3d24.6331365!4d93.9060229?authuser=0&hl=en&rclk=1
"NEUROLOGICAL PHYSICAL THERAPY CLINIC,MANIPUR",Physical therapist,"Thoubal Leishangthem Bashikhongbam, Thoubal, Manipur 795138, India","https://www.google.co.kr/maps/place/NEUROLOGICAL+PHYSICAL+THERAPY+CLINIC,MANIPUR/data=!4m5!3m4!1s0x37493d95100d2881:0x7ddc45410b2f281f!8m2!3d24.6449243!4d93.99929?authuser=0&hl=en&rclk=1"
"Primary Health Centre,CAU",Hospital,"Iroishemba Mayai Leikai, Uripok Khumanthem Leikai, Imphal, Manipur 795004, India","https://www.google.co.kr/maps/place/Primary+Health+Centre,CAU/data=!4m5!3m4!1s0x3749286158810687:0x9d82163582ca5bbd!8m2!3d24.8113416!4d93.890977?authuser=0&hl=en&rclk=1"
Primary Health Centre Leimapokpam,Hospital,"Chingphu Rd, Leimapokpam, Manipur 795134, India",https://www.google.co.kr/maps/place/Primary+Health+Centre+Leimapokpam/data=!4m5!3m4!1s0x37492e5213f10101:0x48d238a2b8b16099!8m2!3d24.7016541!4d93.8617605?authuser=0&hl=en&rclk=1
"Govt. Health Center, Ningombam",Hospital,"PVWX+959, Ningombam, Manipur 795009, India","https://www.google.co.kr/maps/place/Govt.+Health+Center,+Ningombam/data=!4m5!3m4!1s0x37492f5a91d923df:0xc53bf16e3bb5ce80!8m2!3d24.7459224!4d93.8979799?authuser=0&hl=en&rclk=1"
DR KHERODA DEVI SR GYNECOLOGIST,Obstetrician-gynecologist,"School Leirak, Mongsagei, Haobam Marak Lourembam Leikai, Imphal, Manipur 795001, India",https://www.google.co.kr/maps/place/DR+KHERODA+DEVI+SR+GYNECOLOGIST/data=!4m5!3m4!1s0x3749261223adf485:0x691c33f8eb7da760!8m2!3d24.7716789!4d93.9219931?authuser=0&hl=en&rclk=1
Phisotherapy Centre,Occupational health service,"Thana Awang Leikai, Mayang Imphal, Manipur, India",https://www.google.co.kr/maps/place/Phisotherapy+Centre/data=!4m5!3m4!1s0x374931a24f71097f:0x50d1fb2643bdb050!8m2!3d24.6221414!4d93.890579?authuser=0&hl=en&rclk=1
Khalsa Medico,Medical Center,"1st Floor, Phillips Sevice Center, Thangal Bazar, Imphal, Manipur 795001, India",https://www.google.co.kr/maps/place/Khalsa+Medico/data=!4m5!3m4!1s0x374927b228ffcf8d:0x32ee461ac4083c33!8m2!3d24.8109786!4d93.9347532?authuser=0&hl=en&rclk=1
Primary Health Centre Mayang Imphal,Government hospital,"JVCQ+4RX, Mayang Imphal, Manipur 795132, India",https://www.google.co.kr/maps/place/Primary+Health+Centre+Mayang+Imphal/data=!4m5!3m4!1s0x374930610d6de13d:0x5829d77fdd2f1471!8m2!3d24.6203562!4d93.8895997?authuser=0&hl=en&rclk=1
Dr Ranbir Salam,Doctor,"Chingamakha Ningthoujam Leikai Rd, Singjamei Top Leikai, Chingamakha, Imphal, Manipur 795158, India",https://www.google.co.kr/maps/place/Dr+Ranbir+Salam/data=!4m5!3m4!1s0x374927de6a4c7111:0x4db3f10f2d15b3a6!8m2!3d24.7781472!4d93.9350502?authuser=0&hl=en&rclk=1
CHC LILONG HAOREIBI,Hospital,"Lilong Makha Leikai Rd, Samurou, Manipur 795130, India",https://www.google.co.kr/maps/place/CHC+LILONG+HAOREIBI/data=!4m5!3m4!1s0x374925650c58a649:0xdad9eee1e61c7849!8m2!3d24.6963235!4d93.9148681?authuser=0&hl=en&rclk=1
Ningshingkhul District Hospital,Government hospital,"Q4HQ+PVR, Ningsingkhun, Jiribam, Manipur 795115, India",https://www.google.co.kr/maps/place/Ningshingkhul+District+Hospital/data=!4m5!3m4!1s0x374efecfc7f9e305:0x426f37beed67b526!8m2!3d24.7793721!4d93.1396263?authuser=0&hl=en&rclk=1
Medical,Hospital,"Keirak Muslim, Lilong Chaobok Mairenkhun, Lilong Chajing, Manipur 795130, India",https://www.google.co.kr/maps/place/Medical/data=!4m5!3m4!1s0x374925aea40c54a1:0xc4cb1e0e0a49cbb1!8m2!3d24.7171473!4d93.9417586?authuser=0&hl=en&rclk=1
Ajiman Charitable Clinic,Hospital,"Oinam thongjao, near saw mill, Samurou, Manipur 795009, India",https://www.google.co.kr/maps/place/Ajiman+Charitable+Clinic/data=!4m5!3m4!1s0x37492f9a85e22e79:0x81d60569b49c775a!8m2!3d24.6904577!4d93.9037217?authuser=0&hl=en&rclk=1
Rangini Hospital,Hospital,"JVWX+837, Yumnam Huidrom, Manipur 795009, India",https://www.google.co.kr/maps/place/Rangini+Hospital/data=!4m5!3m4!1s0x3749300ddeaa728d:0xf0518c4ecf15dd16!8m2!3d24.6457879!4d93.8976584?authuser=0&hl=en&rclk=1
Primary Health Centre,Hospital,"Mayai Leikai Rd, Lilong Chajing, Manipur 795130, India",https://www.google.co.kr/maps/place/Primary+Health+Centre/data=!4m5!3m4!1s0x374925a92106b275:0xa69edc03d192af50!8m2!3d24.6999711!4d93.9237732?authuser=0&hl=en&rclk=1
"NEUROLOGICAL PHYSICAL THERAPY CLINIC,MANIPUR",Physical therapist,"Thoubal Leishangthem Bashikhongbam, India","https://www.google.co.kr/maps/place/NEUROLOGICAL+PHYSICAL+THERAPY+CLINIC,MANIPUR/data=!4m5!3m4!1s0x37493b0f4c38d3e3:0x874a271356718127!8m2!3d24.6297884!4d93.9357222?authuser=0&hl=en&rclk=1"
PHC Leishangthem,Hospital,"JWJM+F46, Thoudam, Manipur 795138, India",https://www.google.co.kr/maps/place/PHC+Leishangthem/data=!4m5!3m4!1s0x37493b6d84693473:0x8f7e27280f0fc946!8m2!3d24.6311741!4d93.9327591?authuser=0&hl=en&rclk=1
Kanglei Nat Neina Lup Ayurvedic Oushadhalaya,Hospital,"JVXX+RHG, Yumnam Huidrom, Manipur 795009, India",https://www.google.co.kr/maps/place/Kanglei+Nat+Neina+Lup+Ayurvedic+Oushadhalaya/data=!4m5!3m4!1s0x3749300f05d40133:0x83eff7c8d0512fd!8m2!3d24.6495683!4d93.8989589?authuser=0&hl=en&rclk=1
Dr. Opendro,Doctor,"QW6X+PJH, Okram Chuthek, Khongman, Manipur 795003, India",https://www.google.co.kr/maps/place/Dr.+Opendro/data=!4m5!3m4!1s0x374927705b54e8c7:0xdba4a458e4f39ec2!8m2!3d24.7618233!4d93.9491216?authuser=0&hl=en&rclk=1
Dr. Sushil,Private hospital,"QWHP+HHJ, Singjamei Top Leikai, Chingamakha, Imphal, Manipur 795008, India",https://www.google.co.kr/maps/place/Dr.+Sushil/data=!4m5!3m4!1s0x374927ca00d66e93:0x1c6836fd64c7548f!8m2!3d24.7789547!4d93.9363992?authuser=0&hl=en&rclk=1
A Sunshine Physiotherapy Clinic,Physical therapy clinic,"QWGQ+RGV, Singjamei Mayengbam Leikai, Imphal, Manipur 795008, India",https://www.google.co.kr/maps/place/A+Sunshine+Physiotherapy+Clinic/data=!4m5!3m4!1s0x374927adbc189c49:0xc982ff2376f7facd!8m2!3d24.7771061!4d93.9387864?authuser=0&hl=en&rclk=1
Mangal LifeCARE Superspeciality Hospital,Hospital,"Minuthong, Zomi Villa, Ragailong, Imphal, Manipur 795001, India",https://www.google.co.kr/maps/place/Mangal+LifeCARE+Superspeciality+Hospital/data=!4m5!3m4!1s0x3749270dd17b9d9d:0x95a1b169d6bccc95!8m2!3d24.8146195!4d93.9477906?authuser=0&hl=en&rclk=1
EMA Hospital,Hospital,"LIC PARENG, opp. SBI ATM, Kakching, Manipur 795103, India",https://www.google.co.kr/maps/place/EMA+Hospital/data=!4m5!3m4!1s0x374939504a0124e5:0x78e10c4c9cb76d9d!8m2!3d24.4977062!4d93.9829932?authuser=0&hl=en&rclk=1
"Thiyam Leishangkhong, Imphal West, Manipur",Hospital,"Emoinu Rd, Manipur 795009, India","https://www.google.co.kr/maps/place/Thiyam+Leishangkhong,+Imphal+West,+Manipur/data=!4m5!3m4!1s0x37492ff9b4d2f18f:0xbb1483717dd3fe28!8m2!3d24.6739329!4d93.9037138?authuser=0&hl=en&rclk=1"
PHSC Bamdiar,Medical Center,"QV27+929, Yurembam, Manipur 795113, India",https://www.google.co.kr/maps/place/PHSC+Bamdiar/data=!4m5!3m4!1s0x37492ed6fdc53d5b:0xb0a6bea92119ed3c!8m2!3d24.7509187!4d93.8626224?authuser=0&hl=en&rclk=1
Emanuel Clinic,Hospital,"Unnamed Road, Manipur 795128, India",https://www.google.co.kr/maps/place/Emanuel+Clinic/data=!4m5!3m4!1s0x374eb57a5052a979:0x13da92878ea18beb!8m2!3d24.4394804!4d93.71656?authuser=0&hl=en&rclk=1
Uraban Primary Health Centre,Hospital,"Unnamed Road, Kabo Leika, Imphal, Manipur 795001, India",https://www.google.co.kr/maps/place/Uraban+Primary+Health+Centre/data=!4m5!3m4!1s0x374927e1dd19ebf3:0x73f6a4ad5edc596!8m2!3d24.8226119!4d93.9506716?authuser=0&hl=en&rclk=1
American Oncology Institute,Specialized hospital,"Sajiwa Central Jail, Khabeisoi, Manipur 795010, India",https://www.google.co.kr/maps/place/American+Oncology+Institute/data=!4m5!3m4!1s0x3748dfe9abd35a2d:0x910a253b7a160f57!8m2!3d24.8512759!4d93.9884435?authuser=0&hl=en&rclk=1
PHSC Naorem,Hospital,"MRPH+55P, Nambol, Manipur 795134, India",https://www.google.co.kr/maps/place/PHSC+Naorem/data=!4m5!3m4!1s0x37492e0bb0979a55:0x10bef6828392d0d4!8m2!3d24.6854634!4d93.8279602?authuser=0&hl=en&rclk=1
District Hospital Chandel,Hospital,"8X8M+6V8, Chandel, Manipur 795127, India",https://www.google.co.kr/maps/place/District+Hospital+Chandel/data=!4m5!3m4!1s0x3749449cc069721d:0xff084a68371d4910!8m2!3d24.31554!4d93.9847165?authuser=0&hl=en&rclk=1
District Hospital,Hospital,"DISTRICT HOSPITAL SENAPATI district hospital campus, Manipur 795106, India",https://www.google.co.kr/maps/place/District+Hospital/data=!4m5!3m4!1s0x3748be57b44f00d9:0x9c640f1d769d8fb4!8m2!3d25.2854726!4d94.0301452?authuser=0&hl=en&rclk=1
Primary Health Centre,Hospital,"HQ85+MF9, Ningthoukhong, Manipur 795126, India",https://www.google.co.kr/maps/place/Primary+Health+Centre/data=!4m5!3m4!1s0x374934a155555555:0x5110721a07d917d8!8m2!3d24.5666665!4d93.7587457?authuser=0&hl=en&rclk=1
Primary Health Center Kayai Lanpok,Hospital,"Phadibi Road, Manipur 795009, India",https://www.google.co.kr/maps/place/Primary+Health+Center+Kayai+Lanpok/data=!4m5!3m4!1s0x37492f07e8ab4baf:0x171c128f234dd55!8m2!3d24.7130555!4d93.8750598?authuser=0&hl=en&rclk=1
Primary Health Centre,Hospital,"CR98+33V, Ithai, Manipur 795133, India",https://www.google.co.kr/maps/place/Primary+Health+Centre/data=!4m5!3m4!1s0x37494bd01acdf991:0x49a2f57f284681d2!8m2!3d24.4177419!4d93.8151701?authuser=0&hl=en&rclk=1
JR CNICLIC HEALTH CENTER,Hospital,"NH202, Telipati Baste, Soibam Leikai, Kairang Meitei, Manipur 795001, India",https://www.google.co.kr/maps/place/JR+CNICLIC+HEALTH+CENTER/data=!4m5!3m4!1s0x374927459cead485:0x7ddb59fd6c3ed953!8m2!3d24.8141989!4d93.9512435?authuser=0&hl=en&rclk=1
Joshua Diagnostic Center,Diagnostic center,"Mayai Lambi Rd, Wangoi, Manipur 795009, India",https://www.google.co.kr/maps/place/Joshua+Diagnostic+Center/data=!4m5!3m4!1s0x37493004775b9d91:0x74599a27ee395941!8m2!3d24.6576649!4d93.8992942?authuser=0&hl=en&rclk=1
Dr.Tombi House,Doctor,"Unnamed Road, Thongkhong Laxmi Bazar, Manipur 795132, India",https://www.google.co.kr/maps/place/Dr.Tombi+House/data=!4m5!3m4!1s0x374931515bfcb435:0x51bc232b50acd0b6!8m2!3d24.6273169!4d93.8910374?authuser=0&hl=en&rclk=1
Medecins Sans Frontieres,Hospital,"Phalam Rd, Chiengkonpang, Churachandpur, Manipur 795128, India",https://www.google.co.kr/maps/place/Medecins+Sans+Frontieres/data=!4m5!3m4!1s0x374eb3ea66341023:0x13f334d4da207537!8m2!3d24.3415384!4d93.6907448?authuser=0&hl=en&rclk=1
Deptt.of Medicine.,Hospital department,"Campus, RIMS Rd, Lamphelpat, Imphal, Manipur 795001, India",https://www.google.co.kr/maps/place/Deptt.of+Medicine./data=!4m5!3m4!1s0x374927c8570848bb:0x7d96c4d6753703af!8m2!3d24.8149883!4d93.9242673?authuser=0&hl=en&rclk=1
PHSC Ishok,Hospital,"MRHX+9MV, Yaingangpokpi, Manipur 795134, India",https://www.google.co.kr/maps/place/PHSC+Ishok/data=!4m5!3m4!1s0x37492e3cbe2e1295:0x1d1c635595a880be!8m2!3d24.6784821!4d93.8491711?authuser=0&hl=en&rclk=1
Ayurvedic Hospital,Hospital,"JVXX+VHH, Yumnam Huidrom, Manipur 795009, India",https://www.google.co.kr/maps/place/Ayurvedic+Hospital/data=!4m5!3m4!1s0x374930057101098b:0x36e92707d4ba656c!8m2!3d24.6496783!4d93.8989998?authuser=0&hl=en&rclk=1
Phsc Nungei,Hospital,"MW3P+54C, Nungei, Manipur 795130, India",https://www.google.co.kr/maps/place/Phsc+Nungei/data=!4m5!3m4!1s0x37493b267447ce97:0xf3fe684e237b9ddd!8m2!3d24.6529282!4d93.9352807?authuser=0&hl=en&rclk=1
OSSIS Diagnostic Centre,Diagnostic center,"L, Leimapokpam, Manipur 795134, India",https://www.google.co.kr/maps/place/OSSIS+Diagnostic+Centre/data=!4m5!3m4!1s0x37492fe1b05297ed:0xbe205c229c0f6fdf!8m2!3d24.7040611!4d93.8628722?authuser=0&hl=en&rclk=1
PHSC Tonakangjeibung,Hospital,"Phadibi Road, Manipur 795009, India",https://www.google.co.kr/maps/place/PHSC+Tonakangjeibung/data=!4m5!3m4!1s0x37492f07e8aae543:0xbbaded6be9b2c6c9!8m2!3d24.7130628!4d93.8750678?authuser=0&hl=en&rclk=1
Wangoi Sdo Office,Hospital,"JVCJ+F2R, Thongkhong Laxmi Bazar, Manipur 795132, India",https://www.google.co.kr/maps/place/Wangoi+Sdo+Office/data=!4m5!3m4!1s0x374931087348b3c9:0xde2f221799f106f4!8m2!3d24.621229!4d93.880007?authuser=0&hl=en&rclk=1
P H C,Hospital,"JVCQ+5R3, Mayang Imphal, Manipur 795132, India",https://www.google.co.kr/maps/place/P+H+C/data=!4m5!3m4!1s0x374930610d9ca67b:0xa1b9e28e49f6c75a!8m2!3d24.6203786!4d93.889537?authuser=0&hl=en&rclk=1
Dr. Tombi,Hospital,"Mayang Imphal, thana, Manipur, India",https://www.google.co.kr/maps/place/Dr.+Tombi/data=!4m5!3m4!1s0x374931b88130a10f:0xc2df414020526699!8m2!3d24.6273535!4d93.8907531?authuser=0&hl=en&rclk=1
Alut Medical Centre,Hospital,"Paobitek Rd, Yumnam Huidrom, Manipur 795009, India",https://www.google.co.kr/maps/place/Alut+Medical+Centre/data=!4m5!3m4!1s0x37493013877ff7f9:0xf90101172b0de489!8m2!3d24.6439194!4d93.8909906?authuser=0&hl=en&rclk=1
Life Cell International Pvt Ltd,Diagnostic center,"Governer Rd, Paona Bazar, Imphal, Manipur 795004, India",https://www.google.co.kr/maps/place/Life+Cell+International+Pvt+Ltd/data=!4m5!3m4!1s0x3749264d145db46d:0x8ecf92a77336bde4!8m2!3d24.8039126!4d93.9353505?authuser=0&hl=en&rclk=1
PHC Keirao Makting,Hospital,"Keirao Makting mayai leikai, India",https://www.google.co.kr/maps/place/PHC+Keirao+Makting/data=!4m5!3m4!1s0x3749240de20706d7:0xe4adf80eb50fabfc!8m2!3d24.7388678!4d93.9785662?authuser=0&hl=en&rclk=1
"Regional Cancer Centre, RIMS",Hospital department,"RW8F+5FM, Imphal, Manipur 795004, India","https://www.google.co.kr/maps/place/Regional+Cancer+Centre,+RIMS/data=!4m5!3m4!1s0x374927c8f16531d9:0x7e62e74cf2838af0!8m2!3d24.8154667!4d93.9236658?authuser=0&hl=en&rclk=1"
PHSC Pukhrambam,Hospital,"Pukhrambam, Manipur 795134, India",https://www.google.co.kr/maps/place/PHSC+Pukhrambam/data=!4m5!3m4!1s0x37492fbdbf16d649:0x61d5275040a640c4!8m2!3d24.6955294!4d93.8844019?authuser=0&hl=en&rclk=1
RULE Sub- DIC,Doctor,"MVX6+QCC, Leimapokpam, Manipur 795134, India",https://www.google.co.kr/maps/place/RULE+Sub-+DIC/data=!4m5!3m4!1s0x37492f14d848e0db:0x9cb8b5bab49edcff!8m2!3d24.6994335!4d93.861008?authuser=0&hl=en&rclk=1
Bengoon Primary Health Center,Hospital,"JV4X+FRV, Mayang Imphal, Manipur 795132, India",https://www.google.co.kr/maps/place/Bengoon+Primary+Health+Center/data=!4m5!3m4!1s0x37493084e984bd09:0xb186b0ab2ac60f4b!8m2!3d24.6062482!4d93.8995477?authuser=0&hl=en&rclk=1
Dr. Salman Habib,Doctor,"MWJ5+95V, Wangoi, Manipur 795009, India",https://www.google.co.kr/maps/place/Dr.+Salman+Habib/data=!4m5!3m4!1s0x374925db7f00e35d:0xc655f61bc88a2b49!8m2!3d24.6809784!4d93.9079065?authuser=0&hl=en&rclk=1
Sielmat Christian Hospital,Hospital,"Family Ln, Sielmat, Lenore, Idaho 795128, India",https://www.google.co.kr/maps/place/Sielmat+Christian+Hospital/data=!4m5!3m4!1s0x374eb3a68a52b753:0xc20f1f78caabe721!8m2!3d24.3518055!4d93.6989003?authuser=0&hl=en&rclk=1
Primary Health Sub Centre Bengoon,Hospital,"JV4X+CWP, Bengoon loukok, Mayang Imphal, Manipur 795132, India",https://www.google.co.kr/maps/place/Primary+Health+Sub+Centre+Bengoon/data=!4m5!3m4!1s0x37493084c0200fcd:0xf13c541b4567b3fd!8m2!3d24.60608!4d93.8998186?authuser=0&hl=en&rclk=1
Shantikumar’s palace,Doctor,"Unnamed Road, Yumnam Huidrom, Manipur 795009, India",https://www.google.co.kr/maps/place/Shantikumar%E2%80%99s+palace/data=!4m5!3m4!1s0x37493122bcf074ed:0xeb0491629eb7b255!8m2!3d24.6519519!4d93.8935231?authuser=0&hl=en&rclk=1
Krsnaa Diagnostics (Haflong Civil Hospital),Diagnostic center,"NH 54, Surat Nagar, Songpijaang, Haflong, Assam 788819, India",https://www.google.co.kr/maps/place/Krsnaa+Diagnostics+(Haflong+Civil+Hospital)/data=!4m5!3m4!1s0x374fa3dd94fe1413:0xa9c37c387ec45d1c!8m2!3d25.1834247!4d93.0111759?authuser=0&hl=en&rclk=1
