Company_Name,Category,Address,Url
Homoeo Care Clinic,Medical clinic,"sbi atm building, Diphupar gate, 4th Mile, Dimapur, Nagaland 797115, India",https://www.google.co.kr/maps/place/Homoeo+Care+Clinic/data=!4m5!3m4!1s0x374609c9ad55599d:0x88746bf11e24a23!8m2!3d25.868966!4d93.765934?authuser=0&hl=en&rclk=1
HOLISTIC HEALTH CARE CLINIC,Medical clinic,"SUB JAIL TINALI, Nagaland 797112, India",https://www.google.co.kr/maps/place/HOLISTIC+HEALTH+CARE+CLINIC/data=!4m5!3m4!1s0x3745e14f55ce7ddb:0x800c2258d580f21!8m2!3d25.9027364!4d93.6978742?authuser=0&hl=en&rclk=1
DR Belhos Clinic,Medical clinic,"Walford Rd, Walford Colony, Dimapur, Nagaland 797117, India",https://www.google.co.kr/maps/place/DR+Belhos+Clinic/data=!4m5!3m4!1s0x3745e1fb3433c867:0xe7f67b0ad4ef8fad!8m2!3d25.9101394!4d93.7368385?authuser=0&hl=en&rclk=1
Reproductive Health & Family Planning Clinic (RHFPC),Medical clinic,"M4F5+J2G, Daklane, Kohima, Nagaland 797001, India",https://www.google.co.kr/maps/place/Reproductive+Health+%26+Family+Planning+Clinic+(RHFPC)/data=!4m5!3m4!1s0x374621a1b2022b43:0x95d52b12c2d1f409!8m2!3d25.6740669!4d94.1075778?authuser=0&hl=en&rclk=1
Dietho Clinic,Medical clinic,"M494+84W, Midland Colony, Kohima, Nagaland 797001, India",https://www.google.co.kr/maps/place/Dietho+Clinic/data=!4m5!3m4!1s0x374621a42780f2df:0x3eaca60233624f9d!8m2!3d25.6683684!4d94.1053254?authuser=0&hl=en&rclk=1
Good Health Diagnostic & Clinic,Diagnostic center,"Fire Brigade Road, Near East police station, Dimapur, Nagaland 797112, India",https://www.google.co.kr/maps/place/Good+Health+Diagnostic+%26+Clinic/data=!4m5!3m4!1s0x3745e1923ad13f97:0x5325548f74c78f3e!8m2!3d25.9078296!4d93.7310547?authuser=0&hl=en&rclk=1
Nagaland Ortho Centre,Orthopedic clinic,"Opp. East Police Station, Ward No. 8, Dimapur, Nagaland 797112, India",https://www.google.co.kr/maps/place/Nagaland+Ortho+Centre/data=!4m5!3m4!1s0x3745e1f0fba52bb9:0x99f60b25f8803ec9!8m2!3d25.9069387!4d93.7313111?authuser=0&hl=en&rclk=1
Diabetes Care Clinic,Diabetes center,"Burma Camp Junction, Power House Colony, Dimapur, Nagaland 797117, India",https://www.google.co.kr/maps/place/Diabetes+Care+Clinic/data=!4m5!3m4!1s0x3745e1efb77e7c8b:0xc20e6d078d0260b6!8m2!3d25.9124841!4d93.7314409?authuser=0&hl=en&rclk=1
GI Clinic,Medical clinic,"8GC6+Q7X, Mokokchung, Nagaland 798601, India",https://www.google.co.kr/maps/place/GI+Clinic/data=!4m5!3m4!1s0x3747a9d82ae11337:0x938119ddb6307322!8m2!3d26.3219862!4d94.5107289?authuser=0&hl=en&rclk=1
Naga Hospital Authority,Hospital,"Hospital Colony, Kohima, Nagaland 797001, India",https://www.google.co.kr/maps/place/Naga+Hospital+Authority/data=!4m5!3m4!1s0x374621bbebfce4a9:0x68207a764a05e8ed!8m2!3d25.6693845!4d94.0959027?authuser=0&hl=en&rclk=1
Rapha Clinic,Medical clinic,"Unnamed Road, Samaguri, Kuhuboto, Dimapur, Nagaland 797116, India",https://www.google.co.kr/maps/place/Rapha+Clinic/data=!4m5!3m4!1s0x37460b67cb5d7765:0x5167a0660ec42b04!8m2!3d25.9196413!4d93.7843968?authuser=0&hl=en&rclk=1
Dimapur Children's Clinic,Medical clinic,"G.S.Road, West Yard Colony, Marwari Patti, Dimapur, Nagaland 797112, India",https://www.google.co.kr/maps/place/Dimapur+Children's+Clinic/data=!4m5!3m4!1s0x3745e1f33c2ecbef:0x4ef8beb31c85f20!8m2!3d25.9069504!4d93.7242851?authuser=0&hl=en&rclk=1
"Dr. Belho's Clinic, Dimapur",Medical clinic,"Walford Rd, Walford Colony, Dimapur, Nagaland 797117, India","https://www.google.co.kr/maps/place/Dr.+Belho's+Clinic,+Dimapur/data=!4m5!3m4!1s0x3745e1fb343a0a87:0xb39de3dae82a8bff!8m2!3d25.9103559!4d93.7369632?authuser=0&hl=en&rclk=1"
Shri Digamber Jain Charitable Clinic,Medical clinic,"G.S Road, Kalibari, Old Daily Market, Simapur, Dimapur, Nagaland 797112, India",https://www.google.co.kr/maps/place/Shri+Digamber+Jain+Charitable+Clinic/data=!4m5!3m4!1s0x3745e1f3848775fd:0xc955962b83749b!8m2!3d25.9055927!4d93.7260855?authuser=0&hl=en&rclk=1
Oking Hospital,Hospital,"Kohmina Mokokchung Road, Opp Bandhan Bank, Kohima, Nagaland 797001, India",https://www.google.co.kr/maps/place/Oking+Hospital/data=!4m5!3m4!1s0x374621a42099970d:0xe302d9fa180bc697!8m2!3d25.6688841!4d94.1056465?authuser=0&hl=en&rclk=1
Pulse Clinic,Medical clinic,"6RM6+VP3, Tuensang, Nagaland 798612, India",https://www.google.co.kr/maps/place/Pulse+Clinic/data=!4m5!3m4!1s0x37479bfd6b6efc5b:0x8040dabcd950d432!8m2!3d26.2346259!4d94.8117814?authuser=0&hl=en&rclk=1
City clinic,Hospital,"1st floor, Mero complex, N.H. 39, Opposite PHQ, P.R. Hill, Kohima, Nagaland 797001, India",https://www.google.co.kr/maps/place/City+clinic/data=!4m5!3m4!1s0x374621b2207f3597:0x33bc6e5a1c92f518!8m2!3d25.6587019!4d94.0987554?authuser=0&hl=en&rclk=1
Kohima Mental Hospital,Hospital,"J4V3+X8F, Tekhuba, Nagaland 797005, India",https://www.google.co.kr/maps/place/Kohima+Mental+Hospital/data=!4m5!3m4!1s0x37462051749f7a71:0xfaeef830670bb2a0!8m2!3d25.6449388!4d94.103291?authuser=0&hl=en&rclk=1
Kohimas Hospital,Hospital,"M4G4+JC3, Naga Bazaar, Kohima, Nagaland 797001, India",https://www.google.co.kr/maps/place/Kohimas+Hospital/data=!4m5!3m4!1s0x374621a6d44ee5d9:0x6a3d285ce5cb06d2!8m2!3d25.6765014!4d94.1060512?authuser=0&hl=en&rclk=1
Clinic,Medical Center,"NH 36, Khermahal, Dimapur, Nagaland 797112, India",https://www.google.co.kr/maps/place/Clinic/data=!4m5!3m4!1s0x3745e1ed2bafed4d:0x2d5df6f9ed2882!8m2!3d25.9136678!4d93.7234165?authuser=0&hl=en&rclk=1
Sethi ENT Surgical Clinic,Medical clinic,"G.S. Road, Kalibari, Old Daily Market, Kalibari Rd, West Yard Colony, Marwari Patti, Dimapur, Nagaland 797112, India",https://www.google.co.kr/maps/place/Sethi+ENT+Surgical+Clinic/data=!4m5!3m4!1s0x3745e1f39b654f99:0xfd934613dc22f4b9!8m2!3d25.9058884!4d93.7260757?authuser=0&hl=en&rclk=1
Children's Clinic,Pediatrician,"M3QX+MCW, High School Colony, Kohima, Nagaland 797121, India",https://www.google.co.kr/maps/place/Children's+Clinic/data=!4m5!3m4!1s0x3746218fc480368f:0x2a69435aa21fa43a!8m2!3d25.6892441!4d94.0985904?authuser=0&hl=en&rclk=1
Safi Medical,Medical clinic,"RQ4F+2JH, Chumukeidma, Dimapur, Nagaland 797103, India",https://www.google.co.kr/maps/place/Safi+Medical/data=!4m5!3m4!1s0x3746087820f9fb4d:0x16f0e3e40ee81974!8m2!3d25.8050681!4d93.7741094?authuser=0&hl=en&rclk=1
Faith Hospital and Institute of Medical Sciences,Hospital,"Old Sewak Road, Dhobinullah, Dimapur, Nagaland 797112, India",https://www.google.co.kr/maps/place/Faith+Hospital+and+Institute+of+Medical+Sciences/data=!4m5!3m4!1s0x3745e18bf4b59643:0x2051fc557d6f5430!8m2!3d25.905109!4d93.719166?authuser=0&hl=en&rclk=1
Putuonuo Nursing Home,Hospital,"New Market Rd, Daklane, Kohima, Nagaland 797001, India",https://www.google.co.kr/maps/place/Putuonuo+Nursing+Home/data=!4m5!3m4!1s0x374621a148ffca2d:0xd362f088dcd7513d!8m2!3d25.6712461!4d94.1067292?authuser=0&hl=en&rclk=1
Nagaland Multispeciality Hospital & Research Centre,Hospital,"PWD Rd, Midland, Dimapur, Nagaland 797112, India",https://www.google.co.kr/maps/place/Nagaland+Multispeciality+Hospital+%26+Research+Centre/data=!4m5!3m4!1s0x3745e18e5ea8d757:0x7623d99c3ad7aa78!8m2!3d25.9085793!4d93.7165694?authuser=0&hl=en&rclk=1
LIFE CARE CLINIC WOKHA NST,Women's health clinic,"NH2, Orchid Colony, Wokha, Nagaland 797111, India",https://www.google.co.kr/maps/place/LIFE+CARE+CLINIC+WOKHA+NST/data=!4m5!3m4!1s0x37464f13ec68118b:0xb54fab65664b1ea7!8m2!3d26.1038808!4d94.2578948?authuser=0&hl=en&rclk=1
Eden Medical Centre,Hospital,"Subjail Road, Near Sub Jail, Oriental Colony, Dimapur, Nagaland 797112, India",https://www.google.co.kr/maps/place/Eden+Medical+Centre/data=!4m5!3m4!1s0x3745e3d54eb45c13:0xb63c21be115e02b2!8m2!3d25.899806!4d93.7007772?authuser=0&hl=en&rclk=1
My Dentist Clinic,Doctor,"WP4X+H6R, Purana Bazar, Dimapur, Nagaland 797116, India",https://www.google.co.kr/maps/place/My+Dentist+Clinic/data=!4m5!3m4!1s0x37460a069a60c5d7:0xe62e1b10e3dabde!8m2!3d25.9064818!4d93.7480257?authuser=0&hl=en&rclk=1
Family Health Clinic Hospital,Hospital,"WP4M+2CM, Half Nagarjan, Dimapur, Nagaland 797112, India",https://www.google.co.kr/maps/place/Family+Health+Clinic+Hospital/data=!4m5!3m4!1s0x3745e19b9c4bf10d:0x2cb5134df472e1a4!8m2!3d25.9050807!4d93.7335583?authuser=0&hl=en&rclk=1
Mercy Eye Center,Hospital,"Pauna Complex, -797112, Bank Colony, Half Nagarjan, Dimapur, Nagaland 797112, India",https://www.google.co.kr/maps/place/Mercy+Eye+Center/data=!4m5!3m4!1s0x3745e1fa71bfb7f1:0x17ff543b9a3c7b57!8m2!3d25.9068286!4d93.7339172?authuser=0&hl=en&rclk=1
Physionique: Physiotherapy & Rehabilitation Centre,Physical therapy clinic,"WP6C+344, Forest Colony, Dimapur, Nagaland 797113, India",https://www.google.co.kr/maps/place/Physionique:+Physiotherapy+%26+Rehabilitation+Centre/data=!4m5!3m4!1s0x3745e192603134e5:0xfe7fee264942774b!8m2!3d25.9101294!4d93.7203359?authuser=0&hl=en&rclk=1
Aciurgy Clinic and Laboratory,Doctor,"Walford Rd, Burma Camp, Dimapur, Nagaland 797117, India",https://www.google.co.kr/maps/place/Aciurgy+Clinic+and+Laboratory/data=!4m5!3m4!1s0x3745e187dcff12fd:0xdece697c196a801c!8m2!3d25.9129346!4d93.7340547?authuser=0&hl=en&rclk=1
Olive Christian Hospital and Research Centre,Hospital,"2 ½ Mile, Darogapathar, Nagaland 797112, India",https://www.google.co.kr/maps/place/Olive+Christian+Hospital+and+Research+Centre/data=!4m5!3m4!1s0x3746094a1049d361:0x5be7e165b6421e7e!8m2!3d25.8872459!4d93.7564441?authuser=0&hl=en&rclk=1
Dr Murry Clinic,Hospital,"Khermahal Rd, Neisetuo Colony, Khermahal, Dimapur, Nagaland 797112, India",https://www.google.co.kr/maps/place/Dr+Murry+Clinic/data=!4m5!3m4!1s0x3745e1a74729b4ab:0xb06e9904781e5dc2!8m2!3d25.9157121!4d93.720084?authuser=0&hl=en&rclk=1
City Medical Centre,Hospital,"Purana Bazar, Dimapur, Nagaland 797116, India",https://www.google.co.kr/maps/place/City+Medical+Centre/data=!4m5!3m4!1s0x37460a08846ec90b:0x6885266c275bd422!8m2!3d25.9108529!4d93.7464703?authuser=0&hl=en&rclk=1
Poly Clinic,Medical clinic,"6RP7+49F, Tuensang, Nagaland 798612, India",https://www.google.co.kr/maps/place/Poly+Clinic/data=!4m5!3m4!1s0x37479bfcfc3d7b39:0x46f269a668fadc5b!8m2!3d26.235311!4d94.8134276?authuser=0&hl=en&rclk=1
Bethesda,Hospital,"M452+95R, P.R. Hill, Kohima, Nagaland 797005, India",https://www.google.co.kr/maps/place/Bethesda/data=!4m5!3m4!1s0x374621adffae1457:0x75ae02a6d89c7435!8m2!3d25.6584785!4d94.1003955?authuser=0&hl=en&rclk=1
MH Hospital,Hospital,"National Highway 36, Churches Colony, Notun Bosti, Dimapur, 797112, India",https://www.google.co.kr/maps/place/MH+Hospital/data=!4m5!3m4!1s0x3745e191a0d27099:0xf43bdd9e6293aaec!8m2!3d25.9139291!4d93.7165187?authuser=0&hl=en&rclk=1
Dental Spa,Doctor,"WP4F+7G3, West Yard Colony, Marwari Patti, Dimapur, Nagaland 797112, India",https://www.google.co.kr/maps/place/Dental+Spa/data=!4m5!3m4!1s0x3745e1d5f0808a19:0x22c3cd3528a6da8c!8m2!3d25.9056347!4d93.723808?authuser=0&hl=en&rclk=1
Zion Hospital & Research Centre,General hospital,"Purana Bazar, Dimapur, Nagaland 797112, India",https://www.google.co.kr/maps/place/Zion+Hospital+%26+Research+Centre/data=!4m5!3m4!1s0x37460a09643492d5:0x4e43806a378ed0c1!8m2!3d25.9161092!4d93.74757?authuser=0&hl=en&rclk=1
Dr. Akahoto Clinic,Medical clinic,"2G7F+FQF, Zunheboto, Nagaland 798620, India",https://www.google.co.kr/maps/place/Dr.+Akahoto+Clinic/data=!4m5!3m4!1s0x3747b775e2706379:0xea83c543216c4de0!8m2!3d26.013687!4d94.5244216?authuser=0&hl=en&rclk=1
Dimapur hospital and research centre,Hospital,"Purana Bazar, N.H 29, Dimapur, Nagaland 797116, India",https://www.google.co.kr/maps/place/Dimapur+hospital+and+research+centre/data=!4m5!3m4!1s0x37460a06f648f43b:0x631db246cb554c84!8m2!3d25.905616!4d93.7500796?authuser=0&hl=en&rclk=1
Bethel Medical Center,Hospital,"Bethel Road, Near South Police Station, Kohima, Nagaland 797005, India",https://www.google.co.kr/maps/place/Bethel+Medical+Center/data=!4m5!3m4!1s0x374621ade89e4497:0xfe85707e28c80096!8m2!3d25.6579042!4d94.101239?authuser=0&hl=en&rclk=1
Nikos Hospital,Hospital,"WP58+84P, Midland, Dimapur, Nagaland 797113, India",https://www.google.co.kr/maps/place/Nikos+Hospital/data=!4m5!3m4!1s0x3745e18faa538f07:0x1a2f3c2a284981f3!8m2!3d25.9083269!4d93.7153205?authuser=0&hl=en&rclk=1
Panacea Nursing Clinic,Hospital,"Orchid Colony, Wokha, Nagaland 797111, India",https://www.google.co.kr/maps/place/Panacea+Nursing+Clinic/data=!4m5!3m4!1s0x37464f910a335519:0x81d07cdc814bffcc!8m2!3d26.0987124!4d94.2570298?authuser=0&hl=en&rclk=1
JK Hospital,Hospital,"Near West Police Station, Dimapur, Nagaland 797112, India",https://www.google.co.kr/maps/place/JK+Hospital/data=!4m5!3m4!1s0x3745e185684ad179:0x3349444e03f02f80!8m2!3d25.909715!4d93.7122577?authuser=0&hl=en&rclk=1
Christian Institute Of Health Sciences & Research,Hospital,"4th Mile, P.B No 31, P.O ARTC, Nagaland 797115, India",https://www.google.co.kr/maps/place/Christian+Institute+Of+Health+Sciences+%26+Research/data=!4m5!3m4!1s0x374609ba55555555:0x20d06076359be8d6!8m2!3d25.8607885!4d93.7800791?authuser=0&hl=en&rclk=1
Enhance clinic,Hospital,"QQ7P+7QH, Dimapur, Nagaland 797106, India",https://www.google.co.kr/maps/place/Enhance+clinic/data=!4m5!3m4!1s0x3746079215c3b127:0xb688074be2cb4334!8m2!3d25.7631844!4d93.7869824?authuser=0&hl=en&rclk=1
Kohima Dental & Endodontics Clinic,Doctor,"M4H5+RQV, Kohima, Nagaland 797001, India",https://www.google.co.kr/maps/place/Kohima+Dental+%26+Endodontics+Clinic/data=!4m5!3m4!1s0x3746219e36bf07c7:0x613baf371fe5f875!8m2!3d25.6796132!4d94.1094165?authuser=0&hl=en&rclk=1
Yisali Memorial Clinic,Doctor,"4744+C65, Wokha, Nagaland 797111, India",https://www.google.co.kr/maps/place/Yisali+Memorial+Clinic/data=!4m5!3m4!1s0x37464f12e258776f:0x668e2dfe72ff1f50!8m2!3d26.1060088!4d94.2556072?authuser=0&hl=en&rclk=1
City Hospital,Hospital,"Near SBI Main Branch, Civil Hospital Colony, Dimapur, Nagaland 797112, India",https://www.google.co.kr/maps/place/City+Hospital/data=!4m5!3m4!1s0x3745e1f0e68fd5d5:0x9f6a9fc271a7ac5d!8m2!3d25.9066914!4d93.7312521?authuser=0&hl=en&rclk=1
Animal Health Clinic Pezielietsie Km,Hospital,"Kohima-Mokokchung Rd, Kenuozou Hill, Kohima, Nagaland 797121, India",https://www.google.co.kr/maps/place/Animal+Health+Clinic+Pezielietsie+Km/data=!4m5!3m4!1s0x3746219e6c227f49:0x70372d0c2c129739!8m2!3d25.6811147!4d94.1088755?authuser=0&hl=en&rclk=1
Nagaland Medical College,Hospital,"M4VF+XCX, Kohima, Nagaland 797001, India",https://www.google.co.kr/maps/place/Nagaland+Medical+College/data=!4m5!3m4!1s0x3746216398a126dd:0x7e948df0015e7c80!8m2!3d25.6949956!4d94.1236157?authuser=0&hl=en&rclk=1
"154 General Hospital,Nagaland",Hospital,"J43C+CX2, Zakhama, Nagaland 797005, India","https://www.google.co.kr/maps/place/154+General+Hospital,Nagaland/data=!4m5!3m4!1s0x37489fcdfa0d0de3:0xc50d31f52b93df8c!8m2!3d25.6035029!4d94.122396?authuser=0&hl=en&rclk=1"
Lenjem Hospital,Hospital,"AM ROAD, Sungkomen, Mokokchung, Nagaland 798601, India",https://www.google.co.kr/maps/place/Lenjem+Hospital/data=!4m5!3m4!1s0x3747a9b0d153b949:0xb97facc6c4bea691!8m2!3d26.3309739!4d94.5309402?authuser=0&hl=en&rclk=1
UPHC Kohima,Hospital,"Tsiituonuomia Khel, Above Seikhazou Ground, Kohima, Nagaland 797003, India",https://www.google.co.kr/maps/place/UPHC+Kohima/data=!4m5!3m4!1s0x3746210cfd063661:0xbaac6e5af58accaf!8m2!3d25.673564!4d94.11802?authuser=0&hl=en&rclk=1
Woodland Nursing Home,Hospital,"8GHQ+4QP, Mokokchung, Nagaland 798601, India",https://www.google.co.kr/maps/place/Woodland+Nursing+Home/data=!4m5!3m4!1s0x3747a83e5763b0d3:0x49eb41916640c0cb!8m2!3d26.3278317!4d94.5394513?authuser=0&hl=en&rclk=1
Dr s debnath,Occupational medical physician,"WP5F+GQR, N.S.T. Colony, Dimapur, Nagaland 797112, India",https://www.google.co.kr/maps/place/Dr+s+debnath/data=!4m5!3m4!1s0x3745e1fe9fc6d7fb:0xbb583b76f73bb9ad!8m2!3d25.9088583!4d93.7243753?authuser=0&hl=en&rclk=1
District Hospital Tuensang,Hospital,"New Medical colony, Tuensang, Nagaland 798612, India",https://www.google.co.kr/maps/place/District+Hospital+Tuensang/data=!4m5!3m4!1s0x37479bb536234177:0xeac6dfddc0c105bd!8m2!3d26.2529564!4d94.8178428?authuser=0&hl=en&rclk=1
Government Primary Health Centre,Medical clinic,"8GF4+QRV, Kumlong, Mokokchung, Nagaland 798601, India",https://www.google.co.kr/maps/place/Government+Primary+Health+Centre/data=!4m5!3m4!1s0x3747a9b898043237:0xcefc0c1617eb9c3d!8m2!3d26.3244796!4d94.5070446?authuser=0&hl=en&rclk=1
Dr. Tongpang Hospital,Hospital,"Mokokchung-Amguri Rd, Mokokchung, Nagaland 798601, India",https://www.google.co.kr/maps/place/Dr.+Tongpang+Hospital/data=!4m5!3m4!1s0x3747a83e577649b1:0xe00de77d998e63cc!8m2!3d26.3277778!4d94.5394444?authuser=0&hl=en&rclk=1
Panacea Nursing Home,Hospital,"37X4+FRF, Orchid Colony, Wokha, Nagaland 797111, India",https://www.google.co.kr/maps/place/Panacea+Nursing+Home/data=!4m5!3m4!1s0x37464f785b764cbf:0x11b7fc9d8e22ebfd!8m2!3d26.0986837!4d94.2570431?authuser=0&hl=en&rclk=1
Community Health Center.,Hospital,"QV7M+3RJ, Medziphema, Nagaland 797106, India",https://www.google.co.kr/maps/place/Community+Health+Center./data=!4m5!3m4!1s0x374605185d0e171f:0x9bf705f887d43ad0!8m2!3d25.7627016!4d93.8845189?authuser=0&hl=en&rclk=1
Smile Dental Clinic,Hospital,"Naga Cemetary Rd, Lake View Colony, Khermahal, Dimapur, Nagaland 797112, India",https://www.google.co.kr/maps/place/Smile+Dental+Clinic/data=!4m5!3m4!1s0x3745e1c1cc678a89:0x6a7ff96a02747e42!8m2!3d25.9139443!4d93.7228987?authuser=0&hl=en&rclk=1
Pain Clinic & Phy. Rejuvenating Centre,Private hospital,"block 4, house no. 402, Chekiye, Dimapur, Nagaland, India",https://www.google.co.kr/maps/place/Pain+Clinic+%26+Phy.+Rejuvenating+Centre/data=!4m5!3m4!1s0x374609d1256d2c5b:0x634251b9aa8d82a9!8m2!3d25.8704567!4d93.7536831?authuser=0&hl=en&rclk=1
"District Hospital Wokha, Nagaland",Government hospital,"Hospital Rd, Wokha, Nagaland 797111, India","https://www.google.co.kr/maps/place/District+Hospital+Wokha,+Nagaland/data=!4m5!3m4!1s0x37464f33fec5d6c1:0x61f1d9da03397d33!8m2!3d26.0789193!4d94.2591932?authuser=0&hl=en&rclk=1"
District Hospital Dimapur,General hospital,"WP4J+2JQ, Civil Hospital Colony, Dimapur, Nagaland 797112, India",https://www.google.co.kr/maps/place/District+Hospital+Dimapur/data=!4m5!3m4!1s0x3745e1f0cc9056cb:0x261b1b8e4018bf7c!8m2!3d25.9050778!4d93.7316085?authuser=0&hl=en&rclk=1
Vital Medicare,Medical clinic,"VQ59+7F8, Dimapur, Nagaland 797112, India",https://www.google.co.kr/maps/place/Vital+Medicare/data=!4m5!3m4!1s0x374609b6ca5e7cff:0x7525951ab5367caf!8m2!3d25.8581552!4d93.7686977?authuser=0&hl=en&rclk=1
Referral Hospital,Hospital,"Diphupar, 4th Mile, Dimapur, Nagaland 797115, India",https://www.google.co.kr/maps/place/Referral+Hospital/data=!4m5!3m4!1s0x37460972ebf742b1:0xfc85f1a8ac75ff28!8m2!3d25.860808!4d93.7803735?authuser=0&hl=en&rclk=1
Y.G. Child Health Care Clinic,Child health care centre,"3rd Mile, Opp. Chekiye Village Gate, Dimapur, Nagaland 797112, India",https://www.google.co.kr/maps/place/Y.G.+Child+Health+Care+Clinic/data=!4m5!3m4!1s0x374609eb613fba3d:0xc6400e40252851a7!8m2!3d25.8801979!4d93.7623245?authuser=0&hl=en&rclk=1
Civil Hospital Mon.,Government hospital,"P2FH+GFW, Mon Village, Nagaland 798621, India",https://www.google.co.kr/maps/place/Civil+Hospital+Mon./data=!4m5!3m4!1s0x37475fc58a6d8e29:0x2d4acca9737aff20!8m2!3d26.7238735!4d95.028692?authuser=0&hl=en&rclk=1
Dr Lal PathLabs,Diagnostic center,"Care Lab, Jain Temple Rd, West Yard Colony, Marwari Patti, Dimapur, Nagaland 797112, India",https://www.google.co.kr/maps/place/Dr+Lal+PathLabs/data=!4m5!3m4!1s0x3745e1f3425415e1:0xb81f77b0045e6597!8m2!3d25.9058225!4d93.7249209?authuser=0&hl=en&rclk=1
Y. Rochill Hospital,Hospital,"2G7G+WFM, Project Colony, Zunheboto, Nagaland 798620, India",https://www.google.co.kr/maps/place/Y.+Rochill+Hospital/data=!4m5!3m4!1s0x3747b7abd5b1f90b:0x76d1d8f9f434e57c!8m2!3d26.0148422!4d94.5261741?authuser=0&hl=en&rclk=1
Sub-Health center,Hospital,"6267+W92, Tuensang, Nagaland 798626, India",https://www.google.co.kr/maps/place/Sub-Health+center/data=!4m5!3m4!1s0x3747878000cd4fb1:0xf2ecbe63c445ea23!8m2!3d26.2122596!4d95.0133816?authuser=0&hl=en&rclk=1
PHC Wozhuro,Hospital,"Range, Wozhuro, Nagaland, India",https://www.google.co.kr/maps/place/PHC+Wozhuro/data=!4m5!3m4!1s0x37464712fcbb0251:0xbb48c23399974785!8m2!3d26.0071204!4d94.1798073?authuser=0&hl=en&rclk=1
Govt. Dispensary,Medical clinic,"Tsungli Kiong, Aliba, Nagaland 798617, India",https://www.google.co.kr/maps/place/Govt.+Dispensary/data=!4m5!3m4!1s0x3747005f10a3f7cf:0x7c5c1530152f89c0!8m2!3d26.378472!4d94.4368803?authuser=0&hl=en&rclk=1
Dr Nivedita,Gynecologist,"Middle land, Police Colony, Dimapur, Nagaland 797112, India",https://www.google.co.kr/maps/place/Dr+Nivedita/data=!4m5!3m4!1s0x3745e1aea5d5d303:0x7003c57d8ad00d76!8m2!3d25.9091406!4d93.7265605?authuser=0&hl=en&rclk=1
HK Hospital,Hospital,"Ward 5, Chumukeidma, Dimapur, Nagaland 797103, India",https://www.google.co.kr/maps/place/HK+Hospital/data=!4m5!3m4!1s0x3746087e67e929ef:0xa6d696fce8e897a2!8m2!3d25.8076916!4d93.7822007?authuser=0&hl=en&rclk=1
Health Clinic,Medical supply store,"main police point, Nagaland 798612, India",https://www.google.co.kr/maps/place/Health+Clinic/data=!4m5!3m4!1s0x37479bb6f6365f99:0xa259e86362d7391e!8m2!3d26.2537569!4d94.8160157?authuser=0&hl=en&rclk=1
Impur Christian Hospital,Hospital,"9GGF+8M2, Nagaland 798615, India",https://www.google.co.kr/maps/place/Impur+Christian+Hospital/data=!4m5!3m4!1s0x374707a11bef91ad:0x8236bb4652d3180b!8m2!3d26.37577!4d94.52414?authuser=0&hl=en&rclk=1
Prime Hospital,Hospital,"WP56+VWR, Landmark Colony, Dimapur, Nagaland 797113, India",https://www.google.co.kr/maps/place/Prime+Hospital/data=!4m5!3m4!1s0x3745e1856837b37b:0x1401937c688d01f2!8m2!3d25.9097383!4d93.7122624?authuser=0&hl=en&rclk=1
Chief medical office district local health authority,Hospital,"WP4J+HJR, Civil Hospital Colony, Dimapur, Nagaland 797112, India",https://www.google.co.kr/maps/place/Chief+medical+office+district+local+health+authority/data=!4m5!3m4!1s0x3745e1f0e8699a35:0xab2dca45f9b6d6a4!8m2!3d25.9064911!4d93.7315212?authuser=0&hl=en&rclk=1
Community Health center,Hospital,"MJPG+CJH, Meluri Village, Nagaland 797114, India",https://www.google.co.kr/maps/place/Community+Health+center/data=!4m5!3m4!1s0x3747db8de8a7e44d:0xc482de863f3a6284!8m2!3d25.6860588!4d94.6266198?authuser=0&hl=en&rclk=1
Primary Health Centre,Hospital,"NH-2, Kohima-Mokokchung Rd, Chunlikha, Nagaland, India",https://www.google.co.kr/maps/place/Primary+Health+Centre/data=!4m5!3m4!1s0x37464801a99aaca3:0x4aacce7ef6bcf6a5!8m2!3d25.9824212!4d94.2362595?authuser=0&hl=en&rclk=1
Flu clinic imdh mokokchung,Hospital department,"Dr Imkongliba Rd, Inkongliba, Majakong Ward, Mokokchung, Nagaland 798601, India",https://www.google.co.kr/maps/place/Flu+clinic+imdh+mokokchung/data=!4m5!3m4!1s0x3747a948147eb73d:0xa157d1e8d1912754!8m2!3d26.318634!4d94.5216649?authuser=0&hl=en&rclk=1
Satami Health Centre,Hospital,"Zunheboto, Nagaland 798620, India",https://www.google.co.kr/maps/place/Satami+Health+Centre/data=!4m5!3m4!1s0x3747bb3783968f11:0xe6454bd552387198!8m2!3d26.1004672!4d94.6360013?authuser=0&hl=en&rclk=1
Assam Rifles Composite Hospital,Military hospital,"Artc Composite hospital, Chumukeidma, Nagaland 797112, India",https://www.google.co.kr/maps/place/Assam+Rifles+Composite+Hospital/data=!4m5!3m4!1s0x3745fc5100000001:0x73172a85d7abb93d!8m2!3d25.7522621!4d93.7025458?authuser=0&hl=en&rclk=1
UPHC YIMYU,Hospital,"8GM4+8VH, Yimyu, Mokokchung, Nagaland 798617, India",https://www.google.co.kr/maps/place/UPHC+YIMYU/data=!4m5!3m4!1s0x3747a91f0755d8a3:0xf2550c3d6f9a204a!8m2!3d26.3333162!4d94.507234?authuser=0&hl=en&rclk=1
PHC,Hospital,"WJFV+WM7, ADC Colony, Seyochung Hq, Nagaland 798611, India",https://www.google.co.kr/maps/place/PHC/data=!4m5!3m4!1s0x3747c7cd7e253f8f:0xda7e5f2dbae68256!8m2!3d25.9247968!4d94.6441748?authuser=0&hl=en&rclk=1
Primary Health Centre,Hospital,"WFG3+6MX, Satakha, Nagaland 798620, India",https://www.google.co.kr/maps/place/Primary+Health+Centre/data=!4m5!3m4!1s0x3747ca4d79264f53:0x716813c69347efbd!8m2!3d25.9256109!4d94.4542297?authuser=0&hl=en&rclk=1
mopungchuket Sub Centre,Hospital,"9GVM+77H, Mopungchuket, Nagaland 798615, India",https://www.google.co.kr/maps/place/mopungchuket+Sub+Centre/data=!4m5!3m4!1s0x374707b2eed3d963:0x868b36aeb38fa0d!8m2!3d26.3931794!4d94.5332481?authuser=0&hl=en&rclk=1
Zunheboto Civil Hospital,Hospital,"2G3F+6G2, Zunheboto, Nagaland 798620, India",https://www.google.co.kr/maps/place/Zunheboto+Civil+Hospital/data=!4m5!3m4!1s0x3747b7b30754ccd9:0xf33a5b613504d084!8m2!3d26.003016!4d94.5237574?authuser=0&hl=en&rclk=1
District Hospital Kiphire,Hospital,"Tuensang–Kiphire–Meluri Rd, Nagaland 798611, India",https://www.google.co.kr/maps/place/District+Hospital+Kiphire/data=!4m5!3m4!1s0x3747ebc504577533:0x64c4d9db82483863!8m2!3d25.8825011!4d94.7816541?authuser=0&hl=en&rclk=1
Police Refferral Hospital,Hospital,"RQ2M+HX4, Chumukeidma, Dimapur, Nagaland 797103, India",https://www.google.co.kr/maps/place/Police+Refferral+Hospital/data=!4m5!3m4!1s0x3746062ac6f63605:0x7c4359ad57c3f8c8!8m2!3d25.8013953!4d93.7849493?authuser=0&hl=en&rclk=1
"TB Ward,IMDH",Hospital,"8G9F+7V8, Lijaba Lijen, Mokokchung, Nagaland 798601, India","https://www.google.co.kr/maps/place/TB+Ward,IMDH/data=!4m5!3m4!1s0x3747a84c7183b38d:0x7ca25805f1d4c424!8m2!3d26.3181721!4d94.5247106?authuser=0&hl=en&rclk=1"
TB Hospital Mokokchung,Hospital,"8G9F+7RH, Lijaba Lijen, Mokokchung, Nagaland 798601, India",https://www.google.co.kr/maps/place/TB+Hospital+Mokokchung/data=!4m5!3m4!1s0x3747a84c7108313f:0x17af23f648b4b5f5!8m2!3d26.3181913!4d94.5246248?authuser=0&hl=en&rclk=1
Keva store,Doctor,"Link Rd, Forest Colony, Dimapur, Nagaland 797113, India",https://www.google.co.kr/maps/place/Keva+store/data=!4m5!3m4!1s0x3745e1fb86d6834f:0x26616373dbe043ab!8m2!3d25.9111488!4d93.7175076?authuser=0&hl=en&rclk=1
Mhondamo Memorial Hospital,Hospital,"Orchid Colony, Wokha, Nagaland 797111, India",https://www.google.co.kr/maps/place/Mhondamo+Memorial+Hospital/data=!4m5!3m4!1s0x37464f159cbf1ac7:0x9c30cd9d839e50b1!8m2!3d26.0979693!4d94.2566573?authuser=0&hl=en&rclk=1
Health Centre,Hospital,"P4M5+46G, 4th Nap, Thizama, Nagaland 797004, India",https://www.google.co.kr/maps/place/Health+Centre/data=!4m5!3m4!1s0x3746224d06dbeee1:0x19e0ea4e54e95517!8m2!3d25.7328002!4d94.1080707?authuser=0&hl=en&rclk=1
hospital 165 MH,Hospital,"VQ73+5FV, Diphupar 'B', Dimapur, Nagaland 797115, India",https://www.google.co.kr/maps/place/hospital+165+MH/data=!4m5!3m4!1s0x374609cfffffffff:0x51dcdbbe2cdb0db1!8m2!3d25.8629885!4d93.7536663?authuser=0&hl=en&rclk=1
District Hospital,Hospital,"Tuensang-Mon-Naginimora Rd, Mon Village, Nagaland 798621, India",https://www.google.co.kr/maps/place/District+Hospital/data=!4m5!3m4!1s0x37475fc58ac1de9f:0x56a610db89c2bdfb!8m2!3d26.7240416!4d95.0287444?authuser=0&hl=en&rclk=1
Procare physio Clinic,Doctor,"Makritsu Residence, Ward 3, Block, 2, National Highway number 39, Chumukeidma, Dimapur, Nagaland 797103, India",https://www.google.co.kr/maps/place/Procare+physio+Clinic/data=!4m5!3m4!1s0x374609b2c7d9858d:0x5e75ca13917a993c!8m2!3d25.8109567!4d93.7865362?authuser=0&hl=en&rclk=1
Dr Wati Clinic,Hospital,"FCVW+847, Mangkolemba, Nagaland 798604, India",https://www.google.co.kr/maps/place/Dr+Wati+Clinic/data=!4m5!3m4!1s0x374703076a601b53:0x87d54a0b8851a29a!8m2!3d26.4932946!4d94.4453011?authuser=0&hl=en&rclk=1
Vety Hospital,Government hospital,"37M7+H76, Wokha, Nagaland 797111, India",https://www.google.co.kr/maps/place/Vety+Hospital/data=!4m5!3m4!1s0x37464f30115528bd:0x85e92573031b9838!8m2!3d26.0839108!4d94.2631503?authuser=0&hl=en&rclk=1
Govt. Dispensary,Hospital,"8GJF+RJ9, Alempang Ward, Mokokchung, Nagaland 798601, India",https://www.google.co.kr/maps/place/Govt.+Dispensary/data=!4m5!3m4!1s0x3747a833a20252df:0x2a5cd61f44e609ef!8m2!3d26.3320433!4d94.5241026?authuser=0&hl=en&rclk=1
Roto New Village Nagaland India (AKAI),Hospital,"zbto, India",https://www.google.co.kr/maps/place/Roto+New+Village+Nagaland+India+(AKAI)/data=!4m5!3m4!1s0x3747b3641699557f:0x48b73429c58e5c3d!8m2!3d26.0755039!4d94.4242974?authuser=0&hl=en&rclk=1
Hospital,Hospital,"622G+62M, Noklak, Nagaland 798626, India",https://www.google.co.kr/maps/place/Hospital/data=!4m5!3m4!1s0x374787a5496bfe77:0x398d831575e714a4!8m2!3d26.2005817!4d95.0250378?authuser=0&hl=en&rclk=1
Community Health Centre,Hospital,"FCWJ+7W7, Mangkolemba, Nagaland 798604, India",https://www.google.co.kr/maps/place/Community+Health+Centre/data=!4m5!3m4!1s0x3747038b0377932d:0xd19cfe0dd73f20a1!8m2!3d26.4956588!4d94.4322884?authuser=0&hl=en&rclk=1
N.Ezung Hospital,Hospital,"37R5+Q35, Wokha, Nagaland 797111, India",https://www.google.co.kr/maps/place/N.Ezung+Hospital/data=!4m5!3m4!1s0x37464f22d1a34641:0xf776ae900fac327b!8m2!3d26.0918811!4d94.2577282?authuser=0&hl=en&rclk=1
Assamrifle Hospital,Hospital,"8G95+2RF, Mokokchung, Nagaland 798601, India",https://www.google.co.kr/maps/place/Assamrifle+Hospital/data=!4m5!3m4!1s0x3747a9ba41cb37ef:0x8cd2d30eda8cd428!8m2!3d26.3175539!4d94.5095323?authuser=0&hl=en&rclk=1
Wokha Civil Hospital,Hospital,"37H5+HMP, Wokha, Nagaland 797111, India",https://www.google.co.kr/maps/place/Wokha+Civil+Hospital/data=!4m5!3m4!1s0x37464f33fe934895:0xff701884d1e6c48f!8m2!3d26.0789551!4d94.2592142?authuser=0&hl=en&rclk=1
"Civil Hospital, Tuensang",Hospital,"Tuensang, Nagaland 798612, India","https://www.google.co.kr/maps/place/Civil+Hospital,+Tuensang/data=!4m5!3m4!1s0x37479c0450596777:0xbbb1eccb60106b!8m2!3d26.2526879!4d94.8178271?authuser=0&hl=en&rclk=1"
Capital Veterinary Clinic,Doctor,"Above Network counter, IOC, National Highway 39, NH-39, Kohima, Nagaland 797005, India",https://www.google.co.kr/maps/place/Capital+Veterinary+Clinic/data=!4m5!3m4!1s0x374621b26424a56f:0x8029dce4229d8f6c!8m2!3d25.6683434!4d94.1045556?authuser=0&hl=en&rclk=1
Imkongliba Memorial District Hospital Mokokchung,Hospital,"8G9C+H82, Majakong Ward, Mokokchung, Nagaland 798601, India",https://www.google.co.kr/maps/place/Imkongliba+Memorial+District+Hospital+Mokokchung/data=!4m5!3m4!1s0x3747a84b7aaaaaab:0x9697ba9881015ccd!8m2!3d26.3188912!4d94.5207513?authuser=0&hl=en&rclk=1
CHC,Hospital,"6MGJ+22Q, Longkhim, Nagaland 798616, India",https://www.google.co.kr/maps/place/CHC/data=!4m5!3m4!1s0x3747a357ab9cdca1:0x6362e992282a91fb!8m2!3d26.225077!4d94.680119?authuser=0&hl=en&rclk=1
Mongsenyimti PHC,Hospital,"CJF8+HWF, Mokokchung, Nagaland 798614, India",https://www.google.co.kr/maps/place/Mongsenyimti+PHC/data=!4m5!3m4!1s0x374709fabcd47c85:0x8ced8d1852c22e94!8m2!3d26.4239388!4d94.6172837?authuser=0&hl=en&rclk=1
"Hospital CHC,bhandari",Government hospital,"74R8+V43, Bhandari, Nagaland 797111, India","https://www.google.co.kr/maps/place/Hospital+CHC,bhandari/data=!4m5!3m4!1s0x37465ef483747c41:0x5419a5d0072e0241!8m2!3d26.2921471!4d94.1153089?authuser=0&hl=en&rclk=1"
Primary Health Center,Hospital,"Longkhum, Nagaland 798601, India",https://www.google.co.kr/maps/place/Primary+Health+Center/data=!4m5!3m4!1s0x3747ab5dad96e829:0x82d791010bf77325!8m2!3d26.2654821!4d94.4158633?authuser=0&hl=en&rclk=1
Medziphema Civil Hospital,Hospital,"QV7M+3PQ, Medziphema, Nagaland 797106, India",https://www.google.co.kr/maps/place/Medziphema+Civil+Hospital/data=!4m5!3m4!1s0x374605185c904a89:0x3214c6d85ebb3942!8m2!3d25.7627155!4d93.8843533?authuser=0&hl=en&rclk=1
Primary Health Center,Hospital,"CGWW+F7F, Longjang, Nagaland 798615, India",https://www.google.co.kr/maps/place/Primary+Health+Center/data=!4m5!3m4!1s0x374705e13fff07db:0xa73c5f097ebeab2e!8m2!3d26.4461832!4d94.5456676?authuser=0&hl=en&rclk=1
PHC Chukitong,Hospital,"4879+PM9, Mokokchung, Nagaland 798601, India",https://www.google.co.kr/maps/place/PHC+Chukitong/data=!4m5!3m4!1s0x37464c2bc0043129:0x4b34393530827163!8m2!3d26.1142871!4d94.3192447?authuser=0&hl=en&rclk=1
Christain Medical Centre (CMC) Wokha,Hospital,"Unnamed Road, Vankhosung, Nagaland 797111, India",https://www.google.co.kr/maps/place/Christain+Medical+Centre+(CMC)+Wokha/data=!4m5!3m4!1s0x37464f664d25c02f:0xc4beeeb752bd024e!8m2!3d26.1134833!4d94.2467965?authuser=0&hl=en&rclk=1
Shubham Medical,Doctor,"7J9P+9C8, Tuensang, Nagaland 798611, India",https://www.google.co.kr/maps/place/Shubham+Medical/data=!4m5!3m4!1s0x3747a7ebea6b64ab:0x9cadb7dd071287f6!8m2!3d26.2684075!4d94.6360928?authuser=0&hl=en&rclk=1
OPD Center,Hospital,"South Point East Zunheboto, India",https://www.google.co.kr/maps/place/OPD+Center/data=!4m5!3m4!1s0x3747b7b3a73657a7:0xa505eccbd7339f28!8m2!3d26.0022731!4d94.5238639?authuser=0&hl=en&rclk=1
CMO Office;Mokokchung,Doctor,"Town Hall Road, Nagaland 798601, India",https://www.google.co.kr/maps/place/CMO+Office;Mokokchung/data=!4m5!3m4!1s0x3747a98741bc7e6f:0x90c0ae6593a611f7!8m2!3d26.321765!4d94.5187764?authuser=0&hl=en&rclk=1
Health Sub Center,Hospital,"village A.Khel, Wokha, Nagaland 797111, India",https://www.google.co.kr/maps/place/Health+Sub+Center/data=!4m5!3m4!1s0x37464f59541fc3e3:0xf76f22e7b12507ff!8m2!3d26.1081392!4d94.2585084?authuser=0&hl=en&rclk=1
Veterinary Hospital Wokha,Government hospital,"37M7+H7M, saron colony, Wokha, Nagaland 797111, India",https://www.google.co.kr/maps/place/Veterinary+Hospital+Wokha/data=!4m5!3m4!1s0x37464f30115bcf33:0x8a06aa448f512b19!8m2!3d26.0839677!4d94.263165?authuser=0&hl=en&rclk=1
Primary Health Center Akhegwo,Hospital,"PM8P+P7G, Phek, Nagaland 797114, India",https://www.google.co.kr/maps/place/Primary+Health+Center+Akhegwo/data=!4m5!3m4!1s0x3747dc4d46034141:0xde95c3352994eab!8m2!3d25.7168017!4d94.6857159?authuser=0&hl=en&rclk=1
Primary Health Centre Satoi,Hospital,"RHJM+CWP, Satoi, Nagaland 798620, India",https://www.google.co.kr/maps/place/Primary+Health+Centre+Satoi/data=!4m5!3m4!1s0x3747c5a1b09e3ed3:0xdb6c6015ecee79df!8m2!3d25.831077!4d94.5848226?authuser=0&hl=en&rclk=1
CMC hospital,Hospital,"467W+285, Vankhosung, Nagaland 797111, India",https://www.google.co.kr/maps/place/CMC+hospital/data=!4m5!3m4!1s0x37464ff02bc2503d:0x8a81569ece0ca44a!8m2!3d26.1125001!4d94.2458581?authuser=0&hl=en&rclk=1
Primary Health Centre,Hospital,"7JV7+PQQ, Tuensang, Nagaland 798601, India",https://www.google.co.kr/maps/place/Primary+Health+Centre/data=!4m5!3m4!1s0x3747a6e33109b6c7:0xebf4a3cefc050735!8m2!3d26.2943396!4d94.6144801?authuser=0&hl=en&rclk=1
Urban Primary Health Center Tuensang,Hospital,"near Chief Medical Office, Tuensang Village, Nagaland 798612, India",https://www.google.co.kr/maps/place/Urban+Primary+Health+Center+Tuensang/data=!4m5!3m4!1s0x37479d1baab9be6b:0x7186d3c13f950963!8m2!3d26.260562!4d94.8159209?authuser=0&hl=en&rclk=1
Public Health Care,Hospital,"Q95G+HQ6, Phek, Nagaland 797104, India",https://www.google.co.kr/maps/place/Public+Health+Care/data=!4m5!3m4!1s0x37462d15897ec105:0x27d4339f6591fc6!8m2!3d25.7589096!4d94.3768954?authuser=0&hl=en&rclk=1
Primary Health Center Panso,Hospital,"4W4G+9PR, Panso Town, Noklak, Nagaland 798612, India",https://www.google.co.kr/maps/place/Primary+Health+Center+Panso/data=!4m5!3m4!1s0x37478fae653191b7:0x837d3fc70bce3924!8m2!3d26.1059808!4d94.9267694?authuser=0&hl=en&rclk=1
Unit Hospital,Hospital,"2nd NAP Battalion, Alichen, Nagaland 798601, India",https://www.google.co.kr/maps/place/Unit+Hospital/data=!4m5!3m4!1s0x3747ab9afad80bcd:0x9de71cb0f7b5843c!8m2!3d26.2703833!4d94.4469901?authuser=0&hl=en&rclk=1
Primary Health Centre,Hospital,"5FCV+RWG, Akuluto, Nagaland 798619, India",https://www.google.co.kr/maps/place/Primary+Health+Centre/data=!4m5!3m4!1s0x3747afb89edb1a99:0xe6d583737fa093c!8m2!3d26.1720742!4d94.4948291?authuser=0&hl=en&rclk=1
"Primary Health Centre (PHC), Ghathashi",Government hospital,"Unnamed Road, Nagaland 797104, India","https://www.google.co.kr/maps/place/Primary+Health+Centre+(PHC),+Ghathashi/data=!4m5!3m4!1s0x374633b9b7fee7c9:0x132b0e5f3cf6ada7!8m2!3d25.8591858!4d94.3283323?authuser=0&hl=en&rclk=1"
UPHC Wokha (rented building),Hospital,"37X5+7CV, Orchid Colony, Wokha, Nagaland 797111, India",https://www.google.co.kr/maps/place/UPHC+Wokha+(rented+building)/data=!4m5!3m4!1s0x37464feba44677b7:0x51357b1b19cab252!8m2!3d26.0982467!4d94.2585468?authuser=0&hl=en&rclk=1
ART Centre Zunheboto,Government hospital,"2G2F+WJR, Nagaland 798620, India",https://www.google.co.kr/maps/place/ART+Centre+Zunheboto/data=!4m5!3m4!1s0x3747b7b3a6c1cb6d:0x2db01b4e182b42b9!8m2!3d26.0023588!4d94.5240018?authuser=0&hl=en&rclk=1
Dr.B K Murry,Doctor,"Lengrijan Rd, Duncan Basti, Dimapur, Nagaland 797113, India",https://www.google.co.kr/maps/place/Dr.B+K+Murry/data=!4m5!3m4!1s0x3745e10a442b6ef3:0x2e955627a0f2f307!8m2!3d25.909794!4d93.705399?authuser=0&hl=en&rclk=1
Medical Despensary sabangya,Hospital,"Unnamed Road, Tsümashiong Tarok, Sabangya, Nagaland 798617, India",https://www.google.co.kr/maps/place/Medical+Despensary+sabangya/data=!4m5!3m4!1s0x374701aa92b9068f:0x9a05c9c5baf2908b!8m2!3d26.3771773!4d94.4500013?authuser=0&hl=en&rclk=1
Hospital,Hospital,"Wolamnyuk Yan (New, Pangsha, Nagaland 798619, India",https://www.google.co.kr/maps/place/Hospital/data=!4m5!3m4!1s0x3747bbb54d71fa31:0xb8650b7f09949c70!8m2!3d26.1584353!4d94.5624426?authuser=0&hl=en&rclk=1
Hospital,Hospital,"3V9G+W8W, Sampurre, Nagaland 798612, India",https://www.google.co.kr/maps/place/Hospital/data=!4m5!3m4!1s0x374791ec5c449041:0x3dc87b29211b0d5d!8m2!3d26.0698521!4d94.8758416?authuser=0&hl=en&rclk=1
"Hezukhu Memorial District Hospital, Zunheboto.",Government hospital,"South Point East, Nagaland 798620, India","https://www.google.co.kr/maps/place/Hezukhu+Memorial+District+Hospital,+Zunheboto./data=!4m5!3m4!1s0x3747b7b306dbce59:0x9a693bf1dc95aa95!8m2!3d26.002962!4d94.5235864?authuser=0&hl=en&rclk=1"
Tokiye PHC,Hospital,"Tokiye, Nagaland 798620, India",https://www.google.co.kr/maps/place/Tokiye+PHC/data=!4m5!3m4!1s0x3747c707b78a483d:0xdefedd2fa6ac2b8b!8m2!3d25.9564301!4d94.5851156?authuser=0&hl=en&rclk=1
Curar Pharmacy,Doctor,"Near, IOC, Aongza Ward, Aongza, Mokokchung, Nagaland 798601, India",https://www.google.co.kr/maps/place/Curar+Pharmacy/data=!4m5!3m4!1s0x3747a98af82fb3bd:0xc4a837d0dddce2e8!8m2!3d26.3285826!4d94.5080826?authuser=0&hl=en&rclk=1
Primary Health Centre Sanis,Medical diagnostic imaging center,"6698+VQP, Sanis, Nagaland 797100, India",https://www.google.co.kr/maps/place/Primary+Health+Centre+Sanis/data=!4m5!3m4!1s0x37465b77f7873913:0x9dd6e069a6e69180!8m2!3d26.219709!4d94.216961?authuser=0&hl=en&rclk=1
Rapha Hospital,Hospital,"Below DC Office, Nagaland 798621, India",https://www.google.co.kr/maps/place/Rapha+Hospital/data=!4m5!3m4!1s0x37475fefabd7753b:0x9f45b9c68b8c0e1a!8m2!3d26.7483815!4d95.0998445?authuser=0&hl=en&rclk=1
Dr.Aye Pharmacy,Hospital,"WFH2+J6X, Satakha, Nagaland 798620, India",https://www.google.co.kr/maps/place/Dr.Aye+Pharmacy/data=!4m5!3m4!1s0x3747cb50139d6c6b:0x613cbee89b773c87!8m2!3d25.9291027!4d94.4505985?authuser=0&hl=en&rclk=1
Civil Hospital,Hospital,"NH 155, Meluri, Nagaland 797114, India",https://www.google.co.kr/maps/place/Civil+Hospital/data=!4m5!3m4!1s0x3747dbe0493e517f:0x8d918f81210bd49d!8m2!3d25.6862064!4d94.6265134?authuser=0&hl=en&rclk=1
Vhc clinic centre,Community center,"CW9P+273, Ukha, Nagaland 798603, India",https://www.google.co.kr/maps/place/Vhc+clinic+centre/data=!4m5!3m4!1s0x3747798950e9b821:0xa2088a48e8950978!8m2!3d26.4175176!4d94.9356572?authuser=0&hl=en&rclk=1
Civil Hospital Kiphire,Hospital,"VQJJ+RJC, Kiphire, Nagaland 798611, India",https://www.google.co.kr/maps/place/Civil+Hospital+Kiphire/data=!4m5!3m4!1s0x3747ebc51a698145:0x13e67c8b082f8da4!8m2!3d25.8820565!4d94.7815288?authuser=0&hl=en&rclk=1
Sanis Hospital,Hospital,"6642+853, Sanis, Nagaland 797100, India",https://www.google.co.kr/maps/place/Sanis+Hospital/data=!4m5!3m4!1s0x37465b54a4393f4b:0x6297fc58792454fb!8m2!3d26.2057588!4d94.2004181?authuser=0&hl=en&rclk=1
Sub Center AGHUYITO Town,Hospital,"WFPR+MC3, Zunheboto, Nagaland 798620, India",https://www.google.co.kr/maps/place/Sub+Center+AGHUYITO+Town/data=!4m5!3m4!1s0x3747c98eca3d5a8d:0x184e8b8470513efa!8m2!3d25.9366448!4d94.4910593?authuser=0&hl=en&rclk=1
Hongkong,Hospital,"5H56+9XG, Zunheboto, Nagaland 798619, India",https://www.google.co.kr/maps/place/Hongkong/data=!4m5!3m4!1s0x3747bb0d88db96c1:0xd40fc941d15a33b6!8m2!3d26.1584354!4d94.5624426?authuser=0&hl=en&rclk=1
Midland,,,https://www.google.co.kr/maps/place/Midland/data=!4m5!3m4!1s0x3745e18ec72f3c6d:0x5ddf36754b2b42b2!8m2!3d25.9060573!4d93.7149525?authuser=0&hl=en&rclk=1
Primary Health Center,Medical Center,"9CGX+WX5, Tsümashiong Tarok, Sabangya, Nagaland 798617, India",https://www.google.co.kr/maps/place/Primary+Health+Center/data=!4m5!3m4!1s0x374700ed9c30951d:0x15c631f5af0533ac!8m2!3d26.3772558!4d94.449994?authuser=0&hl=en&rclk=1
CHC Aghunato,Government hospital,"2J2G+43R, Aghunato, Nagaland 798620, India",https://www.google.co.kr/maps/place/CHC+Aghunato/data=!4m5!3m4!1s0x3747b8c288572515:0xf238e6d6e4b251da!8m2!3d26.000353!4d94.6251496?authuser=0&hl=en&rclk=1
Civil Hospital,Hospital,"6MGJ+23Q, Longkhim, Nagaland 798616, India",https://www.google.co.kr/maps/place/Civil+Hospital/data=!4m5!3m4!1s0x3747a314dbc52e0f:0x710ab1a37f794d2a!8m2!3d26.2250837!4d94.6802231?authuser=0&hl=en&rclk=1
"Physical Care , Physiotherapy Clinic",Physical therapy clinic,"Gelabil - Sirajuli Rd, Lata Jori, Assam 785601, India","https://www.google.co.kr/maps/place/Physical+Care+,+Physiotherapy+Clinic/data=!4m5!3m4!1s0x37467b3af38f8737:0x87e5e7bb8904ef78!8m2!3d26.1965635!4d93.8767435?authuser=0&hl=en&rclk=1"
Dr. Imkongliba Memorial District Hospital Blood Bank,Blood donation center,"Dr Imkongliba Memorial District Hospital, Majakong Ward, Mokokchung, Nagaland 798601, India",https://www.google.co.kr/maps/place/Dr.+Imkongliba+Memorial+District+Hospital+Blood+Bank/data=!4m5!3m4!1s0x3747a9b357aaaaab:0x78b73247dacc77d4!8m2!3d26.3186786!4d94.5207103?authuser=0&hl=en&rclk=1
Community Health Centre (CHC) Pughoboto,Government hospital,"पुघोबोटो, Nagaland 798620, India",https://www.google.co.kr/maps/place/Community+Health+Centre+(CHC)+Pughoboto/data=!4m5!3m4!1s0x3746372b915c5adb:0x742ff76610ce25aa!8m2!3d25.8883921!4d94.2700617?authuser=0&hl=en&rclk=1
Govt. Dispensary,Medical Center,"Salangtem, Mokokchung, Nagaland 798601, India",https://www.google.co.kr/maps/place/Govt.+Dispensary/data=!4m5!3m4!1s0x3747a9c9c4473f01:0x350b795836b64596!8m2!3d26.3259605!4d94.5143241?authuser=0&hl=en&rclk=1
Donikona Sub Centre,Hospital,"MFV6+RQ4, No.1 Mogroi Grant Gaon, Assam 785635, India",https://www.google.co.kr/maps/place/Donikona+Sub+Centre/data=!4m5!3m4!1s0x37471f2964d6d8ed:0xc58d0e6fb31fd666!8m2!3d26.6945131!4d94.4619533?authuser=0&hl=en&rclk=1
Sub Center Lengnyu,Hospital,"Nagaland 798626, India",https://www.google.co.kr/maps/place/Sub+Center+Lengnyu/data=!4m5!3m4!1s0x3747876b7af27225:0xafe478a1774c4979!8m2!3d26.1590992!4d94.9847626?authuser=0&hl=en&rclk=1
Publich Health Centre Chuchuyimlang,Hospital,"FJ7V+XJR, Chuchuyimlang, Nagaland 798614, India",https://www.google.co.kr/maps/place/Publich+Health+Centre+Chuchuyimlang/data=!4m5!3m4!1s0x37470f6627b0f8cd:0xd2aec4d465b8d747!8m2!3d26.4649787!4d94.6440276?authuser=0&hl=en&rclk=1
Dispensary,Medical Center,"483Q+X6V, Tsungiki, Nagaland 798601, India",https://www.google.co.kr/maps/place/Dispensary/data=!4m5!3m4!1s0x37464c47b86653a7:0x8842aeeee6e477dd!8m2!3d26.1049879!4d94.3380429?authuser=0&hl=en&rclk=1
Sungkomen,,,https://www.google.co.kr/maps/place/Sungkomen/data=!4m5!3m4!1s0x3747a830a4a4dd7d:0x1d8757e28ce32f2f!8m2!3d26.332494!4d94.5321473?authuser=0&hl=en&rclk=1
District Hospital Blood Bank,Blood donation center,"Tuensang, Nagaland 798612, India",https://www.google.co.kr/maps/place/District+Hospital+Blood+Bank/data=!4m5!3m4!1s0x37479c04508b9501:0x26d4578b7b2ecc47!8m2!3d26.252728!4d94.817787?authuser=0&hl=en&rclk=1
Apollo Clinic,Medical clinic,"RW7G+6X4, Lalambung Makhong, Thangmeiband, Imphal, Manipur 795004, India",https://www.google.co.kr/maps/place/Apollo+Clinic/data=!4m5!3m4!1s0x374927b63c54315f:0xdcee9408a39ce427!8m2!3d24.8130172!4d93.9274577?authuser=0&hl=en&rclk=1
Subong Medical,Medical supply store,"8GF9+RM9, Mokokchung, Nagaland 798601, India",https://www.google.co.kr/maps/place/Subong+Medical/data=!4m5!3m4!1s0x3747a9b57ccf4d19:0x5f4fcb7850705c5c!8m2!3d26.3245478!4d94.5192235?authuser=0&hl=en&rclk=1
Aongza,,,https://www.google.co.kr/maps/place/Aongza/data=!4m5!3m4!1s0x3747a9c7bed2dbad:0xe231d30df2b1823f!8m2!3d26.3276699!4d94.50992?authuser=0&hl=en&rclk=1
Longchem Pharmacy,Medical Center,"HFPH+5J9, Longchem Comp., Nagaland 798604, India",https://www.google.co.kr/maps/place/Longchem+Pharmacy/data=!4m5!3m4!1s0x37471d3de1a0ece7:0xdbc449876a059d1d!8m2!3d26.585407!4d94.479111?authuser=0&hl=en&rclk=1
Apollo Clinic,Medical clinic,"Assam Trunk Rd, near Eidgah, Graham Bazar, Dibrugarh, Assam 786001, India",https://www.google.co.kr/maps/place/Apollo+Clinic/data=!4m5!3m4!1s0x3740983f8eced689:0x820a19c1db242db7!8m2!3d27.4888386!4d94.9174392?authuser=0&hl=en&rclk=1
Chessore Primary Health Center (PHC),Hospital,"Rd Number 3, Vijayawada, Andhra Pradesh 520008, India",https://www.google.co.kr/maps/place/Chessore+Primary+Health+Center+(PHC)/data=!4m5!3m4!1s0x3747961fe3bf9c61:0x7bfc92a34b3058c!8m2!3d26.0813656!4d94.7279862?authuser=0&hl=en&rclk=1
Sabangya,,,https://www.google.co.kr/maps/place/Sabangya/data=!4m5!3m4!1s0x374700f15c33d597:0x920b43fc28ada1d3!8m2!3d26.3777755!4d94.449727?authuser=0&hl=en&rclk=1
Sub Center Chungtiayimsen,Hospital,"G9RC+JMQ, Chungtiayimsen, Assam 785633, India",https://www.google.co.kr/maps/place/Sub+Center+Chungtiayimsen/data=!4m5!3m4!1s0x3746e3e214dd0a1b:0x10931b61017f0202!8m2!3d26.5415825!4d94.3717285?authuser=0&hl=en&rclk=1
Majakong Ward,,,https://www.google.co.kr/maps/place/Majakong+Ward/data=!4m5!3m4!1s0x3747a84b58b71d17:0x87d29f1eeca6eab!8m2!3d26.3195231!4d94.5231264?authuser=0&hl=en&rclk=1
Alempang Ward,,,https://www.google.co.kr/maps/place/Alempang+Ward/data=!4m5!3m4!1s0x3747a833156b26d9:0x87057deff4419f50!8m2!3d26.3320619!4d94.5224821?authuser=0&hl=en&rclk=1
Kelingmen,,,https://www.google.co.kr/maps/place/Kelingmen/data=!4m5!3m4!1s0x37470e315650f79b:0x866bd5b1bb6a959a!8m2!3d26.5159113!4d94.6085627?authuser=0&hl=en&rclk=1
Longpha,,,https://www.google.co.kr/maps/place/Longpha/data=!4m5!3m4!1s0x374706610f57261f:0x8707810b7554b790!8m2!3d26.4412462!4d94.5385916?authuser=0&hl=en&rclk=1
ESIS Dispensary,Medical clinic,"Kamalabari Rd, Duliajan, Assam 786602, India",https://www.google.co.kr/maps/place/ESIS+Dispensary/data=!4m5!3m4!1s0x373f47c54fa04e6b:0x53e1cac60f6c0632!8m2!3d27.344874!4d95.3189824?authuser=0&hl=en&rclk=1
Salulemang,,,https://www.google.co.kr/maps/place/Salulemang/data=!4m5!3m4!1s0x37470c7761f56aad:0x4a9f5927bb482562!8m2!3d26.441622!4d94.6759639?authuser=0&hl=en&rclk=1
Apolo Hospital,Hospital,"Araltali, Assam 785672, India",https://www.google.co.kr/maps/place/Apolo+Hospital/data=!4m5!3m4!1s0x37473580c880faa1:0x147da65e75e8e726!8m2!3d27.0658883!4d94.6965316?authuser=0&hl=en&rclk=1
Yaongyimti Old,,,https://www.google.co.kr/maps/place/Yaongyimti+Old/data=!4m5!3m4!1s0x37470bc04a34c79d:0x945e5d64c65c41e2!8m2!3d26.412775!4d94.663376?authuser=0&hl=en&rclk=1
Bahoni veterinary hospital,Hospital,"H7RQ+5R2, Lahing Gaon, Assam 785633, India",https://www.google.co.kr/maps/place/Bahoni+veterinary+hospital/data=!4m5!3m4!1s0x3746e5674ffcae99:0x45fd5304f70a3eea!8m2!3d26.5903911!4d94.2895208?authuser=0&hl=en&rclk=1
Raidangjuri Mini Primary Health Centre,Hospital,"94HQ+PR4, Sukanjun, Assam 785631, India",https://www.google.co.kr/maps/place/Raidangjuri+Mini+Primary+Health+Centre/data=!4m5!3m4!1s0x3746f5e8ebfb3899:0x219fe0b9b86e5b14!8m2!3d26.3792725!4d94.1395665?authuser=0&hl=en&rclk=1
District Hospital Blood Bank,Blood donation center,"Nagaland 798620, India",https://www.google.co.kr/maps/place/District+Hospital+Blood+Bank/data=!4m5!3m4!1s0x3747b7b306dbb64f:0x88bf9cd365c8d28d!8m2!3d26.002962!4d94.523584?authuser=0&hl=en&rclk=1
Jai Hardware,Hardware store,"8GFC+MPC, police point, Mokokchung, Nagaland 798601, India",https://www.google.co.kr/maps/place/Jai+Hardware/data=!4m5!3m4!1s0x3747a84aaf748753:0x69d73e2b168eb75e!8m2!3d26.3241899!4d94.5217672?authuser=0&hl=en&rclk=1
YOURS HAPPILY EVER AFTER,Event planner,"Hospital Rd, Wokha, Nagaland 797111, India",https://www.google.co.kr/maps/place/YOURS+HAPPILY+EVER+AFTER/data=!4m5!3m4!1s0x37464fa8acdd4b57:0x99e88720756d29a7!8m2!3d26.0872573!4d94.2592418?authuser=0&hl=en&rclk=1
Dibuia,,,https://www.google.co.kr/maps/place/Dibuia/data=!4m5!3m4!1s0x3747037d4ca93b9f:0x83fec7be1c39f617!8m2!3d26.5258785!4d94.5000448?authuser=0&hl=en&rclk=1
Longphayimsen,,,https://www.google.co.kr/maps/place/Longphayimsen/data=!4m5!3m4!1s0x3746fd41cef7b1df:0x47d87b7f2ff18043!8m2!3d26.518496!4d94.3800739?authuser=0&hl=en&rclk=1
Medemyim,,,https://www.google.co.kr/maps/place/Medemyim/data=!4m5!3m4!1s0x3746fc54b4b60d1d:0x9ce0ba8a1eefff78!8m2!3d26.49004!4d94.356491?authuser=0&hl=en&rclk=1
Saringyim,,,https://www.google.co.kr/maps/place/Saringyim/data=!4m5!3m4!1s0x37471c2d8801b2ef:0xf18eb365b7378b6c!8m2!3d26.621605!4d94.442017?authuser=0&hl=en&rclk=1
Aosetsu,,,https://www.google.co.kr/maps/place/Aosetsu/data=!4m5!3m4!1s0x3747abf32a287651:0xf78c0ee793d8e3bb!8m2!3d26.264652!4d94.459694?authuser=0&hl=en&rclk=1
Dehingapara Hospital,Hospital department,"Dedrupar Grant, Assam 785635, India",https://www.google.co.kr/maps/place/Dehingapara+Hospital/data=!4m5!3m4!1s0x3746e1ba3257ebc1:0xe6e6f70b8ae0826!8m2!3d26.6680875!4d94.3711702?authuser=0&hl=en&rclk=1
Chakpa,,,https://www.google.co.kr/maps/place/Chakpa/data=!4m5!3m4!1s0x3747086a35bdda6f:0xc69910ca41c6a5dc!8m2!3d26.374495!4d94.580719?authuser=0&hl=en&rclk=1
Moalenden,,,https://www.google.co.kr/maps/place/Moalenden/data=!4m5!3m4!1s0x3747a8d487e8f32b:0x336fa77ffcfde9de!8m2!3d26.25676!4d94.525749?authuser=0&hl=en&rclk=1
