Company_Name,Category,Address,Url
BABA FITNESS STUDIO & POWER YOGA,Fitness center,"Hospital Palem, Kalavagadda Colony, Tadipatri, Andhra Pradesh 515411, India",https://www.google.co.kr/maps/place/BABA+FITNESS+STUDIO+%26+POWER+YOGA/data=!4m5!3m4!1s0x3bb41cb1172f4bf1:0x850ca6955841d720!8m2!3d14.9091413!4d78.003444?authuser=0&hl=en&rclk=1
Fitness hub,Gym,"Opp:canara bank, old hero showroom upstairs tadipatri upstairs maharaj hotel, Tadipatri, Andhra Pradesh 515411, India",https://www.google.co.kr/maps/place/Fitness+hub/data=!4m5!3m4!1s0x3bb41d9b8f13cccd:0xf922548089777053!8m2!3d14.9099057!4d77.9971573?authuser=0&hl=en&rclk=1
Soyas Nutrition Center,Gym,"41, 1st floor, Municipal Complex,, Anantapur, Andhra Pradesh 515001, India",https://www.google.co.kr/maps/place/Soyas+Nutrition+Center/data=!4m5!3m4!1s0x3bb41cae1a5d8f17:0x517c405d5eedb692!8m2!3d14.908978!4d78.0087447?authuser=0&hl=en&rclk=1
SRI KRUSHNA OSHO YOGASRAMAM,Gym,"V2R7+F83, Krishna Puram, Tadipatri, Andhra Pradesh 515411, India",https://www.google.co.kr/maps/place/SRI+KRUSHNA+OSHO+YOGASRAMAM/data=!4m5!3m4!1s0x3bb403a040d47299:0xa903a45074442eb!8m2!3d14.8911419!4d78.0133041?authuser=0&hl=en&rclk=1
Tadipatri - 4km,Gym,"Putluru Road, Andhra Pradesh 515414, India",https://www.google.co.kr/maps/place/Tadipatri+-+4km/data=!4m5!3m4!1s0x3bb403356e1f6d35:0xf02da6f247489336!8m2!3d14.878328!4d77.9968733?authuser=0&hl=en&rclk=1
Ramula Swami,Gym,"WV7R+8Q6, Somana palli, Andhra Pradesh 515445, India",https://www.google.co.kr/maps/place/Ramula+Swami/data=!4m5!3m4!1s0x3bb6a7565dd8211d:0x762006329bf0d7bf!8m2!3d14.9132973!4d77.891897?authuser=0&hl=en&rclk=1
Golden Gym,Gym,"Subhash Rd, Near Bank of India, Old Town, Anantapur, Andhra Pradesh 515001, India",https://www.google.co.kr/maps/place/Golden+Gym/data=!4m5!3m4!1s0x3bb14adfab163e5f:0x442e3be94f6a3011!8m2!3d14.6770351!4d77.6050159?authuser=0&hl=en&rclk=1
SWEATOUT HEALTH & FITNESS,Gym,"Anantapur,, Srinagar Colony, Anantapur, Andhra Pradesh 515002, India",https://www.google.co.kr/maps/place/SWEATOUT+HEALTH+%26+FITNESS/data=!4m5!3m4!1s0x3bb14aed3cb2bfbd:0x2e85882e9107f245!8m2!3d14.6640801!4d77.585991?authuser=0&hl=en&rclk=1
Stones Fitness Studio,Gym,"15/777 4th Floor, above Hangouts Cafe, Kamalanagar, Anantapur, Andhra Pradesh 515001, India",https://www.google.co.kr/maps/place/Stones+Fitness+Studio/data=!4m5!3m4!1s0x3bb14adbde096173:0xff73c9b29d82ccb3!8m2!3d14.6814476!4d77.6016883?authuser=0&hl=en&rclk=1
Stayfit Health & Fitness World Pvt Ltd,Gym,"10-322-1, R.R Complex, Subash Rd, Adimurthy Nagar, Gulzarpet, Anantapur, Andhra Pradesh 515001, India",https://www.google.co.kr/maps/place/Stayfit+Health+%26+Fitness+World+Pvt+Ltd/data=!4m5!3m4!1s0x3bb14bfd5186ddc5:0x67801720d2cb1aec!8m2!3d14.6797005!4d77.5980016?authuser=0&hl=en&rclk=1
PULSE FITNESS STUDIO,Gym,"opp. cement godown, Vidyuth Nagar, Housing Board Colony, Anantapur, Andhra Pradesh 515001, India",https://www.google.co.kr/maps/place/PULSE+FITNESS+STUDIO/data=!4m5!3m4!1s0x3bb14b2d10d16bd3:0xcec507078bdc303c!8m2!3d14.6635883!4d77.5954271?authuser=0&hl=en&rclk=1
GOLDEN GYM,Gym,"Balaji Towers Bus Stop near Iron Bridge, Surya Nagar, Old Town, Anantapur, Andhra Pradesh 515001, India",https://www.google.co.kr/maps/place/GOLDEN+GYM/data=!4m5!3m4!1s0x3bb14b1fddfe09bf:0x3c1a87c88d434ceb!8m2!3d14.677159!4d77.6048902?authuser=0&hl=en&rclk=1
Smart Gym,Gym,"10, Subash Rd, Adimurthy Nagar, Gulzarpet, Anantapur, Andhra Pradesh 515001, India",https://www.google.co.kr/maps/place/Smart+Gym/data=!4m5!3m4!1s0x3bb14bcf480e067f:0x9234df82b9e6cefe!8m2!3d14.6811499!4d77.5954179?authuser=0&hl=en&rclk=1
Ramakrishna Vyayama mandali,Gym,"Nandyal Bus Stand Rd, Arundhi Nagar, Telugu Peta, Nandyala, Andhra Pradesh 518501, India",https://www.google.co.kr/maps/place/Ramakrishna+Vyayama+mandali/data=!4m5!3m4!1s0x3bb5ad57515264c7:0x16a72030b1fbe67d!8m2!3d15.4907548!4d78.4805001?authuser=0&hl=en&rclk=1
GYM & YOGA,Gym,"Bhyravanagar St, Adarsh Nagar, Anantapur, Andhra Pradesh 515002, India",https://www.google.co.kr/maps/place/GYM+%26+YOGA/data=!4m5!3m4!1s0x3bb14b371f0dba55:0xd2c05bbaac5fd3b3!8m2!3d14.6510225!4d77.6048057?authuser=0&hl=en&rclk=1
Arnold Gym For Ladies And Gents,Gym,"PHX4+433, Ward 20, Nadimpalli, Kadapa, Andhra Pradesh 516360, India",https://www.google.co.kr/maps/place/Arnold+Gym+For+Ladies+And+Gents/data=!4m5!3m4!1s0x3bb478a80c3e730b:0x8d640fc00bd76a1f!8m2!3d14.7477587!4d78.5551781?authuser=0&hl=en&rclk=1
Dynamic Gym,Gym,"Lalitanagar,, J V R Nagar, Nandyala, Andhra Pradesh 518502, India",https://www.google.co.kr/maps/place/Dynamic+Gym/data=!4m5!3m4!1s0x3bb452ba3cbfc0b9:0x9309eb34e9ba4dd2!8m2!3d15.466847!4d78.4915021?authuser=0&hl=en&rclk=1
Pradeep Taekwondo Class Coching,Gym,"tank, 3rd Cross Rd, Aravinda Nagar, Maruthi Nagar, Anantapur, Andhra Pradesh 515001, India",https://www.google.co.kr/maps/place/Pradeep+Taekwondo+Class+Coching/data=!4m5!3m4!1s0x3bb14aefefc6c49f:0x50b2ff4c072a1f8e!8m2!3d14.6680483!4d77.5929981?authuser=0&hl=en&rclk=1
STSN Gym,Gym,"45G3+R6R, STSN Govt. Degree College, Kadiri, Andhra Pradesh 515591, India",https://www.google.co.kr/maps/place/STSN+Gym/data=!4m5!3m4!1s0x3bb3ce544f11d489:0x71f64a7b4c9dc3f8!8m2!3d14.1271157!4d78.153002?authuser=0&hl=en&rclk=1
Arnold Gym Point,Gym,"Zinna Rd, Nadimpalli, Proddatur, Andhra Pradesh 516360, India",https://www.google.co.kr/maps/place/Arnold+Gym+Point/data=!4m5!3m4!1s0x3bb478a83cb0eefd:0x519ce568e114dbb8!8m2!3d14.7456868!4d78.5569141?authuser=0&hl=en&rclk=1
Ranadheer's Fitness Centre,Gym,"MJV2+7CV, Yerranela Kottala, Anantapur, Andhra Pradesh 515001, India",https://www.google.co.kr/maps/place/Ranadheer's+Fitness+Centre/data=!4m5!3m4!1s0x3bb14bfe8e10efd3:0xcaa72a46242b2c21!8m2!3d14.6932311!4d77.6010599?authuser=0&hl=en&rclk=1
Ytr Fitness,Gym,"Pothulanagepalle, Andhra Pradesh 515651, India",https://www.google.co.kr/maps/place/Ytr+Fitness/data=!4m5!3m4!1s0x3bb142bb171c1b37:0xa1ef8d90be16ca7b!8m2!3d14.3509884!4d77.7300264?authuser=0&hl=en&rclk=1
Jaya fit world gym,Gym,"near : bustand, Banaganapalli, Andhra Pradesh 518124, India",https://www.google.co.kr/maps/place/Jaya+fit+world+gym/data=!4m5!3m4!1s0x3bb4372f7a879c55:0x4f21375a9ee061c6!8m2!3d15.3212109!4d78.2202534?authuser=0&hl=en&rclk=1
ACME FITNESS,Gym,"Opposite to SAGAR RESTAURANT. DT., Gandhi Rd, Proddatur, Andhra Pradesh 516360, India",https://www.google.co.kr/maps/place/ACME+FITNESS/data=!4m5!3m4!1s0x3bb478a0e1981e85:0x6b93cd53e2cf97ff!8m2!3d14.7491056!4d78.5473755?authuser=0&hl=en&rclk=1
Fitkit,Fitness center,"Dn.:28/4/616 drivers colony, Anantapur, Andhra Pradesh 515001, India",https://www.google.co.kr/maps/place/Fitkit/data=!4m5!3m4!1s0x3bb14ae39bfffff1:0x68aed34fc0d717e6!8m2!3d14.6672156!4d77.6035202?authuser=0&hl=en&rclk=1
Beats fitness studio C camp,Fitness center,"Arora Nagar Rd, above axis bank, Sri Nagar Colony, Salam Nagar, B Camp, Kurnool, Andhra Pradesh 518001, India",https://www.google.co.kr/maps/place/Beats+fitness+studio+C+camp/data=!4m5!3m4!1s0x3bb5dd1f054463d5:0xb1995a80dc2595c4!8m2!3d15.8052426!4d78.0438728?authuser=0&hl=en&rclk=1
MDR Gym World,Gym,"near new police station, పెద్దపసుపల మోటు, Jammalamadugu, Andhra Pradesh 516434, India",https://www.google.co.kr/maps/place/MDR+Gym+World/data=!4m5!3m4!1s0x3bb4717b5337d527:0xb78d5f13ff269078!8m2!3d14.849359!4d78.3862496?authuser=0&hl=en&rclk=1
Virtu Fitness Studio,Gym,"MDR381, Yerramukkapalli, Kadapa, Andhra Pradesh 516003, India",https://www.google.co.kr/maps/place/Virtu+Fitness+Studio/data=!4m5!3m4!1s0x3bb3735ca0500357:0x55754b45ea021bee!8m2!3d14.4630247!4d78.8239503?authuser=0&hl=en&rclk=1
Fitness Lounge,Gym,"Abdullah Khan Estate Ln, Gandhi Nagar, Kurnool, Andhra Pradesh 518001, India",https://www.google.co.kr/maps/place/Fitness+Lounge/data=!4m5!3m4!1s0x3bb5e75d4c19569d:0xcf26c84b0cc66b29!8m2!3d15.8308715!4d78.0392897?authuser=0&hl=en&rclk=1
SMR Fitness Gym,Gym,"Kadapa - Pulivendula Rd, Vempalli, Andhra Pradesh 516329, India",https://www.google.co.kr/maps/place/SMR+Fitness+Gym/data=!4m5!3m4!1s0x3bb3bde2f5699121:0xb2d566652eed2fa1!8m2!3d14.364512!4d78.4533786?authuser=0&hl=en&rclk=1
Fitness First Gym,Gym,"Ngo Colony Rd, J V R Nagar, Lalitanagar, Nandyala, Andhra Pradesh 518502, India",https://www.google.co.kr/maps/place/Fitness+First+Gym/data=!4m5!3m4!1s0x3bb453f5c062584f:0x51a5fbded878e071!8m2!3d15.4678436!4d78.4897245?authuser=0&hl=en&rclk=1
Orange Fitness Studio,Fitness center,"R2GM+FJ2, Bangar Pet, Kurnool, Andhra Pradesh 518004, India",https://www.google.co.kr/maps/place/Orange+Fitness+Studio/data=!4m5!3m4!1s0x3bb5e73d426a9b5b:0xf242b992d842d6c7!8m2!3d15.8261282!4d78.0340118?authuser=0&hl=en&rclk=1
Fitness Planet for ladies and gents,Gym,"Bangalore - Hyderabad Hwy, near M.R.O.Office, Abbas Nagar, Kallur, Kurnool, Andhra Pradesh 518002, India",https://www.google.co.kr/maps/place/Fitness+Planet+for+ladies+and+gents/data=!4m5!3m4!1s0x3bb5dde9bbc56d41:0xe84d176bb0af971a!8m2!3d15.8028655!4d78.035224?authuser=0&hl=en&rclk=1
LADIES FITNESS GYM,Gym,"R25M+PG6, Krishna Reddy Nagar, Jaya Ram Nagar, Abbas Nagar, New Krishna Nagar, Kurnool, Andhra Pradesh 518002, India",https://www.google.co.kr/maps/place/LADIES+FITNESS+GYM/data=!4m5!3m4!1s0x3bb5dd17fb109a29:0x72d83d4b4d1a5977!8m2!3d15.8092967!4d78.03376?authuser=0&hl=en&rclk=1
Vinod's Steel fitness gym,Gym,"D.no21/77-2, Dwaraka towers,2nd floor,Above kotak Mahindra bank, Andhra Pradesh 516001, India",https://www.google.co.kr/maps/place/Vinod's+Steel+fitness+gym/data=!4m5!3m4!1s0x3bb3730024813e39:0x541381ce70ddb517!8m2!3d14.4774231!4d78.8233312?authuser=0&hl=en&rclk=1
Beats Fitness Studio Kadapa,Gym,"2nd Floor, Railway Station Rd, above axis bank, Kadapa, Andhra Pradesh 516004, India",https://www.google.co.kr/maps/place/Beats+Fitness+Studio+Kadapa/data=!4m5!3m4!1s0x3bb37272d564c82b:0xa98423191c51ba05!8m2!3d14.4615696!4d78.8297434?authuser=0&hl=en&rclk=1
Beats Fitness Studio,Gym,"3rd Floor, TJ Shopping Mall, Kurnool, Andhra Pradesh 518001, India",https://www.google.co.kr/maps/place/Beats+Fitness+Studio/data=!4m5!3m4!1s0x3bb5e75da5ba9df5:0x86fab6b86bd4ba6e!8m2!3d15.8332999!4d78.040359?authuser=0&hl=en&rclk=1
sham's fitness factory (gym),Gym,"L.P.CIRCLE Paradise function hall, Dharmavaram, Andhra Pradesh 515671, India",https://www.google.co.kr/maps/place/sham's+fitness+factory+(gym)/data=!4m5!3m4!1s0x3bb1437824c09ee1:0x85938634e10686f2!8m2!3d14.4130472!4d77.7137708?authuser=0&hl=en&rclk=1
Leo's Gym And Fitness,Gym,"RFHV+C6F, Mukkidipeta, Hindupuram, Andhra Pradesh 515201, India",https://www.google.co.kr/maps/place/Leo's+Gym+And+Fitness/data=!4m5!3m4!1s0x3bb1a3676fb829c5:0xd71ff2ce0a662e07!8m2!3d13.8285582!4d77.4930515?authuser=0&hl=en&rclk=1
Rainbow Fitness Gym,Gym,"shop no 11, balaji complex, Madras Rd, Ganagapeta, Kadapa, Andhra Pradesh 516001, India",https://www.google.co.kr/maps/place/Rainbow+Fitness+Gym/data=!4m5!3m4!1s0x3bb3721c73fb68cf:0xc77a9f5aaa2e10ad!8m2!3d14.4788275!4d78.8230195?authuser=0&hl=en&rclk=1
Galaxy Calisthenics Unisex Gym & Fitness center,Gym,"Old chand talkies, Telugu Geri, Khadak Pura, Kurnool, Andhra Pradesh 518001, India",https://www.google.co.kr/maps/place/Galaxy+Calisthenics+Unisex+Gym+%26+Fitness+center/data=!4m5!3m4!1s0x3bb5e766b2bc1879:0x5d7952b77c411639!8m2!3d15.8313659!4d78.0472736?authuser=0&hl=en&rclk=1
Power Slim Gym,Gym,"Satyanarayana Peta, Mukkidipeta, Hindupuram, Andhra Pradesh 515201, India",https://www.google.co.kr/maps/place/Power+Slim+Gym/data=!4m5!3m4!1s0x3bb1a39e46bdab21:0xf9c3f3f447b3607d!8m2!3d13.8255294!4d77.4892933?authuser=0&hl=en&rclk=1
B3 Fitness Gym,Fitness center,"City union bank upstairs,2nd floor, Co-operative Colony, Kadapa, Andhra Pradesh 516002, India",https://www.google.co.kr/maps/place/B3+Fitness+Gym/data=!4m5!3m4!1s0x3bb3734bfeb023cd:0x64907201c601fd05!8m2!3d14.4738616!4d78.8287919?authuser=0&hl=en&rclk=1
GOLDEN GYM (Ladies & Gent's),Gym,"Gandhi circle, Main Bazar Rd, Hindupuram, Andhra Pradesh 515201, India",https://www.google.co.kr/maps/place/GOLDEN+GYM+(Ladies+%26+Gent's)/data=!4m5!3m4!1s0x3bb1a39f4a1e7cff:0x4c58fcfbecc30925!8m2!3d13.8291764!4d77.4918428?authuser=0&hl=en&rclk=1
Sr Power Gym,Boxing gym,"Ganesh Nagar, Giddalur, Andhra Pradesh 523357, India",https://www.google.co.kr/maps/place/Sr+Power+Gym/data=!4m5!3m4!1s0x3bb4e4285df7a98b:0xe4656e5154180aba!8m2!3d15.377489!4d78.9300649?authuser=0&hl=en&rclk=1
Rajesh Bodypower Gym,Gym,"Gandhi Rd, East Kammapalem, Ongole, Andhra Pradesh 523001, India",https://www.google.co.kr/maps/place/Rajesh+Bodypower+Gym/data=!4m5!3m4!1s0x3a4b010208b77b1f:0xd97ae8fd8ecf0da9!8m2!3d15.5034755!4d80.0531794?authuser=0&hl=en&rclk=1
Future Fitness Gym,Gym,"East Street, Gudur, Andhra Pradesh 524101, India",https://www.google.co.kr/maps/place/Future+Fitness+Gym/data=!4m5!3m4!1s0x3a4ce3935fe2d047:0xb1a3d6662013d740!8m2!3d14.1462916!4d79.8534644?authuser=0&hl=en&rclk=1
Ramakrishna Pg College Grounds,Gym,"29-178-29-k-a-1, Statebank Colony Rd, Municipal Employee Colony, SBI Colony, Nandyala, Andhra Pradesh 518501, India",https://www.google.co.kr/maps/place/Ramakrishna+Pg+College+Grounds/data=!4m5!3m4!1s0x3bb452b13818e15d:0xc9313da4f81f51ed!8m2!3d15.4728418!4d78.4915034?authuser=0&hl=en&rclk=1
RJ Healthy Fitness Gym,Gym,"47/54, Kothapeta Road, Tagore Nagar, Kothapeta Road, Tagore Nagar, Kothapeta, Rayachoty, Andhra Pradesh 516269, India",https://www.google.co.kr/maps/place/RJ+Healthy+Fitness+Gym/data=!4m5!3m4!1s0x3bb3018abe97f599:0x9b8a611183e37d4b!8m2!3d14.0463926!4d78.7465094?authuser=0&hl=en&rclk=1
Hanuman Gym,Gym,"4565+F2G, Cable Control Quarters, Revenue Colony, Kadiri, Andhra Pradesh 515591, India",https://www.google.co.kr/maps/place/Hanuman+Gym/data=!4m5!3m4!1s0x3bb3cef59e106f2f:0x6856a0a54584ec13!8m2!3d14.1111939!4d78.1575644?authuser=0&hl=en&rclk=1
Hunk Fitness Gym,Gym,"FRH5+X6P, Vinayaka Nagar, Kadapa, Andhra Pradesh 516001, India",https://www.google.co.kr/maps/place/Hunk+Fitness+Gym/data=!4m5!3m4!1s0x3bb3739bcbe73d07:0x833bfd861fd9b096!8m2!3d14.4799614!4d78.8080738?authuser=0&hl=en&rclk=1
Gym World,Gym,"Kasai St, Santhi Nagar, Kottur, Nellore, Andhra Pradesh 524004, India",https://www.google.co.kr/maps/place/Gym+World/data=!4m5!3m4!1s0x3a4cf2eeacee907f:0xb67108c0ebe44b38!8m2!3d14.4143655!4d79.9477101?authuser=0&hl=en&rclk=1
N. K FIT INN,Gym,"Near chowtipalli, Penukonda Rd, Madakasira, Andhra Pradesh 515301, India",https://www.google.co.kr/maps/place/N.+K+FIT+INN/data=!4m5!3m4!1s0x3bb1abd7bc6a1c73:0xdc450a3c119839e0!8m2!3d13.9426065!4d77.2819677?authuser=0&hl=en&rclk=1
Rock Gym,Gym,"Underground to Federal bank, Iscon road,, Tirupati, Andhra Pradesh, India",https://www.google.co.kr/maps/place/Rock+Gym/data=!4m5!3m4!1s0x3a4d4afb9b35f6ef:0x5f8571fc4570420e!8m2!3d13.6474295!4d79.4172954?authuser=0&hl=en&rclk=1
SKR KAMBADUR,Gym,"86WJ+23Q, Kambadur, Andhra Pradesh 515765, India",https://www.google.co.kr/maps/place/SKR+KAMBADUR/data=!4m5!3m4!1s0x3bb12197bb8bb1e1:0x9ef3ec9fb2f92697!8m2!3d14.3450975!4d77.2302205?authuser=0&hl=en&rclk=1
wifi fitness,Physical fitness program,"new pet, Chandragiri, Andhra Pradesh 517101, India",https://www.google.co.kr/maps/place/wifi+fitness/data=!4m5!3m4!1s0x3bb2b3d8f975d669:0x7ef78ca90d0291b2!8m2!3d13.5881129!4d79.3155543?authuser=0&hl=en&rclk=1
Indian Gym,Gym,"X89V+V4P, Gangarajupuram, Andhra Pradesh 516101, India",https://www.google.co.kr/maps/place/Indian+Gym/data=!4m5!3m4!1s0x3bb2d48f6474b579:0x797c46e897359a4!8m2!3d13.9697124!4d79.3428422?authuser=0&hl=en&rclk=1
CMR Fitness Studio,Gym,"Beside Great India Hotel, Gowtham Buddha Rd, opp. HP Gas Company, Mangalagiri, Andhra Pradesh 522503, India",https://www.google.co.kr/maps/place/CMR+Fitness+Studio/data=!4m5!3m4!1s0x3a35f155ab9c9635:0x8e20b578a5644093!8m2!3d16.436181!4d80.5665304?authuser=0&hl=en&rclk=1
Beats Fitness Studio -Air Bypass Road,Gym,"Reliance foot prints, 3rd & 4th Floor, Opp, Tirupati, Andhra Pradesh 517501, India",https://www.google.co.kr/maps/place/Beats+Fitness+Studio+-Air+Bypass+Road/data=!4m5!3m4!1s0x3a4d4b65ef98d097:0x3248ba975b300f4c!8m2!3d13.6223058!4d79.4136658?authuser=0&hl=en&rclk=1
Golden Gym,Gym,"Naidu Bazar Rd, Markapur, Andhra Pradesh 523316, India",https://www.google.co.kr/maps/place/Golden+Gym/data=!4m5!3m4!1s0x3bb53199e2215559:0xf46a7400fb3e03e8!8m2!3d15.7396185!4d79.2723021?authuser=0&hl=en&rclk=1
ROCK FITNESS WORLD,Gym,"State Bank of India back side, Bhagat Singh Rd, Lakshmi Nagar, mutyalampadu, Vijayawada, Andhra Pradesh 520011, India",https://www.google.co.kr/maps/place/ROCK+FITNESS+WORLD/data=!4m5!3m4!1s0x3a35e5581317ce87:0xdaefde23ca172cc2!8m2!3d16.5236128!4d80.6384648?authuser=0&hl=en&rclk=1
King Hanuman's Gym,Gym,"SBI Colony Rd, Dasarimatam, Royal Nagar, Tirupati, Andhra Pradesh 517501, India",https://www.google.co.kr/maps/place/King+Hanuman's+Gym/data=!4m5!3m4!1s0x3a4d4b0a24680e63:0x3ccf6c5c62221835!8m2!3d13.6237383!4d79.4235365?authuser=0&hl=en&rclk=1
Slim Life Fitness Studio,Gym,"517507, Annamayya Nagar, Shiv Jyoti Nagar, Tirupati, Andhra Pradesh 517507, India",https://www.google.co.kr/maps/place/Slim+Life+Fitness+Studio/data=!4m5!3m4!1s0x3a4d4a55b7f33b0b:0x2d4dc96431ec1f14!8m2!3d13.6456439!4d79.4275298?authuser=0&hl=en&rclk=1
Prabhas Fitness Center,Rock climbing gym,"near venkateswara temple, Kanigiri, Andhra Pradesh, India",https://www.google.co.kr/maps/place/Prabhas+Fitness+Center/data=!4m5!3m4!1s0x3a4b2ee3d2ce99f7:0x9c81a085568344be!8m2!3d15.409372!4d79.5130412?authuser=0&hl=en&rclk=1
Joshan Gym,Gym,"35QG+66J, Chilakaluripet, Andhra Pradesh 522616, India",https://www.google.co.kr/maps/place/Joshan+Gym/data=!4m5!3m4!1s0x3a4a636f6fafb38f:0xa28a6dd7ea6c864d!8m2!3d16.088092!4d80.1755079?authuser=0&hl=en&rclk=1
Durgas Gym,Gym,"Mylurai Centre, #21-32, NTR Marg, near Y Junction, Gollapudi, Vijayawada, Andhra Pradesh 521225, India",https://www.google.co.kr/maps/place/Durgas+Gym/data=!4m5!3m4!1s0x3a35ee4c24c760fb:0xca868d16d39485c4!8m2!3d16.5411371!4d80.5832112?authuser=0&hl=en&rclk=1
Bodyline Gym,Gym,"KKC COMPLEX, SECOND FLOOR, SHOP NO 227-232, near L.I.C OFFICE, Chirala, Andhra Pradesh 523155, India",https://www.google.co.kr/maps/place/Bodyline+Gym/data=!4m5!3m4!1s0x3a4a4416510c42d9:0x70db9923b9f16ec4!8m2!3d15.8290803!4d80.3525961?authuser=0&hl=en&rclk=1
T7 Fitness,Fitness center,"Ab Twin Towers, Gunadala Center 2nd Floor, Opp Axis Bank, Vijayawada, Andhra Pradesh 520004, India",https://www.google.co.kr/maps/place/T7+Fitness/data=!4m5!3m4!1s0x3a35e55b10cf4825:0x8bced068a80f187!8m2!3d16.5228265!4d80.6631986?authuser=0&hl=en&rclk=1
Amway Products,Gym,"Pileru, Andhra Pradesh 517214, India",https://www.google.co.kr/maps/place/Amway+Products/data=!4m5!3m4!1s0x3bb294b08bbf5913:0x7b523401bae53ad7!8m2!3d13.6556359!4d78.9432133?authuser=0&hl=en&rclk=1
Bheemas Fitness & A/C Gym,Gym,"#41-1-115A, Feeder road, Mantada Vari St, Krishnalanka, Vijayawada, Andhra Pradesh 520013, India",https://www.google.co.kr/maps/place/Bheemas+Fitness+%26+A%2FC+Gym/data=!4m5!3m4!1s0x3a35f189d7def8d1:0xed1357cd7f940f38!8m2!3d16.5067108!4d80.6254951?authuser=0&hl=en&rclk=1
Subbaji Guru Swamy Asharamam,Gym,"QF89+XXQ, Somappa Nagar, Yemmiganur, Andhra Pradesh 518360, India",https://www.google.co.kr/maps/place/Subbaji+Guru+Swamy+Asharamam/data=!4m5!3m4!1s0x3bb6473532785e1b:0xbead43d5dca20d28!8m2!3d15.7674611!4d77.469975?authuser=0&hl=en&rclk=1
Gym Khana,Gym,"4RWV+68M, M.V.Nagar, Gudur, Andhra Pradesh 524101, India",https://www.google.co.kr/maps/place/Gym+Khana/data=!4m5!3m4!1s0x3a4ce3e8d38223b5:0xf842b0af9902c2a6!8m2!3d14.1455905!4d79.8433059?authuser=0&hl=en&rclk=1
GYM World,Gym,"Trunk Rd Nellore, Saraswathi Nagar, Ambedkar Nagar, Nellore, Andhra Pradesh 524003, India",https://www.google.co.kr/maps/place/GYM+World/data=!4m5!3m4!1s0x3a4cf328bf21eeb1:0x3748ca210fbabdf9!8m2!3d14.4341094!4d79.9686821?authuser=0&hl=en&rclk=1
SAAP TENVIC SPORTS ACADEMY,Gym,"JHX4+GCV, Kakkalapalle Rural, Andhra Pradesh 515002, India",https://www.google.co.kr/maps/place/SAAP+TENVIC+SPORTS+ACADEMY/data=!4m5!3m4!1s0x3bb1355241f2acc3:0x4dd09ef8394f7169!8m2!3d14.648855!4d77.556053?authuser=0&hl=en&rclk=1
Extreme Fitness,Gym,"opp. नातुराल्स, Prasanth Nagar, A.V.Naidu Colony, Madanapalle, Andhra Pradesh 517325, India",https://www.google.co.kr/maps/place/Extreme+Fitness/data=!4m5!3m4!1s0x3bb26672e09b113f:0xcf9dffd24045dd41!8m2!3d13.563501!4d78.499444?authuser=0&hl=en&rclk=1
Royal Fitness GYM ..A/C....MEN. . WOMEN &..CHILDREN'S,Gym,"OLD STATE BANK OF INDIA.. SECOND FLOOR NEAR SATYAM GARI HOTEL, Feeder Rd, Krishnalanka, Andhra Pradesh 520013, India",https://www.google.co.kr/maps/place/Royal+Fitness+GYM+..A%2FC....MEN.+.+WOMEN+%26..CHILDREN'S/data=!4m5!3m4!1s0x3a35f003728ecd0f:0xa1994e09e6ba6054!8m2!3d16.5077478!4d80.6236375?authuser=0&hl=en&rclk=1
Anytime Fitness,Gym,"McDonald’s Signal, SuryaPrakash Plaza, Vijayawada, Andhra Pradesh 520008, India",https://www.google.co.kr/maps/place/Anytime+Fitness/data=!4m5!3m4!1s0x3a35fbd391173103:0x91c55cf32c939d6!8m2!3d16.505091!4d80.6618648?authuser=0&hl=en&rclk=1
Pink Fitness - Ladies Gym Tirupathi,Gym,"1, 2nd Floor, Hathiramji Colony, AIR Bypass Rd, Opp. HDFC Bank, Andhra Pradesh 517501, India",https://www.google.co.kr/maps/place/Pink+Fitness+-+Ladies+Gym+Tirupathi/data=!4m5!3m4!1s0x3a4d4bce1be1b885:0x544c6a137796d93e!8m2!3d13.6224252!4d79.4189321?authuser=0&hl=en&rclk=1
Hanuman Gym,Gym,"SH 21, Macherla, Andhra Pradesh 522426, India",https://www.google.co.kr/maps/place/Hanuman+Gym/data=!4m5!3m4!1s0x3a354d9776aef07b:0x375759c34766ae66!8m2!3d16.4755655!4d79.4376567?authuser=0&hl=en&rclk=1
Future Fitness Gym Nellore (ఫ్యూచర్ ఫిట్నెస్ జిమ్),Gym,"Upstair Andra Bank Main, Road, Harinathpuram, Nellore, Andhra Pradesh 524002, India",https://www.google.co.kr/maps/place/Future+Fitness+Gym+Nellore+(%E0%B0%AB%E0%B1%8D%E0%B0%AF%E0%B1%82%E0%B0%9A%E0%B0%B0%E0%B1%8D+%E0%B0%AB%E0%B0%BF%E0%B0%9F%E0%B1%8D%E0%B0%A8%E0%B1%86%E0%B0%B8%E0%B1%8D+%E0%B0%9C%E0%B0%BF%E0%B0%AE%E0%B1%8D)/data=!4m5!3m4!1s0x3a4c8cb6abb9851b:0x316ec1733d597709!8m2!3d14.4414708!4d79.9875145?authuser=0&hl=en&rclk=1
VCUBE FITNESS STUDIO,Gym,"9-156 Ashok Nagar, NH65 Tulasi Nagar National Highway 65 Tulasi Nagar, Ashok Nagar, Vijayawada, Andhra Pradesh 520007, India",https://www.google.co.kr/maps/place/VCUBE+FITNESS+STUDIO/data=!4m5!3m4!1s0x3a35fb1e3ec0d83d:0x28da6a2ab1b4a5ed!8m2!3d16.4873144!4d80.6782159?authuser=0&hl=en&rclk=1
Gold's Gym Vijayawada,Gym,"D.No 40- 1- 146A,2nd Life Style MG Road Brindavan Colony Benz Circle, Labbipet, Vijayawada, Andhra Pradesh 520010, India",https://www.google.co.kr/maps/place/Gold's+Gym+Vijayawada/data=!4m5!3m4!1s0x3a35faba9260cceb:0xd5840ed93a895900!8m2!3d16.4998177!4d80.6455486?authuser=0&hl=en&rclk=1
kondaiah C M C residency,Gym,"vikuntapuam, Gandhi nagar, Chirala, Andhra Pradesh 523155, India",https://www.google.co.kr/maps/place/kondaiah+C+M+C+residency/data=!4m5!3m4!1s0x3a4a4416b25f1149:0xc4790fa40e6358d4!8m2!3d15.8305944!4d80.3499578?authuser=0&hl=en&rclk=1
Beats Fitness Studio,Fitness center,"ORM Fantasy, 1st & 2nd Floor, Hare Krishna Rd, Near Iscon Temple, Vinayaka Nagar, Tirupati, Andhra Pradesh 517507, India",https://www.google.co.kr/maps/place/Beats+Fitness+Studio/data=!4m5!3m4!1s0x3a4d4afb70276691:0x686219823fc95f34!8m2!3d13.6477597!4d79.4159114?authuser=0&hl=en&rclk=1
MASK Fitness Zone,Gym,"6a, Akkarampalli Rd, bvn grand hotel Mangalam, Mangalam, Tirupati, Andhra Pradesh 517501, India",https://www.google.co.kr/maps/place/MASK+Fitness+Zone/data=!4m5!3m4!1s0x3a4d4b49f45e09df:0x7b10011c85972dd0!8m2!3d13.6525886!4d79.4587029?authuser=0&hl=en&rclk=1
Friends universel Gym,Gym,"Addanki - Narasarao Pet Rd, Chakrayapalem, Andhra Pradesh 523247, India",https://www.google.co.kr/maps/place/Friends+universel+Gym/data=!4m5!3m4!1s0x3a4ac3efecb8dda1:0x7d30eb613ded0f1f!8m2!3d15.77315!4d79.6843425?authuser=0&hl=en&rclk=1
Ghattamaneni Harsha,Gym,"Pudipatla,, Mallavaram, Pudipatla, Andhra Pradesh 517505, India",https://www.google.co.kr/maps/place/Ghattamaneni+Harsha/data=!4m5!3m4!1s0x3bb2b4851d93871b:0x5baedf3a4dd9263!8m2!3d13.6008465!4d79.3446946?authuser=0&hl=en&rclk=1
Friends Gym,Gym,"Sattenapalli Main Rd, Sattenapalle, Andhra Pradesh 522403, India",https://www.google.co.kr/maps/place/Friends+Gym/data=!4m5!3m4!1s0x3a35817cffafcf0f:0x95ae5b91564017f4!8m2!3d16.3943281!4d80.1514006?authuser=0&hl=en&rclk=1
Gym World,Gym,"Current Office Centre To BV Nagar, Rithwik Enclave, Vedayapalem, Nellore, Andhra Pradesh 524004, India",https://www.google.co.kr/maps/place/Gym+World/data=!4m5!3m4!1s0x3a4cf2e102ea57b3:0x8842f8c2430008f7!8m2!3d14.4177936!4d79.960616?authuser=0&hl=en&rclk=1
S. R.. PHYSICAL FYTNESS,Gym,"WV5X+67P, Naidupeta, Andhra Pradesh 524126, India",https://www.google.co.kr/maps/place/S.+R..+PHYSICAL+FYTNESS/data=!4m5!3m4!1s0x3a4d1bd944721865:0xb0110de2c6ae0422!8m2!3d13.9080827!4d79.8982054?authuser=0&hl=en&rclk=1
Universal Gym,Gym,"2nd floor, Puvvadi Sivakanth Complex, Kanigiri Rd, Opp. Bus depot, Kota Reddy Nagar, Kandukur, Andhra Pradesh 523105, India",https://www.google.co.kr/maps/place/Universal+Gym/data=!4m5!3m4!1s0x3a4b128c579f1a1b:0x5623f41a74bd05ea!8m2!3d15.2173487!4d79.8998389?authuser=0&hl=en&rclk=1
Life Long Fitness,Gym,"#15-161,1st Floor, Venkatam Arcade, Tumula Center, Vijayawada Rd, Poranki, Vijayawada, Andhra Pradesh 521137, India",https://www.google.co.kr/maps/place/Life+Long+Fitness/data=!4m5!3m4!1s0x3a35fb73b07b09dd:0x8033a49186801180!8m2!3d16.4772219!4d80.7028735?authuser=0&hl=en&rclk=1
Slim Life Gym,Gym,"SBI Colony, Royal Nagar, Tirupati, Andhra Pradesh 517501, India",https://www.google.co.kr/maps/place/Slim+Life+Gym/data=!4m5!3m4!1s0x3a4d4b0c3c1fea49:0xc574d313920e2aa6!8m2!3d13.6228423!4d79.4180739?authuser=0&hl=en&rclk=1
Indian Gym & Fitness Centre,Gymnastics center,"artham.mani@gmail.com, India",https://www.google.co.kr/maps/place/Indian+Gym+%26+Fitness+Centre/data=!4m5!3m4!1s0x3bca6b5f84b62c9b:0x5c0727d3c80c9d56!8m2!3d16.4890208!4d78.3135382?authuser=0&hl=en&rclk=1
Eagle Fitness & Gym,Gym,"21-1-49/A, Sriram Nagar, Beside 2 Maddimanulu, Akkarampalle Main Road, Tirupati, Andhra Pradesh 517507, India",https://www.google.co.kr/maps/place/Eagle+Fitness+%26+Gym/data=!4m5!3m4!1s0x3a4d4a5316736007:0x9670e7567f34bc17!8m2!3d13.6432077!4d79.4327848?authuser=0&hl=en&rclk=1
VIVA FITNESS GYM,Gym,"Palnadu Road,Bishop Building, beside Vennela Netralayam, Vinukonda, Andhra Pradesh 522647, India",https://www.google.co.kr/maps/place/VIVA+FITNESS+GYM/data=!4m5!3m4!1s0x3a4a97251f0c7d2f:0xb54ec050017c83a5!8m2!3d16.0518679!4d79.7399993?authuser=0&hl=en&rclk=1
Beats Fitness Studio women(Exclusively for Women),Gym,"1-3-100, 1st floor, above Andhra Bank, Balaji Nagar, Tirupati, Andhra Pradesh 517501, India",https://www.google.co.kr/maps/place/Beats+Fitness+Studio+women(Exclusively+for+Women)/data=!4m5!3m4!1s0x3a4d4be4c36c3ab7:0xc79309bab999d022!8m2!3d13.6297467!4d79.4076407?authuser=0&hl=en&rclk=1
SMART LIFE Fitness,Gym,"13, 2, Arundelpet, Guntur, Andhra Pradesh 522002, India",https://www.google.co.kr/maps/place/SMART+LIFE+Fitness/data=!4m5!3m4!1s0x3a4a759fbc517c05:0x78714663d9f57df5!8m2!3d16.306303!4d80.4391805?authuser=0&hl=en&rclk=1
Viswa Fitness Center,Gym,"CXPG+F6J, Lecturer's Colony, Magunta Layout, Nellore, Andhra Pradesh 524003, India",https://www.google.co.kr/maps/place/Viswa+Fitness+Center/data=!4m5!3m4!1s0x3a4cf36b0e3a1493:0x352eb95a04f79f8e!8m2!3d14.4362185!4d79.97552?authuser=0&hl=en&rclk=1
RB GYM&FITNESS CENTRE A/C,Gym,"4th floor, Above spring board school, AIR Bypass Rd, opp. to Nilgiris, Tirupati, Andhra Pradesh 517502, India",https://www.google.co.kr/maps/place/RB+GYM%26FITNESS+CENTRE+A%2FC/data=!4m5!3m4!1s0x3a4d4b3acf638671:0xcfffb207d9aba528!8m2!3d13.6224225!4d79.4111783?authuser=0&hl=en&rclk=1
U-FIT FITNESS,Gym,"BRTS Rd, Gandhi Nagar, Vijayawada, Andhra Pradesh 520011, India",https://www.google.co.kr/maps/place/U-FIT+FITNESS/data=!4m5!3m4!1s0x3a35f11ef229d753:0x1e0f2ef4e5686a9f!8m2!3d16.5202314!4d80.6299664?authuser=0&hl=en&rclk=1
Powerfit Gym,Gym,"mm road highway signals SBI building 3rd floor, Andhra Pradesh 523002, India",https://www.google.co.kr/maps/place/Powerfit+Gym/data=!4m5!3m4!1s0x3a4b03d400000001:0x70a21a8a93f52c92!8m2!3d15.502005!4d80.0031833?authuser=0&hl=en&rclk=1
Gym Center,Gym,"3XFQ+X35, Chintalapudi, Andhra Pradesh 534460, India",https://www.google.co.kr/maps/place/Gym+Center/data=!4m5!3m4!1s0x3a3662b2d7750b45:0xc0b9d315e45421db!8m2!3d17.0749!4d80.9877214?authuser=0&hl=en&rclk=1
X Fitness GYM,Gym,"Shop No. 3, 4, Narayana Residency, Near Samatha Nagar, Kurnool Rd, Ongole, Andhra Pradesh 523002, India",https://www.google.co.kr/maps/place/X+Fitness+GYM/data=!4m5!3m4!1s0x3a4b01fb301e19d3:0x7a3fef287ae73aa5!8m2!3d15.518951!4d80.029572?authuser=0&hl=en&rclk=1
Sapiens Fitness,Gym,"Service Road, Bharathi Nagar, Vijayawada, Andhra Pradesh 520008, India",https://www.google.co.kr/maps/place/Sapiens+Fitness/data=!4m5!3m4!1s0x3a35fbfe49c69157:0x2f0b37c2618b62f7!8m2!3d16.5076234!4d80.664076?authuser=0&hl=en&rclk=1
KG Gym,Gym,"pichatur, Pichatur, Andhra Pradesh 517587, India",https://www.google.co.kr/maps/place/KG+Gym/data=!4m5!3m4!1s0x3a4d5fe03d11d593:0x1ee49a4fcb63ec3d!8m2!3d13.3923015!4d79.7288797?authuser=0&hl=en&rclk=1
Snap Fitness,Gym,"40, 2nd Kalanikethan Complex 5-87, 3, Lakshmipuram Main Rd, Lakshmipuram, Guntur, Andhra Pradesh 522006, India",https://www.google.co.kr/maps/place/Snap+Fitness/data=!4m5!3m4!1s0x3a4a7563f2ba4b5b:0x4c5106a87e02353a!8m2!3d16.3118208!4d80.4256476?authuser=0&hl=en&rclk=1
R Fitness GYM,Gym,"Dhanalakshmipuram, 4th Mile, Nellore, Andhra Pradesh 524002, India",https://www.google.co.kr/maps/place/R+Fitness+GYM/data=!4m5!3m4!1s0x3a4cf5554bace735:0x4dc2f29ace4ea85e!8m2!3d14.4034078!4d80.0209676?authuser=0&hl=en&rclk=1
Amway Product's shop Madanapalli,Gym,"Madanapalle Old Bypass Rd, Chowdeswarinagar, N G Palli, Madanapalle, Andhra Pradesh 517325, India",https://www.google.co.kr/maps/place/Amway+Product's+shop+Madanapalli/data=!4m5!3m4!1s0x3bb266694b01fe5f:0xb970a345431b1328!8m2!3d13.5719503!4d78.5048487?authuser=0&hl=en&rclk=1
Xpress Fitness GYM,Gym,"Gupthas Square, Sixty Feet Rd, Venkateswara Nagar, Ongole, Andhra Pradesh 523001, India",https://www.google.co.kr/maps/place/Xpress+Fitness+GYM/data=!4m5!3m4!1s0x3a4b01a8811d5f23:0xfd54afe42826ef72!8m2!3d15.5126888!4d80.0425246?authuser=0&hl=en&rclk=1
NEW MODERN GYM,Gym,"4/341, Main Rd, Sainagar, Rajampet, Andhra Pradesh 516115, India",https://www.google.co.kr/maps/place/NEW+MODERN+GYM/data=!4m5!3m4!1s0x3bb325ddcc23cdf1:0x5347df64b7805ba0!8m2!3d14.1977475!4d79.1592986?authuser=0&hl=en&rclk=1
M-B-L GYM,Gym,"Ajit Singh Nagar, PNT Colony, Vijayawada, Andhra Pradesh 520015, India",https://www.google.co.kr/maps/place/M-B-L+GYM/data=!4m5!3m4!1s0x3a35e599ee4f472f:0xfd3f900c1e12255b!8m2!3d16.5436265!4d80.6444949?authuser=0&hl=en&rclk=1
modern gym,Gym,"Eguvagadda street, Sainagar, Rajampet, Andhra Pradesh 516115, India",https://www.google.co.kr/maps/place/modern+gym/data=!4m5!3m4!1s0x3bb3251de053fffd:0x1e1903c0b7a25c5f!8m2!3d14.1956709!4d79.1561101?authuser=0&hl=en&rclk=1
RS Fitness World,Gym,"Ethamukkala, Andhra Pradesh 523280, India",https://www.google.co.kr/maps/place/RS+Fitness+World/data=!4m5!3m4!1s0x3a4ba80b88fd3dff:0x89fc28e714910cb1!8m2!3d15.3743837!4d80.11357?authuser=0&hl=en&rclk=1
Oasis International Gym,Gym,"SGS College Rd, laxmipuram circle, STV Nagar, Tirupati, Andhra Pradesh 517501, India",https://www.google.co.kr/maps/place/Oasis+International+Gym/data=!4m5!3m4!1s0x3a4d4ba1b3b8c0f3:0x88589699f56d026d!8m2!3d13.6204327!4d79.4284083?authuser=0&hl=en&rclk=1
Derive Fitness Gym,Gym,"Housing Board Colony, Vijayawada, Andhra Pradesh 520012, India",https://www.google.co.kr/maps/place/Derive+Fitness+Gym/data=!4m5!3m4!1s0x3a35efa7331c0103:0x4cdfea23ec6997a0!8m2!3d16.5311845!4d80.5964427?authuser=0&hl=en&rclk=1
Herbalife nutrition (nutrition and fitness center),Fitness center,"Live healthy(Nutrition and fitness centre, above state of India, branch, Old Guntur, Guntur, Andhra Pradesh 522001, India",https://www.google.co.kr/maps/place/Herbalife+nutrition+(nutrition+and+fitness+center)/data=!4m5!3m4!1s0x3a358b1e6513ad31:0xe35f255888dc364!8m2!3d16.3372416!4d80.4371594?authuser=0&hl=en&rclk=1
Smart Fitness Gym,Gym,"MC65+J84, Chittoor, Andhra Pradesh 517425, India",https://www.google.co.kr/maps/place/Smart+Fitness+Gym/data=!4m5!3m4!1s0x3badb16a6a8c4ef3:0xcf7e88eb8fc39cf3!8m2!3d12.6615014!4d78.4083208?authuser=0&hl=en&rclk=1
gym,Gym,"FCGP+884, Macherla, Andhra Pradesh 522426, India",https://www.google.co.kr/maps/place/gym/data=!4m5!3m4!1s0x3a354d99cd36c343:0x70180bfa46350d20!8m2!3d16.4757738!4d79.4358234?authuser=0&hl=en&rclk=1
Vasavi Gym,Gym,"near Rao Bhahadur meda, Guntur, Andhra Pradesh 522003, India",https://www.google.co.kr/maps/place/Vasavi+Gym/data=!4m5!3m4!1s0x3a4a7530a4d6b367:0x429f6773111b51fc!8m2!3d16.287657!4d80.4444477?authuser=0&hl=en&rclk=1
Gravite Fitness,Gym,"Housing Board Colony, Vijayawada, Andhra Pradesh 520012, India",https://www.google.co.kr/maps/place/Gravite+Fitness/data=!4m5!3m4!1s0x3a35efc93a491e0b:0xf0f1646d18109bb0!8m2!3d16.5293823!4d80.5956699?authuser=0&hl=en&rclk=1
Reva Fitness centre,Gym,"indira arcade, 4 th floor, opp ntr health university, Mahanadu Rd, Vijayawada, Andhra Pradesh 520008, India",https://www.google.co.kr/maps/place/Reva+Fitness+centre/data=!4m5!3m4!1s0x3a35e50a2228691f:0xdcdd21e0b1c4a5dc!8m2!3d16.5145245!4d80.6699623?authuser=0&hl=en&rclk=1
Anantapur Sports Academy,Non-profit organization,"Anantapur Sports Village, RDT Campus 3, Bangalore Highway, Anantapur, Andhra Pradesh 515002, India",https://www.google.co.kr/maps/place/Anantapur+Sports+Academy/data=!4m5!3m4!1s0x3bb14bba7838cc0b:0x8b93807603bee43!8m2!3d14.6382596!4d77.6198566?authuser=0&hl=en&rclk=1
Gym World,Muay Thai boxing gym,"CXXR+R77, Ramji Nagar, Nellore, Andhra Pradesh 524002, India",https://www.google.co.kr/maps/place/Gym+World/data=!4m5!3m4!1s0x3a4c8cb415736d43:0x42b3a0c6ff493f9c!8m2!3d14.4495367!4d79.9906809?authuser=0&hl=en&rclk=1
Talwalkars,Gym,"D. No. 23/917, 23/903, 4th Floor, Aditi Crystal, Above ICICI Bank,, near Madras Bus Stand, Nellore, Andhra Pradesh 524001, India",https://www.google.co.kr/maps/place/Talwalkars/data=!4m5!3m4!1s0x3a4c8ccc9f46dd53:0x965d60010a5bac7d!8m2!3d14.446172!4d79.9805103?authuser=0&hl=en&rclk=1
Power House gym & fitness center,Gym,"State Bank Rd, Gannavaram, Andhra Pradesh 521101, India",https://www.google.co.kr/maps/place/Power+House+gym+%26+fitness+center/data=!4m5!3m4!1s0x3a35e36d5f93262b:0x3ac3a87c8679a015!8m2!3d16.5395023!4d80.8056131?authuser=0&hl=en&rclk=1
Om nammah shivaya,Gym,"Chitvel - Pullampeta Rd, near State Bank Of India, Pullampet, Andhra Pradesh 516107, India",https://www.google.co.kr/maps/place/Om+nammah+shivaya/data=!4m5!3m4!1s0x3bb3292a498a05c5:0x3274d7fefcf15b25!8m2!3d14.1248285!4d79.2107007?authuser=0&hl=en&rclk=1
Victory Fitness Gym,Gym,"Near Vegetable Market, opp. Hanuman Function Hall, Main Bazar, Eluru, Andhra Pradesh 534001, India",https://www.google.co.kr/maps/place/Victory+Fitness+Gym/data=!4m5!3m4!1s0x3a3614daa467ee85:0x5e96a8db32f068af!8m2!3d16.7082724!4d81.1095261?authuser=0&hl=en&rclk=1
Ambedkar Gym Centre,Gym,"chirala.behind vegetable market and beside herohonda, India",https://www.google.co.kr/maps/place/Ambedkar+Gym+Centre/data=!4m5!3m4!1s0x3a4a457e34ee2531:0x20027ff51ca5778c!8m2!3d15.8251311!4d80.3552156?authuser=0&hl=en&rclk=1
Lotus Fitness Center,Gym,"2E, 1E, 2nd Floor, Anand Hights Commercial Complex, Near, Lotus Landmark, Kederasi Pet, Vijayawada, Andhra Pradesh 520003, India",https://www.google.co.kr/maps/place/Lotus+Fitness+Center/data=!4m5!3m4!1s0x3a35eff6cfbf0b0d:0xb4e95627faa54069!8m2!3d16.524812!4d80.6308448?authuser=0&hl=en&rclk=1
Virtu fitness guntur,Fitness center,"4th floor 5&6, above union bank, Chandramouli Nagar, Guntur, Andhra Pradesh 522002, India",https://www.google.co.kr/maps/place/Virtu+fitness+guntur/data=!4m5!3m4!1s0x3a4a754f675bf41b:0x1b885c5850d89902!8m2!3d16.3151919!4d80.4266649?authuser=0&hl=en&rclk=1
F45 Training Vijayawada,Gym,"5th Floor, Bharathi Towers, NH 16 Service Road, Srinagar Colony, Above Musaddilal Jewellery, Vijayawada, Andhra Pradesh 520008, India",https://www.google.co.kr/maps/place/F45+Training+Vijayawada/data=!4m5!3m4!1s0x3a35facde05c50dd:0x3c57f40256ca1ce2!8m2!3d16.5079832!4d80.6643989?authuser=0&hl=en&rclk=1
"Matam, Sivalayam",Gym,"Damaramadugu,Matham, India","https://www.google.co.kr/maps/place/Matam,+Sivalayam/data=!4m5!3m4!1s0x3a4c8d8afae0dabb:0xe647561c28c520c4!8m2!3d14.5089196!4d79.9215529?authuser=0&hl=en&rclk=1"
Grace Guest inn and Gym,Gym,"Fly Over, Co-Operative Colony, Christian Peta, Kavali, Andhra Pradesh 524201, India",https://www.google.co.kr/maps/place/Grace+Guest+inn+and+Gym/data=!4m5!3m4!1s0x3a4b7bf370585aa1:0xa26090af77118121!8m2!3d14.912593!4d79.9886637?authuser=0&hl=en&rclk=1
Friends Gym,Gym,"Gabbiti vari veedhi, Chilakaluripet, Andhra Pradesh 522616, India",https://www.google.co.kr/maps/place/Friends+Gym/data=!4m5!3m4!1s0x3a4a6314b2fccab7:0x5d3b8c8eb296554d!8m2!3d16.0905659!4d80.1675347?authuser=0&hl=en&rclk=1
STARS⭐GYM💪,Gym,"Building, 3-273/2 Vijaya bank, KL University Rd, near Aravinda Hidh School, Kunchanapalli, Andhra Pradesh 522501, India",https://www.google.co.kr/maps/place/STARS%E2%AD%90GYM%F0%9F%92%AA/data=!4m5!3m4!1s0x3a35f060d4034427:0xee4a255751240ec1!8m2!3d16.4703029!4d80.6130616?authuser=0&hl=en&rclk=1
Devansh Sai Alluri's,Gym,"2P6J+XXW, Kovvur, Andhra Pradesh 534350, India",https://www.google.co.kr/maps/place/Devansh+Sai+Alluri's/data=!4m5!3m4!1s0x3a37a57935d279d3:0x806f03dfebcf6262!8m2!3d17.0124991!4d81.7324644?authuser=0&hl=en&rclk=1
Golden Fitness Gym,Gym,"40-27-7, Polyclinic Rd, Municipal Employees Colony, Siddhartha Nagar, Benz Circle, Vijayawada, Andhra Pradesh 520010, India",https://www.google.co.kr/maps/place/Golden+Fitness+Gym/data=!4m5!3m4!1s0x3a35fab771937295:0x5e0178dab9bdc0ef!8m2!3d16.502893!4d80.651485?authuser=0&hl=en&rclk=1
Amway Products Shoppe,Gym,"Vaikuntapuram Rd, SK Nagar, Balijagadda, Tirupati, Andhra Pradesh 517501, India",https://www.google.co.kr/maps/place/Amway+Products+Shoppe/data=!4m5!3m4!1s0x3a4d4b72f43dc81f:0xadd8edb6c3c9de3b!8m2!3d13.6155063!4d79.4158198?authuser=0&hl=en&rclk=1
Good Life Body Fitness Centre,Gym,"10/116-2, opp. West Church, Larken, above Tirupati, Maruthi Nagar, Tirupati, Andhra Pradesh 517501, India",https://www.google.co.kr/maps/place/Good+Life+Body+Fitness+Centre/data=!4m5!3m4!1s0x3a4d4b110fffff8b:0x9911b4c44d83563d!8m2!3d13.6256823!4d79.4099984?authuser=0&hl=en&rclk=1
AR FITNESS CENTER,Gym,"near raavichatu center upstairs Bank of Baroda, Lalapet, Tadikonda, Andhra Pradesh 522001, India",https://www.google.co.kr/maps/place/AR+FITNESS+CENTER/data=!4m5!3m4!1s0x3a4a75c74ee3a8a1:0x35df358895b7796e!8m2!3d16.2917933!4d80.4484489?authuser=0&hl=en&rclk=1
Jiggling Fitness World,Fitness center,"40-6/1-12A, Jetking Opposite Income Tax Office, near siddartha Public School, Moghalrajpuram, Sidhartha Nagar, Labbipet, Vijayawada, Andhra Pradesh 520010, India",https://www.google.co.kr/maps/place/Jiggling+Fitness+World/data=!4m5!3m4!1s0x3a35fab102224dbf:0xa72d0e5b79448c7d!8m2!3d16.504746!4d80.6469849?authuser=0&hl=en&rclk=1
Everyday Fitness,Gym,"Podalakur Road, Nellore, Andhra Pradesh 524004, India",https://www.google.co.kr/maps/place/Everyday+Fitness/data=!4m5!3m4!1s0x3a4cf2e8c6513919:0xcde444ef8867a46b!8m2!3d14.4155007!4d79.9512434?authuser=0&hl=en&rclk=1
Erumani fitness academy,Fitness center,"Nidragatte, Andhra Pradesh 515286, India",https://www.google.co.kr/maps/place/Erumani+fitness+academy/data=!4m5!3m4!1s0x3bb0f158ee3e10a7:0x910e2cdabf8c0442!8m2!3d14.0396946!4d76.9605191?authuser=0&hl=en&rclk=1
Active Life Gym,Gym,"Netaji Nagar 1st Line, Ponnur, Andhra Pradesh 522124, India",https://www.google.co.kr/maps/place/Active+Life+Gym/data=!4m5!3m4!1s0x3a4a115d83e49597:0x53d3446cf4d2bd97!8m2!3d16.0659179!4d80.5519314?authuser=0&hl=en&rclk=1
R Y B FITNESS STUDIO,Gymnasium Cz,"NH16, Ramanagar, Nidamanuru, Vijayawada, Andhra Pradesh 521104, India",https://www.google.co.kr/maps/place/R+Y+B+FITNESS+STUDIO/data=!4m5!3m4!1s0x3a35fbdbcc36d605:0x9720991cbd7f1e60!8m2!3d16.5113893!4d80.7167244?authuser=0&hl=en&rclk=1
MASTERS YOGA-SPORTS-FITNESS ACADEMY (MYSFA) (Centre for Yoga-Sports-Fitness Training and Research),Yoga studio,"M.V.Narayanapuram, 1st Line, Opp. C.R.Colony 1st Line, Chilakaluripet, Andhra Pradesh 522616, India",https://www.google.co.kr/maps/place/MASTERS+YOGA-SPORTS-FITNESS+ACADEMY+(MYSFA)+(Centre+for+Yoga-Sports-Fitness+Training+and+Research)/data=!4m5!3m4!1s0x3a4a639f89879d5f:0x255ccc3aa052427a!8m2!3d16.096472!4d80.170444?authuser=0&hl=en&rclk=1
Zim,Gym,"62JW+F22, Prakash Nagar, Narasaraopeta, Andhra Pradesh 522601, India",https://www.google.co.kr/maps/place/Zim/data=!4m5!3m4!1s0x3a4a81185f40f557:0x6b072271411c2ef7!8m2!3d16.2311376!4d80.0450278?authuser=0&hl=en&rclk=1
Rocks Gym,Gym,"A T Agraharam Road, 8th Ln, Guntur, Andhra Pradesh 522004, India",https://www.google.co.kr/maps/place/Rocks+Gym/data=!4m5!3m4!1s0x3a4a756c4f6a6b91:0x326313ad777c9caa!8m2!3d16.2974909!4d80.4249923?authuser=0&hl=en&rclk=1
Expert sports gym equipment s,Gym,"Telaprolu, Andhra Pradesh 522211, India",https://www.google.co.kr/maps/place/Expert+sports+gym+equipment+s/data=!4m5!3m4!1s0x3a4a0f3d61252ee9:0xa7b6f805f97c917a!8m2!3d16.2148294!4d80.6082557?authuser=0&hl=en&rclk=1
Chisel Fitness Centre,Gym,"2-1-46, Opp. E-seva, Sri Rangarayanim Residency, Kakinada, Andhra Pradesh 533003, India",https://www.google.co.kr/maps/place/Chisel+Fitness+Centre/data=!4m5!3m4!1s0x3a38286b2e4d6dc1:0x4250c6010fbccf41!8m2!3d16.9734137!4d82.2371?authuser=0&hl=en&rclk=1
Track & Trail (Smart Life),Gym,"Lawyer Pet Extension, Ongole, Andhra Pradesh 523001, India",https://www.google.co.kr/maps/place/Track+%26+Trail+(Smart+Life)/data=!4m5!3m4!1s0x3a4b019465c20db1:0x28ccb237a8dd4cc5!8m2!3d15.5065254!4d80.0318126?authuser=0&hl=en&rclk=1
Indoor Games & Gym,Gym,"GFWW+47R, Tammi Raju Nagar, Bhimavaram, Andhra Pradesh 534204, India",https://www.google.co.kr/maps/place/Indoor+Games+%26+Gym/data=!4m5!3m4!1s0x3a362d5e424113b1:0x7a512768364e16a1!8m2!3d16.5453561!4d81.4956433?authuser=0&hl=en&rclk=1
LAST RESORT - INDIA,Yoga studio,"FPG8+6G4, Sitapuram Colony, Poranki, Vijayawada, Andhra Pradesh 521137, India",https://www.google.co.kr/maps/place/LAST+RESORT+-+INDIA/data=!4m5!3m4!1s0x3a35fb796789b01f:0xeeb78f947bac5e69!8m2!3d16.4755103!4d80.7163358?authuser=0&hl=en&rclk=1
Sai's Big Boyz,Gym,"1, Guntur - Prathipadu Rd, Prathipadu, Andhra Pradesh 522019, India",https://www.google.co.kr/maps/place/Sai's+Big+Boyz/data=!4m5!3m4!1s0x3a4a710e662c0f91:0x6671aa1fbe243a7d!8m2!3d16.1825485!4d80.3368217?authuser=0&hl=en&rclk=1
AG and SG Gym,Gym,"9R6R+H83, Vuyyuru, Andhra Pradesh 521165, India",https://www.google.co.kr/maps/place/AG+and+SG+Gym/data=!4m5!3m4!1s0x3a360047ab74d0bb:0x9b1bd90a04ede051!8m2!3d16.3613975!4d80.8408109?authuser=0&hl=en&rclk=1
Sky fitness Gym,Fitness center,"FRUIT MARKET, Lalapet, Guntur, Andhra Pradesh 522003, India",https://www.google.co.kr/maps/place/Sky+fitness+Gym/data=!4m5!3m4!1s0x3a4a75ff8628186b:0x93a53b2f7ccc4ef8!8m2!3d16.2906646!4d80.4473027?authuser=0&hl=en&rclk=1
Burakayalakota Cricket Grounds,Gym,"P8HX+X6H, Chittoor, Andhra Pradesh 517351, India",https://www.google.co.kr/maps/place/Burakayalakota+Cricket+Grounds/data=!4m5!3m4!1s0x3bb246d2cdd0cc3b:0x6b1a591c5ab217aa!8m2!3d13.7299475!4d78.3480945?authuser=0&hl=en&rclk=1
Rafi Brothers,Gym,"55P3+G47, Rajampet, Andhra Pradesh 516115, India",https://www.google.co.kr/maps/place/Rafi+Brothers/data=!4m5!3m4!1s0x3bb324fdbabc1c63:0xe3cdb1b7a26bb0fb!8m2!3d14.1862929!4d79.1528017?authuser=0&hl=en&rclk=1
"Carroms, Table Tennis And Gym",Gym,"Bapatla Engineering College, Malleswari, Bapatla, Andhra Pradesh 522102, India","https://www.google.co.kr/maps/place/Carroms,+Table+Tennis+And+Gym/data=!4m5!3m4!1s0x3a4a408efa71eda3:0x5bd384f783808de9!8m2!3d15.8901121!4d80.4398051?authuser=0&hl=en&rclk=1"
sky gym and fitness,Fitness center,"Kothuru, Kamavarapu Kota, Andhra Pradesh 534449, India",https://www.google.co.kr/maps/place/sky+gym+and+fitness/data=!4m5!3m4!1s0x3a365f633440c9e1:0x6ef3379d4b432207!8m2!3d17.0128141!4d81.2058467?authuser=0&hl=en&rclk=1
HULK FITNESS AND NUTRITION,Fitness center,"Opposite 3 town police station, Tenali, Andhra Pradesh 522201, India",https://www.google.co.kr/maps/place/HULK+FITNESS+AND+NUTRITION/data=!4m5!3m4!1s0x3a4a07e73d1691d3:0xb9a40bbc9de3630e!8m2!3d16.2383637!4d80.6428723?authuser=0&hl=en&rclk=1
Amway Product's shop Nellore,Gym,"Mini Bypass Rd, Srinivasa Agraharam, Ramamurthy Nagar, Nellore, Andhra Pradesh 524001, India",https://www.google.co.kr/maps/place/Amway+Product's+shop+Nellore/data=!4m5!3m4!1s0x3a4c8cb5cdde80ad:0x8749bad9d0c4db39!8m2!3d14.4499255!4d79.9888744?authuser=0&hl=en&rclk=1
Dri Gayathru Uchitha Yoga Shikshana Kendramu,Yoga studio,"Opp: Sri Ram, Bcuary Road, Kurnool, Andhra Pradesh 518004, India",https://www.google.co.kr/maps/place/Dri+Gayathru+Uchitha+Yoga+Shikshana+Kendramu/data=!4m5!3m4!1s0x3bb5e758df15aedf:0xe3173e3e204c49bf!8m2!3d15.827622!4d78.035493?authuser=0&hl=en&rclk=1
KiladiGang Harsha,Gym,"V3RV+J94, Jaggaiahpet, Andhra Pradesh 521175, India",https://www.google.co.kr/maps/place/KiladiGang+Harsha/data=!4m5!3m4!1s0x3a350789385dd189:0x859180116f15879!8m2!3d16.891506!4d80.0934501?authuser=0&hl=en&rclk=1
Cross road fitness,Fitness center,"Vyshnavi complex Bank of India Karur vysa bank, Buchirajupalem, Visakhapatnam, Andhra Pradesh 530027, India",https://www.google.co.kr/maps/place/Cross+road+fitness/data=!4m5!3m4!1s0x3a3967e04b93d58b:0x9a3e83aa4fa093af!8m2!3d17.7436986!4d83.231635?authuser=0&hl=en&rclk=1
Vikram Gym,Gym,"Ramanaidupet, Machilipatnam, Andhra Pradesh 521001, India",https://www.google.co.kr/maps/place/Vikram+Gym/data=!4m5!3m4!1s0x3a49e7c0b5c33cab:0xc54c5ea73e746b6c!8m2!3d16.1838239!4d81.1363473?authuser=0&hl=en&rclk=1
RK Fitness,Fitness center,"D.No.21-50, 2nd Floor, New Fathima Stores, near RTC Complex, Kotthapeta, Elamanchili, Andhra Pradesh 531055, India",https://www.google.co.kr/maps/place/RK+Fitness/data=!4m5!3m4!1s0x3a399f28b45f174f:0x92895d50f4810c6f!8m2!3d17.5467702!4d82.8525077?authuser=0&hl=en&rclk=1
Tiens Products centre nellore,Gym,"Nellore-Rapur Rd, Mattempadu, Andhra Pradesh 524345, India",https://www.google.co.kr/maps/place/Tiens+Products+centre+nellore/data=!4m5!3m4!1s0x3a4ceb7e288c052b:0x68d5c9bfcf50ec06!8m2!3d14.395672!4d79.8294746?authuser=0&hl=en&rclk=1
Maruthi Fitness,Gym,"penumantra mandal, Nirmala complex, Achanta Rd, Maruteru, Andhra Pradesh 534122, India",https://www.google.co.kr/maps/place/Maruthi+Fitness/data=!4m5!3m4!1s0x3a37c5d78b017d41:0x9e91f0ecc0029ad2!8m2!3d16.6263718!4d81.7429676?authuser=0&hl=en&rclk=1
MUSCLE Fitness Gym,Gym,"Bhimavaram, Tadepalligudem Rd, near jayalakshmi theater, Bhagyalakshmi Peta, Tadepalligudem, Andhra Pradesh 534101, India",https://www.google.co.kr/maps/place/MUSCLE+Fitness+Gym/data=!4m5!3m4!1s0x3a37b54a379c1923:0xaafcdc1e82bd59ea!8m2!3d16.7992786!4d81.528902?authuser=0&hl=en&rclk=1
Rakmos Fitness Centre,Gym,"26-2-7/2 Beside Mega Junior College Jayakrishna puram, Kambala Cheruvu, Rajahmundry, Andhra Pradesh 533101, India",https://www.google.co.kr/maps/place/Rakmos+Fitness+Centre/data=!4m5!3m4!1s0x3a37a3f631326907:0x32671fc79dba3ea1!8m2!3d17.0141712!4d81.7797133?authuser=0&hl=en&rclk=1
Gravity Fitness,Fitness center,"D.No. 27-1-15, Parimi's Pearl Plaza, JP Road, opp. Ayyappa Swamy Temple, Bhimavaram, Andhra Pradesh 534202, India",https://www.google.co.kr/maps/place/Gravity+Fitness/data=!4m5!3m4!1s0x3a362dd920e5aa15:0x164a2a41a349640c!8m2!3d16.5425451!4d81.5099103?authuser=0&hl=en&rclk=1
Subhani's Gym,Gym,"bus stand, uppada, opposite to chinnamaba park, Pithapuram, Andhra Pradesh, India",https://www.google.co.kr/maps/place/Subhani's+Gym/data=!4m5!3m4!1s0x3a382ae18c8b1391:0x1199ba1601fe6132!8m2!3d17.1132045!4d82.2569224?authuser=0&hl=en&rclk=1
Arjuna Archery Academy,Gym,"md), SPSR, SMG SCHOOL GROUND, opp:DNR community hall, Gudur, Andhra Pradesh 524101, India",https://www.google.co.kr/maps/place/Arjuna+Archery+Academy/data=!4m5!3m4!1s0x3a4ce30b62a799b5:0xe7e3066ee8dead0d!8m2!3d14.1440253!4d79.8495875?authuser=0&hl=en&rclk=1
Aanandh Gym,Gym,"QCCG+422, Parvathipuram, Andhra Pradesh 535501, India",https://www.google.co.kr/maps/place/Aanandh+Gym/data=!4m5!3m4!1s0x3a3b79e3c57cf441:0x2f577c467acf28b7!8m2!3d18.7702592!4d83.4250125?authuser=0&hl=en&rclk=1
Manu Gym Fitness Centre,Gym,"K.R.N. Complex, 257/4,, 58-1-257/4, Marripalem Main Rd, Near Gurudwara Jn, Beside Union Bank Of India, Opp.Hirawats mall, Ganesh Nagar, NSTL, Visakhapatnam, Andhra Pradesh 530009, India",https://www.google.co.kr/maps/place/Manu+Gym+Fitness+Centre/data=!4m5!3m4!1s0x3a3967e20cb1993f:0xba47c2ad6772da32!8m2!3d17.7423254!4d83.2358538?authuser=0&hl=en&rclk=1
RR Fitness Gym,Gym,"Church Centre,, Pithapuram, Andhra Pradesh, India",https://www.google.co.kr/maps/place/RR+Fitness+Gym/data=!4m5!3m4!1s0x3a382ade3d7bcc51:0x3ba18a8740f5fa5!8m2!3d17.1192362!4d82.2542866?authuser=0&hl=en&rclk=1
Town Hall,Gym,"GP8H+676, Palakollu, Andhra Pradesh 534260, India",https://www.google.co.kr/maps/place/Town+Hall/data=!4m5!3m4!1s0x3a37daf921efb1ab:0x87f624b4d1b59938!8m2!3d16.5155292!4d81.7281536?authuser=0&hl=en&rclk=1
Royal fitness zone,Gym,"5R9H+RP7, Korukonda, Andhra Pradesh 533289, India",https://www.google.co.kr/maps/place/Royal+fitness+zone/data=!4m5!3m4!1s0x3a370bcfd1d20ab5:0x3d218e5762cf7227!8m2!3d17.1695311!4d81.829295?authuser=0&hl=en&rclk=1
Hanuman Gym,Gym,"Jagannathapuram, Main Road, Jagannaickpur, Kakinada, Andhra Pradesh 533002, India",https://www.google.co.kr/maps/place/Hanuman+Gym/data=!4m5!3m4!1s0x3a3827e88da85901:0xb7614b13d03a778e!8m2!3d16.940358!4d82.2333366?authuser=0&hl=en&rclk=1
Curves - women’s fitness Centre,Fitness center,"1st floor, Sambasiva mansion, Poranki, Vijayawada, Andhra Pradesh 521137, India",https://www.google.co.kr/maps/place/Curves+-+women%E2%80%99s+fitness+Centre/data=!4m5!3m4!1s0x3a35fb8e83cc351d:0x30777baf7a454ae0!8m2!3d16.4768372!4d80.7045361?authuser=0&hl=en&rclk=1
Rupa Bueaty Parlal,Gym,"beside HDFC Bank, Pileru, Andhra Pradesh 517214, India",https://www.google.co.kr/maps/place/Rupa+Bueaty+Parlal/data=!4m5!3m4!1s0x3bb294b9d61f516f:0x8e931af24b0f42b7!8m2!3d13.6547548!4d78.9483641?authuser=0&hl=en&rclk=1
Anytime Fitness Visakhapatnam,Fitness center,"4th floor, Opp.Sampath Vinayaka Temple Jos Alukkas building, Visakhapatnam, Andhra Pradesh 530003, India",https://www.google.co.kr/maps/place/Anytime+Fitness+Visakhapatnam/data=!4m5!3m4!1s0x3a39433f0c0d4097:0x13f1ee28dfa9d81c!8m2!3d17.72434!4d83.31321?authuser=0&hl=en&rclk=1
Swamy Fitness Gym,Gym,"BC Rd, Gajuwaka, Visakhapatnam, Andhra Pradesh 530044, India",https://www.google.co.kr/maps/place/Swamy+Fitness+Gym/data=!4m5!3m4!1s0x3a3969a1a8c133f3:0x3afafb3e323c5c5d!8m2!3d17.6730198!4d83.2110142?authuser=0&hl=en&rclk=1
9 FITNESS,Gym,"SBI street upstairs of SBI building, Narayanapuram, Andhra Pradesh 534407, India",https://www.google.co.kr/maps/place/9+FITNESS/data=!4m5!3m4!1s0x3a364931a5f3a781:0x4b361abc8fc56720!8m2!3d16.8187592!4d81.4069733?authuser=0&hl=en&rclk=1
Xtreme fitness gym,Gym,"Sai Baba Temple St, Gullalapalem Vuda Colony, gullalapalem, Sriharipuram, Visakhapatnam, Andhra Pradesh 530011, India",https://www.google.co.kr/maps/place/Xtreme+fitness+gym/data=!4m5!3m4!1s0x3a396908a5dbf5a1:0x61e7596bed447ffd!8m2!3d17.6883983!4d83.2338712?authuser=0&hl=en&rclk=1
missile Gym,Gym,"6FCM+M74, Kona Forest, Andhra Pradesh 533408, India",https://www.google.co.kr/maps/place/missile+Gym/data=!4m5!3m4!1s0x3a39cb583a1c54f7:0xd8406e1b4a841889!8m2!3d17.221643!4d82.4831965?authuser=0&hl=en&rclk=1
Fitness Edge,Gym,"Sarada Grand, 100 Feet Road, Near 2nd Bus Stop, Above Indian Bank, Pothinamallayya Palem, Visakhapatnam, Andhra Pradesh 530048, India",https://www.google.co.kr/maps/place/Fitness+Edge/data=!4m5!3m4!1s0x3a395b61a9ce9f41:0xc82b31948fe42711!8m2!3d17.803959!4d83.3478805?authuser=0&hl=en&rclk=1
J.K Gym,Gym,"8GXR+RJX, Tuni, Andhra Pradesh 533401, India",https://www.google.co.kr/maps/place/J.K+Gym/data=!4m5!3m4!1s0x3a39c7e7a1e74cbd:0x8efdc2f973e3872!8m2!3d17.349622!4d82.5416015?authuser=0&hl=en&rclk=1
RK Fitness Mantra Gym,Gym,"NAD Kotha Road Near Sanjivani Hospital, Opp. Airport Quarters, New Karasa, Marripalem, Visakhapatnam, Andhra Pradesh 530009, India",https://www.google.co.kr/maps/place/RK+Fitness+Mantra+Gym/data=!4m5!3m4!1s0x3a396800c8f1b4f1:0x75c2fb057abc9be6!8m2!3d17.7404794!4d83.2458858?authuser=0&hl=en&rclk=1
Amway Shop Guntur,Gym,"Naidupet, Guntur, Andhra Pradesh 522002, India",https://www.google.co.kr/maps/place/Amway+Shop+Guntur/data=!4m5!3m4!1s0x3a4a755cc68e03bb:0xa7b516d4dbcce396!8m2!3d16.3066525!4d80.4365402?authuser=0&hl=en&rclk=1
Ultimate Gym,Gym,"Beside Basker cinema hall, Kothapet Main Rd, Guntur, 1, India",https://www.google.co.kr/maps/place/Ultimate+Gym/data=!4m5!3m4!1s0x3a4a75487b3a0c13:0x15b20c368e8d99e2!8m2!3d16.2992775!4d80.447051?authuser=0&hl=en&rclk=1
Outdoor fitness centre kvp,Gymnastics center,"2WQP+3R3, Kothapeta, Andhra Pradesh 521121, India",https://www.google.co.kr/maps/place/Outdoor+fitness+centre+kvp/data=!4m5!3m4!1s0x3a49f3d27f93bd9d:0xf4d3f4bbdf2d4cf4!8m2!3d16.0376307!4d80.9370384?authuser=0&hl=en&rclk=1
"K L Puram , Indian Sports And Fitness",Gym,"kandi rambabu centre, Gajapatinagaram, Andhra Pradesh, India","https://www.google.co.kr/maps/place/K+L+Puram+,+Indian+Sports+And+Fitness/data=!4m5!3m4!1s0x3a3beba1fa2c4371:0x51718ff2b9f7740f!8m2!3d18.2797697!4d83.3333473?authuser=0&hl=en&rclk=1"
The Gold Coast Fitness Studio,Gym,"6-18-3, near Sai Baba Temple, East Point Colony, Chinna Waltair, Pedda Waltair, Visakhapatnam, Andhra Pradesh 530017, India",https://www.google.co.kr/maps/place/The+Gold+Coast+Fitness+Studio/data=!4m5!3m4!1s0x3a39435f574f9f3f:0xd06b0733d6e797c7!8m2!3d17.7270241!4d83.3359122?authuser=0&hl=en&rclk=1
Vikram Fitness Rack | MVP Colony | Visakhapatnam.,Gym,"Plot No - 163, Indian Oil Petrol Bunk Backside, 4, MVP Sector 4, Isukathota, MVP Colony, Visakhapatnam, Andhra Pradesh 530017, India",https://www.google.co.kr/maps/place/Vikram+Fitness+Rack+%7C+MVP+Colony+%7C+Visakhapatnam./data=!4m5!3m4!1s0x3a3943575cbdec0f:0x929f1eeaef359f22!8m2!3d17.7411191!4d83.3283667?authuser=0&hl=en&rclk=1
SS FITNESS WORLD,Gym,"3rd Floor, SS FITNESS WORLD, Nlp raju complex, 60Ft Road, beside Green Apple Hotel, above apollo pharmacy, Old Gajuwaka, Auto Nagar, Visakhapatnam, Andhra Pradesh 530026, India",https://www.google.co.kr/maps/place/SS+FITNESS+WORLD/data=!4m5!3m4!1s0x3a396907cebaa5bf:0xb4388ad53a81fa4d!8m2!3d17.6829628!4d83.2054727?authuser=0&hl=en&rclk=1
Padugupadu cricket Ground,Gym,"FXQX+H4V, Nellore, Andhra Pradesh 524137, India",https://www.google.co.kr/maps/place/Padugupadu+cricket+Ground/data=!4m5!3m4!1s0x3a4c8c87d6ed56bb:0x16f50a334d0a645e!8m2!3d14.4889771!4d79.9978112?authuser=0&hl=en&rclk=1
Vikram Fitness Rack | HB COLONY | Visakhapatnam.,Fitness center,"55/8/29, Fourth Floor, HB Colony Rd, beside Sri Venkateswara Swamy Temple, Visakhapatnam, Andhra Pradesh 530013, India",https://www.google.co.kr/maps/place/Vikram+Fitness+Rack+%7C+HB+COLONY+%7C+Visakhapatnam./data=!4m5!3m4!1s0x3a39433482c2cb03:0xb2d0e55b2583d103!8m2!3d17.7433493!4d83.3167918?authuser=0&hl=en&rclk=1
Kross fitness,Gym,"Beside Bharath petrol Bunk, near Collector office, Vizianagaram, Andhra Pradesh 535003, India",https://www.google.co.kr/maps/place/Kross+fitness/data=!4m5!3m4!1s0x3a3be5e91e1fe493:0xa203b8e111491c3b!8m2!3d18.1187733!4d83.388126?authuser=0&hl=en&rclk=1
Star Fitness Studio,Gym,"9-46/3 plot no 11 Prashanth Nagar Colony, Above Vijaya bank, Opp Swagath Bar, beside CS Brothers, Boduppal, Hyderabad, Telangana 500092, India",https://www.google.co.kr/maps/place/Star+Fitness+Studio/data=!4m5!3m4!1s0x3bcb9f86a2822adb:0x2bf77593aa3b80e9!8m2!3d17.4108928!4d78.5861187?authuser=0&hl=en&rclk=1
Sai Sanjivani Gym [SS GYM][[AC],Gym,"530020 30, 9-6, Sarada St, Daba Gardens, Allipuram, Visakhapatnam, Andhra Pradesh 530020, India",https://www.google.co.kr/maps/place/Sai+Sanjivani+Gym+%5BSS+GYM%5D%5B%5BAC%5D/data=!4m5!3m4!1s0x3a39431903206b9f:0x6d46bb1dcccb42d7!8m2!3d17.7174313!4d83.300841?authuser=0&hl=en&rclk=1
Flipkart Office,Fitness center,"Usha Bala Nagar, Gannavaram Nuzividu Rd, Usha Bala Nagar, Nuzividu, Andhra Pradesh 521201, India",https://www.google.co.kr/maps/place/Flipkart+Office/data=!4m5!3m4!1s0x3a3675ceaaaaaaab:0x4e267959ab30d1f5!8m2!3d16.7849906!4d80.8488498?authuser=0&hl=en&rclk=1
Maruti Gym,Gym,"49-34-38, Akkayyapalem Main Rd, opposite Andhra Bank, Abid Nagar, Akkayyapalem, Visakhapatnam, Andhra Pradesh 530016, India",https://www.google.co.kr/maps/place/Maruti+Gym/data=!4m5!3m4!1s0x3a39432c3dc7153d:0xf654a40602a2a94f!8m2!3d17.7390149!4d83.3001906?authuser=0&hl=en&rclk=1
CROSS FITNESS,Gym,"Vijayanagaram, Ring Road, Dharmapuri, Andhra Pradesh 535002, India",https://www.google.co.kr/maps/place/CROSS+FITNESS/data=!4m5!3m4!1s0x3a3be59b97e7934d:0x3b56d80c63d50ad4!8m2!3d18.1037113!4d83.4080305?authuser=0&hl=en&rclk=1
Life Fitness,Fitness center,"6-3-1105/1/e, Raj Bhavan Rd, Nishat Bagh Colony, Begumpet, Hyderabad, Telangana 500082, India",https://www.google.co.kr/maps/place/Life+Fitness/data=!4m5!3m4!1s0x3bcb90b4a4eeacaf:0xc46dd7266e544117!8m2!3d17.4272999!4d78.4577437?authuser=0&hl=en&rclk=1
Snap Fitness Vizag,Gym,"3rd Floor,VIP CENTRE, VIP Rd, CBM Compound, Siripuram, Visakhapatnam, Andhra Pradesh 530003, India",https://www.google.co.kr/maps/place/Snap+Fitness+Vizag/data=!4m5!3m4!1s0x3a3943ed684ebe5f:0x186cbf6d3a34d482!8m2!3d17.7269277!4d83.3161458?authuser=0&hl=en&rclk=1
Tone Fitness,Gym,"304, 100 Feet Ring Rd, MSN Colony, Jammu Narayana Puram Rural, Andhra Pradesh 535002, India",https://www.google.co.kr/maps/place/Tone+Fitness/data=!4m5!3m4!1s0x3a3be549e6f4bc75:0xeed37b137fc33ff5!8m2!3d18.1022584!4d83.4155175?authuser=0&hl=en&rclk=1
28 Fitness Vizag,Gym,"GEV leela 2nd floor, 10-28-2/1, beside Four Points by Sheraton., Ram Nagar, Visakhapatnam, Andhra Pradesh 530003, India",https://www.google.co.kr/maps/place/28+Fitness+Vizag/data=!4m5!3m4!1s0x3a39433fdf51f0ad:0x87a2b38f985ff2!8m2!3d17.7209974!4d83.3131815?authuser=0&hl=en&rclk=1
Leads Fitness,Gym,"4th floor 1-111/1/c/36&43/41, above IDBI bank, Raghavendra Colony, Kondapur, Telangana 500084, India",https://www.google.co.kr/maps/place/Leads+Fitness/data=!4m5!3m4!1s0x3bcb93356ea75c5d:0xdc9fc751d278f766!8m2!3d17.4694665!4d78.36545?authuser=0&hl=en&rclk=1
Devendra Gym,Gymnasium Cz,"633V+9PJ, Greamspet, Chittoor, Andhra Pradesh 517002, India",https://www.google.co.kr/maps/place/Devendra+Gym/data=!4m5!3m4!1s0x3bad5c10e85a81bd:0xba1fdfa21694442a!8m2!3d13.2034683!4d79.0942682?authuser=0&hl=en&rclk=1
Guts Gym,Gymnasium Cz,"GJH6+69F, Mahantipuram, Vijayawada, Andhra Pradesh 520001, India",https://www.google.co.kr/maps/place/Guts+Gym/data=!4m5!3m4!1s0x3a35efe9e6980fab:0x6cfcb3a7eda09088!8m2!3d16.5280581!4d80.6109247?authuser=0&hl=en&rclk=1
Fitness Planet,Gym,"Westend Colony, Peeramcheru, Telangana 500086, India",https://www.google.co.kr/maps/place/Fitness+Planet/data=!4m5!3m4!1s0x3bcb95de634b064d:0x2ca2182540f30bda!8m2!3d17.358949!4d78.3863715?authuser=0&hl=en&rclk=1
Hanuman GYM and FITNESS Zone,Gym,"back side of amaravathi fashions and textiles, Main road near boys high school, Ichchapuram, Andhra Pradesh 532312, India",https://www.google.co.kr/maps/place/Hanuman+GYM+and+FITNESS+Zone/data=!4m5!3m4!1s0x3a3d41fdfa3c7923:0xf98203cad32f0128!8m2!3d19.1116204!4d84.6836151?authuser=0&hl=en&rclk=1
GOLD'S GYM,Gym,"Dhanlaxmi hardware, Sindnoor, road, Manvi, Karnataka 584125, India",https://www.google.co.kr/maps/place/GOLD'S+GYM/data=!4m5!3m4!1s0x3bb8036d73d6c7c9:0xcd96e52df38aee9b!8m2!3d15.9993744!4d77.0483783?authuser=0&hl=en&rclk=1
Life Fitness,Gym,"Adugodi Main Rd, Audugodi Police Quarters, Adugodi, Bengaluru, Karnataka 560030, India",https://www.google.co.kr/maps/place/Life+Fitness/data=!4m5!3m4!1s0x3bae144974a6ff67:0x2843d226b68e3584!8m2!3d12.9422719!4d77.6146001?authuser=0&hl=en&rclk=1
Sri sai hunuman power zym,Gym,"FG3J+XP8, Somidavalasa, Andhra Pradesh 535126, India",https://www.google.co.kr/maps/place/Sri+sai+hunuman+power+zym/data=!4m5!3m4!1s0x3a3b89b03149c353:0x15cffe1605a09f45!8m2!3d18.4549085!4d83.5318399?authuser=0&hl=en&rclk=1
Gold's Gym,Gym,"1st Floor, Regent Prime, 48, Whitefield Main Rd, Whitefield, Bengaluru, Karnataka 560066, India",https://www.google.co.kr/maps/place/Gold's+Gym/data=!4m5!3m4!1s0x3bae0dfe794a000d:0xd80644cfceac0af9!8m2!3d12.972201!4d77.750662?authuser=0&hl=en&rclk=1
Live Fitness HSR Layout,Fitness center,"3rd floor, #2378, 27th Main Rd, above Domino's, PWD Quarters, 1st Sector, HSR Layout, Bengaluru, Karnataka 560102, India",https://www.google.co.kr/maps/place/Live+Fitness+HSR+Layout/data=!4m5!3m4!1s0x3bae157dbe478339:0x6d0ef7bdfc8b92bd!8m2!3d12.9128043!4d77.6520348?authuser=0&hl=en&rclk=1
Gold's Gym Basaveshwaranagar,Gym,"Veerabhadra, Shop No. 326, 3rd Stage 4th Block, Shakthi Ganapathi Nagar, Basaveshwar Nagar, Bengaluru, Karnataka 560079, India",https://www.google.co.kr/maps/place/Gold's+Gym+Basaveshwaranagar/data=!4m5!3m4!1s0x3bae3dbe0579b569:0x2c97392d7738299f!8m2!3d12.9918892!4d77.5383657?authuser=0&hl=en&rclk=1
Fitness Planet Gym,Gymnasium Cz,"18-8-244/B/24/A, Rd, Moin Bagh Rd, Edi Bazar West, Edi Bazaar, Hyderabad, Telangana 500023, India",https://www.google.co.kr/maps/place/Fitness+Planet+Gym/data=!4m5!3m4!1s0x3bcb9964f2ac2c23:0x3a74039f33d8d1c6!8m2!3d17.3464019!4d78.4942135?authuser=0&hl=en&rclk=1
Live fitness,Gym,"117, 27th Main Rd, Sector 2, HSR Layout, Bengaluru, Karnataka 560102, India",https://www.google.co.kr/maps/place/Live+fitness/data=!4m5!3m4!1s0x3bae15cf6259ed05:0x58e3051da3021ef0!8m2!3d12.9109238!4d77.6520049?authuser=0&hl=en&rclk=1
Gold's gym,Gym,"F3VF+9XF, Yatgal, Karnataka 584126, India",https://www.google.co.kr/maps/place/Gold's+gym/data=!4m5!3m4!1s0x3bc8370db5bd70c9:0x1ac120cf1276b046!8m2!3d16.4934451!4d77.074935?authuser=0&hl=en&rclk=1
Gold's Gym,Gym,"Sira Rd, Near Bavikatte petrol bunk, TUDA Layout, Tumakuru, Karnataka 572104, India",https://www.google.co.kr/maps/place/Gold's+Gym/data=!4m5!3m4!1s0x3bb02e7f931f9bb9:0x4aa9a228377271a9!8m2!3d13.3514823!4d77.1015378?authuser=0&hl=en&rclk=1
Gold's Gym Yelahanka,Gym,"No 720, USR Arcade 1st Floor, 16 A Main Rd, Yelahanka Satellite Town, Yelahanka, Bengaluru, Karnataka 560064, India",https://www.google.co.kr/maps/place/Gold's+Gym+Yelahanka/data=!4m5!3m4!1s0x3bae1969df42085f:0xdae6f38a18b9a80e!8m2!3d13.0994284!4d77.5891968?authuser=0&hl=en&rclk=1
Snap Fitness,Gym,"117, 2nd Floor, Hari Mansion, 80 Feet Rd, Extension Above KFC, Matadahalli, RT Nagar, Bengaluru, Karnataka 560032, India",https://www.google.co.kr/maps/place/Snap+Fitness/data=!4m5!3m4!1s0x3bae17b1145ee3c1:0x7f9d7aada414cad6!8m2!3d13.0195712!4d77.5921945?authuser=0&hl=en&rclk=1
Snap Fitness,Gym,"No 6, SMK Chambers, 1st A Main Rd, above Reliance Fresh, Yelahanka New Town, Bengaluru, Karnataka 560064, India",https://www.google.co.kr/maps/place/Snap+Fitness/data=!4m5!3m4!1s0x3bae1860afbca3a5:0xac89427512fa65fd!8m2!3d13.0981434!4d77.5846757?authuser=0&hl=en&rclk=1
The Art Of Living,Yoga studio,"Near Toll plaza Kada(post, near ANU Mangalagiri(mandal, Kaza, Andhra Pradesh 522503, India",https://www.google.co.kr/maps/place/The+Art+Of+Living/data=!4m5!3m4!1s0x3a35f5629c5d3bd3:0x2311148e94d56943!8m2!3d16.3911023!4d80.5401693?authuser=0&hl=en&rclk=1
Snap Fitness Sahakar Nagar,Fitness center,"20th Cross Rd, F Block, Sahakar Nagar, Byatarayanapura, Bengaluru, Karnataka 560092, India",https://www.google.co.kr/maps/place/Snap+Fitness+Sahakar+Nagar/data=!4m5!3m4!1s0x3bae1822e7ec181d:0x6cf3a87b0ab3861!8m2!3d13.0636115!4d77.5896183?authuser=0&hl=en&rclk=1
