Company_Name,Category,Address,Url
"Medicover Hospitals, Nellore, Andhra Pradesh | Best Hospital in Nellore",General hospital,"NH-5, Chinthareddypalem Cross road, Alahari Nagar, Chintareddy Palem, Nellore, Andhra Pradesh 524003, India","https://www.google.co.kr/maps/place/Medicover+Hospitals,+Nellore,+Andhra+Pradesh+%7C+Best+Hospital+in+Nellore/data=!4m5!3m4!1s0x3a4cf3504c5b2a3d:0xfc8337a31b24e2c!8m2!3d14.4366521!4d79.9992737?authuser=0&hl=en&rclk=1"
Seven Hills Hospital,General hospital,"Rockdale Layout, Waltair Main Rd, Ram Nagar, Visakhapatnam, Andhra Pradesh 530002, India",https://www.google.co.kr/maps/place/Seven+Hills+Hospital/data=!4m5!3m4!1s0x3a39691851b88ab7:0x122ec1f5747fbce8!8m2!3d17.7172617!4d83.3093477?authuser=0&hl=en&rclk=1
Apollo Hospitals Ramnagar Vizag,General hospital,"Door No 10, Executive Court, 50-80, Waltair Main Rd, opp. Daspalla, Ram Nagar, Visakhapatnam, Andhra Pradesh 530002, India",https://www.google.co.kr/maps/place/Apollo+Hospitals+Ramnagar+Vizag/data=!4m5!3m4!1s0x3a3943169c8fac4f:0xf0b4c66e5ecb574f!8m2!3d17.7172512!4d83.3091802?authuser=0&hl=en&rclk=1
Time Hospital,Private hospital,"Bus Stop, 11/150 Vijayawada Road Opp Ashoknagar, Sanath Nagar, Vijayawada, Andhra Pradesh 520007, India",https://www.google.co.kr/maps/place/Time+Hospital/data=!4m5!3m4!1s0x3a35fb1e25db55c5:0xb669c5e4d093e7b3!8m2!3d16.4876592!4d80.6774803?authuser=0&hl=en&rclk=1
Apollo Hospitals Kakinada,Private hospital,"#13-1-3, Main Road, Surya Rao Peta, Kakinada, Andhra Pradesh 533001, India",https://www.google.co.kr/maps/place/Apollo+Hospitals+Kakinada/data=!4m5!3m4!1s0x3a3780d0ccb077b7:0x2f529c4e08c9473b!8m2!3d16.9605545!4d82.2358552?authuser=0&hl=en&rclk=1
Queen's NRI Hospital,Hospital,"d.no, 50-53-14, Gurudwara Rd, Balayya Sastri Layout, Seethammadara, Visakhapatnam, Andhra Pradesh 530013, India",https://www.google.co.kr/maps/place/Queen's+NRI+Hospital/data=!4m5!3m4!1s0x3a3943311226a1ed:0x2f12873df4d18d45!8m2!3d17.7404065!4d83.3081929?authuser=0&hl=en&rclk=1
SevenHills Hospital,General hospital,"Door No. 11-4-4/A, Waltair Main Road Ram Nagar Rockdale Layout, Visakhapatnam, Andhra Pradesh 530002, India",https://www.google.co.kr/maps/place/SevenHills+Hospital/data=!4m5!3m4!1s0x3a394315d34e4a3d:0xa591b07d804626ac!8m2!3d17.7173026!4d83.3095681?authuser=0&hl=en&rclk=1
Andhra Hospitals,Private hospital,"ZP High School, Moulangar Masjid Rd Opp, Bhavanipuram, Gollapudi, Vijayawada, Andhra Pradesh 521225, India",https://www.google.co.kr/maps/place/Andhra+Hospitals/data=!4m5!3m4!1s0x3a35ee4a4ef7f55d:0x9f29a806f12d4795!8m2!3d16.536301!4d80.584723?authuser=0&hl=en&rclk=1
Sentini Hospital,General hospital,"54-15-5 B&C, Ring Rd, beside Vinayak Theatre, Vijayawada, Andhra Pradesh 520008, India",https://www.google.co.kr/maps/place/Sentini+Hospital/data=!4m5!3m4!1s0x3a35e52a9cc6edbf:0x6b1de8b11f398fa0!8m2!3d16.509834!4d80.6649419?authuser=0&hl=en&rclk=1
Aayush Hospitals,Private hospital,"48-13-3 3A Ring Road Opp.Siddhartha Medical College, Sri Ramachandra Nagar, Vijayawada, Andhra Pradesh 520008, India",https://www.google.co.kr/maps/place/Aayush+Hospitals/data=!4m5!3m4!1s0x3a35e52a588982d3:0x347b24cb13754346!8m2!3d16.517483!4d80.675097?authuser=0&hl=en&rclk=1
"CARE Hospitals - Maharanipeta, Visakhapatnam",Hospital,"17-1-1, KGH Down Rd, Opp KGH OP Gate, Maharani Peta, Visakhapatnam, Andhra Pradesh 530002, India","https://www.google.co.kr/maps/place/CARE+Hospitals+-+Maharanipeta,+Visakhapatnam/data=!4m5!3m4!1s0x3a3943101823d3f5:0x8f6149999d853629!8m2!3d17.7097176!4d83.3057755?authuser=0&hl=en&rclk=1"
KIMS ICON Hospitals,Private hospital,"Sheela Nagar, Visakhapatnam, Andhra Pradesh 530026, India",https://www.google.co.kr/maps/place/KIMS+ICON+Hospitals/data=!4m5!3m4!1s0x3a3968ed11aaded3:0x5fe95f2024c0e6fd!8m2!3d17.7144161!4d83.1957038?authuser=0&hl=en&rclk=1
Aswini Hospitals,Hospital,"Bus Stand, Besides Manipuram Fly Over, near R.T.C, Guntur, Andhra Pradesh 522001, India",https://www.google.co.kr/maps/place/Aswini+Hospitals/data=!4m5!3m4!1s0x3a4a0ab4581a6839:0x70fb7c80fff28382!8m2!3d16.2986615!4d80.4577625?authuser=0&hl=en&rclk=1
Vedanta Hospitals,Private hospital,"# 15-11-154 Near Best Price Mangalagiri, Road, Guntur, Andhra Pradesh 522001, India",https://www.google.co.kr/maps/place/Vedanta+Hospitals/data=!4m5!3m4!1s0x3a4a0aafd437dd19:0xe73e81b9d81c919b!8m2!3d16.307142!4d80.463508?authuser=0&hl=en&rclk=1
Tirumala Hospitals,Private hospital,"PRS Complex, Tirumala Hospitals Road, Near R.T.C. Complex, Vizianagaram, Andhra Pradesh 535003, India",https://www.google.co.kr/maps/place/Tirumala+Hospitals/data=!4m5!3m4!1s0x3a3be547be991719:0x21cecca15b6053b2!8m2!3d18.107232!4d83.4012301?authuser=0&hl=en&rclk=1
Help Hospitals,Hospital,"MG Rd, behind Victoria Museum, Buckinghampeta, Vijayawada, Andhra Pradesh 520002, India",https://www.google.co.kr/maps/place/Help+Hospitals/data=!4m5!3m4!1s0x3a35f0016355816d:0x911bc66aa6088bbd!8m2!3d16.5082352!4d80.6279497?authuser=0&hl=en&rclk=1
Christian Medical Centre,Hospital,"Agraharam, Pithapuram, Andhra Pradesh 533450, India",https://www.google.co.kr/maps/place/Christian+Medical+Centre/data=!4m5!3m4!1s0x3a382ad9116b58a5:0xaadee6fcd59e66e4!8m2!3d17.1258333!4d82.254299?authuser=0&hl=en&rclk=1
Apollo Hospitals,Hospital,"5V5R+Q7V, Vemmula Palli, Andhra Pradesh 521132, India",https://www.google.co.kr/maps/place/Apollo+Hospitals/data=!4m5!3m4!1s0x3a49f9fbab8cdf8b:0xa8a72c743d92ecdb!8m2!3d16.1594993!4d80.8906657?authuser=0&hl=en&rclk=1
Aayush NRI LEPL Healthcare Pvt. Ltd.,Private hospital,"# 48-13-3 & 3A Ring Road, opp. Siddhartha Medical College, Sri Ramachandra Nagar, Vijayawada, Andhra Pradesh 520008, India",https://www.google.co.kr/maps/place/Aayush+NRI+LEPL+Healthcare+Pvt.+Ltd./data=!4m5!3m4!1s0x3a35fac40fffffff:0x9cfcf6205b43c6ff!8m2!3d16.517483!4d80.6750971?authuser=0&hl=en&rclk=1
Amara Hospital,Hospital,"NH716, Karakambadi Rural, Andhra Pradesh 517520, India",https://www.google.co.kr/maps/place/Amara+Hospital/data=!4m5!3m4!1s0x3a4d4a4c06fcaa9d:0x93e13d62cf6394a8!8m2!3d13.6646284!4d79.5148259?authuser=0&hl=en&rclk=1
St. Joseph General Hospital,General hospital,"AC College Rd, Opp. AC College, Kanna Vari Thota, Guntur, Andhra Pradesh 522004, India",https://www.google.co.kr/maps/place/St.+Joseph+General+Hospital/data=!4m5!3m4!1s0x3a4a7546fe96efc9:0x3d4af82c72254a2b!8m2!3d16.2975205!4d80.4411613?authuser=0&hl=en&rclk=1
Sri Venkateswara Ramnarayan Ruia Government General Hospital,Government hospital,"Alipiri Rd, Alipiri Gate, Sri Padmavati Mahila Visvavidyalayam, Tirupati, Andhra Pradesh 517507, India",https://www.google.co.kr/maps/place/Sri+Venkateswara+Ramnarayan+Ruia+Government+General+Hospital/data=!4m5!3m4!1s0x3a4d4b0558976397:0x8e210c357df5c7ba!8m2!3d13.6447357!4d79.4057679?authuser=0&hl=en&rclk=1
"CARE Hospitals - Ram Nagar, Visakhapatnam",Hospital,"AS Raja Complex, 10-50-11/5, Waltair Main Rd, Ram Nagar, Visakhapatnam, Andhra Pradesh 530002, India","https://www.google.co.kr/maps/place/CARE+Hospitals+-+Ram+Nagar,+Visakhapatnam/data=!4m5!3m4!1s0x3a394315702cc723:0x62489f0d151875b1!8m2!3d17.7202776!4d83.3126239?authuser=0&hl=en&rclk=1"
KIMS Hospital,Hospital,"Seelam Nookaraju Complex Rd, Katari Gardens, Gandhipuram, Rajahmundry, Andhra Pradesh 533103, India",https://www.google.co.kr/maps/place/KIMS+Hospital/data=!4m5!3m4!1s0x3a37a38c3a4e475d:0x3b2245a78cd1000e!8m2!3d17.0012168!4d81.7861392?authuser=0&hl=en&rclk=1
"Manipal Hospital, Vijayawada",Private hospital,"Manipal Hospital Vijayawada # 12-570 near vardhi By pass road Tadepalli Guntur District , Andhra Pradesh Tadepalli, Andhra Pradesh 522501, India","https://www.google.co.kr/maps/place/Manipal+Hospital,+Vijayawada/data=!4m5!3m4!1s0x3a35f06c6aeb71a3:0x459c4b794090a54b!8m2!3d16.4844027!4d80.6169481?authuser=0&hl=en&rclk=1"
Kanumuri Hospitals,General hospital,"D.No. 12, Sanakkayala Factory Rd, Kothapeta, Guntur, Andhra Pradesh 522001, India",https://www.google.co.kr/maps/place/Kanumuri+Hospitals/data=!4m5!3m4!1s0x3a4a754e9ef24dd9:0x5b6287473d94c4c9!8m2!3d16.3020739!4d80.4490322?authuser=0&hl=en&rclk=1
King George Hospital,Government hospital,"KGH Down Rd, Opp KGH OP Gate, Maharani Peta, Visakhapatnam, Andhra Pradesh 531011, India",https://www.google.co.kr/maps/place/King+George+Hospital/data=!4m5!3m4!1s0x3a39430fd9c85ff5:0x968bce337f0096bc!8m2!3d17.7087374!4d83.3060385?authuser=0&hl=en&rclk=1
Andhra Hospitals Eluru,Private hospital,"23A, 8-8, Bendapudi Vari St, Powerpet, Eluru, Andhra Pradesh 534002, India",https://www.google.co.kr/maps/place/Andhra+Hospitals+Eluru/data=!4m5!3m4!1s0x3a3614c910683a17:0xeb61194b7126a0cd!8m2!3d16.7123182!4d81.1009435?authuser=0&hl=en&rclk=1
Apollo Hospital,Hospital,"35Q9+6X7, Chilakaluripet, Andhra Pradesh 522616, India",https://www.google.co.kr/maps/place/Apollo+Hospital/data=!4m5!3m4!1s0x3a4a636c3b7c3fb7:0xdf801f0277c745c3!8m2!3d16.088038!4d80.1699209?authuser=0&hl=en&rclk=1
Care Hospital,Private hospital,"29-29-6, Suryaraopeta, Vijayawada, Andhra Pradesh 520002, India",https://www.google.co.kr/maps/place/Care+Hospital/data=!4m5!3m4!1s0x3a35fab1403de667:0xe1753767f6875981!8m2!3d16.5098835!4d80.6354653?authuser=0&hl=en&rclk=1
INHS Kalyani,Hospital,"malkapuram, Gandhigram Post, Nausena Baugh, Visakhapatnam, Andhra Pradesh 530005, India",https://www.google.co.kr/maps/place/INHS+Kalyani/data=!4m5!3m4!1s0x3a3969d6286cf04b:0x3c24d188ed5acef1!8m2!3d17.6871271!4d83.2505089?authuser=0&hl=en&rclk=1
AKSHAYA HOSPITAL,Hospital,"43-9-201, SLV Arcade, opp. Sreekanya Building, Theatre, Railway New Colony, Visakhapatnam, Andhra Pradesh 530016, India",https://www.google.co.kr/maps/place/AKSHAYA+HOSPITAL/data=!4m5!3m4!1s0x3a3943275d4ee569:0xfb64bf4850a8c704!8m2!3d17.727636!4d83.2940483?authuser=0&hl=en&rclk=1
Ramesh Hospitals,Hospital,"Doctor Ramesh Hospital Road, Near ITI College Bus stop, Vijayawada, Andhra Pradesh 520008, India",https://www.google.co.kr/maps/place/Ramesh+Hospitals/data=!4m5!3m4!1s0x3a35fac93a49e0a5:0x2af79cdbd426badd!8m2!3d16.505686!4d80.6601415?authuser=0&hl=en&rclk=1
Hospital,Hospital,"P2J9+8FJ, Medaramatla, Andhra Pradesh 523212, India",https://www.google.co.kr/maps/place/Hospital/data=!4m5!3m4!1s0x3a4af9fac2c04359:0x9d5b8f273700a886!8m2!3d15.7308275!4d80.0186527?authuser=0&hl=en&rclk=1
Andhra Hospitals,Private hospital,"14, C.V.R. Complex 29, 61, Sheshadri Sastry St, Near delphi auto works, Governor Peta, Vijayawada, Andhra Pradesh 520002, India",https://www.google.co.kr/maps/place/Andhra+Hospitals/data=!4m5!3m4!1s0x3a35f001c98370bf:0xd9937df63d60f714!8m2!3d16.5111055!4d80.6294689?authuser=0&hl=en&rclk=1
Mahatma Gandhi Cancer Hospital & Research Institute,Hospital,"Plot No:1, Sector:7, MVP Colony, Visakhapatnam, Andhra Pradesh 530017, India",https://www.google.co.kr/maps/place/Mahatma+Gandhi+Cancer+Hospital+%26+Research+Institute/data=!4m5!3m4!1s0x3a396ea925555555:0xea2ebbfac2b6ed40!8m2!3d17.7435826!4d83.3355582?authuser=0&hl=en&rclk=1
Hospital,Hospital,"2GM2+V33, Medapi, Andhra Pradesh 523326, India",https://www.google.co.kr/maps/place/Hospital/data=!4m5!3m4!1s0x3a4ab17abc9ca26f:0xe4270f8ac8b0628!8m2!3d16.0346355!4d79.5001733?authuser=0&hl=en&rclk=1
"Ramesh Hospitals, MG Road Unit",Hospital,"MG Rd, Opposite Indira Gandhi Municipal Stadium, Labbipet, Vijayawada, Andhra Pradesh 520010, India","https://www.google.co.kr/maps/place/Ramesh+Hospitals,+MG+Road+Unit/data=!4m5!3m4!1s0x3a35faaf30a48499:0x56830f8c61e42b19!8m2!3d16.5028427!4d80.6388938?authuser=0&hl=en&rclk=1"
RIMS Hospital,Government hospital,"Gopal Nagar 5th Ln, Bhagyanagar, Ongole, Andhra Pradesh 523001, India",https://www.google.co.kr/maps/place/RIMS+Hospital/data=!4m5!3m4!1s0x3a4b0118cac728e1:0xe0205941fd9ffe01!8m2!3d15.4878817!4d80.0471437?authuser=0&hl=en&rclk=1
Q1 Hospitals | Best Orthopedic Hospitals in Visakhapatnam,Private hospital,"13A-13B, HealthCity, Arilova, Visakhapatnam, Andhra Pradesh 530040, India",https://www.google.co.kr/maps/place/Q1+Hospitals+%7C+Best+Orthopedic+Hospitals+in+Visakhapatnam/data=!4m5!3m4!1s0x3a395cc38cc909c7:0x1e7191785b7ec63f!8m2!3d17.7624315!4d83.3083374?authuser=0&hl=en&rclk=1
Hope International Hospital,Hospital,"ADB Road, Near, Achampet Junction, Kakinada, Andhra Pradesh 533005, India",https://www.google.co.kr/maps/place/Hope+International+Hospital/data=!4m5!3m4!1s0x3a3829ea206e370f:0xf8ba5df62f3a943!8m2!3d17.02431!4d82.232311?authuser=0&hl=en&rclk=1
Saveera Hospital Pvt Ltd,Private hospital,"1348, NH 44, opp. Sakshi Office, Srinagar Colony, Extension, India, Andhra Pradesh 515002, India",https://www.google.co.kr/maps/place/Saveera+Hospital+Pvt+Ltd/data=!4m5!3m4!1s0x3bb14a8a601e46bb:0x21aa7d602978212!8m2!3d14.6516326!4d77.5819944?authuser=0&hl=en&rclk=1
Government Hospital,Hospital,"35HG+FHX, Chilakaluripet, Andhra Pradesh 522616, India",https://www.google.co.kr/maps/place/Government+Hospital/data=!4m5!3m4!1s0x3a4a637a00f8a4af:0x66e6bc7b6b8f17ea!8m2!3d16.0787333!4d80.1764953?authuser=0&hl=en&rclk=1
Hospital,Government hospital,"M65G+J56, Tarlapadu, Andhra Pradesh 523332, India",https://www.google.co.kr/maps/place/Hospital/data=!4m5!3m4!1s0x3bb52fa0ffffffff:0xaebaecb0c0cbaab0!8m2!3d15.6590431!4d79.2253776?authuser=0&hl=en&rclk=1
Kurnool Government General Hospital kurnool,General hospital,"Budhwarpet Rd, Budhawara Peta, Alluri Sitarama Raju Nagar, Kurnool, Andhra Pradesh 518002, India",https://www.google.co.kr/maps/place/Kurnool+Government+General+Hospital+kurnool/data=!4m5!3m4!1s0x3bb5dd8c334d4fed:0x6d8dab40221266e2!8m2!3d15.8188146!4d78.0397689?authuser=0&hl=en&rclk=1
Help Hospital,Private hospital,"4/5, 4th Ln, Sali Pet, Arundelpet, Guntur, Andhra Pradesh 522002, India",https://www.google.co.kr/maps/place/Help+Hospital/data=!4m5!3m4!1s0x3a4a754ff2626495:0x3a340f5fb83a17ef!8m2!3d16.3046364!4d80.4443766?authuser=0&hl=en&rclk=1
SAI PRASUNA NURSING HOME,Hospital,"13/171, India Trunk Road,, Opp: Bombay Marriage Hall, Kadapa, Andhra Pradesh, India",https://www.google.co.kr/maps/place/SAI+PRASUNA+NURSING+HOME/data=!4m5!3m4!1s0x3bb3721db9d9cc61:0x661730caa5e90cd7!8m2!3d14.4819994!4d78.8201652?authuser=0&hl=en&rclk=1
Coastal Care Hospital,Private hospital,"8th Lane Old Club Road Opp RTC Bus Stand, Gunturvari Thota, Kothapeta, Guntur, Andhra Pradesh 522001, India",https://www.google.co.kr/maps/place/Coastal+Care+Hospital/data=!4m5!3m4!1s0x3a4a0ab53a128645:0x4f4fc9ec10d25f95!8m2!3d16.2977206!4d80.4555841?authuser=0&hl=en&rclk=1
Asram General & Super Speciality Hospital,General hospital,"NH 5, Asram Road, West Godavari District, Eluru, Eluru, Andhra Pradesh 534005, India",https://www.google.co.kr/maps/place/Asram+General+%26+Super+Speciality+Hospital/data=!4m5!3m4!1s0x3a366ab8f620fbb5:0xc457b03853e3e086!8m2!3d16.7364937!4d81.1436079?authuser=0&hl=en&rclk=1
Hyderabad Hospital,Hospital,"12-2-725/2, Mufti Plaza, Rethi Bowli, Mehdipatnam, Hyderabad, Andhra Pradesh 500028, India",https://www.google.co.kr/maps/place/Hyderabad+Hospital/data=!4m5!3m4!1s0x3bcb971f00000001:0x367930468f370c1!8m2!3d15.9128998!4d79.7399875?authuser=0&hl=en&rclk=1
Omega Hospital,Hospital,"Unnamed Road, Agatha Varappadu, Guntur, Andhra Pradesh 522509, India",https://www.google.co.kr/maps/place/Omega+Hospital/data=!4m5!3m4!1s0x3a4a0ba21c23a5f7:0xd70ff9e6c0212a32!8m2!3d16.3163666!4d80.4721543?authuser=0&hl=en&rclk=1
Appollo Hospital,Hospital,"R2PR+CJ3, Kotha Peta, Kurnool, Andhra Pradesh 518004, India",https://www.google.co.kr/maps/place/Appollo+Hospital/data=!4m5!3m4!1s0x3bb5e75d459eaf9d:0x9457d7a575f6bf49!8m2!3d15.8360036!4d78.0415605?authuser=0&hl=en&rclk=1
Hospital,Hospital,"QXG2+6CX, Kotikalpudi, Andhra Pradesh 523201, India",https://www.google.co.kr/maps/place/Hospital/data=!4m5!3m4!1s0x3a4af04e48b1512d:0x69def4a6bec1d5ae!8m2!3d15.7756061!4d79.9511077?authuser=0&hl=en&rclk=1
INDO-BRITISH Hospital,Hospital,"Srinivasa Nagar Bank Colony, Vijayawada, Andhra Pradesh 520008, India",https://www.google.co.kr/maps/place/INDO-BRITISH+Hospital/data=!4m5!3m4!1s0x3a35fad32577891d:0x3d673b0ebe4111ef!8m2!3d16.5135459!4d80.6692855?authuser=0&hl=en&rclk=1
Govt Hospital,Hospital,"VHRQ+37M, Namassivaya Puram, Andhra Pradesh 523304, India",https://www.google.co.kr/maps/place/Govt+Hospital/data=!4m5!3m4!1s0x3a4ac793d99fb79f:0xc91f792f4d8601e6!8m2!3d15.890204!4d79.588165?authuser=0&hl=en&rclk=1
Kims Hospitals,Hospital,"4-120/A, North Bypass Road, NH-5, Backside Agriculture Market Yard Mukthinuthalapadu (V), Prakasham Dist, Ongole, Andhra Pradesh 523001, India",https://www.google.co.kr/maps/place/Kims+Hospitals/data=!4m5!3m4!1s0x3a4b00354228e5a5:0xae2a99dd3d81302f!8m2!3d15.5341227!4d80.05475?authuser=0&hl=en&rclk=1
Ramesh Hospitals,General hospital,"Collector Office Rd, Beside Hindu College Grounds, Nagarampalem, Guntur, Andhra Pradesh 522004, India",https://www.google.co.kr/maps/place/Ramesh+Hospitals/data=!4m5!3m4!1s0x3a4a7541dfb7c1e3:0x7ec1d2166ad7d7b8!8m2!3d16.2933727!4d80.4425041?authuser=0&hl=en&rclk=1
Area Government Hospital,Hospital,"R7XM+PHQ, Swarna, Andhra Pradesh 523170, India",https://www.google.co.kr/maps/place/Area+Government+Hospital/data=!4m5!3m4!1s0x3a4a4356ebc3a725:0x1249caeeea58a7d!8m2!3d15.8493469!4d80.2839929?authuser=0&hl=en&rclk=1
Govt Hospital,Hospital,"govt hospital road, Martur, Andhra Pradesh 523301, India",https://www.google.co.kr/maps/place/Govt+Hospital/data=!4m5!3m4!1s0x3a4a61da09c13de9:0x246ef365d11a829a!8m2!3d15.9882045!4d80.1047374?authuser=0&hl=en&rclk=1
Sravani Hospital,Hospital,"Puvada Vari St, Pottur Vari Thota, Guntur, Andhra Pradesh 522001, India",https://www.google.co.kr/maps/place/Sravani+Hospital/data=!4m5!3m4!1s0x3a4a754a4e40ecaf:0x2bacf73cae70c79a!8m2!3d16.29686!4d80.4514638?authuser=0&hl=en&rclk=1
Tulasi Multi Speciality Hospital,Private hospital,"5th Lane, GV Thota, Gunturvari Thota, Christian Pet, Kothapeta, Guntur, Andhra Pradesh 522001, India",https://www.google.co.kr/maps/place/Tulasi+Multi+Speciality+Hospital/data=!4m5!3m4!1s0x3a4a754b3caa0d77:0x2d19151d00228298!8m2!3d16.2985278!4d80.4542461?authuser=0&hl=en&rclk=1
KIMS - Saveera Hospital,General hospital,"Office, 1-1348 Near crescent function Hall Opp. to Sakshi, 80 Feet Rd, Anantapur, Andhra Pradesh 515004, India",https://www.google.co.kr/maps/place/KIMS+-+Saveera+Hospital/data=!4m5!3m4!1s0x3bb14a8c7e4c0ef7:0xc37b60fc8a82056f!8m2!3d14.6554881!4d77.584036?authuser=0&hl=en&rclk=1
Government Hospital,Hospital,"MRW8+3MQ, Seethampeta, Andhra Pradesh 532443, India",https://www.google.co.kr/maps/place/Government+Hospital/data=!4m5!3m4!1s0x3a3c6270159567e3:0xacd94eeaad512b21!8m2!3d18.6952164!4d83.816725?authuser=0&hl=en&rclk=1
Hospital,Government hospital,"M65G+J56, Tarlapadu, Andhra Pradesh 523332, India",https://www.google.co.kr/maps/place/Hospital/data=!4m5!3m4!1s0x3bb52fa0ffffffff:0xaebaecb0c0cbaab0!8m2!3d15.6590431!4d79.2253776?authuser=0&hl=en&rclk=1
Hospital,Hospital,"FV6C+FGH, Janapadu, Andhra Pradesh 522413, India",https://www.google.co.kr/maps/place/Hospital/data=!4m5!3m4!1s0x3a35659c4a2134c7:0xb69904a014c85f8d!8m2!3d16.4611796!4d79.8713491?authuser=0&hl=en&rclk=1
Railway Hospital,Hospital,"F3X4+9VR, Railpeta, East Kammapalem, Ongole, Andhra Pradesh 523001, India",https://www.google.co.kr/maps/place/Railway+Hospital/data=!4m5!3m4!1s0x3a4b00e32d7a39fb:0x13974fc0c91fcb5f!8m2!3d15.4984813!4d80.0571405?authuser=0&hl=en&rclk=1
Government General Hospital,Hospital,"8FJQ+PHH, Guntur, Andhra Pradesh 522509, India",https://www.google.co.kr/maps/place/Government+General+Hospital/data=!4m5!3m4!1s0x3a35f57008c8c131:0xb4c30b20017ab76d!8m2!3d16.3318064!4d80.4889773?authuser=0&hl=en&rclk=1
Sri Ramachandra Children's and Dental Hospital,Children's hospital,"13-7, Gunturvari Thota, 1, Old Club Rd, Coastal Andhra Region, Guntur, Andhra Pradesh 522001, India",https://www.google.co.kr/maps/place/Sri+Ramachandra+Children's+and+Dental+Hospital/data=!4m5!3m4!1s0x3a4a754b2963fb11:0xd913c997d987b19e!8m2!3d16.2984628!4d80.4546367?authuser=0&hl=en&rclk=1
"ESI Hospital, Bapatla",Hospital,"WF27+QC5, Maddiboinavaripalem, Bapatla, Andhra Pradesh 522101, India","https://www.google.co.kr/maps/place/ESI+Hospital,+Bapatla/data=!4m5!3m4!1s0x3a4a3f4cc1d4a377:0xe4ade536a456dc94!8m2!3d15.9018934!4d80.4636177?authuser=0&hl=en&rclk=1"
Ramesh Sanghamitra Hospital,Hospital,"NH 5 Near Nellore Bus Stand, Ongole, Andhra Pradesh 523001, India",https://www.google.co.kr/maps/place/Ramesh+Sanghamitra+Hospital/data=!4m5!3m4!1s0x3a4b01269e8b2717:0x52a71eccb6ef8fa8!8m2!3d15.479061!4d80.048297?authuser=0&hl=en&rclk=1
Gowri Gopal Hospital,Private hospital,"46/87 , Woodland Complex Budhawarpet, Andhra Pradesh 518002, India",https://www.google.co.kr/maps/place/Gowri+Gopal+Hospital/data=!4m5!3m4!1s0x3bb5ddf55c8e65ed:0x31e9b91ac3d1941e!8m2!3d15.8245511!4d78.0410539?authuser=0&hl=en&rclk=1
P.E.S. Institute of Medical Sciences and Research,Hospital,"NH 219, Kuppam, Andhra Pradesh 517425, India",https://www.google.co.kr/maps/place/P.E.S.+Institute+of+Medical+Sciences+and+Research/data=!4m5!3m4!1s0x3badb96d00719a6f:0xb5d43af1fd44dcf7!8m2!3d12.7905199!4d78.3955138?authuser=0&hl=en&rclk=1
Infectious Diseases Hospital,Government hospital,"Amaravathi Rd, Gorantla, Guntur, Andhra Pradesh 522034, India",https://www.google.co.kr/maps/place/Infectious+Diseases+Hospital/data=!4m5!3m4!1s0x3a358abca27a05df:0x648f5e69eaee71bf!8m2!3d16.3304756!4d80.4377358?authuser=0&hl=en&rclk=1
Santhi Lab,Hospital,"Perala Rd, Perala, Chirala, Andhra Pradesh 523157, India",https://www.google.co.kr/maps/place/Santhi+Lab/data=!4m5!3m4!1s0x3a4a44194313ef0f:0xb919984954934b8c!8m2!3d15.8303494!4d80.3591484?authuser=0&hl=en&rclk=1
Pala hospital,Government hospital,"7FQ2+J4M, Lalapet, Guntur, Andhra Pradesh 522003, India",https://www.google.co.kr/maps/place/Pala+hospital/data=!4m5!3m4!1s0x3a4a758188efa69b:0x1c3a8d6a93afe4ba!8m2!3d16.289081!4d80.4502865?authuser=0&hl=en&rclk=1
ESI Clinic,Hospital,"C2-38, Sriharikota Rd, Pulicat Nagar, Sullurupeta, Andhra Pradesh 524121, India",https://www.google.co.kr/maps/place/ESI+Clinic/data=!4m5!3m4!1s0x3a4d74c4f6ecde8f:0x31f350ed2511a4a7!8m2!3d13.6984276!4d80.0302579?authuser=0&hl=en&rclk=1
Government Hospital,Hospital,"Karalapadu, Andhra Pradesh 522437, India",https://www.google.co.kr/maps/place/Government+Hospital/data=!4m5!3m4!1s0x3a3568e8e8e69977:0x60b27f4eb9ab1dd8!8m2!3d16.5066406!4d79.8033008?authuser=0&hl=en&rclk=1
RIMS General Hospital,Hospital,"CVM7+F7R, Puttampalli, Andhra Pradesh 516002, India",https://www.google.co.kr/maps/place/RIMS+General+Hospital/data=!4m5!3m4!1s0x3bb36d0c855e364b:0x1689952f45522527!8m2!3d14.4337493!4d78.8631455?authuser=0&hl=en&rclk=1
Government Hospital,Hospital,"Dintenapdu Satuluru, Nadendla Rd, Nadendla, Andhra Pradesh 522234, India",https://www.google.co.kr/maps/place/Government+Hospital/data=!4m5!3m4!1s0x3a4a7d049fd1c367:0x40006593c179da92!8m2!3d16.1773998!4d80.1819305?authuser=0&hl=en&rclk=1
Old government hospital,Hospital,"Gudavallivari St, Mogalrajapuram, Christurajupuram, Vijayawada, Andhra Pradesh 520010, India",https://www.google.co.kr/maps/place/Old+government+hospital/data=!4m5!3m4!1s0x3a35fab1403de667:0xb931e7a0759afc97!8m2!3d16.5061786!4d80.6480229?authuser=0&hl=en&rclk=1
Tirumala Hospitals,Hospital,"21/32, Railway Station Rd, Maria Puram, Kadapa, Andhra Pradesh 516001, India",https://www.google.co.kr/maps/place/Tirumala+Hospitals/data=!4m5!3m4!1s0x3bb3721bb2c28f27:0x23a902e1a7f91b53!8m2!3d14.475661!4d78.8232756?authuser=0&hl=en&rclk=1
Rainbow Children's Hospital & BirthRight by Rainbow,Children's hospital,"currency nagar 48-10-12/2A Service Road Beside Aahaar Food Court, currency nagar, Vijayawada, Andhra Pradesh 520008, India",https://www.google.co.kr/maps/place/Rainbow+Children's+Hospital+%26+BirthRight+by+Rainbow/data=!4m5!3m4!1s0x116a821bd69a179f:0xd24e701c7145705f!8m2!3d16.5176877!4d80.6740052?authuser=0&hl=en&rclk=1
Government Hospital,Hospital,"H4M8+WCP, Cumbum, Andhra Pradesh 523333, India",https://www.google.co.kr/maps/place/Government+Hospital/data=!4m5!3m4!1s0x3bb526b69be72103:0x34bc6661c76867bd!8m2!3d15.5848343!4d79.1160804?authuser=0&hl=en&rclk=1
Yashoda Hospital,Hospital,"Uppu Rama Rao St, Ramachandra Rao Pet, Eluru, Andhra Pradesh 534006, India",https://www.google.co.kr/maps/place/Yashoda+Hospital/data=!4m5!3m4!1s0x3a3614c8fc841a7d:0x61a237b0a55b56d4!8m2!3d16.7109868!4d81.1008399?authuser=0&hl=en&rclk=1
Dental care,Hospital,"R5GV+Q6P, Inkollu, Andhra Pradesh 523167, India",https://www.google.co.kr/maps/place/Dental+care/data=!4m5!3m4!1s0x3a4a5be37e028527:0x68777c528134839d!8m2!3d15.8269546!4d80.1930838?authuser=0&hl=en&rclk=1
E.S.I Dispensary,Hospital,"Ganapavaram, Guntur, Andhra Pradesh, India",https://www.google.co.kr/maps/place/E.S.I+Dispensary/data=!4m5!3m4!1s0x3a4a6340e17a356f:0x91ee074450bb6458!8m2!3d16.0996323!4d80.167777?authuser=0&hl=en&rclk=1
Government Hospital,Hospital,"58JM+M25, Prathipadu, Andhra Pradesh 522019, India",https://www.google.co.kr/maps/place/Government+Hospital/data=!4m5!3m4!1s0x3a4a71ba82f61831:0xe743a422785a4dea!8m2!3d16.1816328!4d80.3325942?authuser=0&hl=en&rclk=1
Sree Ramadevi Multi Super Speciality Hospital,Medical clinic,"T.S 82 Sairam Street, Tirupati, Andhra Pradesh 517501, India",https://www.google.co.kr/maps/place/Sree+Ramadevi+Multi+Super+Speciality+Hospital/data=!4m5!3m4!1s0x3a4d4b03ab15d665:0xba2feee5e801c784!8m2!3d13.6380046!4d79.4171787?authuser=0&hl=en&rclk=1
Government primary hospital,Hospital,"Kamepalli - Kondapi Rd, Kamepalli, Andhra Pradesh 523271, India",https://www.google.co.kr/maps/place/Government+primary+hospital/data=!4m5!3m4!1s0x3a4b174977b404cb:0x7e2e20abf88a9f63!8m2!3d15.3405663!4d79.8232447?authuser=0&hl=en&rclk=1
Apollo Clinic Chittoor,Medical Center,"Thotapalyam, Chittoor, Andhra Pradesh 517001, India",https://www.google.co.kr/maps/place/Apollo+Clinic+Chittoor/data=!4m5!3m4!1s0x3bad5c02ca590cb7:0xfa3286320641476!8m2!3d13.2154895!4d79.0985889?authuser=0&hl=en&rclk=1
Lalitha Super Speciality Hospitals,Hospital,"Kothapet Main Rd, Kothapeta, Guntur, Andhra Pradesh 522001, India",https://www.google.co.kr/maps/place/Lalitha+Super+Speciality+Hospitals/data=!4m5!3m4!1s0x3a4a753604648f75:0xfcf9c52530630688!8m2!3d16.295595!4d80.4496025?authuser=0&hl=en&rclk=1
"Rainbow Children's Hospital & BirthRight by Rainbow, Vizag",Children's hospital,"Plot No.15A, Survey No.21 & 27 Health City, Chinnagadili, Andhra Pradesh 530040, India","https://www.google.co.kr/maps/place/Rainbow+Children's+Hospital+%26+BirthRight+by+Rainbow,+Vizag/data=!4m5!3m4!1s0x3a395d3f3855c5b7:0xbedafdcebfd12d19!8m2!3d17.7635001!4d83.3111261?authuser=0&hl=en&rclk=1"
Andhra Hospitals-Childrens OP Clinic,Hospital,"K Convention Centre, Vasantha Colony, Kanchikacherla, Andhra Pradesh 521180, India",https://www.google.co.kr/maps/place/Andhra+Hospitals-Childrens+OP+Clinic/data=!4m5!3m4!1s0x3a35958c79ca5cf9:0xc29ad5a4114b7228!8m2!3d16.6822811!4d80.3914592?authuser=0&hl=en&rclk=1
HOSPITAL,Hospital,"2FFJ+QR5, Bodipalem, Andhra Pradesh 522315, India",https://www.google.co.kr/maps/place/HOSPITAL/data=!4m5!3m4!1s0x3a4a1496c8c14657:0x9a840a57b4f95af0!8m2!3d16.024384!4d80.4821182?authuser=0&hl=en&rclk=1
Hospital,Hospital,"Anantapur - Tadipatri - Guntur Hwy, Edlapadu, Andhra Pradesh 522233, India",https://www.google.co.kr/maps/place/Hospital/data=!4m5!3m4!1s0x3a4a7ba9b519449f:0x3131518b7d527cd8!8m2!3d16.1695538!4d80.2238718?authuser=0&hl=en&rclk=1
Animal Hospital,Hospital,"F348+998, Mokkapadu, Andhra Pradesh 522403, India",https://www.google.co.kr/maps/place/Animal+Hospital/data=!4m5!3m4!1s0x3a357845eac50795:0x7fecd626c4a41b37!8m2!3d16.4559225!4d80.0659422?authuser=0&hl=en&rclk=1
Hospital,Hospital,"Netaji Nagar, Nellore, Andhra Pradesh 524004, India",https://www.google.co.kr/maps/place/Hospital/data=!4m5!3m4!1s0x3a4cf2ddbf27e523:0xd04ea6e1cb360ee7!8m2!3d14.4223698!4d79.9568693?authuser=0&hl=en&rclk=1
SIMS Hospital,Medical clinic,"29-6-4, Malladi Vari St, Venkatswara Rao Street, Suryaraopeta, Governor Peta, Vijayawada, Andhra Pradesh 520002, India",https://www.google.co.kr/maps/place/SIMS+Hospital/data=!4m5!3m4!1s0x3a35f00013446e97:0x592c82da38247e0c!8m2!3d16.5114918!4d80.6318824?authuser=0&hl=en&rclk=1
Gov. Hospital,Hospital,"5CJW+RJ2, Vatticherukuru, Andhra Pradesh 522212, India",https://www.google.co.kr/maps/place/Gov.+Hospital/data=!4m5!3m4!1s0x3a4a7328e2099fcd:0x2303dfdf60240c8!8m2!3d16.1820211!4d80.4465106?authuser=0&hl=en&rclk=1
Omega Cancer Hospital (Cancer Treatment Hospital)- Guntur,Cancer treatment center,"Grand Trunk Road, Near Auto Nagar, opp. Avatar Meher Baba Temple, Agatha Varappadu, Guntur, Andhra Pradesh 522001, India",https://www.google.co.kr/maps/place/Omega+Cancer+Hospital+(Cancer+Treatment+Hospital)-+Guntur/data=!4m5!3m4!1s0x3a4a0aa12269ec51:0xd4f269d6897c399b!8m2!3d16.3035777!4d80.4598954?authuser=0&hl=en&rclk=1
Rainbow Children's Clinic and Birthright by Rainbow Clinic,Children's hospital,"29-4-4, Kodandarami Reddy St, Venkatswara Rao Street, Governor Peta, Vijayawada, Andhra Pradesh 520001, India",https://www.google.co.kr/maps/place/Rainbow+Children's+Clinic+and+Birthright+by+Rainbow+Clinic/data=!4m5!3m4!1s0x3a35f00048b2f779:0x5313cfe969630f59!8m2!3d16.5116207!4d80.6308629?authuser=0&hl=en&rclk=1
Ahalya Nursing Home,Private hospital,"behind Sivalayam Street, Ganeshrao Peta, Kothapeta, Guntur, Andhra Pradesh 522001, India",https://www.google.co.kr/maps/place/Ahalya+Nursing+Home/data=!4m5!3m4!1s0x3a4a754931ccf2b9:0xcb60f8805d9e58b!8m2!3d16.30023!4d80.449249?authuser=0&hl=en&rclk=1
sri krishna,Hospital,"Main Rd, Chebrolu, Andhra Pradesh 522212, India",https://www.google.co.kr/maps/place/sri+krishna/data=!4m5!3m4!1s0x3a4ac1a595bdbcbd:0x500ebd9bbe188f08!8m2!3d15.9128998!4d79.7399875?authuser=0&hl=en&rclk=1
Medicover Hospitals Health City Visakhapatnam,Hospital,"Plot No, 5, BRTS Rd, Chinna Gadhili, Arilova, Visakhapatnam, Andhra Pradesh 530040, India",https://www.google.co.kr/maps/place/Medicover+Hospitals+Health+City+Visakhapatnam/data=!4m5!3m4!1s0x3a395d0cc379f4ad:0x44d497fa518dbc32!8m2!3d17.7635107!4d83.3119078?authuser=0&hl=en&rclk=1
NRI General Hospital,Private hospital,"NRI Hospital Road, Chinakakani, Mangalagiri, Andhra Pradesh 522503, India",https://www.google.co.kr/maps/place/NRI+General+Hospital/data=!4m5!3m4!1s0x3a35f6b2d024d983:0xfdc50de2d1934190!8m2!3d16.4149147!4d80.5575021?authuser=0&hl=en&rclk=1
Driver,Hospital,"behind American hospital, Kondapalli, Andhra Pradesh 521228, India",https://www.google.co.kr/maps/place/Driver/data=!4m5!3m4!1s0x3a35ebe01e949071:0x23bd2534a735b2a!8m2!3d16.620692!4d80.5420019?authuser=0&hl=en&rclk=1
ESIC-Markapur,Hospital,"Ganesh Nagar Road, Shivaji Nagar, Markapur, Andhra Pradesh 523316, India",https://www.google.co.kr/maps/place/ESIC-Markapur/data=!4m5!3m4!1s0x3bb531bd7add88ff:0x12d59e3cb91f6ee!8m2!3d15.7369766!4d79.2671087?authuser=0&hl=en&rclk=1
A.C. Subbareddy Government General Hospital,Hospital,"GNT Rd, Dargamitta, Nellore, Andhra Pradesh 524004, India",https://www.google.co.kr/maps/place/A.C.+Subbareddy+Government+General+Hospital/data=!4m5!3m4!1s0x3a4cf2df054f3a95:0x3d7414edbe64e947!8m2!3d14.4242962!4d79.962144?authuser=0&hl=en&rclk=1
Government Community Health Center,Hospital,"SH 249, Prathipadu, Andhra Pradesh 522019, India",https://www.google.co.kr/maps/place/Government+Community+Health+Center/data=!4m5!3m4!1s0x3a4a71ab319f65a9:0xf64fa27e7af6945a!8m2!3d16.1807669!4d80.3322873?authuser=0&hl=en&rclk=1
"Sri Sathya Sai General Hospital, Prasanthi Nilayam",Hospital,"Prasanthi Nilayam, Puttaparthi Main Rd, Anantapur District, Puttaparthi, Andhra Pradesh 515134, India","https://www.google.co.kr/maps/place/Sri+Sathya+Sai+General+Hospital,+Prasanthi+Nilayam/data=!4m5!3m4!1s0x3bb164ca4df4a9df:0x5003751c896dbdc2!8m2!3d14.1631961!4d77.8112936?authuser=0&hl=en&rclk=1"
QUEEN'S NRI HOSPITAL,Hospital,"Srinivasa Nagar, Chinna Veedhi, Santha Pet, Vizianagaram, Andhra Pradesh 535001, India",https://www.google.co.kr/maps/place/QUEEN'S+NRI+HOSPITAL/data=!4m5!3m4!1s0x3a3be55dec206273:0x2dca4501667d201a!8m2!3d18.1176058!4d83.401222?authuser=0&hl=en&rclk=1
chittoor government hospital,Hospital,"Church St, Thotapalyam, Chittoor, Andhra Pradesh 517001, India",https://www.google.co.kr/maps/place/chittoor+government+hospital/data=!4m5!3m4!1s0x3bad5ea82775cff3:0x6cc5c79bc627caa9!8m2!3d13.2171968!4d79.0933348?authuser=0&hl=en&rclk=1
Sri Sathya Sai Diabetes Care and General Hospital,Hospital,"Dr. Adireddy Complex, Guntur, SH-89, Vinukonda Macherla Road, Vinukonda, Vinukonda, Andhra Pradesh 522647, India",https://www.google.co.kr/maps/place/Sri+Sathya+Sai+Diabetes+Care+and+General+Hospital/data=!4m5!3m4!1s0x3a4a97d5548cd489:0x4680d8b3c6b78a3a!8m2!3d16.052346!4d79.740251?authuser=0&hl=en&rclk=1
Hospital,Hospital,"JJ3C+4XC, Podili, Andhra Pradesh 523240, India",https://www.google.co.kr/maps/place/Hospital/data=!4m5!3m4!1s0x3a4ad9147ef18bc1:0x5103a94d527531a4!8m2!3d15.6028175!4d79.6223771?authuser=0&hl=en&rclk=1
Hospital,Hospital,"Unnamed Road, Raganapalem, Chilakaluripet, Andhra Pradesh 522616, India",https://www.google.co.kr/maps/place/Hospital/data=!4m5!3m4!1s0x3a4a63b093d45e9f:0x88fe0f0ff2307c9a!8m2!3d16.0847122!4d80.162294?authuser=0&hl=en&rclk=1
Aayush Hospital,Hospital,"Sri Harsha Residency, Ashok Nagar, Sanivarapupeta, Andhra Pradesh 534002, India",https://www.google.co.kr/maps/place/Aayush+Hospital/data=!4m5!3m4!1s0x3a366b113385e209:0x9547594cdb9be0b4!8m2!3d16.7199179!4d81.0918403?authuser=0&hl=en&rclk=1
SRI SRINIVASA HOSPITAL,Hospital,"3/38, Maria Puram, Nagarajupeta, Kadapa, Andhra Pradesh 516001, India",https://www.google.co.kr/maps/place/SRI+SRINIVASA+HOSPITAL/data=!4m5!3m4!1s0x3bb3736ba9c7b74f:0xe75f0b66af496c22!8m2!3d14.4726485!4d78.8230926?authuser=0&hl=en&rclk=1
Government Hospital,Hospital,"Doranala, Andhra Pradesh 523331, India",https://www.google.co.kr/maps/place/Government+Hospital/data=!4m5!3m4!1s0x3bb540c6888d1bfb:0x334e656c828830d3!8m2!3d15.9082799!4d79.0946469?authuser=0&hl=en&rclk=1
Gayatri Hospital,Hospital,"Subramanyam Peta, Babametta, Vizianagaram, Andhra Pradesh 535002, India",https://www.google.co.kr/maps/place/Gayatri+Hospital/data=!4m5!3m4!1s0x3a3be54c547e852b:0x99e01529e1a94f7a!8m2!3d18.110687!4d83.4186762?authuser=0&hl=en&rclk=1
Private Hospital,Hospital,"Mokshagundam, Andhra Pradesh 523334, India",https://www.google.co.kr/maps/place/Private+Hospital/data=!4m5!3m4!1s0x3bb4defb0876db5f:0x4e485b32ec93d8ce!8m2!3d15.4556229!4d79.0730796?authuser=0&hl=en&rclk=1
Mukhyamantri Aarogya Kendram,Government hospital,"F3Q3+PGR, Annavarappadu Colony, Ongole, Andhra Pradesh 523001, India",https://www.google.co.kr/maps/place/Mukhyamantri+Aarogya+Kendram/data=!4m5!3m4!1s0x3a4b00e02940ac81:0xea08865528f15f37!8m2!3d15.4893647!4d80.0537755?authuser=0&hl=en&rclk=1
Animal Hospital,Veterans hospital,"W25W+3PR, Ramakur, Andhra Pradesh 523260, India",https://www.google.co.kr/maps/place/Animal+Hospital/data=!4m5!3m4!1s0x3a4af4dc39de2201:0x770df0cff8a283be!8m2!3d15.9077463!4d80.0467673?authuser=0&hl=en&rclk=1
Ramesh Hospital,Hospital,"Krishna, SH-46, Hanuman Junction, Gudivada Road, Satyanarayana Puram, Gudivada, Andhra Pradesh 521301, India",https://www.google.co.kr/maps/place/Ramesh+Hospital/data=!4m5!3m4!1s0x3a361b542767a9f5:0xe458cfb18533909c!8m2!3d16.4390955!4d80.9924786?authuser=0&hl=en&rclk=1
Himalaya Multispeciality Hospital,Hospital,"Door No. 1/81-1, R.S. Road, Yerramukkapalli, Kadapa, Andhra Pradesh 516003, India",https://www.google.co.kr/maps/place/Himalaya+Multispeciality+Hospital/data=!4m5!3m4!1s0x3bb3726cd050cf9b:0x2c1900a1c24544b9!8m2!3d14.460509!4d78.8237507?authuser=0&hl=en&rclk=1
ESI Hospital,Government hospital,"Gunadala, Vijayawada, Andhra Pradesh 520004, India",https://www.google.co.kr/maps/place/ESI+Hospital/data=!4m5!3m4!1s0x3a35e52ddaef0d63:0xa0430baf8205402f!8m2!3d16.5194006!4d80.6680577?authuser=0&hl=en&rclk=1
Govt Hospital,Hospital,"P237+752, Yachavaram, Andhra Pradesh 523333, India",https://www.google.co.kr/maps/place/Govt+Hospital/data=!4m5!3m4!1s0x3bb517fb4d8e1d13:0xa57d3c669581e49c!8m2!3d15.7031257!4d79.0128971?authuser=0&hl=en&rclk=1
Madhavaram Government Hospital,Hospital,"Apparaopeta-Madhavarm Road, Madhavaram, Andhra Pradesh 534145, India",https://www.google.co.kr/maps/place/Madhavaram+Government+Hospital/data=!4m5!3m4!1s0x3a37b22feb0e248f:0x77902c57ee8a3bcf!8m2!3d16.8916831!4d81.5937826?authuser=0&hl=en&rclk=1
Sri Venkateswara Aravind Eye Hospital - Tirupati,Eye care center,"S V Zoo Park Road, Cherlopalli - Alipiri Rd, beside NCC Campus, Tirupati, Andhra Pradesh 517505, India",https://www.google.co.kr/maps/place/Sri+Venkateswara+Aravind+Eye+Hospital+-+Tirupati/data=!4m5!3m4!1s0x3a4d4b2f2f326963:0x74d88603e9d3dc49!8m2!3d13.6330042!4d79.3891017?authuser=0&hl=en&rclk=1
Government Hospital,Hospital,"X5W9+CMP, Yaddanapudi, Andhra Pradesh 523301, India",https://www.google.co.kr/maps/place/Government+Hospital/data=!4m5!3m4!1s0x3a4a613c3d2926d9:0x8680fd1177d53e07!8m2!3d15.9960977!4d80.1692145?authuser=0&hl=en&rclk=1
Amma Hospital,Hospital,"9-64-2, Ganapathi Rao Road, Kothapet, Islampet, Vijayawada, Andhra Pradesh 520001, India",https://www.google.co.kr/maps/place/Amma+Hospital/data=!4m5!3m4!1s0x3a35efe65dc5b395:0xb0c553c3622cc102!8m2!3d16.521388!4d80.6140859?authuser=0&hl=en&rclk=1
Apollo Speciality Hospitals,Hospital,"16/111/113, Muthukur Rd, Pinakini Avenue, Nagar, park Area, Nellore, Andhra Pradesh 524004, India",https://www.google.co.kr/maps/place/Apollo+Speciality+Hospitals/data=!4m5!3m4!1s0x3a4cf34b836caaa9:0xf78df378f8406f7b!8m2!3d14.4383479!4d79.9925387?authuser=0&hl=en&rclk=1
Govt Hospital,Hospital,"44RF+69Q, Kavuru, Andhra Pradesh 522611, India",https://www.google.co.kr/maps/place/Govt+Hospital/data=!4m5!3m4!1s0x3a4a7d15831afaf5:0x137fdc0874a04d7f!8m2!3d16.1405956!4d80.1234849?authuser=0&hl=en&rclk=1
Government Hospital,Government hospital,"MRW8+3JQ, Seethampeta, Andhra Pradesh 532443, India",https://www.google.co.kr/maps/place/Government+Hospital/data=!4m5!3m4!1s0x3a3c630f9465bcdf:0x141bc3562d21cc50!8m2!3d18.6952135!4d83.816608?authuser=0&hl=en&rclk=1
Padmavathi Hospital,Hospital,"Siddavatam Rd, Sivanagar, Badvel, Andhra Pradesh 516227, India",https://www.google.co.kr/maps/place/Padmavathi+Hospital/data=!4m5!3m4!1s0x3bb35fa8e7f32db3:0x7371e00cfbece80b!8m2!3d14.7344455!4d79.0604761?authuser=0&hl=en&rclk=1
Sri Sathya Sai General Hospital,Government hospital,"Prasanthi Nilayam, Andhra Pradesh 515134, India",https://www.google.co.kr/maps/place/Sri+Sathya+Sai+General+Hospital/data=!4m5!3m4!1s0x3bb164cbae19b18d:0xf49580dc68f9dbf2!8m2!3d14.1655737!4d77.8074215?authuser=0&hl=en&rclk=1
Government General Hospital,Hospital,"7CXV+Q6M, Sambasiva Pet, Guntur, Andhra Pradesh 522001, India",https://www.google.co.kr/maps/place/Government+General+Hospital/data=!4m5!3m4!1s0x3a4a756505b9e5d9:0x650f322df1702be3!8m2!3d16.2994719!4d80.4430526?authuser=0&hl=en&rclk=1
Kerala Hospital,Hospital,"Tarlupadu Rd, Gandhi Bazar, Markapur, Andhra Pradesh 523316, India",https://www.google.co.kr/maps/place/Kerala+Hospital/data=!4m5!3m4!1s0x3bb531964a1214ff:0x282034c3fc2bb6b5!8m2!3d15.7361535!4d79.269125?authuser=0&hl=en&rclk=1
Government General Hospital,Government hospital,"Old Bus Stand, Road, Hanumanpet, Vijayawada, Andhra Pradesh 520002, India",https://www.google.co.kr/maps/place/Government+General+Hospital/data=!4m5!3m4!1s0x3a35efe28d658cab:0x565d78a632347d3d!8m2!3d16.5133387!4d80.6189892?authuser=0&hl=en&rclk=1
Government Hospital,Hospital,"Dronadula, Andhra Pradesh 523190, India",https://www.google.co.kr/maps/place/Government+Hospital/data=!4m5!3m4!1s0x3a4a5e348fa1ee95:0xd770c2014ec24eb!8m2!3d15.913613!4d80.1451081?authuser=0&hl=en&rclk=1
Govt Hospital,Hospital,"Mutyalampadu, Andhra Pradesh 522414, India",https://www.google.co.kr/maps/place/Govt+Hospital/data=!4m5!3m4!1s0x3a356b09db3046e7:0xfd54b850231fb185!8m2!3d16.6139748!4d79.7997804?authuser=0&hl=en&rclk=1
Govt Hospital,Hospital,"Mutyalampadu, Andhra Pradesh 522414, India",https://www.google.co.kr/maps/place/Govt+Hospital/data=!4m5!3m4!1s0x3a356b09db3046e7:0xfd54b850231fb185!8m2!3d16.6139748!4d79.7997804?authuser=0&hl=en&rclk=1
Vishnu Multispeciality Hospital,Dental clinic,"Durga complex, 1st Ln, Pandaripuram, Chilakaluripet, Andhra Pradesh 522616, India",https://www.google.co.kr/maps/place/Vishnu+Multispeciality+Hospital/data=!4m5!3m4!1s0x3a4a63fd5bfdc1df:0x96ded9f3cf961701!8m2!3d16.0931256!4d80.1645391?authuser=0&hl=en&rclk=1
Govt.Hospital,Hospital,"4WCH+74R, Challapalli, Andhra Pradesh 521126, India",https://www.google.co.kr/maps/place/Govt.Hospital/data=!4m5!3m4!1s0x3a49f0eee0675b59:0x11eec0e4e5d6d17f!8m2!3d16.1207402!4d80.92777?authuser=0&hl=en&rclk=1
Bharathi Multi Speciality Hospital,Hospital,"1/82, Railway Station Rd, Yerramukkapalle, Kadapa, Andhra Pradesh 516001, India",https://www.google.co.kr/maps/place/Bharathi+Multi+Speciality+Hospital/data=!4m5!3m4!1s0x3bb3726cd6d86763:0xc816df4110b89a02!8m2!3d14.4607601!4d78.8237381?authuser=0&hl=en&rclk=1
Govt Hospital,Hospital,"42RR+967, Kondakavuru, Andhra Pradesh 522601, India",https://www.google.co.kr/maps/place/Govt+Hospital/data=!4m5!3m4!1s0x3a4a86466eaefadd:0xb1caf30babf4e711!8m2!3d16.1409215!4d80.0405382?authuser=0&hl=en&rclk=1
Hospital,Hospital,"Arundelpet, Narasaraopeta, Andhra Pradesh 522601, India",https://www.google.co.kr/maps/place/Hospital/data=!4m5!3m4!1s0x3a4a8119771c7089:0xf722f4c66c9db049!8m2!3d16.2343419!4d80.0453417?authuser=0&hl=en&rclk=1
Primary Health Care Center,Hospital,"RR3M+C9Q, Mundlamuru, Andhra Pradesh 523265, India",https://www.google.co.kr/maps/place/Primary+Health+Care+Center/data=!4m5!3m4!1s0x3a4aef5e501da5ff:0xcfadf559e526b03f!8m2!3d15.8035908!4d79.833471?authuser=0&hl=en&rclk=1
Asram Hospital,Hospital,"Jayaprakash Nagar, Nagendra Colony, Eluru, Andhra Pradesh 534005, India",https://www.google.co.kr/maps/place/Asram+Hospital/data=!4m5!3m4!1s0x3a361529b6673a2d:0x2eb1760f8db220d3!8m2!3d16.7126489!4d81.1211341?authuser=0&hl=en&rclk=1
AIIMS Hospital,Hospital department,"CHWP+4HH, Mangalagiri, Andhra Pradesh 522503, India",https://www.google.co.kr/maps/place/AIIMS+Hospital/data=!4m5!3m4!1s0x3a35f13ace59ac79:0x808cf7091ee7b46a!8m2!3d16.445311!4d80.5864934?authuser=0&hl=en&rclk=1
All India Institute of Medical Sciences,Medical school,"AIIMS Temporary Campus, First Floor, Government Siddhartha Medical College, NH 16 Service Rd, Gunadala, Vijayawada, Andhra Pradesh 520008, India",https://www.google.co.kr/maps/place/All+India+Institute+of+Medical+Sciences/data=!4m5!3m4!1s0x3a35f1197e21c1ed:0x1a4c04df4f2b6b88!8m2!3d16.5083445!4d80.6638981?authuser=0&hl=en&rclk=1
PHC MOVVA,Hospital,"6WH7+P39, Movva, Andhra Pradesh 521135, India",https://www.google.co.kr/maps/place/PHC+MOVVA/data=!4m5!3m4!1s0x3a49fbeee0e970b7:0x9551dbe15ae35ba9!8m2!3d16.2292791!4d80.9127363?authuser=0&hl=en&rclk=1
Multispeciality,Hospital,"39-1, MG Rd, Governor Peta, Vijayawada, Andhra Pradesh 520002, India",https://www.google.co.kr/maps/place/Multispeciality/data=!4m5!3m4!1s0x3a35faaf9eebb7f1:0x740c14ba8400357e!8m2!3d16.5026035!4d80.6412627?authuser=0&hl=en&rclk=1
Neha Children's Hospital,Hospital,"3P2Q+PXV, Kothapeta, Vinukonda, Andhra Pradesh 522647, India",https://www.google.co.kr/maps/place/Neha+Children's+Hospital/data=!4m5!3m4!1s0x3a4abd8000af75a7:0xa559fe399eef1c7!8m2!3d16.0518616!4d79.739909?authuser=0&hl=en&rclk=1
Govt.Hospital,Hospital,"Kurnool - Ongole Main Rd, Nekunambad, Andhra Pradesh 523334, India",https://www.google.co.kr/maps/place/Govt.Hospital/data=!4m5!3m4!1s0x3bb520cddbd8c8cd:0x3855c8d498ff7f93!8m2!3d15.5441386!4d79.104403?authuser=0&hl=en&rclk=1
Surya Hospital,Hospital,"FR8J+G6G, Kadapa, Andhra Pradesh 516001, India",https://www.google.co.kr/maps/place/Surya+Hospital/data=!4m5!3m4!1s0x3bb373df8915005b:0xc370e305c477b0ee!8m2!3d14.4663043!4d78.8305863?authuser=0&hl=en&rclk=1
Govt Hospital,Hospital,"3628+RRH, Venkatadri Palem, Andhra Pradesh 523327, India",https://www.google.co.kr/maps/place/Govt+Hospital/data=!4m5!3m4!1s0x3bb54feb7c3ff9b5:0x7a88f6b97a6ac01a!8m2!3d16.0520506!4d79.217095?authuser=0&hl=en&rclk=1
"Alla hospital,amaravathi road",Hospital,"6/11, Brodipet, Guntur, Andhra Pradesh 522002, India","https://www.google.co.kr/maps/place/Alla+hospital,amaravathi+road/data=!4m5!3m4!1s0x3a4a7542bfffffff:0xd4b9b938cb61af37!8m2!3d16.3041333!4d80.4340435?authuser=0&hl=en&rclk=1"
Penamaluru Primary health Centre,Hospital,"Government hospital Rd, Penamaluru, Andhra Pradesh 521139, India",https://www.google.co.kr/maps/place/Penamaluru+Primary+health+Centre/data=!4m5!3m4!1s0x3a35fb8169a72499:0xc030d6d8ab24877c!8m2!3d16.4655881!4d80.7168424?authuser=0&hl=en&rclk=1
Andhra Hospital Heart And Brain Institute,Hospital,"tagore chamber,, 29, Nakkala Rd, Governor Peta, Vijayawada, Andhra Pradesh 520002, India",https://www.google.co.kr/maps/place/Andhra+Hospital+Heart+And+Brain+Institute/data=!4m5!3m4!1s0x3a35f0003b121423:0x92a0a427f9d8cf46!8m2!3d16.510797!4d80.6319443?authuser=0&hl=en&rclk=1
Amrutha Hospitals,Hospital,"Old Club Rd, Gunturvari Thota, Kothapeta, Guntur, Andhra Pradesh 522001, India",https://www.google.co.kr/maps/place/Amrutha+Hospitals/data=!4m5!3m4!1s0x3a4a754b97d5204f:0x617195eccd0bb910!8m2!3d16.2986369!4d80.4527173?authuser=0&hl=en&rclk=1
Government Hospital,Hospital,"Kotha Government Hospital Rd, Amaravathi yards, Chenchupet, Tenali, Andhra Pradesh 522201, India",https://www.google.co.kr/maps/place/Government+Hospital/data=!4m5!3m4!1s0x3a4a08a9ddb7306f:0xd663a3d6b3dca9a2!8m2!3d16.244434!4d80.6317983?authuser=0&hl=en&rclk=1
Maharaja District Hospital,Government hospital,"Cantonment, Phase 4, Vizianagaram Cantonment, Vizianagaram, Andhra Pradesh 535003, India",https://www.google.co.kr/maps/place/Maharaja+District+Hospital/data=!4m5!3m4!1s0x3a3be570f280f31b:0x9f7f197af0310d87!8m2!3d18.1107128!4d83.3866177?authuser=0&hl=en&rclk=1
Chandamama Childrens Hospital And Vaccination Center,Children's hospital,"20-7-62, Sundaraiah Bhavan Rd, near APSRTC Depo, Brundavan Nagar, Pandaripuram, Ongole, Andhra Pradesh 523001, India",https://www.google.co.kr/maps/place/Chandamama+Childrens+Hospital+And+Vaccination+Center/data=!4m5!3m4!1s0x3a4b01a70b4c83cf:0x497f08458fc5c31!8m2!3d15.5106985!4d80.0393684?authuser=0&hl=en&rclk=1
Mukhyamantri Aarogya Kendram,Government hospital,"Powerpet, Eluru, Andhra Pradesh 534002, India",https://www.google.co.kr/maps/place/Mukhyamantri+Aarogya+Kendram/data=!4m5!3m4!1s0x3a3614cdc8e49c53:0x51d268aeacab0f60!8m2!3d16.7157094!4d81.1063554?authuser=0&hl=en&rclk=1
Baer Hospital,Hospital,"R88V+R94, Hasthinapuram, Chirala, Andhra Pradesh 523155, India",https://www.google.co.kr/maps/place/Baer+Hospital/data=!4m5!3m4!1s0x3a4a4447618b94bf:0x26bddfae9b9adb7a!8m2!3d15.8170197!4d80.3434602?authuser=0&hl=en&rclk=1
government Hospital,Hospital,"R485+WHC, Panguluru, Andhra Pradesh 523214, India",https://www.google.co.kr/maps/place/government+Hospital/data=!4m5!3m4!1s0x3a4a58a32930bfe9:0x4915fb0f6ad16381!8m2!3d15.8173129!4d80.1088936?authuser=0&hl=en&rclk=1
District Hospital - Eluru,Government hospital,"P37V+HM7, Islampet, Eluru, Andhra Pradesh 534006, India",https://www.google.co.kr/maps/place/District+Hospital+-+Eluru/data=!4m5!3m4!1s0x3a3614b69c189bb1:0x66482566114be68d!8m2!3d16.7139128!4d81.0941782?authuser=0&hl=en&rclk=1
Chebrolu New Government Hospital,Hospital,"Chebrolu, Andhra Pradesh 534411, India",https://www.google.co.kr/maps/place/Chebrolu+New+Government+Hospital/data=!4m5!3m4!1s0x3a36493340a99825:0x77e715e831cb3b7b!8m2!3d16.825184!4d81.3990569?authuser=0&hl=en&rclk=1
Sree Mohan Hospitals,Hospital,"Tirupati Road, Near, RTC bustand, Simhapuri Colony, Kadapa, Andhra Pradesh 516001, India",https://www.google.co.kr/maps/place/Sree+Mohan+Hospitals/data=!4m5!3m4!1s0x3bb3720b8852162b:0x653f8a1c4b02f168!8m2!3d14.4654533!4d78.832804?authuser=0&hl=en&rclk=1
Government Hospital,Hospital,"Grand Trunk Rd, Old Guntur, Guntur, Andhra Pradesh 522001, India",https://www.google.co.kr/maps/place/Government+Hospital/data=!4m5!3m4!1s0x3a4a758769e7af57:0xc0549a9bf20d37ce!8m2!3d16.2922351!4d80.4539078?authuser=0&hl=en&rclk=1
Urban Health Centre,Hospital,"P7QC+433, Markapur, Andhra Pradesh 523316, India",https://www.google.co.kr/maps/place/Urban+Health+Centre/data=!4m5!3m4!1s0x3bb53197a177b689:0x61713c845c13bdb1!8m2!3d15.7377549!4d79.2701866?authuser=0&hl=en&rclk=1
PHC Thotlavalluru,Hospital,"9Q2J+7V8, Thotlavalluru, Andhra Pradesh 521163, India",https://www.google.co.kr/maps/place/PHC+Thotlavalluru/data=!4m5!3m4!1s0x3a35ff96a9869761:0x588983d4f436c8e2!8m2!3d16.3506501!4d80.7821992?authuser=0&hl=en&rclk=1
Vasan Eye Care Hospital,Eye care center,"29-14-44, Prakasam Rd, near Hotel Pushpa, Suryaraopeta, Vijayawada, Andhra Pradesh 520002, India",https://www.google.co.kr/maps/place/Vasan+Eye+Care+Hospital/data=!4m5!3m4!1s0x3a35faaba1e2da5b:0xec7cc140fcfa7324!8m2!3d16.509635!4d80.636845?authuser=0&hl=en&rclk=1
Apollo hospital kakinada,Hospital,"Sharon Nilayam, Gauthami Nagar Rd, Srinivasa Nagar, Vakalapudi, Kakinada, Andhra Pradesh 533005, India",https://www.google.co.kr/maps/place/Apollo+hospital+kakinada/data=!4m5!3m4!1s0x3a38297164822fbd:0x3444877c45cf03e7!8m2!3d16.9605567!4d82.236001?authuser=0&hl=en&rclk=1
Sai Sree Hospital,Hospital,"QH32+93H, Holmus Pet, Proddatur, Andhra Pradesh 516360, India",https://www.google.co.kr/maps/place/Sai+Sree+Hospital/data=!4m5!3m4!1s0x3bb478a414ee9327:0x9d772c8f54d3366f!8m2!3d14.7534252!4d78.5502304?authuser=0&hl=en&rclk=1
AMARA Hospital,Hospital,"SH 31, Karakambadi Rural, Andhra Pradesh 517520, India",https://www.google.co.kr/maps/place/AMARA+Hospital/data=!4m5!3m4!1s0x3a4d49b526af83b1:0x98efce45d62b658d!8m2!3d13.6643359!4d79.5150089?authuser=0&hl=en&rclk=1
Aayush hospital,Hospital,"Vishnu Vardhana Rao St, Suryaraopeta, Governor Peta, Vijayawada, Andhra Pradesh 520002, India",https://www.google.co.kr/maps/place/Aayush+hospital/data=!4m5!3m4!1s0x3a35faaac939cf51:0xaef21dbaf896f9f2!8m2!3d16.5122857!4d80.6343786?authuser=0&hl=en&rclk=1
Guntur Kidney & Multispeciality Hospital,Hospital,"Major District Road, 105, Sitaram Nagar, Guntur, Andhra Pradesh 522001, India",https://www.google.co.kr/maps/place/Guntur+Kidney+%26+Multispeciality+Hospital/data=!4m5!3m4!1s0x3a4a0ab1990b1f73:0xd07014ef8123fc62!8m2!3d16.3044565!4d80.4615997?authuser=0&hl=en&rclk=1
Urban Health Center,Hospital,"Israilpet, manipuram, Guntur, Andhra Pradesh 522001, India",https://www.google.co.kr/maps/place/Urban+Health+Center/data=!4m5!3m4!1s0x3a4a0ab41fa1d947:0x86e904946cdf4097!8m2!3d16.2995891!4d80.4603052?authuser=0&hl=en&rclk=1
DR. N.T.R UNIVERSITY OF HEALTH SCIENCES,University hospital,"ring Near Siddhartha Medical College, Beside New Government General Hospital, near Ramavarappadu, Vijayawada, Andhra Pradesh 520008, India",https://www.google.co.kr/maps/place/DR.+N.T.R+UNIVERSITY+OF+HEALTH+SCIENCES/data=!4m5!3m4!1s0x3a35e52cc21fb7c1:0xf53a50a9aa63121!8m2!3d16.5157351!4d80.6696532?authuser=0&hl=en&rclk=1
Urban Health Center,Hospital,"Israilpet, manipuram, Guntur, Andhra Pradesh 522001, India",https://www.google.co.kr/maps/place/Urban+Health+Center/data=!4m5!3m4!1s0x3a4a0ab41fa1d947:0x86e904946cdf4097!8m2!3d16.2995891!4d80.4603052?authuser=0&hl=en&rclk=1
Ranga Reddy Hospital,Hospital,"Kurnool - Ongole Main Road, Ganesh Nagar St, Giddalur, Andhra Pradesh 523357, India",https://www.google.co.kr/maps/place/Ranga+Reddy+Hospital/data=!4m5!3m4!1s0x3bb4e69dae91a099:0x9a76433d9e18414e!8m2!3d15.3791112!4d78.9316928?authuser=0&hl=en&rclk=1
DR. N.T.R UNIVERSITY OF HEALTH SCIENCES,University hospital,"ring Near Siddhartha Medical College, Beside New Government General Hospital, near Ramavarappadu, Vijayawada, Andhra Pradesh 520008, India",https://www.google.co.kr/maps/place/DR.+N.T.R+UNIVERSITY+OF+HEALTH+SCIENCES/data=!4m5!3m4!1s0x3a35e52cc21fb7c1:0xf53a50a9aa63121!8m2!3d16.5157351!4d80.6696532?authuser=0&hl=en&rclk=1
Thalli Bidda Express,Government hospital,"srikakulam rims, Srikakulam, Andhra Pradesh, India",https://www.google.co.kr/maps/place/Thalli+Bidda+Express/data=!4m5!3m4!1s0x3a3c15dcbc3abea7:0x9500ccea01fd693f!8m2!3d18.3121653!4d83.8869949?authuser=0&hl=en&rclk=1
Government Hospital,Hospital,"Goverment Hospital Rd, Kacheri Savidi, Poduru, Andhra Pradesh 534327, India",https://www.google.co.kr/maps/place/Government+Hospital/data=!4m5!3m4!1s0x3a37c4ebe3a285e9:0x914ca9ad7578bc72!8m2!3d16.5882694!4d81.7516091?authuser=0&hl=en&rclk=1
Guntur GGH OP Block,Hospital,"Railpet, Guntur, Andhra Pradesh 522001, India",https://www.google.co.kr/maps/place/Guntur+GGH+OP+Block/data=!4m5!3m4!1s0x3a4a7548a23b661d:0x165cd96c0291ae81!8m2!3d16.2997934!4d80.4436494?authuser=0&hl=en&rclk=1
Jagadeesh Neuro Care,Hospital,"2/384, Railway Station Rd, opposite CSI High School, Maria Puram, Kadapa, Andhra Pradesh 516001, India",https://www.google.co.kr/maps/place/Jagadeesh+Neuro+Care/data=!4m5!3m4!1s0x3bb3721181f93dd7:0x89346e50e9a0055!8m2!3d14.4702787!4d78.8236616?authuser=0&hl=en&rclk=1
Blood Bank,Hospital,"FVHV+W25, Piduguralla, Andhra Pradesh 522413, India",https://www.google.co.kr/maps/place/Blood+Bank/data=!4m5!3m4!1s0x3a356fe9bce12179:0xc28f873d3229f4a3!8m2!3d16.479765!4d79.8926049?authuser=0&hl=en&rclk=1
GSL Medical College & General Hospital,Medical school,"NH16, Lakshmi Puram, Rajahmundry, Andhra Pradesh 533296, India",https://www.google.co.kr/maps/place/GSL+Medical+College+%26+General+Hospital/data=!4m5!3m4!1s0x3a379f6d96b589a5:0xf2821f664f7af77d!8m2!3d17.067489!4d81.8843972?authuser=0&hl=en&rclk=1
Vijaya Hospital,Hospital,"Amaravathi Road, near Lodge Center, Guntur, 522007, India",https://www.google.co.kr/maps/place/Vijaya+Hospital/data=!4m5!3m4!1s0x3a4a755c607400bb:0x6a927484411fe5f1!8m2!3d16.3087348!4d80.4368547?authuser=0&hl=en&rclk=1
RAMESH HOSPITALS,Medical clinic,"Uppu Rama Rao St, Ramachandra Rao Pet, Eluru, Andhra Pradesh 534002, India",https://www.google.co.kr/maps/place/RAMESH+HOSPITALS/data=!4m5!3m4!1s0x3a3614c8fc566217:0xd148ebabd8fe2fa8!8m2!3d16.7111146!4d81.1008053?authuser=0&hl=en&rclk=1
government hospital,Hospital,"9WCR+5WH, Nekarikallu, Andhra Pradesh 522615, India",https://www.google.co.kr/maps/place/government+hospital/data=!4m5!3m4!1s0x3a357c960f658b33:0xf13a251cc503ed62!8m2!3d16.3704378!4d79.9423701?authuser=0&hl=en&rclk=1
ECHS Polyclinic,Hospital,"Visakhapatnam, Nausena Baugh, Visakhapatnam, Andhra Pradesh 530005, India",https://www.google.co.kr/maps/place/ECHS+Polyclinic/data=!4m5!3m4!1s0x3a3969d63b0b119d:0x5f73d7a3393a4217!8m2!3d17.6874312!4d83.2497785?authuser=0&hl=en&rclk=1
Doctors Plaza,Hospital,"62MW+W55, Arundelpet, Narasaraopeta, Andhra Pradesh 522601, India",https://www.google.co.kr/maps/place/Doctors+Plaza/data=!4m5!3m4!1s0x3a4a81cd30173d51:0x9c07156d8e343ca5!8m2!3d16.2347519!4d80.0454768?authuser=0&hl=en&rclk=1
ECHS Polyclinic,Hospital,"GJ8M+HV4, Durga Agraharam, Arundalpet, Governor Peta, Vijayawada, Andhra Pradesh 520002, India",https://www.google.co.kr/maps/place/ECHS+Polyclinic/data=!4m5!3m4!1s0x3a35e555a54c3d61:0x8c89147f2580edcc!8m2!3d16.5163955!4d80.6347132?authuser=0&hl=en&rclk=1
Madhava Multispeciality Hospital,Hospital,"Behind RTC bus stand, Addanki, Andhra Pradesh 523201, India",https://www.google.co.kr/maps/place/Madhava+Multispeciality+Hospital/data=!4m5!3m4!1s0x3a4af1c6efa1afef:0x27219ef3b99561d1!8m2!3d15.8095537!4d79.9762225?authuser=0&hl=en&rclk=1
Katuri Medical College And Hospital,College,"Katuri Health City, Andhra Pradesh 522019, India",https://www.google.co.kr/maps/place/Katuri+Medical+College+And+Hospital/data=!4m5!3m4!1s0x3a4a75412792315b:0xade1589efed34074!8m2!3d16.2256199!4d80.3080419?authuser=0&hl=en&rclk=1
Teja,Medical Center,"8C77+8GC, Pattabhipuram, Guntur, Andhra Pradesh 522006, India",https://www.google.co.kr/maps/place/Teja/data=!4m5!3m4!1s0x3a4a757ef869c79d:0x8a58693fdc89424a!8m2!3d16.3133109!4d80.4137574?authuser=0&hl=en&rclk=1
Conquer Hospital,Dental clinic,"DNO: 12-9-23/A, D.N.R hospital, Sivalayam St, Kothapeta, Guntur, Andhra Pradesh 522001, India",https://www.google.co.kr/maps/place/Conquer+Hospital/data=!4m5!3m4!1s0x3a4a75005741f4a1:0xf46a7ef4cfc63567!8m2!3d16.3005335!4d80.4485353?authuser=0&hl=en&rclk=1
Primary Health Centre - Vijayapuram,Government hospital,"Vijayapuram, Andhra Pradesh 517586, India",https://www.google.co.kr/maps/place/Primary+Health+Centre+-+Vijayapuram/data=!4m5!3m4!1s0x3a52a1a6bae9a791:0x8fa66589dafb5e6f!8m2!3d13.2714232!4d79.6999214?authuser=0&hl=en&rclk=1
Clove Dental,Dental clinic,"D. No.10-1-14/1, First Floor Beside Green Apple Hotel, Gajuwaka, Visakhapatnam, Andhra Pradesh 530026, India",https://www.google.co.kr/maps/place/Clove+Dental/data=!4m5!3m4!1s0x3a396904b31b905d:0xab4f363660a13589!8m2!3d17.6832192!4d83.2052301?authuser=0&hl=en&rclk=1
Nimra Institute of Medical Sciences,College,"4-90, Nimra Nagar, Ibrahimpatnam, Jupudi, Vijayawada, Andhra Pradesh 521456, India",https://www.google.co.kr/maps/place/Nimra+Institute+of+Medical+Sciences/data=!4m5!3m4!1s0x3a35eb814286faff:0x10d76844331788fc!8m2!3d16.6061552!4d80.5037302?authuser=0&hl=en&rclk=1
Clove Dental,Dental clinic,"Omni RK Hospital, Ground Floor, Waltair Main Rd, opp. Lions Club, Ram Nagar, Visakhapatnam, Andhra Pradesh 530002, India",https://www.google.co.kr/maps/place/Clove+Dental/data=!4m5!3m4!1s0x3a39431ef1433e87:0xf7d1a48975cbce48!8m2!3d17.7187659!4d83.3114179?authuser=0&hl=en&rclk=1
NRI Academy of Medical Sciences,Medical school,"Mangalagiri Road, Chinakakani, Guntur, Andhra Pradesh 522503, India",https://www.google.co.kr/maps/place/NRI+Academy+of+Medical+Sciences/data=!4m5!3m4!1s0x3a35f6b2854131df:0x71642f07c0ac73f0!8m2!3d16.4135701!4d80.5556765?authuser=0&hl=en&rclk=1
RAMAKRISHNA DENTAL HOSPITAL,Dental clinic,"Chivukula, Patti Vari St, Ongole, Andhra Pradesh 523001, India",https://www.google.co.kr/maps/place/RAMAKRISHNA+DENTAL+HOSPITAL/data=!4m5!3m4!1s0x3a4b017822150719:0x992410134d5d75d7!8m2!3d15.5135748!4d80.0440215?authuser=0&hl=en&rclk=1
Clove Dental,Dental clinic,"No. 5, First Floor, Above HDFC Bank Beside Nagarjuna Hospital, NTR Marg, Kanuru, Vijayawada, Andhra Pradesh 520007, India",https://www.google.co.kr/maps/place/Clove+Dental/data=!4m5!3m4!1s0x3a35fb6f7eb64795:0x253b0c5979ae05ba!8m2!3d16.4870771!4d80.6837036?authuser=0&hl=en&rclk=1
Andhra Pradesh Vaidya Vidhana Parishad Office Of The District Coordinator Of Hospital Services,Government office,"P37V+2VQ, Islampet, Eluru, Andhra Pradesh 534006, India",https://www.google.co.kr/maps/place/Andhra+Pradesh+Vaidya+Vidhana+Parishad+Office+Of+The+District+Coordinator+Of+Hospital+Services/data=!4m5!3m4!1s0x3a3614b68aa51315:0x1db32ac2899e6315!8m2!3d16.712575!4d81.0947448?authuser=0&hl=en&rclk=1
INDIAN MEDICAL ASSOCIATION,Function room facility,"F3X2+5G4, Santhapet, Ongole, Andhra Pradesh 523001, India",https://www.google.co.kr/maps/place/INDIAN+MEDICAL+ASSOCIATION/data=!4m5!3m4!1s0x3a4b011d2fd17769:0xdf4ebb2a77f8e971!8m2!3d15.497884!4d80.051331?authuser=0&hl=en&rclk=1
Sri Krishna Hospital,Hospital,"2X4Q+6RG, Porumamilla, Andhra Pradesh 516193, India",https://www.google.co.kr/maps/place/Sri+Krishna+Hospital/data=!4m5!3m4!1s0x3bb4964eea0d20b7:0xcd322b0b0b9ca1ce!8m2!3d15.0055586!4d78.9895861?authuser=0&hl=en&rclk=1
"ESIC Regional Office(Ministry of Labour and Employment, Govt. Of India))",Regional government office,"8C/1,, 51-1-8C/1, ESI Rd, Veterinary Colony, Vijayawada, Andhra Pradesh 520004, India","https://www.google.co.kr/maps/place/ESIC+Regional+Office(Ministry+of+Labour+and+Employment,+Govt.+Of+India))/data=!4m5!3m4!1s0x3a35e52e13558e45:0x45e72aeee2d0edc7!8m2!3d16.5211579!4d80.6673567?authuser=0&hl=en&rclk=1"
Sri Venkateswara Institute of Medical Sciences (SVIMS),Medical school,"Alipiri Rd, Sri Padmavati Mahila Visvavidyalayam, Tirupati, Andhra Pradesh 517507, India",https://www.google.co.kr/maps/place/Sri+Venkateswara+Institute+of+Medical+Sciences+(SVIMS)/data=!4m5!3m4!1s0x3a4d4b1f9e4747bd:0x6a97886f65cbd8c8!8m2!3d13.6379378!4d79.4039118?authuser=0&hl=en&rclk=1
All India Institute of Medical Sciences,Medical school,"CHVM+RWF, Mangalagiri, Andhra Pradesh 522503, India",https://www.google.co.kr/maps/place/All+India+Institute+of+Medical+Sciences/data=!4m5!3m4!1s0x3a35f11ef1f92a11:0xf34033041f131ef3!8m2!3d16.4445629!4d80.5848103?authuser=0&hl=en&rclk=1
Veterinary Hospital,Animal hospital,"J2CC+JQ8, Maddipadu, Andhra Pradesh 523211, India",https://www.google.co.kr/maps/place/Veterinary+Hospital/data=!4m5!3m4!1s0x3a4aff5f401cffcd:0xc836181f18a03a32!8m2!3d15.6215262!4d80.0219638?authuser=0&hl=en&rclk=1
Mahatma Gandhi Institute For Comprehensive Mental Healthcare,Psychiatrist,"opp. Sanjeevini Medical Complex, Kakumanu Vari Thota, Kothapeta, Guntur, Andhra Pradesh 522001, India",https://www.google.co.kr/maps/place/Mahatma+Gandhi+Institute+For+Comprehensive+Mental+Healthcare/data=!4m5!3m4!1s0x3a4a0acc0000003f:0x4e99aa9c9d03d!8m2!3d16.2987614!4d80.4478812?authuser=0&hl=en&rclk=1
Raasi Hospital,Hospital,"Vishnupuram Station Rd, Wadapally, Telangana 508355, India",https://www.google.co.kr/maps/place/Raasi+Hospital/data=!4m5!3m4!1s0x3a353928cb8cd52b:0xd92f7d5b1a246b60!8m2!3d16.7040807!4d79.6407044?authuser=0&hl=en&rclk=1
Haailand,,"NH-5, Near NRI Hospital, Mangalagiri Mandal, Chinakakani, Andhra Pradesh 522503, India",https://www.google.co.kr/maps/place/Haailand/data=!4m5!3m4!1s0x3a35f403b1472beb:0x6c121ba303bc67ba!8m2!3d16.407115!4d80.541425?authuser=0&hl=en&rclk=1
Dr. P Ramesh Babu,Cardiologist,"ITI Rd, Jayaprakash Nagar, Vijayawada, Andhra Pradesh 520008, India",https://www.google.co.kr/maps/place/Dr.+P+Ramesh+Babu/data=!4m5!3m4!1s0x3a35fac99676d655:0xcf5e0387759abcfa!8m2!3d16.5057079!4d80.6601191?authuser=0&hl=en&rclk=1
GAYATHRI TOWERS,Apartment building,"Near old santha, CR Colony, Chilakaluripet, Andhra Pradesh 522616, India",https://www.google.co.kr/maps/place/GAYATHRI+TOWERS/data=!4m5!3m4!1s0x3a4a63320c8cc00f:0xe4fcd701f5655b50!8m2!3d16.0993991!4d80.1643167?authuser=0&hl=en&rclk=1
Alluri Sitarama Raju Academy of Medical Sciences,College,"Malkapuram, West Godavari NH-5, Vijayawada, Visakapatnam Road, Eluru, Andhra Pradesh 534005, India",https://www.google.co.kr/maps/place/Alluri+Sitarama+Raju+Academy+of+Medical+Sciences/data=!4m5!3m4!1s0x3a366ab8fb9fe969:0xea03fb4aabf8e911!8m2!3d16.7364625!4d81.1436586?authuser=0&hl=en&rclk=1
Blood Bank,Blood bank,"A, Kothapet, Sangadigunta, Guntur, Andhra Pradesh 522001, India",https://www.google.co.kr/maps/place/Blood+Bank/data=!4m5!3m4!1s0x3a4a754967055df3:0xa0d1c5d6496e226c!8m2!3d16.2988402!4d80.4488572?authuser=0&hl=en&rclk=1
Sri Padmavathi Medical College for Women,Womens college,"Alipiri Road Beside Bharathiya Vidya Bhavan School SVIMS University, Andhra Pradesh 517507, India",https://www.google.co.kr/maps/place/Sri+Padmavathi+Medical+College+for+Women/data=!4m5!3m4!1s0x3a4d4b5cd228dc89:0x66002d6bbbe02cf3!8m2!3d13.6395705!4d79.4005262?authuser=0&hl=en&rclk=1
Neelima Hair Styles Narasaraopet,Doctor,"SH 45, Srirampuram, Varavakatta, Narasaraopeta, Andhra Pradesh 522601, India",https://www.google.co.kr/maps/place/Neelima+Hair+Styles+Narasaraopet/data=!4m5!3m4!1s0x3a4a811c0965ee75:0xb5736f4b423abe2e!8m2!3d16.23641!4d80.04814?authuser=0&hl=en&rclk=1
Suresh babu hospital,Orthopedic surgeon,"Netaji Nagar 2nd Line, Ponnur, Andhra Pradesh 522124, India",https://www.google.co.kr/maps/place/Suresh+babu+hospital/data=!4m5!3m4!1s0x3a4a11c090f93fb3:0x56a53f8c5ff2066e!8m2!3d16.0649668!4d80.5522701?authuser=0&hl=en&rclk=1
Government General Hospital,Hospital,"MH7V+6MM, Sharada Nagar, Bikasipura, Bengaluru, Andhra Pradesh 515002, India",https://www.google.co.kr/maps/place/Government+General+Hospital/data=!4m5!3m4!1s0x3bb14aefcfffffff:0xdffa594195c81a85!8m2!3d14.6630954!4d77.5941783?authuser=0&hl=en&rclk=1
"Government general hospital, kadapa",College,"CVM7+7QW, Puttampalli, Andhra Pradesh 516002, India","https://www.google.co.kr/maps/place/Government+general+hospital,+kadapa/data=!4m5!3m4!1s0x3bb5ddc0d8ce48ab:0xbf2dea498a566ed5!8m2!3d14.433236!4d78.8644499?authuser=0&hl=en&rclk=1"
Bungalow Road,,"RX4F+XMQ, NSP Colony, Addanki, Andhra Pradesh 523201, India",https://www.google.co.kr/maps/place/Bungalow+Road/data=!4m5!3m4!1s0x3a4af112a3ed321f:0x312dc092d1efae39!8m2!3d15.807452!4d79.974238?authuser=0&hl=en&rclk=1
ESI Dispensary,Pharmacy,"1st Lane Devapuram Opp SBI Brindavan Gardens, Krishna Nagar, Guntur, Andhra Pradesh 522002, India",https://www.google.co.kr/maps/place/ESI+Dispensary/data=!4m5!3m4!1s0x3a4a756506cf98d9:0x24c8e6fa9a84d443!8m2!3d16.3076044!4d80.4240723?authuser=0&hl=en&rclk=1
Veterinary Hospital,Hospital department,"P2CJ+C3P, Somavarappadu, Andhra Pradesh 523212, India",https://www.google.co.kr/maps/place/Veterinary+Hospital/data=!4m5!3m4!1s0x3a4af98f3c6c3cf7:0x65266f8b68943f0d!8m2!3d15.7210947!4d80.030193?authuser=0&hl=en&rclk=1
India Kids School,School,"G23Q+F33, Lawyer Pet, Ongole, Andhra Pradesh 523001, India",https://www.google.co.kr/maps/place/India+Kids+School/data=!4m5!3m4!1s0x3a4b01094c688def:0x3c5463c077febc8e!8m2!3d15.5036432!4d80.0376799?authuser=0&hl=en&rclk=1
Govt Hospital,Government office,"Chintalacheruvu - Nagireddy Palle Rd, Kurichedu, Andhra Pradesh 523304, India",https://www.google.co.kr/maps/place/Govt+Hospital/data=!4m5!3m4!1s0x3a4ab90d2cc42e5b:0xbd11eb001b6ebca4!8m2!3d15.9078822!4d79.5817762?authuser=0&hl=en&rclk=1
New India Assurance Co.Ltd.,Insurance company,"2nd Floor, BSN Estates, Hospital Road, Andhra Pradesh 515001, India",https://www.google.co.kr/maps/place/New+India+Assurance+Co.Ltd./data=!4m5!3m4!1s0x3bb14ade86df4ebf:0x94f6ed68ffa0f44d!8m2!3d14.6773449!4d77.6025467?authuser=0&hl=en&rclk=1
Kothamas Dental Care by Dr.Praneeth Kumar Orthodontist,Dental clinic,"Main Rd, opposite Women's College, Sambasiva Pet, Guntur, Andhra Pradesh 522001, India",https://www.google.co.kr/maps/place/Kothamas+Dental+Care+by+Dr.Praneeth+Kumar+Orthodontist/data=!4m5!3m4!1s0x3a4a7548652b50df:0xc188d80680f472d7!8m2!3d16.2968318!4d80.4443612?authuser=0&hl=en&rclk=1
Guntur Medical College,Medical school,"Kanna Vari Thota, Guntur, Andhra Pradesh 522004, India",https://www.google.co.kr/maps/place/Guntur+Medical+College/data=!4m5!3m4!1s0x3a4a75412e045989:0xc03cfe2935112131!8m2!3d16.2982124!4d80.4383123?authuser=0&hl=en&rclk=1
"Asram Medical College Eluru, Andhra Pradesh.",Medical school,"NH-5 Visakapatnam, Road, Eluru, Andhra Pradesh 534005, India","https://www.google.co.kr/maps/place/Asram+Medical+College+Eluru,+Andhra+Pradesh./data=!4m5!3m4!1s0x3a366ab85ebe1adf:0xafee0b3435db2a9f!8m2!3d16.7361578!4d81.1433075?authuser=0&hl=en&rclk=1"
IDP Education Vijayawada - Study Abroad Consultant,Educational institution,"Second Floor Nagas Hafeez Plaza 40-1, 62, MG Rd, beside Srikara Hospital, Benz Circle, Vijayawada, Andhra Pradesh 520010, India",https://www.google.co.kr/maps/place/IDP+Education+Vijayawada+-+Study+Abroad+Consultant/data=!4m5!3m4!1s0x3a35fab8f0517bad:0x452014692f3c370a!8m2!3d16.4976831!4d80.6554312?authuser=0&hl=en&rclk=1
Indian Hospitals Corporation Limited,General hospital,"22, Greams Rd, Thousand Lights East, Thousand Lights, Chennai, Tamil Nadu 600006, India",https://www.google.co.kr/maps/place/Indian+Hospitals+Corporation+Limited/data=!4m5!3m4!1s0x3a5266442944ea53:0x83062871423229ed!8m2!3d13.0576824!4d80.2553425?authuser=0&hl=en&rclk=1
Post Office,Post office,"Next to ILTD Workers' Society Office, ILTD Colony, Kothapeta, Vadarevu Rd, ILTD Colony, Kothapeta, Chirala, Andhra Pradesh 523157, India",https://www.google.co.kr/maps/place/Post+Office/data=!4m5!3m4!1s0x3a4a46a25750f56f:0xc6cc311c9c49b548!8m2!3d15.8282549!4d80.3739059?authuser=0&hl=en&rclk=1
Bata Showroom,Shoe store,"B7, B7 Dental Hospital Building 29, 125, Eluru Rd, Vijayatakies Centre, Arundalpet, Governor Peta, Vijayawada, Andhra Pradesh 520002, India",https://www.google.co.kr/maps/place/Bata+Showroom/data=!4m5!3m4!1s0x3a35efff8ad1a185:0xcd90eb27b451dc4c!8m2!3d16.5141854!4d80.6326095?authuser=0&hl=en&rclk=1
AMG India International,Social services organization,"D.No. 5 - 728, National Highway - 16, Chilakaluripet, Guntur, Andhra Pradesh 522616, India",https://www.google.co.kr/maps/place/AMG+India+International/data=!4m5!3m4!1s0x3a4a6346e10fe7d1:0x9c1236215e31d7bb!8m2!3d16.1040577!4d80.1694673?authuser=0&hl=en&rclk=1
Dental Equipments Sales& Services,Dental school,"Sibar dental college, Takkellapadu, Guntur, Andhra Pradesh 522509, India",https://www.google.co.kr/maps/place/Dental+Equipments+Sales%26+Services/data=!4m5!3m4!1s0x3a4a0a8c19c76813:0x709d046168060259!8m2!3d16.3015701!4d80.4932444?authuser=0&hl=en&rclk=1
"Aravind eye care center,Soundarya Opticals.",Optical wholesaler,"R K, R K Nagar, Maria Puram, Co-operative Colony, Kadapa, Andhra Pradesh 516001, India","https://www.google.co.kr/maps/place/Aravind+eye+care+center,Soundarya+Opticals./data=!4m5!3m4!1s0x3bb37204b7e053ef:0x5907f7eb69b45856!8m2!3d14.4772238!4d78.8275678?authuser=0&hl=en&rclk=1"
State Bank of India - Main Branch,Bank,"Register Office Road, opposite Kondareddy Hospital, Sattenapalle, Andhra Pradesh 522403, India",https://www.google.co.kr/maps/place/State+Bank+of+India+-+Main+Branch/data=!4m5!3m4!1s0x3a35817d8760514b:0xb55b840475002215!8m2!3d16.3972842!4d80.1507863?authuser=0&hl=en&rclk=1
Katuri Medical College And Hospital Blood Bank,Blood donation center,"Chinakondrupadu, Andhra Pradesh 522019, India",https://www.google.co.kr/maps/place/Katuri+Medical+College+And+Hospital+Blood+Bank/data=!4m5!3m4!1s0x3a4a7731aab0e22b:0xedc360d71d84fc41!8m2!3d16.227015!4d80.307441?authuser=0&hl=en&rclk=1
Dr Vijaya Bhaskar,Doctor,"Near Rtc Bus Stand, Kothapet, Kothapet, Guntur, Andhra Pradesh 520001, India",https://www.google.co.kr/maps/place/Dr+Vijaya+Bhaskar/data=!4m5!3m4!1s0x3a4a7541e9706ad9:0x11262610f221da68!8m2!3d16.3066525!4d80.4365402?authuser=0&hl=en&rclk=1
Apollo Pharmacy,Pharmacy,"No 37/1, 169, Sundaraiah Bhavan Rd, opposite Samatha Hospital, Brundavan Nagar, Pandaripuram, Ongole, Andhra Pradesh 523002, India",https://www.google.co.kr/maps/place/Apollo+Pharmacy/data=!4m5!3m4!1s0x3a4b00e324555555:0xe45ca389a4dc1933!8m2!3d15.5117906!4d80.0398247?authuser=0&hl=en&rclk=1
Bank Of India ATM- Vijayawada Branch,ATM,"VINS Hospital Complex Eluru Road Vijaya Talkies Centre, Vijayawada, Andhra Pradesh 520002, India",https://www.google.co.kr/maps/place/Bank+Of+India+ATM-+Vijayawada+Branch/data=!4m5!3m4!1s0x3a35e55560631a8f:0x21792ecf4acb8ff1!8m2!3d16.5141894!4d80.6328262?authuser=0&hl=en&rclk=1
Rajiv Gandhi Institute of Medical Sciences,College,"Hudco Colony, Balaga, Srikakulam, Andhra Pradesh 532001, India",https://www.google.co.kr/maps/place/Rajiv+Gandhi+Institute+of+Medical+Sciences/data=!4m5!3m4!1s0x3a3c14d891c6efa9:0x8fc7d329dd1f4bfc!8m2!3d18.3143575!4d83.8888555?authuser=0&hl=en&rclk=1
Apollo,Pharmacy,"NH216, Lakshmi Weevers Colony, Cherukupalli, Andhra Pradesh 522309, India",https://www.google.co.kr/maps/place/Apollo/data=!4m5!3m4!1s0x3a4a1bd9cfec55ad:0xa481c70a4b207522!8m2!3d16.0487933!4d80.6798608?authuser=0&hl=en&rclk=1
Care Dental College,Dental school,"NH5, Guntur-Chennai Highway, Ankireddy Palem Post,, Guntur, Andhra Pradesh 522005, India",https://www.google.co.kr/maps/place/Care+Dental+College/data=!4m5!3m4!1s0x3a4a75ce016e4299:0xe8f867d1d58162a!8m2!3d16.2742172!4d80.3772523?authuser=0&hl=en&rclk=1
M/S. Apollo Hospital Heart & Kidney Centre Blood Bank,Blood donation center,"Ram Nagar, Visakhapatnam, Andhra Pradesh 530002, India",https://www.google.co.kr/maps/place/M%2FS.+Apollo+Hospital+Heart+%26+Kidney+Centre+Blood+Bank/data=!4m5!3m4!1s0x3a3943169cc0690b:0x1d88d7ccec124267!8m2!3d17.717084!4d83.309208?authuser=0&hl=en&rclk=1
Rims Medical College,College,"F2PW+GC8, Ramnagar, Ongole, Andhra Pradesh 523001, India",https://www.google.co.kr/maps/place/Rims+Medical+College/data=!4m5!3m4!1s0x3a4b0118e569ec6f:0x1d95f3be9abf2958!8m2!3d15.4862772!4d80.0460717?authuser=0&hl=en&rclk=1
STAR HEALTH & ALLIED INSURANCE CO.LTD,Insurance agency,"Ramamohana Roy Rd, beside Raymond show room, Muntha vari Centre, Chirala, Andhra Pradesh 523156, India",https://www.google.co.kr/maps/place/STAR+HEALTH+%26+ALLIED+INSURANCE+CO.LTD/data=!4m5!3m4!1s0x3a4a44179093bd37:0xb187c10a96918853!8m2!3d15.8258982!4d80.3506349?authuser=0&hl=en&rclk=1
studio habitare(s-hab),Architecture firm,"Sundharayya Nagar, Andhra Pradesh 522501, India",https://www.google.co.kr/maps/place/studio+habitare(s-hab)/data=!4m5!3m4!1s0x3a35f10e3836c07f:0x6020e10b5cc24716!8m2!3d16.4832537!4d80.618056?authuser=0&hl=en&rclk=1
Andhra Pradesh Medical Council,Medical group,"2nd Floor Dr. NTR University of Health Sciences, ESI Rd, Vijayawada, Andhra Pradesh 520008, India",https://www.google.co.kr/maps/place/Andhra+Pradesh+Medical+Council/data=!4m5!3m4!1s0x3a35e52ce4c6a641:0x20b0f717cc284abf!8m2!3d16.5162926!4d80.6693338?authuser=0&hl=en&rclk=1
Takkellapadu,,,https://www.google.co.kr/maps/place/Takkellapadu/data=!4m5!3m4!1s0x3a4a0a8518827b7d:0xf53104b170c9acaa!8m2!3d16.3110776!4d80.491047?authuser=0&hl=en&rclk=1
Apollo Pharmacy,Pharmacy,"No 12, 11/86/D, 3rd Ln, opposite Veena Hospital, Ramiredyy Thota, Kothapeta, Guntur, Andhra Pradesh 522001, India",https://www.google.co.kr/maps/place/Apollo+Pharmacy/data=!4m5!3m4!1s0x3a4a75133c0722e3:0x6f46bce5e5380ba9!8m2!3d16.3040645!4d80.4311382?authuser=0&hl=en&rclk=1
Samsung Service Center,Mobile phone repair shop,"992, 1st Floor, opp Nikhil Hospital, Bank St, Narasaraopeta, Andhra Pradesh 522601, India",https://www.google.co.kr/maps/place/Samsung+Service+Center/data=!4m5!3m4!1s0x3a4a8119557a2d53:0xb596f85bfb3c5141!8m2!3d16.2339513!4d80.0455187?authuser=0&hl=en&rclk=1
LIC of India - Customer Support & Service,Life insurance agency,"Palnadu Rd, near padmaja hospital, Kothapeta, Vinukonda, Andhra Pradesh 522647, India",https://www.google.co.kr/maps/place/LIC+of+India+-+Customer+Support+%26+Service/data=!4m5!3m4!1s0x3a4abd695a446875:0x85333f7d9a6f395!8m2!3d16.0571788!4d79.7397263?authuser=0&hl=en&rclk=1
SIRI ROPES AND NETS,Fishing store,"5-412, 1St Line, Venkateswara Nagar Opp Chemakurthi Eye hospital, Kurnool Rd, Ongole, Andhra Pradesh 523001, India",https://www.google.co.kr/maps/place/SIRI+ROPES+AND+NETS/data=!4m5!3m4!1s0x3a4b01a4052597df:0xe97eac63df886b20!8m2!3d15.5152983!4d80.0373057?authuser=0&hl=en&rclk=1
Post Office,Post office,"near, Anjireddy Hospital Rd, Piduguralla, Andhra Pradesh 522413, India",https://www.google.co.kr/maps/place/Post+Office/data=!4m5!3m4!1s0x3a356f8a388dd047:0x9d36349a4c13aef7!8m2!3d16.4783057!4d79.8930623?authuser=0&hl=en&rclk=1
SIRI ROPES AND NETS,Fishing store,"5-412, 1St Line, Venkateswara Nagar Opp Chemakurthi Eye hospital, Kurnool Rd, Ongole, Andhra Pradesh 523001, India",https://www.google.co.kr/maps/place/SIRI+ROPES+AND+NETS/data=!4m5!3m4!1s0x3a4b01a4052597df:0xe97eac63df886b20!8m2!3d15.5152983!4d80.0373057?authuser=0&hl=en&rclk=1
Post Office,Post office,"near, Anjireddy Hospital Rd, Piduguralla, Andhra Pradesh 522413, India",https://www.google.co.kr/maps/place/Post+Office/data=!4m5!3m4!1s0x3a356f8a388dd047:0x9d36349a4c13aef7!8m2!3d16.4783057!4d79.8930623?authuser=0&hl=en&rclk=1
LITTLE VILLAGE,,"Junction Flyover, opp. NRI Y, Mangalagiri, Andhra Pradesh 522503, India",https://www.google.co.kr/maps/place/LITTLE+VILLAGE/data=!4m5!3m4!1s0x3a35f6b28e8f647b:0x54162cbc61bcac0!8m2!3d16.4118012!4d80.5603302?authuser=0&hl=en&rclk=1
India Post,Post office,"7CWX+9WW, Kothapeta, Guntur, Andhra Pradesh 522001, India",https://www.google.co.kr/maps/place/India+Post/data=!4m5!3m4!1s0x3a4a754a185e2173:0x9652608ca03f076b!8m2!3d16.29599!4d80.4498409?authuser=0&hl=en&rclk=1
RELIANCE DIGITAL,Electronics store,"Anjireddy Hospital Rd, Piduguralla, Andhra Pradesh 522413, India",https://www.google.co.kr/maps/place/RELIANCE+DIGITAL/data=!4m5!3m4!1s0x3a356f08c1ccbe0f:0x8964b20698a4d925!8m2!3d16.4788265!4d79.8938998?authuser=0&hl=en&rclk=1
