Company_Name,Category,Address,Url
"ILS Hospitals, Agartala",General hospital,"Capital Complex Extension P.O - New Secretariat, Agartala, Tripura 799010, India","https://www.google.co.kr/maps/place/ILS+Hospitals,+Agartala/data=!4m5!3m4!1s0x3753f14d1a5ccdad:0x1d6e81bdd9eaa78c!8m2!3d23.867536!4d91.289606?authuser=0&hl=en&rclk=1"
Agartala Hospital & Research Centre Pvt Ltd,Hospital,"9a, Mantribari Rd, Battala, Agartala, Tripura 799001, India",https://www.google.co.kr/maps/place/Agartala+Hospital+%26+Research+Centre+Pvt+Ltd/data=!4m5!3m4!1s0x3753f412b99034d3:0x2c37f77ec2766cda!8m2!3d23.8302762!4d91.2785302?authuser=0&hl=en&rclk=1
"Dhalai District Hospital,Kulai",Government hospital,"Dist, Purba Nalichhara, Tripura 799278, India","https://www.google.co.kr/maps/place/Dhalai+District+Hospital,Kulai/data=!4m5!3m4!1s0x3753d2adfeff58f7:0x279d18e725b96237!8m2!3d23.9548798!4d91.8252288?authuser=0&hl=en&rclk=1"
"District Hospital, Dharmanagar, North Tripura",Hospital,"95Q5+X43, Chandrapur, Dharmanagar, Tripura 799251, India","https://www.google.co.kr/maps/place/District+Hospital,+Dharmanagar,+North+Tripura/data=!4m5!3m4!1s0x3751ecc77c92b9cb:0x5104dc9375ae5e91!8m2!3d24.3898786!4d92.1578064?authuser=0&hl=en&rclk=1"
District Hospital - Gomati Tripura,Hospital,"Dist omati, Shillong - Agartala - Sabrum Rd, Radhakishorepur R.F., Tripura 799114, India",https://www.google.co.kr/maps/place/District+Hospital+-+Gomati+Tripura/data=!4m5!3m4!1s0x375399e583b72c25:0xbc41d9612b1118fb!8m2!3d23.5544771!4d91.4556067?authuser=0&hl=en&rclk=1
tripura Medical College,Hospital,"Hapania, Agartala, Tripura 799003, India",https://www.google.co.kr/maps/place/tripura+Medical+College/data=!4m5!3m4!1s0x3753f550d9ffabc7:0xc454ecc09e171066!8m2!3d23.7999356!4d91.2457771?authuser=0&hl=en&rclk=1
"District Hospital,South Tripura",Hospital,"Trijunction, Bagafa Rd, Santirbazar, Tripura 799144, India","https://www.google.co.kr/maps/place/District+Hospital,South+Tripura/data=!4m5!3m4!1s0x37530bc61ae650f3:0xca315a423254c0ed!8m2!3d23.3142658!4d91.5831544?authuser=0&hl=en&rclk=1"
Tripura Sundari Hospital,Hospital,"Dak Bunglow Rd, Udaipur, Tripura 799120, India",https://www.google.co.kr/maps/place/Tripura+Sundari+Hospital/data=!4m5!3m4!1s0x375398415bcc178d:0x4a83d9c618fab71c!8m2!3d23.5363599!4d91.4974344?authuser=0&hl=en&rclk=1
"University Hospital, Tripura University",University hospital,"University campus, Tripura University, Suryamani Nagar, Tripura, India","https://www.google.co.kr/maps/place/University+Hospital,+Tripura+University/data=!4m5!3m4!1s0x3753f4cca3a8784b:0x8fce2a986d780fcc!8m2!3d23.7593916!4d91.2645911?authuser=0&hl=en&rclk=1"
Bishramganj Hospital,Hospital,"Shillong - Agartala - Sabrum Rd, Hospital Tilla, Bishramganj, Tripura 799103, India",https://www.google.co.kr/maps/place/Bishramganj+Hospital/data=!4m5!3m4!1s0x37538fc9802ba47b:0x943e69abc4dd1180!8m2!3d23.6088299!4d91.3507393?authuser=0&hl=en&rclk=1
Bishalgarh Sub-Divisional Hospital,Hospital,"M7MH+5QF, Office Tila, Bishalgarh, Tripura 799102, India",https://www.google.co.kr/maps/place/Bishalgarh+Sub-Divisional+Hospital/data=!4m5!3m4!1s0x37538bed87e400b1:0x506401e514f934f6!8m2!3d23.682927!4d91.2794191?authuser=0&hl=en&rclk=1
ASR Hospitas PVT Ltd.,Hospital,"Ground floor, Times 24 Building, Hari Ganga Basak Rd, opposite of Sarkar Nursing Home, Agartala, Tripura 799001, India",https://www.google.co.kr/maps/place/ASR+Hospitas+PVT+Ltd./data=!4m5!3m4!1s0x3753f47255555555:0x90de12582fab0ddf!8m2!3d23.8297485!4d91.2776009?authuser=0&hl=en&rclk=1
Agartala Nursing Home,Hospital,"Mantribari Rd, Battala, Agartala, Tripura 799001, India",https://www.google.co.kr/maps/place/Agartala+Nursing+Home/data=!4m5!3m4!1s0x3753f412b72e1a53:0xfb08ec0bdbae4f29!8m2!3d23.829997!4d91.2785489?authuser=0&hl=en&rclk=1
Vhat Eye Hospital,Hospital,"V7H3+GVW, Usha Bazar, Agartala, Tripura 799009, India",https://www.google.co.kr/maps/place/Vhat+Eye+Hospital/data=!4m5!3m4!1s0x3753f6f4979d17b7:0x742ccc0fe25bce7c!8m2!3d23.8788656!4d91.2547142?authuser=0&hl=en&rclk=1
Venkataesware Hospitals,Hospital,"Chittaranjan Road, Agartala, Tripura 799004, India",https://www.google.co.kr/maps/place/Venkataesware+Hospitals/data=!4m5!3m4!1s0x3753f40b26be7f9b:0x5f2d34da1263ca42!8m2!3d23.8303726!4d91.2864518?authuser=0&hl=en&rclk=1
Hospital,General hospital,"F8MH+8HJ, Telkajla, Tripura 799115, India",https://www.google.co.kr/maps/place/Hospital/data=!4m5!3m4!1s0x37538487dd6e718b:0x2abafbacd90880d!8m2!3d23.4833315!4d91.3288827?authuser=0&hl=en&rclk=1
Vatenary Hospital,Hospital,"Q6GM+5V6, Pandabpur, Tripura 799003, India",https://www.google.co.kr/maps/place/Vatenary+Hospital/data=!4m5!3m4!1s0x3753f5393a1a5d0d:0x2a109942f1e12c5a!8m2!3d23.7754201!4d91.2346334?authuser=0&hl=en&rclk=1
Kanchanmala Hospital,Hospital,"P8P8+9CV, Kanchanmala, Tripura 799130, India",https://www.google.co.kr/maps/place/Kanchanmala+Hospital/data=!4m5!3m4!1s0x37538cc2f05430e1:0xd74571c61898f85e!8m2!3d23.7359767!4d91.316058?authuser=0&hl=en&rclk=1
Tripura Medical college and Dr.BRAM teaching Hospital,Hospital,"Q7M5+XM4, Master Para, Hapania, Agartala, Tripura 799014, India",https://www.google.co.kr/maps/place/Tripura+Medical+college+and+Dr.BRAM+teaching+Hospital/data=!4m5!3m4!1s0x3753f5232ff62637:0xa78005a7cf30345e!8m2!3d23.7848782!4d91.2591935?authuser=0&hl=en&rclk=1
Karbook Hospital,Hospital,"Ichhachhari, Tripura 799144, India",https://www.google.co.kr/maps/place/Karbook+Hospital/data=!4m5!3m4!1s0x375300cd3ce1bfb5:0xeb125d6bec9cd582!8m2!3d23.3389733!4d91.7549412?authuser=0&hl=en&rclk=1
MODERN PSYCHIATRY HOSPITAL,Hospital,"Narsingarh, Singarbil, Tripura 799009, India",https://www.google.co.kr/maps/place/MODERN+PSYCHIATRY+HOSPITAL/data=!4m5!3m4!1s0x3753f7aa1e692e0f:0xcdd649692c1bb3ea!8m2!3d23.906836!4d91.2496406?authuser=0&hl=en&rclk=1
AOD Hospital,Hospital,"J86X+6V6, Hospital Tilla, Bishramganj, Tripura 799103, India",https://www.google.co.kr/maps/place/AOD+Hospital/data=!4m5!3m4!1s0x37538fcbb6aaaaab:0xcd8eae6813ab6e8c!8m2!3d23.610538!4d91.349637?authuser=0&hl=en&rclk=1
District Hospital,Hospital,"Tepania, Tripura, India",https://www.google.co.kr/maps/place/District+Hospital/data=!4m5!3m4!1s0x375399ef09851167:0xb2b3ef64c653b1a!8m2!3d23.5522721!4d91.4556718?authuser=0&hl=en&rclk=1
IGM Hospital (New Building Under Construction),Hospital,"Dhaleswar A.A.Road, RMS Chowmuhani, Dhaleswar, Agartala, Tripura 799001, India",https://www.google.co.kr/maps/place/IGM+Hospital+(New+Building+Under+Construction)/data=!4m5!3m4!1s0x3753f4130f9259a9:0x931ed63a7c8ba5e9!8m2!3d23.8317582!4d91.2764217?authuser=0&hl=en&rclk=1
Takarjala Hospital,Hospital,"PC4C+FHJ, Takarjala, Tripura 799045, India",https://www.google.co.kr/maps/place/Takarjala+Hospital/data=!4m5!3m4!1s0x375393a1020654a7:0xadc2662d5e80c539!8m2!3d23.706202!4d91.4213961?authuser=0&hl=en&rclk=1
HOSPITAL,Hospital,"Ampinagar, Tripura 799101, India",https://www.google.co.kr/maps/place/HOSPITAL/data=!4m5!3m4!1s0x3753b9767c84a177:0x63387fd8014147db!8m2!3d23.6767456!4d91.6350713?authuser=0&hl=en&rclk=1
Belonia Sub Divisional Hospital,Hospital,"Belonia, Tripura 799155, India",https://www.google.co.kr/maps/place/Belonia+Sub+Divisional+Hospital/data=!4m5!3m4!1s0x375373beaaaaaaab:0x3d97bcb481051caf!8m2!3d23.2504915!4d91.4676394?authuser=0&hl=en&rclk=1
Hospital Kumarghat,Hospital,"527R+96H, Pabiachhara part, Tripura 799264, India",https://www.google.co.kr/maps/place/Hospital+Kumarghat/data=!4m5!3m4!1s0x375189bb0b8778ed:0x30f40d2af2a6c553!8m2!3d24.1634256!4d92.0406089?authuser=0&hl=en&rclk=1
Barpathari Primary Health Centre,Government hospital,"Belonia - Bhabanipur Rd, Barapathari, Tripura 799155, India",https://www.google.co.kr/maps/place/Barpathari+Primary+Health+Centre/data=!4m5!3m4!1s0x375377275f7b4459:0x173cda5472b39f2!8m2!3d23.297432!4d91.4048031?authuser=0&hl=en&rclk=1
Makunda Christian Missionary Hospital,Hospital,"Kamacherra, Ambassa, Tripura, India",https://www.google.co.kr/maps/place/Makunda+Christian+Missionary+Hospital/data=!4m5!3m4!1s0x375232cb15f32d37:0x7fc0cb423e491f5c!8m2!3d23.9148029!4d91.833079?authuser=0&hl=en&rclk=1
RGM Hospital Kailashahar,Government hospital,"near RGM Hospital, Kailashahar, Tripura 799277, India",https://www.google.co.kr/maps/place/RGM+Hospital+Kailashahar/data=!4m5!3m4!1s0x37518fe23286765b:0xbea7480dd368058!8m2!3d24.3182016!4d92.0021923?authuser=0&hl=en&rclk=1
Emergency Section- IGM Hospital,Hospital,"Akhaura Rd, Rabindra palli, Battala, Agartala, Tripura 799001, India",https://www.google.co.kr/maps/place/Emergency+Section-+IGM+Hospital/data=!4m5!3m4!1s0x3753f41312ea4ae3:0x1efe5d1af62df98e!8m2!3d23.8299892!4d91.2758946?authuser=0&hl=en&rclk=1
Bishramganj grouth centre,Hospital,"Agartala - Sabrum Rd, Bishramganj, Tripura 799103, India",https://www.google.co.kr/maps/place/Bishramganj+grouth+centre/data=!4m5!3m4!1s0x37538fb6744a45a5:0x31d8e4ff542b3b71!8m2!3d23.6085129!4d91.3454999?authuser=0&hl=en&rclk=1
Department Of Pharmacology,Hospital,"Q7M4+CQR, Hapania, Agartala, Tripura 799014, India",https://www.google.co.kr/maps/place/Department+Of+Pharmacology/data=!4m5!3m4!1s0x3753f4e7149b9383:0x747c103318fc49b3!8m2!3d23.783604!4d91.2568925?authuser=0&hl=en&rclk=1
"District Hospital, Santirbazar",Government hospital,"8H84+J37, Santirbazar, Tripura 799144, India","https://www.google.co.kr/maps/place/District+Hospital,+Santirbazar/data=!4m5!3m4!1s0x37530b060cd6c2c7:0xa5acafa960bdb222!8m2!3d23.3165365!4d91.5551736?authuser=0&hl=en&rclk=1"
District Hospital Khowai,Hospital,"3JC3+H3P, Khowai, Tripura 799202, India",https://www.google.co.kr/maps/place/District+Hospital+Khowai/data=!4m5!3m4!1s0x3753d933e79b708f:0xf75716fbd70b9131!8m2!3d24.0714562!4d91.6027164?authuser=0&hl=en&rclk=1
Makunda Christian Leprosy & General Hospital,Hospital,"WR8M+26X, Raipasa, Tripura 799204, India",https://www.google.co.kr/maps/place/Makunda+Christian+Leprosy+%26+General+Hospital/data=!4m5!3m4!1s0x375232cb17c8890b:0xae85853f6172632b!8m2!3d23.9151235!4d91.8331185?authuser=0&hl=en&rclk=1
St. Joseph's Hospital,Hospital,"DC Para Main Rd, Bodhjung Nagar, Agartala, Tripura 799008, India",https://www.google.co.kr/maps/place/St.+Joseph's+Hospital/data=!4m5!3m4!1s0x3753f178a0679c73:0xdfef3816636611b6!8m2!3d23.8600693!4d91.3275701?authuser=0&hl=en&rclk=1
Regional Cancer Institute,Hospital,"Kunjaban, Agartala, Tripura 799006, India",https://www.google.co.kr/maps/place/Regional+Cancer+Institute/data=!4m5!3m4!1s0x3753f1516d4a4b9f:0x9cb5ffa8caab4b3!8m2!3d23.8607129!4d91.2945913?authuser=0&hl=en&rclk=1
"ECHS POLYCLINIC, AGARTALA",Hospital,"V7JV+788, Salbagan, Agartala, Tripura 799012, India","https://www.google.co.kr/maps/place/ECHS+POLYCLINIC,+AGARTALA/data=!4m5!3m4!1s0x3753f13422828c1b:0x8d2704ebb67b73a3!8m2!3d23.8806564!4d91.2933417?authuser=0&hl=en&rclk=1"
DR. ARINDAM DATTA CLINIC,Hospital,"Pragati Rd, Krishna Nagar, Agartala, Tripura 799002, India",https://www.google.co.kr/maps/place/DR.+ARINDAM+DATTA+CLINIC/data=!4m5!3m4!1s0x3753f5abe4094825:0x2a8a830d46ab89b2!8m2!3d23.8414161!4d91.278033?authuser=0&hl=en&rclk=1
Madhupur Primary Health Centre,Hospital,"799102, Madhupur, Tripura, India",https://www.google.co.kr/maps/place/Madhupur+Primary+Health+Centre/data=!4m5!3m4!1s0x37538a8fde0f9113:0x3d53a62f1c3d4d4d!8m2!3d23.7221928!4d91.2227074?authuser=0&hl=en&rclk=1
"ESI Dispensary, Shyamalibazar",Hospital,"V75Q+CQP, Kunjaban, Agartala, Tripura 799010, India","https://www.google.co.kr/maps/place/ESI+Dispensary,+Shyamalibazar/data=!4m5!3m4!1s0x3753f154ae99c9b7:0x5707162b512b6774!8m2!3d23.858576!4d91.2894378?authuser=0&hl=en&rclk=1"
Melaghar Hospital,Hospital,"Melaghar, Tripura 799115, India",https://www.google.co.kr/maps/place/Melaghar+Hospital/data=!4m5!3m4!1s0x3753848b7ea00b7d:0xd79a68a9289e1997!8m2!3d23.4931504!4d91.3322321?authuser=0&hl=en&rclk=1
Hospital,Hospital,"Melaghar - Sonamura Rd, Ghrantali, Tripura 799115, India",https://www.google.co.kr/maps/place/Hospital/data=!4m5!3m4!1s0x37538508be176679:0xdf811688d2855325!8m2!3d23.4963867!4d91.3054678?authuser=0&hl=en&rclk=1
Veterinary Hospital,Hospital,"NEEPCO Road, opposite to, Annada Spices Factory, R.K. Nagar, Bodhjung Nagar, Agartala, Tripura 799008, India",https://www.google.co.kr/maps/place/Veterinary+Hospital/data=!4m5!3m4!1s0x3753f17224a40575:0xd587ccfbb0f7a1e0!8m2!3d23.8678021!4d91.3496312?authuser=0&hl=en&rclk=1
"Dakshin Rani,Health Centre,tripura",Hospital,"F92V+3H2, Uttar taibadul, Tripura 799105, India","https://www.google.co.kr/maps/place/Dakshin+Rani,Health+Centre,tripura/data=!4m5!3m4!1s0x37539d2f86c7cbb9:0xab173af55823541!8m2!3d23.450143!4d91.3938803?authuser=0&hl=en&rclk=1"
Jalabasa Hospital,Hospital,"Jalabasa, Pekuchhara, Tripura 799260, India",https://www.google.co.kr/maps/place/Jalabasa+Hospital/data=!4m5!3m4!1s0x3751f307d55cf59b:0xd512f6811ff6e6ad!8m2!3d24.2591773!4d92.1819341?authuser=0&hl=en&rclk=1
Baikhora Hospital,Hospital,"Baikhora, Tripura 799142, India",https://www.google.co.kr/maps/place/Baikhora+Hospital/data=!4m5!3m4!1s0x37530c7318158985:0xb1543dbe7ef01b15!8m2!3d23.2709341!4d91.5777122?authuser=0&hl=en&rclk=1
Bairagi Bazar Hospital,Hospital,"Bairagi Bazar, Tripura, India",https://www.google.co.kr/maps/place/Bairagi+Bazar+Hospital/data=!4m5!3m4!1s0x3753854598980759:0xc502039ffa04a21d!8m2!3d23.5516313!4d91.3553999?authuser=0&hl=en&rclk=1
Sanicherra P.H.C. শনিছড়া প্রাথমিক স্বাস্থ্য কেন্দ্র,Hospital,"96HJ+C85, Dharmanagar, Tripura 799262, India",https://www.google.co.kr/maps/place/Sanicherra+P.H.C.+%E0%A6%B6%E0%A6%A8%E0%A6%BF%E0%A6%9B%E0%A6%A1%E0%A6%BC%E0%A6%BE+%E0%A6%AA%E0%A7%8D%E0%A6%B0%E0%A6%BE%E0%A6%A5%E0%A6%AE%E0%A6%BF%E0%A6%95+%E0%A6%B8%E0%A7%8D%E0%A6%AC%E0%A6%BE%E0%A6%B8%E0%A7%8D%E0%A6%A5%E0%A7%8D%E0%A6%AF+%E0%A6%95%E0%A7%87%E0%A6%A8%E0%A7%8D%E0%A6%A6%E0%A7%8D%E0%A6%B0/data=!4m5!3m4!1s0x3751ee9b2108e969:0xfd13bbd5dddbdfd!8m2!3d24.3785129!4d92.2308481?authuser=0&hl=en&rclk=1
Mohanpur Hospital,Government hospital,"X9CC+GX9, Sidhai Mohanpur, Tripura 799211, India",https://www.google.co.kr/maps/place/Mohanpur+Hospital/data=!4m5!3m4!1s0x3753e549df4345f3:0xe485ec026ad3e86e!8m2!3d23.9712836!4d91.372488?authuser=0&hl=en&rclk=1
Unity Gastro & Liver Hospital,Hospital,"17, Thakur Pally Rd, opp. CNG Pump station, Kadamtali, Padma Pukur, Krishna Nagar, Agartala, Tripura 799001, India",https://www.google.co.kr/maps/place/Unity+Gastro+%26+Liver+Hospital/data=!4m5!3m4!1s0x3753f58080a0b617:0x2468143bfeefff3!8m2!3d23.8342447!4d91.2764067?authuser=0&hl=en&rclk=1
Daluchara Ayorbedik Hospital,General hospital,"XRWH+J76, Purba Daluchhara, Tripura 799278, India",https://www.google.co.kr/maps/place/Daluchara+Ayorbedik+Hospital/data=!4m5!3m4!1s0x3753d31dafacaff5:0xf907a6b27c3732e3!8m2!3d23.9965308!4d91.8281554?authuser=0&hl=en&rclk=1
Mortuary GBP Hospital,Government hospital,"V75R+GWQ, Kunjaban, Agartala, Tripura 799006, India",https://www.google.co.kr/maps/place/Mortuary+GBP+Hospital/data=!4m5!3m4!1s0x3753f1547689c3ed:0x72af8b344a42501a!8m2!3d23.85884!4d91.2923634?authuser=0&hl=en&rclk=1
"Dasharath Deb Memorial Primary Health Center, Ratanpur Hospital",Hospital,"2GVC+X9C, Ratanpur, Tripura 799201, India","https://www.google.co.kr/maps/place/Dasharath+Deb+Memorial+Primary+Health+Center,+Ratanpur+Hospital/data=!4m5!3m4!1s0x3753de01d7e4596b:0x2c0d661aaf08970f!8m2!3d24.0449453!4d91.5208876?authuser=0&hl=en&rclk=1"
Teliamura Subdivision Hospital,Hospital,"Ompi Road, Teliamura, Tripura 799205, India",https://www.google.co.kr/maps/place/Teliamura+Subdivision+Hospital/data=!4m5!3m4!1s0x3753c66394386bd1:0x1fd5503692ef06a3!8m2!3d23.8337088!4d91.6410516?authuser=0&hl=en&rclk=1
Urban Health Training Centre,Hospital,"Barjala Rd, Krishna Nagar, Agartala, Tripura 799002, India",https://www.google.co.kr/maps/place/Urban+Health+Training+Centre/data=!4m5!3m4!1s0x3753f41f4825b191:0xb8f0b2302c9e2386!8m2!3d23.8481368!4d91.2707984?authuser=0&hl=en&rclk=1
Yashoda Hospitals Medical Information Centre,Medical Center,"Yashoda Hospitals Medical Center KPS Mansion (02nd Floor), Above Life Care Pharmacy Krishna Nagar, Main Road, W, Agartala, Tripura 799001, India",https://www.google.co.kr/maps/place/Yashoda+Hospitals+Medical+Information+Centre/data=!4m5!3m4!1s0x3753f5c62016aa1d:0xa889590f365c457e!8m2!3d23.8385453!4d91.2714441?authuser=0&hl=en&rclk=1
Government Ayurvedic Hospital,Hospital,"R7HG+JFJ, Rabindra palli, Battala, Agartala, Tripura 799001, India",https://www.google.co.kr/maps/place/Government+Ayurvedic+Hospital/data=!4m5!3m4!1s0x3753f46ccbfa6b2d:0x41076235fb0378a7!8m2!3d23.8290943!4d91.2761414?authuser=0&hl=en&rclk=1
Gandacherra Sub Divisional Hospital,Hospital,"JR39+X49, Gandacherra, Tripura 799284, India",https://www.google.co.kr/maps/place/Gandacherra+Sub+Divisional+Hospital/data=!4m5!3m4!1s0x3753b2d94590180b:0xe6c9acae43d8f9c5!8m2!3d23.6049101!4d91.8178564?authuser=0&hl=en&rclk=1
muhuripur hospital(P.H.C),Hospital,"hospital road, Muhuripur, India",https://www.google.co.kr/maps/place/muhuripur+hospital(P.H.C)/data=!4m5!3m4!1s0x37530db26cd3482d:0x3b2ef6c29406395f!8m2!3d23.2271825!4d91.5700854?authuser=0&hl=en&rclk=1
Hospital Kakraban,Hospital,"799105, Kamarangatali, Tripura, India",https://www.google.co.kr/maps/place/Hospital+Kakraban/data=!4m5!3m4!1s0x37539b849d980547:0x3b68eb31ff9dd904!8m2!3d23.481174!4d91.4097268?authuser=0&hl=en&rclk=1
Thelakung Hospital,Hospital,"Thelakung, P.S- Jampuijala, Sepahijala, Tripura 799102, India",https://www.google.co.kr/maps/place/Thelakung+Hospital/data=!4m5!3m4!1s0x375395e71403d915:0xd0da9eb602ee554!8m2!3d23.6686112!4d91.5030006?authuser=0&hl=en&rclk=1
Old Regional Cancer Hospital 🏥,Hospital,"V76V+5G6, Kunjaban, Agartala, Tripura 799006, India",https://www.google.co.kr/maps/place/Old+Regional+Cancer+Hospital+%F0%9F%8F%A5/data=!4m5!3m4!1s0x3753f153e0f56343:0xc690a8e2df9bbe24!8m2!3d23.8604038!4d91.2937675?authuser=0&hl=en&rclk=1
District Hospital Unakoti ঊনকোটি জেলা হাসপাতাল,Hospital,"823M+R8X, Gournagar, Tripura 799279, India",https://www.google.co.kr/maps/place/District+Hospital+Unakoti+%E0%A6%8A%E0%A6%A8%E0%A6%95%E0%A7%8B%E0%A6%9F%E0%A6%BF+%E0%A6%9C%E0%A7%87%E0%A6%B2%E0%A6%BE+%E0%A6%B9%E0%A6%BE%E0%A6%B8%E0%A6%AA%E0%A6%BE%E0%A6%A4%E0%A6%BE%E0%A6%B2/data=!4m5!3m4!1s0x37518e316b5e0499:0x81c0273f737d92de!8m2!3d24.3046113!4d92.0333666?authuser=0&hl=en&rclk=1
Ranir Bazar Primary Health Centre,Hospital,"Ranir Bazar, West Tripura, Tripura 799035, India",https://www.google.co.kr/maps/place/Ranir+Bazar+Primary+Health+Centre/data=!4m5!3m4!1s0x3753edf143e4c01f:0xac4d89d995d3907f!8m2!3d23.8357201!4d91.3720875?authuser=0&hl=en&rclk=1
Amarpur Sub-Divisional Hospital,Hospital,"Amarpur-Udaipur Rd, Amarpur, Tripura 799101, India",https://www.google.co.kr/maps/place/Amarpur+Sub-Divisional+Hospital/data=!4m5!3m4!1s0x3753a509ef660475:0x3133d1d2afca907!8m2!3d23.5172003!4d91.6504433?authuser=0&hl=en&rclk=1
AGMC Super Speciality Block,Hospital,"V76V+F4W, Kunjaban, Agartala, Tripura 799006, India",https://www.google.co.kr/maps/place/AGMC+Super+Speciality+Block/data=!4m5!3m4!1s0x3753f153c6241f7f:0x523bed47b51545be!8m2!3d23.8612271!4d91.2928274?authuser=0&hl=en&rclk=1
Kalyanpur Hospital,Hospital,"WJJ5+VXJ, Madhya Kalyanpur, Tripura 799203, India",https://www.google.co.kr/maps/place/Kalyanpur+Hospital/data=!4m5!3m4!1s0x3753c4ba8be51a79:0x6867036bab3a1349!8m2!3d23.9322087!4d91.6098954?authuser=0&hl=en&rclk=1
Old Hospital,Hospital,"Old, Hospital Rd, Santirbazar, Tripura 799144, India",https://www.google.co.kr/maps/place/Old+Hospital/data=!4m5!3m4!1s0x37530b09956a9a29:0xe9bf97c19304bb24!8m2!3d23.3105563!4d91.5583243?authuser=0&hl=en&rclk=1
CHELLAGANG HOSPITAL,Hospital,"CM9J+X78, Dulumabari, Tripura 799144, India",https://www.google.co.kr/maps/place/CHELLAGANG+HOSPITAL/data=!4m5!3m4!1s0x3753a95e7a5275f3:0xca07546b0ea59dde!8m2!3d23.4199055!4d91.6807033?authuser=0&hl=en&rclk=1
"Trauma Centre, Govind Ballabh Pant Hospital",Hospital,"V75R+RWC, Indranagar, Agartala, Tripura 799006, India","https://www.google.co.kr/maps/place/Trauma+Centre,+Govind+Ballabh+Pant+Hospital/data=!4m5!3m4!1s0x3753f40ae2eb1325:0x5fdb72001fe06bd1!8m2!3d23.8595729!4d91.2922655?authuser=0&hl=en&rclk=1"
Sonamura Gramin Hospital,Hospital,"F7M7+Q6H, Sonamura, Tripura 799131, India",https://www.google.co.kr/maps/place/Sonamura+Gramin+Hospital/data=!4m5!3m4!1s0x375386cf64875481:0xfdb57c6d5843c8ba!8m2!3d23.4844363!4d91.2631238?authuser=0&hl=en&rclk=1
GOMATI DISTRICT HOSPITAL,Hospital,"Dr. Homroys House, near Arunachal sangha, Udaipur, Tripura 799120, India",https://www.google.co.kr/maps/place/GOMATI+DISTRICT+HOSPITAL/data=!4m5!3m4!1s0x375399564b224769:0x8e4dc7c4364ed25c!8m2!3d23.5319744!4d91.4840553?authuser=0&hl=en&rclk=1
Jogendranagar Primary Hospital,Hospital,"R884+6VF, Subhash Nagar, Jogendra Nagar, Agartala, Tripura 799004, India",https://www.google.co.kr/maps/place/Jogendranagar+Primary+Hospital/data=!4m5!3m4!1s0x3753f3986b28a40f:0x7bfc0873452c50c!8m2!3d23.81556!4d91.3071705?authuser=0&hl=en&rclk=1
"Boys Hostel 1, TMC & DR Bram Teaching Hospital",Hospital,"Unnamed Road, Hapania, Agartala, Tripura 799014, India","https://www.google.co.kr/maps/place/Boys+Hostel+1,+TMC+%26+DR+Bram+Teaching+Hospital/data=!4m5!3m4!1s0x3753f4e64cb6eeb5:0xb1f4da4389fee473!8m2!3d23.7850453!4d91.2583704?authuser=0&hl=en&rclk=1"
Gachirampara Hospital,Hospital,"V5XX+PF6, Gachirampara, Tripura 799271, India",https://www.google.co.kr/maps/place/Gachirampara+Hospital/data=!4m5!3m4!1s0x3752171bd3265ba1:0xe1ec11b8c5366d6c!8m2!3d23.8992963!4d92.1986282?authuser=0&hl=en&rclk=1
CRPF hospital,Hospital,"Unnamed Road, CRPF Group Centre, Debendrachandranagar, Tripura 799210, India",https://www.google.co.kr/maps/place/CRPF+hospital/data=!4m5!3m4!1s0x3753f1195abd0425:0x14408cd5177dbc32!8m2!3d23.8937446!4d91.3126513?authuser=0&hl=en&rclk=1
Taltala Hospital,Hospital,"Tripura 799211, India",https://www.google.co.kr/maps/place/Taltala+Hospital/data=!4m5!3m4!1s0x3753fa0ede17515b:0xe6fde3b92cf3a7d9!8m2!3d23.9555481!4d91.3013864?authuser=0&hl=en&rclk=1
TILTHAI HOSPITAL,Hospital,"Deochara, Tripura 799260, India",https://www.google.co.kr/maps/place/TILTHAI+HOSPITAL/data=!4m5!3m4!1s0x3751f2b6af0693f9:0xbe394addb6e20b3d!8m2!3d24.3005494!4d92.1503947?authuser=0&hl=en&rclk=1
Health Care Centre,University hospital,"University campus, Tripura University, Suryamani Nagar, Tripura, India",https://www.google.co.kr/maps/place/Health+Care+Centre/data=!4m5!3m4!1s0x3753f53fcc84273b:0x5e29f23d9323e4c3!8m2!3d23.7592463!4d91.2646666?authuser=0&hl=en&rclk=1
Hrishyamukh Hospital,Hospital,"4G9H+7R7, Haripur, Tripura 799156, India",https://www.google.co.kr/maps/place/Hrishyamukh+Hospital/data=!4m5!3m4!1s0x3753133746205b2b:0x78ceb8e990ba99f3!8m2!3d23.1181611!4d91.5295557?authuser=0&hl=en&rclk=1
Mahadev Bari Homeopathic Hospital,Hospital,"V758+4XV, Bhubanban, Ramnagar part, Tripura 799009, India",https://www.google.co.kr/maps/place/Mahadev+Bari+Homeopathic+Hospital/data=!4m5!3m4!1s0x3753f69f2076a031:0x245665941bc0f2a!8m2!3d23.8578577!4d91.2674299?authuser=0&hl=en&rclk=1
Fatikroy Hospital (PHC),Hospital,"52GC+XHR, Fatikroy, Tripura 799290, India",https://www.google.co.kr/maps/place/Fatikroy+Hospital+(PHC)/data=!4m5!3m4!1s0x37518856178d7d8f:0x67fad6a03b8e1700!8m2!3d24.1774941!4d92.0214036?authuser=0&hl=en&rclk=1
Sepahijala District Hospital,Government hospital,"J84X+82C, Bishramganj, Tripura 799103, India",https://www.google.co.kr/maps/place/Sepahijala+District+Hospital/data=!4m5!3m4!1s0x37538ff57b2a8923:0xc418233d7faa7e33!8m2!3d23.6058167!4d91.3475257?authuser=0&hl=en&rclk=1
Laljuri Hospital,Hospital,"455X+MP8, Santipur, Tripura 799270, India",https://www.google.co.kr/maps/place/Laljuri+Hospital/data=!4m5!3m4!1s0x37521e3ead420a6d:0x2c5333dfd54c4072!8m2!3d24.1091502!4d92.1993433?authuser=0&hl=en&rclk=1
New Teaching Hospital,Hospital,"V75R+QXX, Kunjaban, Agartala, Tripura 799006, India",https://www.google.co.kr/maps/place/New+Teaching+Hospital/data=!4m5!3m4!1s0x3753f1538fa426c9:0x12c9de07ac54fb39!8m2!3d23.8594842!4d91.292473?authuser=0&hl=en&rclk=1
Dayaram Para Hospital,Hospital,"Golaghati, Tripura 799102, India",https://www.google.co.kr/maps/place/Dayaram+Para+Hospital/data=!4m5!3m4!1s0x375392096ff630f1:0x4dc02391f029e8d3!8m2!3d23.6791025!4d91.3692979?authuser=0&hl=en&rclk=1
"82 , health centre.",Hospital,"3XJX+WVF, Nalkata, Tripura 799288, India","https://www.google.co.kr/maps/place/82+,+health+centre./data=!4m5!3m4!1s0x37522632c491e0f1:0xd864c13ff51a4ed0!8m2!3d24.0823153!4d91.9996626?authuser=0&hl=en&rclk=1"
P.C Chatterjee Memorial Eye Hospital,Hospital,"Power House Quater Complex, Dharmanagar, Tripura 799250, India",https://www.google.co.kr/maps/place/P.C+Chatterjee+Memorial+Eye+Hospital/data=!4m5!3m4!1s0x3751ece8434b7399:0xa8f8e7e8519e78e1!8m2!3d24.3803924!4d92.1666251?authuser=0&hl=en&rclk=1
Panisagar CHC Hospital,Hospital,"7583+RRJ, Panisagar, Tripura 799260, India",https://www.google.co.kr/maps/place/Panisagar+CHC+Hospital/data=!4m5!3m4!1s0x3751f32898cfa827:0xfe23d85fa72289f1!8m2!3d24.2670862!4d92.1545074?authuser=0&hl=en&rclk=1
Cardio Care,Hospital,"Maharaja Bir Bikram Sarani, Shiv Nagar, Indranagar, Agartala, Tripura 799007, India",https://www.google.co.kr/maps/place/Cardio+Care/data=!4m5!3m4!1s0x3753f362702bfe1d:0x2c6461f0519a991f!8m2!3d23.8327412!4d91.291128?authuser=0&hl=en&rclk=1
The Care & Cure Polyclinic,Hospital,"Palace Compound, Indranagar, Agartala, Tripura 799001, India",https://www.google.co.kr/maps/place/The+Care+%26+Cure+Polyclinic/data=!4m5!3m4!1s0x3753f40fca2c3655:0x7a345e42c3368860!8m2!3d23.8386494!4d91.2805422?authuser=0&hl=en&rclk=1
Bimal Sinha Memorial Hospital,Government hospital,"5RWH+V8W, Noagaon, Tripura 799285, India",https://www.google.co.kr/maps/place/Bimal+Sinha+Memorial+Hospital/data=!4m5!3m4!1s0x37517f627a090b0d:0x5eb06d86eee04375!8m2!3d24.1972322!4d91.8283412?authuser=0&hl=en&rclk=1
Kanchanpur Sub-division Hospital,Hospital,"25QX+VCH, Kanchanpur, Tripura 799270, India",https://www.google.co.kr/maps/place/Kanchanpur+Sub-division+Hospital/data=!4m5!3m4!1s0x37521ec94dffc877:0xec5a94141aa21c55!8m2!3d24.0396973!4d92.1986201?authuser=0&hl=en&rclk=1
Integrated AYUSH Hospital,Hospital,"Kailashahar, Tripura 799277, India",https://www.google.co.kr/maps/place/Integrated+AYUSH+Hospital/data=!4m5!3m4!1s0x37518fe22b03fab3:0x25e1714cee7da209!8m2!3d24.3181897!4d92.0029832?authuser=0&hl=en&rclk=1
Lefunga Hospital,Hospital,"Tripura 799210, India",https://www.google.co.kr/maps/place/Lefunga+Hospital/data=!4m5!3m4!1s0x3753efcfeab2ec59:0x20ed4a0047658a1!8m2!3d23.9103921!4d91.3770649?authuser=0&hl=en&rclk=1
"Kherengbar Hospital, Khumulwng",Hospital,"QCRV+426, Radhapur, Tripura 799035, India","https://www.google.co.kr/maps/place/Kherengbar+Hospital,+Khumulwng/data=!4m5!3m4!1s0x3753ec9d694c0901:0xefe79e6d4e05d0b3!8m2!3d23.7902786!4d91.4425251?authuser=0&hl=en&rclk=1"
Hospital,Hospital,"RCRF+WV2, Paschim Barjalai, Tripura 799046, India",https://www.google.co.kr/maps/place/Hospital/data=!4m5!3m4!1s0x3753ed5aaea551c1:0x3fa67bfdc95b929a!8m2!3d23.8422637!4d91.4246379?authuser=0&hl=en&rclk=1
"Kherengbar Hospital, Khumulwng",Hospital,"QCRV+426, Radhapur, Tripura 799035, India","https://www.google.co.kr/maps/place/Kherengbar+Hospital,+Khumulwng/data=!4m5!3m4!1s0x3753ec9d694c0901:0xefe79e6d4e05d0b3!8m2!3d23.7902786!4d91.4425251?authuser=0&hl=en&rclk=1"
Hospital,Hospital,"RCRF+WV2, Paschim Barjalai, Tripura 799046, India",https://www.google.co.kr/maps/place/Hospital/data=!4m5!3m4!1s0x3753ed5aaea551c1:0x3fa67bfdc95b929a!8m2!3d23.8422637!4d91.4246379?authuser=0&hl=en&rclk=1
Hospital,Hospital,"99QG+78X, Jagatrampur, Tripura 799131, India",https://www.google.co.kr/maps/place/Hospital/data=!4m5!3m4!1s0x37539d82e7369ae9:0x1c0af1320c20c6b!8m2!3d23.3882422!4d91.3758649?authuser=0&hl=en&rclk=1
Chelagang Hospital,Hospital,"CMGJ+627, Dulumabari, Tripura 799144, India",https://www.google.co.kr/maps/place/Chelagang+Hospital/data=!4m5!3m4!1s0x3753a8814747d755:0xaf6119db69aa87ba!8m2!3d23.4255453!4d91.6800563?authuser=0&hl=en&rclk=1
Mandwi hospital,Hospital,"Mandwi, Tripura 799045, India",https://www.google.co.kr/maps/place/Mandwi+hospital/data=!4m5!3m4!1s0x3753e978269bc9eb:0xfe39cf57563eac82!8m2!3d23.8629544!4d91.4805358?authuser=0&hl=en&rclk=1
District Disability Rehabilitation Centre,Hospital,"8264+75J, Kailashahar, Tripura 799279, India",https://www.google.co.kr/maps/place/District+Disability+Rehabilitation+Centre/data=!4m5!3m4!1s0x37518fe64b4e87f7:0xca7a65907c010ed5!8m2!3d24.3107235!4d92.0054018?authuser=0&hl=en&rclk=1
Taksapara hospital.,Hospital,"H77R+MH9, Taksapara, Tripura 799103, India",https://www.google.co.kr/maps/place/Taksapara+hospital./data=!4m5!3m4!1s0x375385fe5607f36d:0x63c32879f783fae6!8m2!3d23.5641657!4d91.2914779?authuser=0&hl=en&rclk=1
Ranirbazar Hospital,Hospital,"Tripura 799035, India",https://www.google.co.kr/maps/place/Ranirbazar+Hospital/data=!4m5!3m4!1s0x3753edf141423011:0x9c630b4eb4ae93bf!8m2!3d23.8357331!4d91.3720177?authuser=0&hl=en&rclk=1
Cattle hospital,Hospital,"R9P7+HXJ, Ranirbazar, Tripura 799035, India",https://www.google.co.kr/maps/place/Cattle+hospital/data=!4m5!3m4!1s0x3753f3511b072da1:0x7e71a53a5fdd0327!8m2!3d23.8364658!4d91.3648954?authuser=0&hl=en&rclk=1
Village Hospital,Hospital,"5496+R5G, Nalkata, Tripura 799263, India",https://www.google.co.kr/maps/place/Village+Hospital/data=!4m5!3m4!1s0x37518b660541bc05:0x32026ab777a63cdd!8m2!3d24.1695618!4d92.1104581?authuser=0&hl=en&rclk=1
"TMC & Dr B R Ambedkar Memorial Hospital, Agartala",Hospital,"Q7M5+XJJ, Master Para, Hapania, Agartala, Tripura 799014, India","https://www.google.co.kr/maps/place/TMC+%26+Dr+B+R+Ambedkar+Memorial+Hospital,+Agartala/data=!4m5!3m4!1s0x3753f500c90ee33d:0xe69268d2b11ef51e!8m2!3d23.7849656!4d91.2590132?authuser=0&hl=en&rclk=1"
Manu Bazar Rural Hospital,Hospital,"3J8V+PRF, Manu Bazar, Tripura 799143, India",https://www.google.co.kr/maps/place/Manu+Bazar+Rural+Hospital/data=!4m5!3m4!1s0x37531722ff51ccbb:0x18e8dd377743a5f9!8m2!3d23.0668112!4d91.6445321?authuser=0&hl=en&rclk=1
B.S.F Hospital,Hospital,"64XR+P75, Panisagar, Tripura 799260, India",https://www.google.co.kr/maps/place/B.S.F+Hospital/data=!4m5!3m4!1s0x37518cca17f42499:0xcc44c60517cb76c9!8m2!3d24.2492561!4d92.1407408?authuser=0&hl=en&rclk=1
Taidu Primary Hospital,Hospital,"PMP2+9C8, Tuidu Bazar, Tripura 799101, India",https://www.google.co.kr/maps/place/Taidu+Primary+Hospital/data=!4m5!3m4!1s0x3753b8694f8a7b9f:0x476b13a9797af51!8m2!3d23.7359227!4d91.6510874?authuser=0&hl=en&rclk=1
Hospital,Hospital,"Unnamed Road, Durlavnarayan, Tripura 799103, India",https://www.google.co.kr/maps/place/Hospital/data=!4m5!3m4!1s0x37538584621443f3:0x6bf12178c5ddbc38!8m2!3d23.5423858!4d91.3101069?authuser=0&hl=en&rclk=1
Rupaichari Hospital,Hospital,"Gaurifa, Tripura 799145, India",https://www.google.co.kr/maps/place/Rupaichari+Hospital/data=!4m5!3m4!1s0x375319f8cab4e2e7:0x6334f09b4a24e916!8m2!3d23.0762454!4d91.693008?authuser=0&hl=en&rclk=1
Ghilatali Uposasthya Kendra(Hospital),Hospital,"WJ5P+HQV, Ghilatali, Tripura 799203, India",https://www.google.co.kr/maps/place/Ghilatali+Uposasthya+Kendra(Hospital)/data=!4m5!3m4!1s0x3753c5190033fe97:0x632796bb09dc0f15!8m2!3d23.9089792!4d91.6369139?authuser=0&hl=en&rclk=1
Office Tilla Ayurvedic Hospital,Hospital,"RCJW+XC9, Purba Barjalai, Tripura 799045, India",https://www.google.co.kr/maps/place/Office+Tilla+Ayurvedic+Hospital/data=!4m5!3m4!1s0x3753ebf44a75204b:0xae6bec91025fbc97!8m2!3d23.8324107!4d91.4461004?authuser=0&hl=en&rclk=1
Narsingarh PHC,Hospital,"W64X+WVP, Narsingarh, Singarbil, Tripura 799009, India",https://www.google.co.kr/maps/place/Narsingarh+PHC/data=!4m5!3m4!1s0x3753f7a9f154dd97:0x7e5fbdd7fe32a2a4!8m2!3d23.9073378!4d91.2497092?authuser=0&hl=en&rclk=1
GBP Hospital. NTH 1 Service Building,Hospital,"Kunjaban, 79 Tilla, Agartala, Tripura 799006, India",https://www.google.co.kr/maps/place/GBP+Hospital.+NTH+1+Service+Building/data=!4m5!3m4!1s0x3753f132b38074d9:0x2ffe182f8e0296b0!8m2!3d23.8597866!4d91.2933887?authuser=0&hl=en&rclk=1
Ompi Community Health Centre,Hospital,"Ampinagar-Amarpur Rd, Ampinagar, Tripura 799101, India",https://www.google.co.kr/maps/place/Ompi+Community+Health+Centre/data=!4m5!3m4!1s0x3753b9768830db93:0x4ec9965e61af5a1!8m2!3d23.6764554!4d91.6347343?authuser=0&hl=en&rclk=1
Pal Nursing Home (Ex-Hospital),Hospital,"R7HR+62H, Shibnagar, Dhaleswar, Agartala, Tripura 799001, India",https://www.google.co.kr/maps/place/Pal+Nursing+Home+(Ex-Hospital)/data=!4m5!3m4!1s0x3753f30e703d999b:0x256a6c23b6e4e351!8m2!3d23.8280602!4d91.2901223?authuser=0&hl=en&rclk=1
Atharabhola PHC,Hospital,"JFC4+8MJ, Atharabhola, Udaipur, Tripura 799114, India",https://www.google.co.kr/maps/place/Atharabhola+PHC/data=!4m5!3m4!1s0x375396d946acf1c7:0xd42544a2675a0c1a!8m2!3d23.6208432!4d91.4566467?authuser=0&hl=en&rclk=1
Eye hospital,Hospital,"95C2+PM2, Algapur, Dharmanagar, Tripura 799253, India",https://www.google.co.kr/maps/place/Eye+hospital/data=!4m5!3m4!1s0x3751ecd6cf9964cb:0x81f8694d5e1f6ae1!8m2!3d24.3717594!4d92.1516503?authuser=0&hl=en&rclk=1
Irani Hospital,Government hospital,"928C+299, Dhaliarkandi, Tripura 799281, India",https://www.google.co.kr/maps/place/Irani+Hospital/data=!4m5!3m4!1s0x37519056f441970f:0x361d69252fbaebdc!8m2!3d24.3650401!4d92.0209825?authuser=0&hl=en&rclk=1
Railway Hospital,Hospital,"Railway Station, Dharmanagar, Tripura, India",https://www.google.co.kr/maps/place/Railway+Hospital/data=!4m5!3m4!1s0x3751ece15113eb35:0xd2ac64ba6d130962!8m2!3d24.3717003!4d92.1691785?authuser=0&hl=en&rclk=1
Chief Medical Officer Office Ambassa,Hospital,"Shillong - Agartala - Sabrum Rd, Ambassa, Tripura 799289, India",https://www.google.co.kr/maps/place/Chief+Medical+Officer+Office+Ambassa/data=!4m5!3m4!1s0x375232bfd8555555:0x62c4083f9da3d906!8m2!3d23.9208116!4d91.8511906?authuser=0&hl=en&rclk=1
Hospital Moheshpur Tea Estate,Hospital,"F557+CWF, Bishnupur, Tripura 799261, India",https://www.google.co.kr/maps/place/Hospital+Moheshpur+Tea+Estate/data=!4m5!3m4!1s0x3751eb1f80fec1d3:0x2f24693d6af8d448!8m2!3d24.4585538!4d92.1648112?authuser=0&hl=en&rclk=1
Ambassa Government Hospital,Hospital,"Ambassa, Tripura 799289, India",https://www.google.co.kr/maps/place/Ambassa+Government+Hospital/data=!4m5!3m4!1s0x37523295b20c1cff:0xe28fa7efd4d5e9db!8m2!3d23.9224825!4d91.8535352?authuser=0&hl=en&rclk=1
Medicine Care,Hospital,"VX2W+J39, Chawmanu, Tripura 799273, India",https://www.google.co.kr/maps/place/Medicine+Care/data=!4m5!3m4!1s0x37523b29ed882abd:0x1ccd23668c0662c7!8m2!3d23.851529!4d91.9952302?authuser=0&hl=en&rclk=1
VINAYAKA HEALTH CARE & DIAGNOSTIC CENTER,Hospital,"Dhaleswar, Agartala, Tripura 799001, India",https://www.google.co.kr/maps/place/VINAYAKA+HEALTH+CARE+%26+DIAGNOSTIC+CENTER/data=!4m5!3m4!1s0x3753f5fc7b73d093:0x22cc149dfb3740a6!8m2!3d23.8304011!4d91.2714489?authuser=0&hl=en&rclk=1
Army Hospital,Hospital,"Unnamed Road, 79 Tilla, Agartala, Tripura 799006, India",https://www.google.co.kr/maps/place/Army+Hospital/data=!4m5!3m4!1s0x3753f1c109811d69:0x2393043196f69a93!8m2!3d23.8776639!4d91.3025317?authuser=0&hl=en&rclk=1
SNBT STATION ROAD A-S Tri Junction,Hospital,"Karimganj - Agartala - Sabroom Rd, Santirbazar, Tripura 799144, India",https://www.google.co.kr/maps/place/SNBT+STATION+ROAD+A-S+Tri+Junction/data=!4m5!3m4!1s0x37530b07c8ffdd0f:0xfec1522c8569b34e!8m2!3d23.3164109!4d91.557645?authuser=0&hl=en&rclk=1
Hospital quater,Hospital,"67QV+H4R, Damcherra, Tripura 799256, India",https://www.google.co.kr/maps/place/Hospital+quater/data=!4m5!3m4!1s0x3751f118b8435183:0x6529a5066ef91d42!8m2!3d24.2389912!4d92.2927587?authuser=0&hl=en&rclk=1
Animal hospital.,Hospital,"Q7W7+G9J, Hapania, Agartala, Tripura 799014, India",https://www.google.co.kr/maps/place/Animal+hospital./data=!4m5!3m4!1s0x3753f4f1a450001f:0x3497679c73fdece!8m2!3d23.7963393!4d91.2633936?authuser=0&hl=en&rclk=1
Ayurvedic Hospitals,Hospital,"NIT Road, Majlishpur, Tripura 799035, India",https://www.google.co.kr/maps/place/Ayurvedic+Hospitals/data=!4m5!3m4!1s0x3753ed19ec81e225:0x88a632e022fe7daa!8m2!3d23.8252664!4d91.4018156?authuser=0&hl=en&rclk=1
Agartala Government Medical College & Govind Ballabh Pant Hospital,Medical school,"PO, Kunjaban, Agartala, Tripura 799006, India",https://www.google.co.kr/maps/place/Agartala+Government+Medical+College+%26+Govind+Ballabh+Pant+Hospital/data=!4m5!3m4!1s0x3753f15385e1e7e7:0x217dff53bd03ee71!8m2!3d23.8604332!4d91.2927536?authuser=0&hl=en&rclk=1
Swasti Medicals,Hospital,"Hospital Rd, Dharmanagar, Tripura 799250, India",https://www.google.co.kr/maps/place/Swasti+Medicals/data=!4m5!3m4!1s0x3751ed757b3cde51:0xb7551d0406e5b157!8m2!3d24.3938191!4d92.1582627?authuser=0&hl=en&rclk=1
Manabkilla Hospital,Hospital,"J7GC+3MH, Lalsinghmura, Tripura 799102, India",https://www.google.co.kr/maps/place/Manabkilla+Hospital/data=!4m5!3m4!1s0x3753899fdfdc98cd:0x982f488ff7063c59!8m2!3d23.6251819!4d91.2717406?authuser=0&hl=en&rclk=1
Masli Primary Health Centre,Hospital,"NH108, Purba Masli, Tripura 799275, India",https://www.google.co.kr/maps/place/Masli+Primary+Health+Centre/data=!4m5!3m4!1s0x375225e83075059f:0x5d4402bb366d414f!8m2!3d24.0215925!4d92.0070353?authuser=0&hl=en&rclk=1
Medicine Department of GBP Hospital,Government hospital,"Unnamed Road, Kunjaban, Agartala, Tripura 799010, India",https://www.google.co.kr/maps/place/Medicine+Department+of+GBP+Hospital/data=!4m5!3m4!1s0x3753f74dc673f003:0xbae296ee40956a8a!8m2!3d23.8580005!4d91.288881?authuser=0&hl=en&rclk=1
Purbalaxmibil Primary Hospital,Hospital,"M7RX+WH9, Bishalgarh, Tripura 799102, India",https://www.google.co.kr/maps/place/Purbalaxmibil+Primary+Hospital/data=!4m5!3m4!1s0x37538c6dfe6c2479:0xacfcce3e49b231ba!8m2!3d23.6922957!4d91.2989854?authuser=0&hl=en&rclk=1
"DOTS Plus Site, AGMC",Government hospital,"Kunjaban, Agartala, Tripura 799006, India","https://www.google.co.kr/maps/place/DOTS+Plus+Site,+AGMC/data=!4m5!3m4!1s0x3753f153eff928ef:0x103cde0862e81dd0!8m2!3d23.8597912!4d91.2933069?authuser=0&hl=en&rclk=1"
Animal Hospital,Hospital,"Dharmanagar - Kailashahar Rd, Gournagar, Tripura 799279, India",https://www.google.co.kr/maps/place/Animal+Hospital/data=!4m5!3m4!1s0x37518ffe9572cd95:0x33b8cb0914f09688!8m2!3d24.3037685!4d92.0332328?authuser=0&hl=en&rclk=1
BSF Hospital,Hospital,"CH, FTR HQ BSF, Salbagan, Agartala, Tripura 799012, India",https://www.google.co.kr/maps/place/BSF+Hospital/data=!4m5!3m4!1s0x3753f12ee7c37015:0xda6fa602532897b9!8m2!3d23.8930871!4d91.2957698?authuser=0&hl=en&rclk=1
Devlok Hospital,Private hospital,"R7RM+C4F, Krishna Nagar, Agartala, Tripura 799001, India",https://www.google.co.kr/maps/place/Devlok+Hospital/data=!4m5!3m4!1s0x3753f40f6229084b:0x7f3b20cf20f1e0f9!8m2!3d23.8410723!4d91.2827828?authuser=0&hl=en&rclk=1
Ganganagar Hospital,Hospital,"QRGW+F8J, Khowaipara, Tripura 799289, India",https://www.google.co.kr/maps/place/Ganganagar+Hospital/data=!4m5!3m4!1s0x37523538a7bf7f75:0xba85e1a2dd7991f5!8m2!3d23.7762142!4d91.8457782?authuser=0&hl=en&rclk=1
Tuikarmaw Hospital,Hospital,"9G6P+RVC, Purba Manu, Tripura 799125, India",https://www.google.co.kr/maps/place/Tuikarmaw+Hospital/data=!4m5!3m4!1s0x37530bac06b64585:0x275505cebc286939!8m2!3d23.3620531!4d91.5371549?authuser=0&hl=en&rclk=1
New Hospital,Hospital,"25QX+XC2, Kanchanpur, Tripura 799270, India",https://www.google.co.kr/maps/place/New+Hospital/data=!4m5!3m4!1s0x37521eceb012edb7:0x62f90bcccda7b5e!8m2!3d24.0398752!4d92.1985058?authuser=0&hl=en&rclk=1
Gramin Hospital,Hospital,"6R6W+CH5, Goalmara, Tripura 799285, India",https://www.google.co.kr/maps/place/Gramin+Hospital/data=!4m5!3m4!1s0x375181ec1d806bab:0x9aa498047824b8a9!8m2!3d24.2110205!4d91.8464689?authuser=0&hl=en&rclk=1
82 Mile Hospital PHC,Hospital,"Kalibari Rd, Nalkata, Tripura 799266, India",https://www.google.co.kr/maps/place/82+Mile+Hospital+PHC/data=!4m5!3m4!1s0x375227c543c69de7:0x12349f0ab19291a!8m2!3d24.0822237!4d91.999446?authuser=0&hl=en&rclk=1
Sabroom Sub-Divisional Hospital,Hospital,"Sabroom, Tripura 799145, India",https://www.google.co.kr/maps/place/Sabroom+Sub-Divisional+Hospital/data=!4m5!3m4!1s0x3753189a78803b85:0xf562ef0b6649d836!8m2!3d23.0037377!4d91.7275679?authuser=0&hl=en&rclk=1
Homoeopathy hospital,Hospital,"RC3Q+4RG, Khumulwng, Tripura 799035, India",https://www.google.co.kr/maps/place/Homoeopathy+hospital/data=!4m5!3m4!1s0x3753ec80bf38f6b7:0xbe67faa3c8827429!8m2!3d23.802814!4d91.4395909?authuser=0&hl=en&rclk=1
Ghilatali Health Sub-centre,Hospital,"WJ5P+HQV, Ghilatali, Tripura 799203, India",https://www.google.co.kr/maps/place/Ghilatali+Health+Sub-centre/data=!4m5!3m4!1s0x3753c56068602913:0xbdc6249dae13ea9b!8m2!3d23.9089792!4d91.6369139?authuser=0&hl=en&rclk=1
Urmai P.H.C,Hospital,"Melaghar - Sonamura Rd, Urmai, Tripura 799115, India",https://www.google.co.kr/maps/place/Urmai+P.H.C/data=!4m5!3m4!1s0x3753846efb64e99b:0x7a0a75c7b10dc9f3!8m2!3d23.4875839!4d91.3152691?authuser=0&hl=en&rclk=1
Sub-Division Hospital,Hospital,"Belonia, Tripura 799155, India",https://www.google.co.kr/maps/place/Sub-Division+Hospital/data=!4m5!3m4!1s0x375373c3e926ede1:0x74c9b68233b0e9fa!8m2!3d23.2517658!4d91.4572012?authuser=0&hl=en&rclk=1
Doctors chamber,Hospital,"Unnamed Road, Kumarghat, Tripura 799264, India",https://www.google.co.kr/maps/place/Doctors+chamber/data=!4m5!3m4!1s0x37518908a765ac05:0xd53dfaf69d357dbf!8m2!3d24.1628141!4d92.0389057?authuser=0&hl=en&rclk=1
Animal Hospital,Hospital,"NIT Rd, Majlishpur, Tripura 799046, India",https://www.google.co.kr/maps/place/Animal+Hospital/data=!4m5!3m4!1s0x3753ed8974ec2e93:0x35d140028ff54f85!8m2!3d23.8430393!4d91.3971841?authuser=0&hl=en&rclk=1
Health Center,Hospital,"5RFM+RGF, Panchasi, Tripura 799285, India",https://www.google.co.kr/maps/place/Health+Center/data=!4m5!3m4!1s0x375181a38cec816d:0x4881003c6eccf168!8m2!3d24.1745709!4d91.8338085?authuser=0&hl=en&rclk=1
Sub center,Hospital,"Paschim Kanchanbari, Tripura 799288, India",https://www.google.co.kr/maps/place/Sub+center/data=!4m5!3m4!1s0x375229b50c036725:0x9922f33079cfbcf!8m2!3d24.1251808!4d91.9832594?authuser=0&hl=en&rclk=1
Meditown Multi Speciality Clinic,Medical Center,"Unnamed Road, Reshambagan, Agartala, Tripura 799008, India",https://www.google.co.kr/maps/place/Meditown+Multi+Speciality+Clinic/data=!4m5!3m4!1s0x3753f30a364b1e09:0xeca673b490516bff!8m2!3d23.842307!4d91.3173462?authuser=0&hl=en&rclk=1
"Primary Health Center, Natunnagar Co-Operative",Hospital,"Patunagar Rd, Durjaynagar, Agartala, Tripura 799002, India","https://www.google.co.kr/maps/place/Primary+Health+Center,+Natunnagar+Co-Operative/data=!4m5!3m4!1s0x3753f736bffe542f:0x654cc414d1dc8eff!8m2!3d23.8750389!4d91.2704672?authuser=0&hl=en&rclk=1"
Apollo Gleneagles Hospital Information Centre,Health consultant,"near Akashbani Agartala, Palace Compound, Indranagar, Agartala, Tripura 799001, India",https://www.google.co.kr/maps/place/Apollo+Gleneagles+Hospital+Information+Centre/data=!4m5!3m4!1s0x3753f40a15a11851:0x19b8f3f2a2c490d6!8m2!3d23.8391092!4d91.2835676?authuser=0&hl=en&rclk=1
MCH CLINIC,Hospital,"NH108, Jalabasa, Pekuchhara, Tripura 799260, India",https://www.google.co.kr/maps/place/MCH+CLINIC/data=!4m5!3m4!1s0x3751f3ac98c0c5e5:0xd18a60974b15f7b5!8m2!3d24.2590431!4d92.181332?authuser=0&hl=en&rclk=1
Animal Hospital,Hospital,"H884+HXG, Choumohani, Tripura 799103, India",https://www.google.co.kr/maps/place/Animal+Hospital/data=!4m5!3m4!1s0x375385ac182143c9:0xb3e0f8cca6e975ff!8m2!3d23.5664432!4d91.3074642?authuser=0&hl=en&rclk=1
homeopathic Hospital,Hospital,"Khumulwng, Tripura 799045, India",https://www.google.co.kr/maps/place/homeopathic+Hospital/data=!4m5!3m4!1s0x3753ed009508d243:0xbdc97f6e27386c9a!8m2!3d23.8041833!4d91.4287698?authuser=0&hl=en&rclk=1
SNCU(Sick Newborn baby Care Unit),Children's hospital,"Kamalpur - Khowai Rd, Khowai, Tripura 799202, India",https://www.google.co.kr/maps/place/SNCU(Sick+Newborn+baby+Care+Unit)/data=!4m5!3m4!1s0x3753d9f0f55296d3:0xf162b8f02a89011e!8m2!3d24.0715035!4d91.6028298?authuser=0&hl=en&rclk=1
Dhalajhari HSC,Hospital,"HQJX+PHM, Dhalajhari, Tripura 799284, India",https://www.google.co.kr/maps/place/Dhalajhari+HSC/data=!4m5!3m4!1s0x3753b396db2d50ab:0x7405cceb15a95a37!8m2!3d23.581836!4d91.7989306?authuser=0&hl=en&rclk=1
Makunda Christian Leprosy and General Hospital,General hospital,"Bazaricherra, Karimganj, Assam 788727, India",https://www.google.co.kr/maps/place/Makunda+Christian+Leprosy+and+General+Hospital/data=!4m5!3m4!1s0x3751e668f510e06b:0xf378e3fcdef6bcc3!8m2!3d24.4320197!4d92.3306894?authuser=0&hl=en&rclk=1
CGHS WELLNESS CENTRE AGARTALA,Medical Center,"Lake View Road, Shibnagar, Agartala, Tripura 799004, India",https://www.google.co.kr/maps/place/CGHS+WELLNESS+CENTRE+AGARTALA/data=!4m5!3m4!1s0x3753f6adc8535d67:0xd2c4ff375b42ca68!8m2!3d23.828387!4d91.2913852?authuser=0&hl=en&rclk=1
South Radhapur Health Subcentre,Hospital,"QCP9+926, Radhapur, Tripura 799035, India",https://www.google.co.kr/maps/place/South+Radhapur+Health+Subcentre/data=!4m5!3m4!1s0x3753eda976d58a39:0xc9a20e69c8dfabc2!8m2!3d23.785907!4d91.4175104?authuser=0&hl=en&rclk=1
Shrestha Eye Hospital,Eye care center,"Jail Road, Algapur, Dharmanagar, Tripura 799250, India",https://www.google.co.kr/maps/place/Shrestha+Eye+Hospital/data=!4m5!3m4!1s0x3751ecd6c7ccf7df:0x58aac26b162f7b5a!8m2!3d24.3716314!4d92.1513074?authuser=0&hl=en&rclk=1
The Eye Super Speciality Hospital,Eye care center,"Colonel Chaumuhany, beside Shonimanir, Krishna Nagar, Agartala, Tripura 799001, India",https://www.google.co.kr/maps/place/The+Eye+Super+Speciality+Hospital/data=!4m5!3m4!1s0x3753f47255555555:0x61d3464a32627716!8m2!3d23.8378095!4d91.2797522?authuser=0&hl=en&rclk=1
Gramin Hospital,Hospital,"W8WG+5GV, Fatikchhara, Tripura 799210, India",https://www.google.co.kr/maps/place/Gramin+Hospital/data=!4m5!3m4!1s0x3753f140a3e8c679:0x3a6092b3375233d3!8m2!3d23.9454994!4d91.3262852?authuser=0&hl=en&rclk=1
"Govind Ballabh Pant Hospital, গোবিন্দ বল্লভ পন্ত হাসপাতাল, गोविंद बल्लभ पंत अस्पताल, ഗോവിഡ് ബററഭ പന്ത് ഹോസ്പിറ്റൽ",Government college,"Kunjaban Township, Agartala, Tripura, India","https://www.google.co.kr/maps/place/Govind+Ballabh+Pant+Hospital,+%E0%A6%97%E0%A7%8B%E0%A6%AC%E0%A6%BF%E0%A6%A8%E0%A7%8D%E0%A6%A6+%E0%A6%AC%E0%A6%B2%E0%A7%8D%E0%A6%B2%E0%A6%AD+%E0%A6%AA%E0%A6%A8%E0%A7%8D%E0%A6%A4+%E0%A6%B9%E0%A6%BE%E0%A6%B8%E0%A6%AA%E0%A6%BE%E0%A6%A4%E0%A6%BE%E0%A6%B2,+%E0%A4%97%E0%A5%8B%E0%A4%B5%E0%A4%BF%E0%A4%82%E0%A4%A6+%E0%A4%AC%E0%A4%B2%E0%A5%8D%E0%A4%B2%E0%A4%AD+%E0%A4%AA%E0%A4%82%E0%A4%A4+%E0%A4%85%E0%A4%B8%E0%A5%8D%E0%A4%AA%E0%A4%A4%E0%A4%BE%E0%A4%B2,+%E0%B4%97%E0%B5%8B%E0%B4%B5%E0%B4%BF%E0%B4%A1%E0%B5%8D+%E0%B4%AC%E0%B4%B1%E0%B4%B1%E0%B4%AD+%E0%B4%AA%E0%B4%A8%E0%B5%8D%E0%B4%A4%E0%B5%8D+%E0%B4%B9%E0%B5%8B%E0%B4%B8%E0%B5%8D%E0%B4%AA%E0%B4%BF%E0%B4%B1%E0%B5%8D%E0%B4%B1%E0%B5%BD/data=!4m5!3m4!1s0x3753f15382a36219:0xf40e97b7e5d2c031!8m2!3d23.8594115!4d91.2912056?authuser=0&hl=en&rclk=1"
Veterinary hospital,Hospital,"Amarpur-Udaipur Rd, Amarpur, Tripura 799101, India",https://www.google.co.kr/maps/place/Veterinary+hospital/data=!4m5!3m4!1s0x3753a5cd1f3cc729:0x5ef6f499ed8c01b0!8m2!3d23.515736!4d91.6519771?authuser=0&hl=en&rclk=1
MS Office GB Hospital,City government office,"V76R+HJM, Kunjaban, Agartala, Tripura 799006, India",https://www.google.co.kr/maps/place/MS+Office+GB+Hospital/data=!4m5!3m4!1s0x3753f153a9d303df:0x84b8130a7d0067d2!8m2!3d23.8614632!4d91.2915386?authuser=0&hl=en&rclk=1
Apollo Center,Diagnostic center,"R7JG+HQQ, Rabindra palli, Dhaleswar, Agartala, Tripura 799001, India",https://www.google.co.kr/maps/place/Apollo+Center/data=!4m5!3m4!1s0x3753f50dd97be60f:0x6e21000715a8a6b4!8m2!3d23.8314555!4d91.2769903?authuser=0&hl=en&rclk=1
"Emergency block, TMC",Hospital,"Q7P5+2GQ, Master Para, Hapania, Agartala, Tripura 799014, India","https://www.google.co.kr/maps/place/Emergency+block,+TMC/data=!4m5!3m4!1s0x3753f50b061d37a7:0x1bda065c6e82b111!8m2!3d23.7850767!4d91.258864?authuser=0&hl=en&rclk=1"
"Regional Aurveda Research Centre,CCRAS, Ministry of AYUSH",Hospital,"Rd Number 4, Ram Nagar, Agartala, Tripura 799002, India","https://www.google.co.kr/maps/place/Regional+Aurveda+Research+Centre,CCRAS,+Ministry+of+AYUSH/data=!4m5!3m4!1s0x3753f525983db4e3:0x391b1459f056afe3!8m2!3d23.8391065!4d91.2667399?authuser=0&hl=en&rclk=1"
Express Way,Hospital,"Kamalpur - Khowai Rd, Khowai, Tripura 799202, India",https://www.google.co.kr/maps/place/Express+Way/data=!4m5!3m4!1s0x3753d9273f5185dd:0x7ed0ce13a2927b98!8m2!3d24.0863955!4d91.612019?authuser=0&hl=en&rclk=1
MCH,Hospital,"R2RH+VWJ, Manikpur, Tripura 799273, India",https://www.google.co.kr/maps/place/MCH/data=!4m5!3m4!1s0x3752392b3c59f1fd:0x1abc7a2b6de3b84!8m2!3d23.8422008!4d92.029768?authuser=0&hl=en&rclk=1
Unity Gastro Liver Hospitals,Health consultant,"17, Thakur Pally Rd, Krishna Nagar, Agartala, Tripura 799001, India",https://www.google.co.kr/maps/place/Unity+Gastro+Liver+Hospitals/data=!4m5!3m4!1s0x3753f52cae15683f:0x4eeede11f78ae8b2!8m2!3d23.8341858!4d91.2762619?authuser=0&hl=en&rclk=1
Tripura Medical College,College,"Q7M4+9QF, Hapania, Agartala, Tripura 799014, India",https://www.google.co.kr/maps/place/Tripura+Medical+College/data=!4m5!3m4!1s0x3753f4e7156a0ea7:0x8ef8dae294f6e830!8m2!3d23.7834307!4d91.2569086?authuser=0&hl=en&rclk=1
Hospital Market,Pharmacy,"HF34+4Q9, Topania, Tripura 799114, India",https://www.google.co.kr/maps/place/Hospital+Market/data=!4m5!3m4!1s0x375399ef40ef2673:0x58052f5c4e7e14d2!8m2!3d23.5527937!4d91.4569998?authuser=0&hl=en&rclk=1
GB,Hospital,"R8R3+R6H, Indranagar, Agartala, Tripura 799006, India",https://www.google.co.kr/maps/place/GB/data=!4m5!3m4!1s0x3753f38fbe08978f:0x652bbf7f20ec3375!8m2!3d23.8420715!4d91.303118?authuser=0&hl=en&rclk=1
General & Laparoscopic Surgeon,Medical Center,"Office Ln, Dhaleswar, Agartala, Tripura 799001, India",https://www.google.co.kr/maps/place/General+%26+Laparoscopic+Surgeon/data=!4m5!3m4!1s0x3753f5d7e25d0945:0xe2f9440b3d06de8d!8m2!3d23.8302524!4d91.2732983?authuser=0&hl=en&rclk=1
Dr. Chayan Bhattacharjee,Medical Center,"9, Officers Quarter Ln, Krishna Nagar, Agartala, Tripura 799001, India",https://www.google.co.kr/maps/place/Dr.+Chayan+Bhattacharjee/data=!4m5!3m4!1s0x3753f4144ede61af:0x24ed29be33826c56!8m2!3d23.8335536!4d91.272046?authuser=0&hl=en&rclk=1
Tripura Medical College And Dr. B. R. A. M. Teaching Hospital Blood Bank,Blood donation center,"Tripura Medical College, Hapania, Agartala, Tripura 799014, India",https://www.google.co.kr/maps/place/Tripura+Medical+College+And+Dr.+B.+R.+A.+M.+Teaching+Hospital+Blood+Bank/data=!4m5!3m4!1s0x3753f4e8ffffffff:0xf220e79cafd41469!8m2!3d23.7849219!4d91.2626287?authuser=0&hl=en&rclk=1
"OPD new Block, medicine TMC",Hospital,"Q7M5+PC6, Master Para, Hapania, Agartala, Tripura 799014, India","https://www.google.co.kr/maps/place/OPD+new+Block,+medicine+TMC/data=!4m5!3m4!1s0x3753f5c247c66315:0x205d983b1b25d63!8m2!3d23.7842879!4d91.2585149?authuser=0&hl=en&rclk=1"
"Virology Service Laboratory, Tripura Medical College & Dr. B. R. Ambedkar Memorial Teaching Hospital",Medical laboratory,"Sadar Sub Division, Hapania, Agartala, Tripura 799014, India","https://www.google.co.kr/maps/place/Virology+Service+Laboratory,+Tripura+Medical+College+%26+Dr.+B.+R.+Ambedkar+Memorial+Teaching+Hospital/data=!4m5!3m4!1s0x3753f4e7cb10d63b:0x2d7f45240645d7a5!8m2!3d23.7848314!4d91.259217?authuser=0&hl=en&rclk=1"
Hospital Quarters,Hospital department,"26R2+468, Kanchanpur, Tripura 799270, India",https://www.google.co.kr/maps/place/Hospital+Quarters/data=!4m5!3m4!1s0x37521f9521523ee1:0x43cf4cf7e11a8e36!8m2!3d24.0402891!4d92.2005849?authuser=0&hl=en&rclk=1
ILS Hospital Blood Bank,Blood donation center,"Kunjaban, Agartala, Tripura 799006, India",https://www.google.co.kr/maps/place/ILS+Hospital+Blood+Bank/data=!4m5!3m4!1s0x3753f15295555555:0x69721a4059840378!8m2!3d23.8635079!4d91.2903074?authuser=0&hl=en&rclk=1
Awc Centre,Hospital,"Haritala Rd, Baruakandi, Tripura 799251, India",https://www.google.co.kr/maps/place/Awc+Centre/data=!4m5!3m4!1s0x375193b2a9404261:0x36e3ef5668dd1840!8m2!3d24.4009536!4d92.136358?authuser=0&hl=en&rclk=1
Emergency Block,Doctor,"V76R+8M5, Kunjaban, Agartala, Tripura 799006, India",https://www.google.co.kr/maps/place/Emergency+Block/data=!4m5!3m4!1s0x3753f153a16daab3:0x81343ec3c199f0ed!8m2!3d23.8607656!4d91.2917471?authuser=0&hl=en&rclk=1
Meditown Multi Speciality Clinic,Diagnostic center,"215, Assam, Shillong - Agartala - Sabrum Rd, Near Ashirbad Gas Agency, Reshambagan, Agartala, Tripura 799008, India",https://www.google.co.kr/maps/place/Meditown+Multi+Speciality+Clinic/data=!4m5!3m4!1s0x3753f30f16a82267:0xf34f19836dd07074!8m2!3d23.8421838!4d91.3175158?authuser=0&hl=en&rclk=1
MEDICINE WARD,Hospital department,"Unnamed Road,, Hapania, Agartala, Tripura 799014, India",https://www.google.co.kr/maps/place/MEDICINE+WARD/data=!4m5!3m4!1s0x3753f4e62efc3257:0x37206c31929da4f0!8m2!3d23.7842781!4d91.2589018?authuser=0&hl=en&rclk=1
Makunda Mission Hospital,General hospital,"98XQ+V28, Dakshin Sagolmar, Assam 788727, India",https://www.google.co.kr/maps/place/Makunda+Mission+Hospital/data=!4m5!3m4!1s0x3751e569b1eddcd9:0x6f18962d54d4182a!8m2!3d24.3996505!4d92.3375817?authuser=0&hl=en&rclk=1
Medicaids Pathological Lab & X-Ray Clinic,Diagnostic center,"6, I.G.M. HOSPITAL ROAD, near Indira Gandhi Memorial Hospital, Agartala, Tripura 799001, India",https://www.google.co.kr/maps/place/Medicaids+Pathological+Lab+%26+X-Ray+Clinic/data=!4m5!3m4!1s0x3753f412e00f02db:0x56b074427245a35d!8m2!3d23.8311528!4d91.2771288?authuser=0&hl=en&rclk=1
Abha Health Relief And Welfare Society,Hospital,"Q8V7+XV6, Agartala, Tripura 799004, India",https://www.google.co.kr/maps/place/Abha+Health+Relief+And+Welfare+Society/data=!4m5!3m4!1s0x3753f348d1c75f4f:0x3536479029aa3b26!8m2!3d23.7949049!4d91.3146345?authuser=0&hl=en&rclk=1
Hospital,Hospital department,"MR45+978, Ultachhara, Tripura 799284, India",https://www.google.co.kr/maps/place/Hospital/data=!4m5!3m4!1s0x3753b379f5fbbe57:0xcef08ddd2545325c!8m2!3d23.655901!4d91.8082105?authuser=0&hl=en&rclk=1
A-Z MEDICO,Medical Center,"7, Hospital Rd, Krishna Nagar, Agartala, Tripura 799001, India",https://www.google.co.kr/maps/place/A-Z+MEDICO/data=!4m5!3m4!1s0x3753f5c166a9a05b:0x32bb170e2950035f!8m2!3d23.8330978!4d91.2756347?authuser=0&hl=en&rclk=1
Ujan Abhoynagar Sd,Hospital department,"Unnamed Road, Abhay Nagar, Agartala, Tripura 799006, India",https://www.google.co.kr/maps/place/Ujan+Abhoynagar+Sd/data=!4m5!3m4!1s0x3753f5c20c5332cf:0xd45c8ed4ba27e852!8m2!3d23.8483732!4d91.2885975?authuser=0&hl=en&rclk=1
Care Hospital,Hospital,"Guho Rd, Sreemangal, Bangladesh",https://www.google.co.kr/maps/place/Care+Hospital/data=!4m5!3m4!1s0x37517be88ec40c1d:0xfbe2ef7325b27158!8m2!3d24.3102417!4d91.7340213?authuser=0&hl=en&rclk=1
BLOOD BANK (District Hospital),Blood bank,"95Q5+W6C, Chandrapur, Dharmanagar, Tripura 799251, India",https://www.google.co.kr/maps/place/BLOOD+BANK+(District+Hospital)/data=!4m5!3m4!1s0x3751ecc76366be13:0xefb45cdfb38fdb8a!8m2!3d24.3898148!4d92.1580095?authuser=0&hl=en&rclk=1
Hospital,Community center,"Unnamed Road, Paschim Kalajari R.F. part, Tripura 799104, India",https://www.google.co.kr/maps/place/Hospital/data=!4m5!3m4!1s0x3753ab1d1eb5b48b:0x16cae9f5267c0c31!8m2!3d23.4191188!4d91.7984664?authuser=0&hl=en&rclk=1
GB Hospital Bus Stand,Transit depot,"GB Rd, Kunjaban, Agartala, Tripura 799006, India",https://www.google.co.kr/maps/place/GB+Hospital+Bus+Stand/data=!4m5!3m4!1s0x3753f1b64fd773f5:0x93f5cb7145337033!8m2!3d23.8593957!4d91.2942155?authuser=0&hl=en&rclk=1
দুর্গা নগর প্রাথমিক স্বাস্থ্য কেন্দ্র,Medical Center,"R9WF+8PF, Laxmipur, Tripura 799008, India",https://www.google.co.kr/maps/place/%E0%A6%A6%E0%A7%81%E0%A6%B0%E0%A7%8D%E0%A6%97%E0%A6%BE+%E0%A6%A8%E0%A6%97%E0%A6%B0+%E0%A6%AA%E0%A7%8D%E0%A6%B0%E0%A6%BE%E0%A6%A5%E0%A6%AE%E0%A6%BF%E0%A6%95+%E0%A6%B8%E0%A7%8D%E0%A6%AC%E0%A6%BE%E0%A6%B8%E0%A7%8D%E0%A6%A5%E0%A7%8D%E0%A6%AF+%E0%A6%95%E0%A7%87%E0%A6%A8%E0%A7%8D%E0%A6%A6%E0%A7%8D%E0%A6%B0/data=!4m5!3m4!1s0x3753ed00deadc36f:0xc465e15d9719c4a9!8m2!3d23.8458225!4d91.3742932?authuser=0&hl=en&rclk=1
New Medical,Medical Center,"Ramesh, Chowmohani, Udaipur, Tripura 799120, India",https://www.google.co.kr/maps/place/New+Medical/data=!4m5!3m4!1s0x375397509abf0e4d:0x72f684e433f8d3ef!8m2!3d23.577484!4d91.5111651?authuser=0&hl=en&rclk=1
Balisera Medical Department,Hospital,"Kalighat Road, Sreemangal 3210, Bangladesh",https://www.google.co.kr/maps/place/Balisera+Medical+Department/data=!4m5!3m4!1s0x37517bc7099f2e4b:0x23438851bca05acf!8m2!3d24.2617207!4d91.7360045?authuser=0&hl=en&rclk=1
Taksapara hospital quarter,Hospital department,"H77R+RPR, Taksapara, Tripura 799103, India",https://www.google.co.kr/maps/place/Taksapara+hospital+quarter/data=!4m5!3m4!1s0x375385648aa4cf99:0x17a3920380490e27!8m2!3d23.5646245!4d91.2917562?authuser=0&hl=en&rclk=1
NCD INITIATIVE Tripura,Medical Center,"Room No 305, 3rd floor, NHM Tripura Complex, Palace Compound, Agartala, Tripura 799001, India",https://www.google.co.kr/maps/place/NCD+INITIATIVE+Tripura/data=!4m5!3m4!1s0x3753f40e95555555:0x2a8dd812a9c87f00!8m2!3d23.8368023!4d91.2830851?authuser=0&hl=en&rclk=1
S.T Tower,Hospital,"College Rd, Sreemangal, Bangladesh",https://www.google.co.kr/maps/place/S.T+Tower/data=!4m5!3m4!1s0x37517b0bcd935161:0xa0e28c2c13daec52!8m2!3d24.3106722!4d91.7334597?authuser=0&hl=en&rclk=1
Hospital,Hospital,"CHC Hospital, Thycattussery, Kerala 688528, India",https://www.google.co.kr/maps/place/Hospital/data=!4m5!3m4!1s0x375300cd3b2b675b:0xe3b6251d2281c727!8m2!3d23.3390805!4d91.7546599?authuser=0&hl=en&rclk=1
DR J K NAG.,Orthopedic clinic,"Dhaleswar A.A.Road, Kalyani, Dhaleswar, Agartala, Tripura 799007, India",https://www.google.co.kr/maps/place/DR+J+K+NAG./data=!4m5!3m4!1s0x3753f334bd6eca73:0xea835df4dbaf2618!8m2!3d23.8339479!4d91.2996689?authuser=0&hl=en&rclk=1
Bimal Singha Memorial Hospital Blood Bank,Blood donation center,"Noagaon, Tripura 799285, India",https://www.google.co.kr/maps/place/Bimal+Singha+Memorial+Hospital+Blood+Bank/data=!4m5!3m4!1s0x37517f63c220496f:0xe1a21b30ae8d51ae!8m2!3d24.197315!4d91.828258?authuser=0&hl=en&rclk=1
Veterinary Hospital,Animal hospital,"J83X+QC7, Caluni, Bishramganj, Tripura 799103, India",https://www.google.co.kr/maps/place/Veterinary+Hospital/data=!4m5!3m4!1s0x37538fc842534965:0xbc3104469197e1f2!8m2!3d23.6044093!4d91.3485594?authuser=0&hl=en&rclk=1
Dept of medicine TMC,Hospital department,"Q7M5+MH9, Master Para, Hapania, Agartala, Tripura 799014, India",https://www.google.co.kr/maps/place/Dept+of+medicine+TMC/data=!4m5!3m4!1s0x3753f5a2c11b5657:0xa909cc6bbf9ad235!8m2!3d23.7841504!4d91.2589857?authuser=0&hl=en&rclk=1
Apollo MedSkills Limited,Training centre,"J K Motors Complex,, A.A Road, Dulara,, opposite CNG Station, Agartala, Tripura 799008, India",https://www.google.co.kr/maps/place/Apollo+MedSkills+Limited/data=!4m5!3m4!1s0x3753f21970a3cdfb:0x107c98eae263b53b!8m2!3d23.8442738!4d91.351122?authuser=0&hl=en&rclk=1
Apollo Clinic,Medical clinic,"Dhawleshwar, Road No. 8, near Blue Lotus Club, Agartala, Tripura 799007, India",https://www.google.co.kr/maps/place/Apollo+Clinic/data=!4m5!3m4!1s0x3753f306f220bbeb:0x74a0ec52e8d21c88!8m2!3d23.8367672!4d91.2986576?authuser=0&hl=en&rclk=1
Emergency Block GBP Hospital,Emergency room,"V76R+8Q3, Kunjaban, Agartala, Tripura 799006, India",https://www.google.co.kr/maps/place/Emergency+Block+GBP+Hospital/data=!4m5!3m4!1s0x3753f1ce5080bc5b:0xad7d15193fba08a5!8m2!3d23.8607537!4d91.2919322?authuser=0&hl=en&rclk=1
Dr. Rajat Kanti Bhattacharjee- Diabetologist in Agartala,Diabetologist,"Sharat sarani, Durgachowmuhni, Ram Nagar, Agartala, Tripura 799001, India",https://www.google.co.kr/maps/place/Dr.+Rajat+Kanti+Bhattacharjee-+Diabetologist+in+Agartala/data=!4m5!3m4!1s0x3753f3bfabbbd76d:0x1a8648a83689fda5!8m2!3d23.8446549!4d91.3214432?authuser=0&hl=en&rclk=1
United Bank of India,Bank,"V75V+JFX, Kunjaban, Agartala, Tripura 799006, India",https://www.google.co.kr/maps/place/United+Bank+of+India/data=!4m5!3m4!1s0x3753f153ff7319ed:0x36590ca0e84da0c6!8m2!3d23.8591063!4d91.2937412?authuser=0&hl=en&rclk=1
SRL Diagnostics,Diagnostic center,"7 Hospital Road, P.S West, Agartala, Tripura 799001, India",https://www.google.co.kr/maps/place/SRL+Diagnostics/data=!4m5!3m4!1s0x3753f53800b7bca3:0x675f0b325fb06d60!8m2!3d23.8264423!4d91.2821395?authuser=0&hl=en&rclk=1
Dermatologist. Apollo Information Center. Dr Surajit Gorai. MD,Dermatologist,"Apollo Gleneagles Hospital information centre. Palace compound., Near Akashbani bhawan and Air India office, Agartala, Tripura 799001, India",https://www.google.co.kr/maps/place/Dermatologist.+Apollo+Information+Center.+Dr+Surajit+Gorai.+MD/data=!4m5!3m4!1s0x3753f4730160a401:0x98ce058413578d!8m2!3d23.839115!4d91.2835652?authuser=0&hl=en&rclk=1
OCEAN MEDICAL,Medical Center,"Ichailalchhara,pramtala Fulbari Road Fulbari, Dharmanagar - Panisagar Road, Dharmanagar, Tripura 799262, India",https://www.google.co.kr/maps/place/OCEAN+MEDICAL/data=!4m5!3m4!1s0x3751eb3406ce2239:0x244056c47391e178!8m2!3d24.4269246!4d92.2132325?authuser=0&hl=en&rclk=1
Kalpana Physiotherapy Clinic,Physical therapy clinic,"Hospital Rd, Saratpally, Dharmanagar, Tripura 799250, India",https://www.google.co.kr/maps/place/Kalpana+Physiotherapy+Clinic/data=!4m5!3m4!1s0x3751ed35a3a5c681:0x3a1b348ce1e54709!8m2!3d24.3884923!4d92.1611697?authuser=0&hl=en&rclk=1
Sanjeevani Nursing Home,Nursing home,"R7PP+JWV, Banamalipur, Indranagar, Agartala, Tripura 799001, India",https://www.google.co.kr/maps/place/Sanjeevani+Nursing+Home/data=!4m5!3m4!1s0x3753f40998298f09:0x4ca1f391a370a256!8m2!3d23.8366167!4d91.287297?authuser=0&hl=en&rclk=1
Dr. Nirmal Paul,Medical clinic,"Hospital, Manu,, Manu, Tripura, India",https://www.google.co.kr/maps/place/Dr.+Nirmal+Paul/data=!4m5!3m4!1s0x375225817d913eab:0x5d5bb5952a713816!8m2!3d23.9918132!4d91.9929929?authuser=0&hl=en&rclk=1
Capital Complex,Housing complex,"V77M+8RJ, Kunjaban, Agartala, Tripura 799006, India",https://www.google.co.kr/maps/place/Capital+Complex/data=!4m5!3m4!1s0x3753f6ae70ece605:0xb73f31349cabd373!8m2!3d23.8633289!4d91.284528?authuser=0&hl=en&rclk=1
Golabari Health Sub-Centre,Medical Center,"VJ3Q+3H4, Golabari, Krishnapur part, Tripura 799203, India",https://www.google.co.kr/maps/place/Golabari+Health+Sub-Centre/data=!4m5!3m4!1s0x3753c5d51d22befd:0x1851d6bbf0921444!8m2!3d23.8526316!4d91.6389638?authuser=0&hl=en&rclk=1
Natunbazar Jama Masjid,Mosque,"Amarpur-Udaipur Rd, Banduar, Udaipur, Tripura 799013, India",https://www.google.co.kr/maps/place/Natunbazar+Jama+Masjid/data=!4m5!3m4!1s0x3753a9654767a0cd:0xfb17c5f69d2e05e5!8m2!3d23.4332041!4d91.7453352?authuser=0&hl=en&rclk=1
Dr Dilip Kumar Das's clinic,Obstetrician-gynecologist,"Motor Stand Rd, Santipara, Indranagar, Agartala, Tripura 799001, India",https://www.google.co.kr/maps/place/Dr+Dilip+Kumar+Das's+clinic/data=!4m5!3m4!1s0x3753f5e21412ed93:0x57c1f617a2f912a1!8m2!3d23.8313751!4d91.2847752?authuser=0&hl=en&rclk=1
WE CARE - A Homoeopathic Speciality Clinic,Medical clinic,"Singirbil Bazaar, Kailashahar, Tripura 799280, India",https://www.google.co.kr/maps/place/WE+CARE+-+A+Homoeopathic+Speciality+Clinic/data=!4m5!3m4!1s0x37518573f6458e71:0xbc853bfaec563fd1!8m2!3d24.2445798!4d91.984525?authuser=0&hl=en&rclk=1
KLS Auditorium,Auditorium,"Kunjaban, Agartala, Tripura 799006, India",https://www.google.co.kr/maps/place/KLS+Auditorium/data=!4m5!3m4!1s0x3753f1532e388eb7:0x5fb59ef485b68572!8m2!3d23.861373!4d91.2895067?authuser=0&hl=en&rclk=1
Time Signal,Watch store,"hospital, Mantribari Rd, opp. Agartala, Dhaleswar, Agartala, Tripura 799001, India",https://www.google.co.kr/maps/place/Time+Signal/data=!4m5!3m4!1s0x3753f412bae33459:0x4b53d53771e1fec6!8m2!3d23.8303158!4d91.2787605?authuser=0&hl=en&rclk=1
Matai.BSF.BOP,Lodging,"5GW5+5GX, Matai, Tripura 799155, India",https://www.google.co.kr/maps/place/Matai.BSF.BOP/data=!4m5!3m4!1s0x375372a5273fabfb:0x808771fd2347ba3c!8m2!3d23.195485!4d91.5088445?authuser=0&hl=en&rclk=1
Das Medical Store,Medical Center,"Ranibari Road, Piarachhara, Tripura 799261, India",https://www.google.co.kr/maps/place/Das+Medical+Store/data=!4m5!3m4!1s0x3751eba226144b83:0x144b4da5068e467b!8m2!3d24.4934489!4d92.2015347?authuser=0&hl=en&rclk=1
CARE Medical Services,Diagnostic center,"8P5J+XV6, শ্রীমঙ্গল, Bangladesh",https://www.google.co.kr/maps/place/CARE+Medical+Services/data=!4m5!3m4!1s0x37517a6d06db20ef:0xb246c6993273d674!8m2!3d24.3099044!4d91.7321448?authuser=0&hl=en&rclk=1
ACUITY HEALTH Agartala,Diagnostic center,"Ker chowmuhani, Agartala, Tripura 799001, India",https://www.google.co.kr/maps/place/ACUITY+HEALTH+Agartala/data=!4m5!3m4!1s0x3753f59e7d266b09:0x2e190a1eb4dd394d!8m2!3d23.8349469!4d91.2713928?authuser=0&hl=en&rclk=1
East Janmejoynagar sub-centre,Hospital department,"undre Kherangbar Hospital, Krishna Narayan para, Khumulwng, India",https://www.google.co.kr/maps/place/East+Janmejoynagar+sub-centre/data=!4m5!3m4!1s0x3753eb73f9400bab:0x1763294e1f3bfc7!8m2!3d23.7629794!4d91.4578983?authuser=0&hl=en&rclk=1
Joyguru Medical Hall,Pharmacy,"32, Dhaleswar A.A.Road, Dhaleswar, Agartala, Tripura 799007, India",https://www.google.co.kr/maps/place/Joyguru+Medical+Hall/data=!4m5!3m4!1s0x3753f3e6c6a5318f:0x697fe923eef715fa!8m2!3d23.832441!4d91.2953728?authuser=0&hl=en&rclk=1
Tripura Diagnostic & Polyclinic,Diagnostic center,"Chandmari, 79 Tilla, Agartala, Tripura 799010, India",https://www.google.co.kr/maps/place/Tripura+Diagnostic+%26+Polyclinic/data=!4m5!3m4!1s0x3753f7ba8caa0e51:0xc241b13d7848be98!8m2!3d23.8561431!4d91.2818815?authuser=0&hl=en&rclk=1
Feii,Educational institution,"Indira Gandhi Memorial Hospital, Hospital Lane, Rabindra palli, Dhaleswar, Agartala, Tripura 799001, India",https://www.google.co.kr/maps/place/Feii/data=!4m5!3m4!1s0x3753f46cd4c9dd27:0xb1929af2c6dee002!8m2!3d23.8297656!4d91.2770487?authuser=0&hl=en&rclk=1
Brinda pharmacy,Medical Center,"3GWJ+R55, Bangladesh",https://www.google.co.kr/maps/place/Brinda+pharmacy/data=!4m5!3m4!1s0x3753dfa6ccca55a3:0xd2dc7c730fc2c16b!8m2!3d24.0970094!4d91.5304946?authuser=0&hl=en&rclk=1
Lifeline Nursing Home,Nursing home,"39, Shakuntala Rd Ext, Palace Compound, Indranagar, Agartala, Tripura 799001, India",https://www.google.co.kr/maps/place/Lifeline+Nursing+Home/data=!4m5!3m4!1s0x3753f40dc366a3cd:0xdc6ed7d80c555b28!8m2!3d23.8343335!4d91.2810065?authuser=0&hl=en&rclk=1
WE CARE DENTAL CLINIC - Dr. Abhideep Nath,Dental clinic,"tilthai, hospital road, deocherra, Tripura 799260, India",https://www.google.co.kr/maps/place/WE+CARE+DENTAL+CLINIC+-+Dr.+Abhideep+Nath/data=!4m5!3m4!1s0x3751f3c19f6126b1:0xadff358892d968e2!8m2!3d24.3010548!4d92.1503171?authuser=0&hl=en&rclk=1
BIJIT CHANDRA NATH,Homeopathic pharmacy,"2666+HQH, Satnala, Tripura 799270, India",https://www.google.co.kr/maps/place/BIJIT+CHANDRA+NATH/data=!4m5!3m4!1s0x37521942e54c6bf7:0x916eb7ec4a22ca07!8m2!3d24.01143!4d92.211998?authuser=0&hl=en&rclk=1
Health Sub-Centre,Hospital,"69WM+29R, Thinghlun, Mizoram 796471, India",https://www.google.co.kr/maps/place/Health+Sub-Centre/data=!4m5!3m4!1s0x3751fc7525a17453:0x9c3d4432757b46b4!8m2!3d24.2451019!4d92.3833828?authuser=0&hl=en&rclk=1
Alpha Institute (Ed Counsel),Education center,"Ramnagar, Rd Number 5, Agartala, Tripura 799002, India",https://www.google.co.kr/maps/place/Alpha+Institute+(Ed+Counsel)/data=!4m5!3m4!1s0x3753f302ebbe4a0f:0x1ba7ad54a255bbd8!8m2!3d23.8396816!4d91.2700682?authuser=0&hl=en&rclk=1
Medicine World,Pharmacy,"Near Khowai Dist. Hospital, Khowai, Tripura 799201, India",https://www.google.co.kr/maps/place/Medicine+World/data=!4m5!3m4!1s0x3753d933eda169a5:0x7956a6fd32e3285e!8m2!3d24.0710478!4d91.6021998?authuser=0&hl=en&rclk=1
B.R. Ambedkar Hostel,Hostel,"Near Press Club, Palace Compound, Indranagar, Agartala, Tripura 799001, India",https://www.google.co.kr/maps/place/B.R.+Ambedkar+Hostel/data=!4m5!3m4!1s0x3753f40e0aba3b33:0x55f238ee174daacb!8m2!3d23.8352939!4d91.2803918?authuser=0&hl=en&rclk=1
Oriental Insurance Company Co. Ltd.,Insurance company,"48/B, Hari Ganga Basak Rd, Melarmath, Dhaleswar, Agartala, Tripura 799001, India",https://www.google.co.kr/maps/place/Oriental+Insurance+Company+Co.+Ltd./data=!4m5!3m4!1s0x3753f46cd79e0a03:0x29d70655166dd5ba!8m2!3d23.8287444!4d91.2769206?authuser=0&hl=en&rclk=1
Muskan,Children's clothing store,"Akhaura Road, Near IGM Hospital, Agartala, Tripura 799001, India",https://www.google.co.kr/maps/place/Muskan/data=!4m5!3m4!1s0x3753f412fedb3735:0x894ad4aad561df9d!8m2!3d23.832159!4d91.2773178?authuser=0&hl=en&rclk=1
The Oriental Insurance Co Ltd,Insurance company,"799001, Santipara, Dhaleswar, Agartala, Tripura 799001, India",https://www.google.co.kr/maps/place/The+Oriental+Insurance+Co+Ltd/data=!4m5!3m4!1s0x3753f40cceeeff4b:0x5d4c48241bb11711!8m2!3d23.8298723!4d91.2826725?authuser=0&hl=en&rclk=1
Self,Indian grocery store,"Nazrul Sarani, Hospital Rd, Dharmanagar, Tripura 799250, India",https://www.google.co.kr/maps/place/Self/data=!4m5!3m4!1s0x3751ed75f6a01087:0xb69823513d22f5fd!8m2!3d24.3918346!4d92.1589125?authuser=0&hl=en&rclk=1
Railway Hospital,Hospital,"Junction Railway Station, Station Rd, Kulaura 3230, Bangladesh",https://www.google.co.kr/maps/place/Railway+Hospital/data=!4m5!3m4!1s0x3751bd825314463b:0xa2c8a494abb39c2b!8m2!3d24.5229151!4d92.0361095?authuser=0&hl=en&rclk=1
Popular Diagnostic Center,Diagnostic center,"N 207, Sreemangal 3210, Bangladesh",https://www.google.co.kr/maps/place/Popular+Diagnostic+Center/data=!4m5!3m4!1s0x37517a6c329ae467:0x3513ab386f3cda28!8m2!3d24.3095765!4d91.7300044?authuser=0&hl=en&rclk=1
Arogya Medical Hall,Pharmacy,"bazar, Bankumari, Agartala, Tripura 799004, India",https://www.google.co.kr/maps/place/Arogya+Medical+Hall/data=!4m5!3m4!1s0x3753f3da2c9c25ff:0xec64c3e1327fd058!8m2!3d23.8158002!4d91.308194?authuser=0&hl=en&rclk=1
Tripura Samay,Newspaper publisher,"Tripura Samay, Hospital Road, Radhakishore Pur, Udaipur, Tripura 799120, India",https://www.google.co.kr/maps/place/Tripura+Samay/data=!4m5!3m4!1s0x375399249ee7be3d:0xdd710c5b12bf576!8m2!3d23.5365734!4d91.4964982?authuser=0&hl=en&rclk=1
Postal Life Insurance,Insurance agency,"ITI Rd, Indranagar, Agartala, Tripura 799006, India",https://www.google.co.kr/maps/place/Postal+Life+Insurance/data=!4m5!3m4!1s0x3753f1571914e6bb:0xd6f600f632af102e!8m2!3d23.8572416!4d91.2967408?authuser=0&hl=en&rclk=1
Nur Nur,Hospital,"Lowairpoa-Rangamati-Kanmun Raod, Sashi Nagar, Kalacharra, Assam 788726, India",https://www.google.co.kr/maps/place/Nur+Nur/data=!4m5!3m4!1s0x3751e7aa99eeaf8b:0x64144a37835fce25!8m2!3d24.4518169!4d92.3186185?authuser=0&hl=en&rclk=1
Veterinary Hospital,Animal hospital,"Unakoti, Kailashahar, Tripura, India",https://www.google.co.kr/maps/place/Veterinary+Hospital/data=!4m5!3m4!1s0x37518fe1867178b3:0x55b16f0565a21d24!8m2!3d24.3186515!4d92.0031135?authuser=0&hl=en&rclk=1
Maa Medical Hall,Pharmacy,"Hospital Rd, Saratpally, Dharmanagar, Tripura 799250, India",https://www.google.co.kr/maps/place/Maa+Medical+Hall/data=!4m5!3m4!1s0x3751ecb8b83910c7:0x735f157b3fab9d12!8m2!3d24.3915034!4d92.159081?authuser=0&hl=en&rclk=1
Tripura Institute of Paramedical Sciences,College,"Hapania, Amtali, Tripura 799014, India",https://www.google.co.kr/maps/place/Tripura+Institute+of+Paramedical+Sciences/data=!4m5!3m4!1s0x3753f4e8fff8cd23:0xf59ab59fefc15d22!8m2!3d23.7813514!4d91.2555821?authuser=0&hl=en&rclk=1
Milk supply,Milk delivery service,"Ils Hospitals, Kunjaban khejur bagan gowala gowala Basti Kathar bagan, Tripura 799006, India",https://www.google.co.kr/maps/place/Milk+supply/data=!4m5!3m4!1s0x3753f1def45f361b:0xbfa708ae9e6fe609!8m2!3d23.8635079!4d91.2903074?authuser=0&hl=en&rclk=1
The New Paul Medical Hall,Pharmacy,"Assam, Motor Stand, Shillong - Agartala - Sabrum Rd, Ranirbazar, Tripura 799035, India",https://www.google.co.kr/maps/place/The+New+Paul+Medical+Hall/data=!4m5!3m4!1s0x3753edf617e6e951:0xd5ae1a22d400c906!8m2!3d23.8360883!4d91.3666562?authuser=0&hl=en&rclk=1
"Civil Hospital, Aizawl",General hospital,"Bazar Bungkawn, Bara Bazar, Dawrpui, Aizawl, Mizoram 796001, India","https://www.google.co.kr/maps/place/Civil+Hospital,+Aizawl/data=!4m5!3m4!1s0x374d94b665e20dd9:0xb3325bc46c2ccb75!8m2!3d23.7323402!4d92.7165256?authuser=0&hl=en&rclk=1"
BE - WELL MEDICOS,Drug store,"railway station, Kali Mata Sangha Siddhi Ashram, near Agartala Railway Station, Agartala, Tripura 799003, India",https://www.google.co.kr/maps/place/BE+-+WELL+MEDICOS/data=!4m5!3m4!1s0x3753f50cc13d60a7:0xf22396389d9508bb!8m2!3d23.792828!4d91.2763599?authuser=0&hl=en&rclk=1
RAJIV GANDHI Memorial,Memorial park,"Hospital Rd, Chandrapur, Dharmanagar, Tripura 799251, India",https://www.google.co.kr/maps/place/RAJIV+GANDHI+Memorial/data=!4m5!3m4!1s0x3751ed7e7904f6db:0x8127402ce8e76e58!8m2!3d24.3937715!4d92.1583659?authuser=0&hl=en&rclk=1
Repose Multispeciality Clinic,Hair transplantation clinic,"Ronaldsay Rd, Ramnagar 1, Agartala, Tripura 799001, India",https://www.google.co.kr/maps/place/Repose+Multispeciality+Clinic/data=!4m5!3m4!1s0x3753f40ba1ed242f:0x252ec7269b8983a5!8m2!3d23.834015!4d91.269024?authuser=0&hl=en&rclk=1
General Digital Diagnostic Center,Diagnostic center,"Dhaka Sylhet Rd, Sreemangal, Bangladesh",https://www.google.co.kr/maps/place/General+Digital+Diagnostic+Center/data=!4m5!3m4!1s0x37517a6da69dbae7:0x7f9cc6d4fc8fb69d!8m2!3d24.3103963!4d91.7316606?authuser=0&hl=en&rclk=1
Dilip Das,Dried flower shop,"Paradise Chowmohani Hospital Road, opposite LICI Branch 1, Rabindra palli, Dhaleswar, Agartala, Tripura 799001, India",https://www.google.co.kr/maps/place/Dilip+Das/data=!4m5!3m4!1s0x3753f506a24c5f19:0x7df07db46c80ce4d!8m2!3d23.8289512!4d91.2755282?authuser=0&hl=en&rclk=1
Smile & Shine Dental Clinic,Doctor,"R7QW+VH8, Dhaleswar, Agartala, Tripura 799007, India",https://www.google.co.kr/maps/place/Smile+%26+Shine+Dental+Clinic/data=!4m5!3m4!1s0x3753f3c5963ef317:0xdf9c6f31e9bb3a87!8m2!3d23.8396549!4d91.2964487?authuser=0&hl=en&rclk=1
Kumarghat Vet Care,Veterinary pharmacy,"Hospital Rd, Pabiacherra, Kumarghat, Tripura 799264, India",https://www.google.co.kr/maps/place/Kumarghat+Vet+Care/data=!4m5!3m4!1s0x375189930d1732a9:0xbf8343dd1a223968!8m2!3d24.162617!4d92.040746?authuser=0&hl=en&rclk=1
Modern Hospital,Hospital,"Dullabcherra hospital road, India",https://www.google.co.kr/maps/place/Modern+Hospital/data=!4m5!3m4!1s0x3751e0430abeabc7:0xd97eb8508536186c!8m2!3d24.4766258!4d92.4331662?authuser=0&hl=en&rclk=1
Unique private Hospital,Hospital,"Shamsher Nagar Road, Moulvibazar, Bangladesh",https://www.google.co.kr/maps/place/Unique+private+Hospital/data=!4m5!3m4!1s0x375174dd4115578f:0x18b6441dc22d4015!8m2!3d24.491087!4d91.7841092?authuser=0&hl=en&rclk=1
TB Hospital,Hospital,"FQJP+JGF, Moulvibazar, Bangladesh",https://www.google.co.kr/maps/place/TB+Hospital/data=!4m5!3m4!1s0x375174e45a521b7f:0xebe82396039d198b!8m2!3d24.4815686!4d91.7863116?authuser=0&hl=en&rclk=1
Pulak medical hall,Pharmacy,"Hospital Rd, Dharmanagar, Tripura 799250, India",https://www.google.co.kr/maps/place/Pulak+medical+hall/data=!4m5!3m4!1s0x3751eddc40833361:0x39bd2e332a53a4af!8m2!3d24.3918346!4d92.1589125?authuser=0&hl=en&rclk=1
District Hospital,Hospital,"WF5V+PXW, New Mamit, Mamit, Mizoram 796441, India",https://www.google.co.kr/maps/place/District+Hospital/data=!4m5!3m4!1s0x374df78542eabda9:0x8638b87f18fd313f!8m2!3d23.9093742!4d92.4949516?authuser=0&hl=en&rclk=1
Pulak medical hall,Pharmacy,"Hospital Rd, Dharmanagar, Tripura 799250, India",https://www.google.co.kr/maps/place/Pulak+medical+hall/data=!4m5!3m4!1s0x3751eddc40833361:0x39bd2e332a53a4af!8m2!3d24.3918346!4d92.1589125?authuser=0&hl=en&rclk=1
District Hospital,Hospital,"WF5V+PXW, New Mamit, Mamit, Mizoram 796441, India",https://www.google.co.kr/maps/place/District+Hospital/data=!4m5!3m4!1s0x374df78542eabda9:0x8638b87f18fd313f!8m2!3d23.9093742!4d92.4949516?authuser=0&hl=en&rclk=1
Dr.Ayurved,Doctor,"Unnamed Road, Kailashahar, Tripura 799277, India",https://www.google.co.kr/maps/place/Dr.Ayurved/data=!4m5!3m4!1s0x37518f9e029a888d:0x9651dd9e4af425ce!8m2!3d24.3193517!4d91.9978725?authuser=0&hl=en&rclk=1
Akbarpur community clinic,Hospital,"CQ74+F45, Bangladesh",https://www.google.co.kr/maps/place/Akbarpur+community+clinic/data=!4m5!3m4!1s0x375177c082f8529d:0xf61ce3d58f4839b1!8m2!3d24.4136327!4d91.7553673?authuser=0&hl=en&rclk=1
CRP MOULVIBAZAR - AFSARUL & AKTARUL HAQUE CENTRE Permanent Place,Hospital,"CQM6+747, Bangladesh",https://www.google.co.kr/maps/place/CRP+MOULVIBAZAR+-+AFSARUL+%26+AKTARUL+HAQUE+CENTRE+Permanent+Place/data=!4m5!3m4!1s0x3751752342624205:0xe738fe9a1cdf82a0!8m2!3d24.4331722!4d91.76029?authuser=0&hl=en&rclk=1
EXCEL INDIA SOLUTIONS,Office supply store,"subashiniloy road, near Police Hospital, Arundhauti Nagar, Agartala, Tripura 799003, India",https://www.google.co.kr/maps/place/EXCEL+INDIA+SOLUTIONS/data=!4m5!3m4!1s0x3753f55b51bc0e31:0x9cd1ff838a09f9b9!8m2!3d23.8106439!4d91.2769171?authuser=0&hl=en&rclk=1
Surendra Reang,Place of worship,"Homeopathy Hospital, Khumulwng, Tripura 799035, India",https://www.google.co.kr/maps/place/Surendra+Reang/data=!4m5!3m4!1s0x3753ed4adced5277:0x8b5532c48c56dbd5!8m2!3d23.8014673!4d91.4336538?authuser=0&hl=en&rclk=1
Umakanta Academy Ground,Playground,"Hospital Rd, Dhaleswar, Agartala, Tripura 799001, India",https://www.google.co.kr/maps/place/Umakanta+Academy+Ground/data=!4m5!3m4!1s0x3753f414970eb65b:0x96e69e7bc312696d!8m2!3d23.8308746!4d91.2748693?authuser=0&hl=en&rclk=1
Nabin House,Villa,"Milanchakra, Police Hospital Road, Srinagar, Road No-03, Agartala, Tripura 799003, India",https://www.google.co.kr/maps/place/Nabin+House/data=!4m5!3m4!1s0x3753f5943044176f:0x602167fab14b0cbf!8m2!3d23.810222!4d91.273347?authuser=0&hl=en&rclk=1
school,School,"Hospital Rd, Chandrapur, Dharmanagar, Tripura 799251, India",https://www.google.co.kr/maps/place/school/data=!4m5!3m4!1s0x3751edf824e93113:0x7ce67eaf829ccad2!8m2!3d24.3930074!4d92.1584812?authuser=0&hl=en&rclk=1
HHH MOULVIBAZAR,Hospital,"Borokapon Road, Ward 9, Moulvibazar 3200, Bangladesh",https://www.google.co.kr/maps/place/HHH+MOULVIBAZAR/data=!4m5!3m4!1s0x375175817f049601:0x935fc11de46f0be8!8m2!3d24.4866274!4d91.7570921?authuser=0&hl=en&rclk=1
matar kapan eye hospital,Hospital,"eye, Bangladesh",https://www.google.co.kr/maps/place/matar+kapan+eye+hospital/data=!4m5!3m4!1s0x3751759bbc070d55:0x19fdab060c8e5c1!8m2!3d24.4867473!4d91.8098953?authuser=0&hl=en&rclk=1
Directorate Of Health Services,Government office,"New Capital Complex, P.N, Gorkhabasti, Kunjaban, Agartala, Tripura 799006, India",https://www.google.co.kr/maps/place/Directorate+Of+Health+Services/data=!4m5!3m4!1s0x3753f6a81289babf:0x66a88e05dd8a6e19!8m2!3d23.8545938!4d91.2802505?authuser=0&hl=en&rclk=1
UCO Bank - Chandrapur Branch,Public sector bank,"Hospital Rd, Dharmanagar, Tripura 799251, India",https://www.google.co.kr/maps/place/UCO+Bank+-+Chandrapur+Branch/data=!4m5!3m4!1s0x3751ecc0bdc249c3:0xb64bf6f1735fc6f!8m2!3d24.3890663!4d92.1609028?authuser=0&hl=en&rclk=1
