Company_Name,Category,Address,Url
KLES Dr Prabhakar Kore Hospital & MRC,General hospital,"NH Service Road, Basava Circle, Chikodi, Nehru Nagar, Belagavi, Karnataka 590010, India",https://www.google.co.kr/maps/place/KLES+Dr+Prabhakar+Kore+Hospital+%26+MRC/data=!4m5!3m4!1s0x3bbf669850726b3b:0x87cfe20bdbd0abaa!8m2!3d15.8881346!4d74.5196845?authuser=0&hl=en&rclk=1
Shri Sai Hospital,General hospital,"40/2 Laxminagar Main Road, Old Belgaum, Belagavi, Karnataka 590005, India",https://www.google.co.kr/maps/place/Shri+Sai+Hospital/data=!4m5!3m4!1s0x3bbf66f4434a122f:0xca9b64a594a9be28!8m2!3d15.8346308!4d74.5255915?authuser=0&hl=en&rclk=1
BHS Lakeview Hospital,Private hospital,"R.S No. 73/7, C.T.S No. 11888, Gokak Road, opp. Fort Lake, Gandhi Nagar, Belagavi, Karnataka 590016, India",https://www.google.co.kr/maps/place/BHS+Lakeview+Hospital/data=!4m5!3m4!1s0x3bbf66c625965b83:0x21ab45db75b588ce!8m2!3d15.8634235!4d74.5265588?authuser=0&hl=en&rclk=1
Vijaya Hospital Belgavi,Hospital,"Ayodhya Nagar, Sadashiv Nagar, Belagavi, Karnataka 590001, India",https://www.google.co.kr/maps/place/Vijaya+Hospital+Belgavi/data=!4m5!3m4!1s0x3bbf67b92aef10fb:0xc3464e96201f5702!8m2!3d15.8742192!4d74.5142191?authuser=0&hl=en&rclk=1
"Civil Hospital, Belgaum",General hospital,"Kittur Rani Chennamma Circle, Khade Bazar, Sadashiv Nagar, Belagavi, Karnataka 590001, India","https://www.google.co.kr/maps/place/Civil+Hospital,+Belgaum/data=!4m5!3m4!1s0x3bbf66ae02e4b7bd:0xe03143fe040f0a07!8m2!3d15.868246!4d74.5105999?authuser=0&hl=en&rclk=1"
hospitals,Hospital,"Dharwad - Goa Rd, Lotus Layuout, Kusum Nagar, Narayanpura, Dharwad, Karnataka 580008, India",https://www.google.co.kr/maps/place/hospitals/data=!4m5!3m4!1s0x3bb8cd4520afbfa5:0x94f105734e3c5ac0!8m2!3d15.4634597!4d74.9822055?authuser=0&hl=en&rclk=1
J G Hospital,Private hospital,"SH 65, Ghatprabha, Karnataka 591306, India",https://www.google.co.kr/maps/place/J+G+Hospital/data=!4m5!3m4!1s0x3bc0ba3e9e628e9d:0x22c8dce7d08c4d51!8m2!3d16.2411092!4d74.752321?authuser=0&hl=en&rclk=1
Military Hospital,Military hospital,"Thimayya Road, Camp, Belagavi, Karnataka 590009, India",https://www.google.co.kr/maps/place/Military+Hospital/data=!4m5!3m4!1s0x3bbf6404a16f18a7:0x711796c7e2457fc8!8m2!3d15.8615533!4d74.4948275?authuser=0&hl=en&rclk=1
Clinic,Hospital,"Unnamed Road, Tippusultan Nagar, Machhe, Belagavi, Karnataka 590014, India",https://www.google.co.kr/maps/place/Clinic/data=!4m5!3m4!1s0x3bbf65212b67b835:0x968ea786d0381320!8m2!3d15.7954006!4d74.4760731?authuser=0&hl=en&rclk=1
Vivekananda General Hospital,Private hospital,"944R+356, Backside Chadda Showroom, Deshpande Nagar, Hubli, Karnataka 580029, India",https://www.google.co.kr/maps/place/Vivekananda+General+Hospital/data=!4m5!3m4!1s0x3bb8d744f2f09e63:0x1af09274bead1a06!8m2!3d15.3551569!4d75.1404004?authuser=0&hl=en&rclk=1
Venugram Hospital,Hospital,"SBI Colony,, CTS: 785, 2nd Cross, Hindu Nagar (R.C.Nagar),, near 3rd Railway Gate, Belagavi, Karnataka 590006, India",https://www.google.co.kr/maps/place/Venugram+Hospital/data=!4m5!3m4!1s0x3bbf65d517208a65:0xa880d7b2bdfcd42c!8m2!3d15.825752!4d74.497432?authuser=0&hl=en&rclk=1
"Suchirayu Hospital, Hubli",Private hospital,"Gokul Rd, opposite KSRTC Bus Depot, Kallur Layout, Hubli, Karnataka 580030, India","https://www.google.co.kr/maps/place/Suchirayu+Hospital,+Hubli/data=!4m5!3m4!1s0x3bb8d73bf6a02d87:0x6f87c8f3931ba1d8!8m2!3d15.3524487!4d75.1245117?authuser=0&hl=en&rclk=1"
Noble Care Children's Hospital,Hospital,"#BC No. 178, Near Traffic police station, Havelock Rd, Camp, Belagavi, Karnataka 590001, India",https://www.google.co.kr/maps/place/Noble+Care+Children's+Hospital/data=!4m5!3m4!1s0x3bbf66a6a4c4f743:0x1baddf3ca7bec310!8m2!3d15.8574632!4d74.5046398?authuser=0&hl=en&rclk=1
Kalghatgi Hospital,Hospital,"Chitaguppi Park, Pinto Rd, near Central Telegraph Office, Hubli, Karnataka 580020, India",https://www.google.co.kr/maps/place/Kalghatgi+Hospital/data=!4m5!3m4!1s0x3bb8d74346ead7ef:0x56851cc702a6959f!8m2!3d15.3531448!4d75.1422898?authuser=0&hl=en&rclk=1
Sunshine Hospital,Hospital,"Ayodhya Nagar, Sadashiv Nagar, Belagavi, Karnataka 590019, India",https://www.google.co.kr/maps/place/Sunshine+Hospital/data=!4m5!3m4!1s0x3bbf614630c2dc01:0x29b3de73478ee3ce!8m2!3d15.8751573!4d74.5145281?authuser=0&hl=en&rclk=1
SHREE ORTHO AND TRAUMA CENTER,Hospital,"CTS NO: 3957/184, GANDHI BHAVAN, COLLEGE ROAD, behind HOTEL SANMAN, Belagavi, Karnataka 590001, India",https://www.google.co.kr/maps/place/SHREE+ORTHO+AND+TRAUMA+CENTER/data=!4m5!3m4!1s0x3bbf66aee4c7a14b:0xef92c5df56767455!8m2!3d15.8658027!4d74.507662?authuser=0&hl=en&rclk=1
Kle Hospital,Hospital,"RG89+X4X, Yellur, Karnataka 590005, India",https://www.google.co.kr/maps/place/Kle+Hospital/data=!4m5!3m4!1s0x3bbf69e59dc4063f:0xb23b426d446969cc!8m2!3d15.8174913!4d74.5178688?authuser=0&hl=en&rclk=1
Shri Daneshwari Maternity & General Hospital,Hospital,"#1195, Saraf Galli, Shahapur, Belagavi, Karnataka 590001, India",https://www.google.co.kr/maps/place/Shri+Daneshwari+Maternity+%26+General+Hospital/data=!4m5!3m4!1s0x3bbf6692423955c3:0x4874ffae5723cb15!8m2!3d15.8417334!4d74.517913?authuser=0&hl=en&rclk=1
karnataka health institute,Hospital,"KHI Hospital Rd, Ghatprabha, Karnataka 591306, India",https://www.google.co.kr/maps/place/karnataka+health+institute/data=!4m5!3m4!1s0x3bc0ba6cb04c36f7:0x9a923fedcbcb2999!8m2!3d16.2349945!4d74.7638213?authuser=0&hl=en&rclk=1
Sanjeevani Hospital,Hospital,"Cts#3359/Sa/1a, 1st Floor, College Road, College Road, Belagavi, Karnataka 590001, India",https://www.google.co.kr/maps/place/Sanjeevani+Hospital/data=!4m5!3m4!1s0x3bbf669f5095362f:0x65cd59f734b6fcf1!8m2!3d15.8630949!4d74.5077155?authuser=0&hl=en&rclk=1
Lakeview Hospital,Hospital,"CTC No.5653/17-20, Shastri Nagar,(Near Goaves, Mahatma Phule Rd, Shastri Nagar, Shahapur, Belagavi, Karnataka 590003, India",https://www.google.co.kr/maps/place/Lakeview+Hospital/data=!4m5!3m4!1s0x3bbf669af4d70b73:0x7a1eb0d6b3557114!8m2!3d15.8424923!4d74.509682?authuser=0&hl=en&rclk=1
ESI Hospital,Hospital,"Belagavi, Ashok Nagar, Shivaji Nagar, Belagavi, Karnataka 590016, India",https://www.google.co.kr/maps/place/ESI+Hospital/data=!4m5!3m4!1s0x3bbf66cba697b4c7:0x1c7ce1dd9cacf186!8m2!3d15.872101!4d74.5268217?authuser=0&hl=en&rclk=1
Natu Hospital,Hospital,"1528, Maruti Galli, opposite Bank Of Baroda, Raviwar Peth, Belagavi, Karnataka 590001, India",https://www.google.co.kr/maps/place/Natu+Hospital/data=!4m5!3m4!1s0x3bbf66bb528d79db:0x4b86d6bd16ac6141!8m2!3d15.8576373!4d74.5113121?authuser=0&hl=en&rclk=1
Hospital,Hospital,"FQQ9+W64, Raibag, Karnataka 591317, India",https://www.google.co.kr/maps/place/Hospital/data=!4m5!3m4!1s0x3bc0c5778e1d702f:0x3ca59b7ca12f1207!8m2!3d16.4897593!4d74.7680894?authuser=0&hl=en&rclk=1
Karnatak Health Institute,Medical clinic,"Tal: Gokak, Dist:Belgaum, Karnataka, India 591306, India",https://www.google.co.kr/maps/place/Karnatak+Health+Institute/data=!4m5!3m4!1s0x3bc0ba6c924099b3:0x138611ba20e2ee0!8m2!3d16.233532!4d74.764157?authuser=0&hl=en&rclk=1
Shri Daneshwari Surgical And General Hospital,Hospital,"Saraf Galli, Shahapur, Belagavi, Karnataka 590003, India",https://www.google.co.kr/maps/place/Shri+Daneshwari+Surgical+And+General+Hospital/data=!4m5!3m4!1s0x3bbf6691be50b895:0xa4208444810468fa!8m2!3d15.8418237!4d74.5154106?authuser=0&hl=en&rclk=1
"Dr. Agarwals Eye Hospital, Dharwad",Eye care center,"No.96B, Bus Station, Samarth Arcade, CTS, 1A, PB Rd, opp. Jubilee Circle BRTS, Dharwad, Karnataka 580001, India","https://www.google.co.kr/maps/place/Dr.+Agarwals+Eye+Hospital,+Dharwad/data=!4m5!3m4!1s0x3bb8cd8706c10717:0x354f512e6710ae52!8m2!3d15.4578786!4d75.0072589?authuser=0&hl=en&rclk=1"
USW Hospital,Hospital,"SH 53, Ugar Khurd, Ugar, Karnataka 591316, India",https://www.google.co.kr/maps/place/USW+Hospital/data=!4m5!3m4!1s0x3bc0d718505fd8a9:0x5cba794803e89cd1!8m2!3d16.6544469!4d74.8180099?authuser=0&hl=en&rclk=1
Belgaum Childrens Hospital Pvt Ltd,Hospital,"Kirloskar Rd, Nanawadi, Belagavi, Karnataka 590002, India",https://www.google.co.kr/maps/place/Belgaum+Childrens+Hospital+Pvt+Ltd/data=!4m5!3m4!1s0x3bbf6423b0a3c847:0x6c0de18f341c1c73!8m2!3d15.8463259!4d74.4916821?authuser=0&hl=en&rclk=1
Kapileshwar Orthopedic Trauma And Surgical Center,Hospital,"Shriram Complex, Dr SPM Rd, Shastri Nagar, Shahapur, Belagavi, Karnataka 590001, India",https://www.google.co.kr/maps/place/Kapileshwar+Orthopedic+Trauma+And+Surgical+Center/data=!4m5!3m4!1s0x3bbf6697d3ba3043:0x8f2c83c41f57572b!8m2!3d15.8509987!4d74.5138536?authuser=0&hl=en&rclk=1
Narayana Health Care Centre,Heart hospital,"JRHX+WXW, Shanthi Nagar, Sirsi, Karnataka 581401, India",https://www.google.co.kr/maps/place/Narayana+Health+Care+Centre/data=!4m5!3m4!1s0x3bbeaec9e8abba93:0x2acb9ea2d2ccf7b1!8m2!3d14.6298543!4d74.8499634?authuser=0&hl=en&rclk=1
Sharada Hospital,Hospital,"3442b, Samadevi Galli, Khade Bazar, Raviwar Peth, Belagavi, Karnataka 590001, India",https://www.google.co.kr/maps/place/Sharada+Hospital/data=!4m5!3m4!1s0x3bbf66a5a20b4d2d:0x2d37e07017d3a975!8m2!3d15.8619738!4d74.507556?authuser=0&hl=en&rclk=1
Hospital,Government hospital,"Government Hospital. post:Suranagi. Taluk:, Shirahatti, Karnataka, India",https://www.google.co.kr/maps/place/Hospital/data=!4m5!3m4!1s0x3bb90e6be2f53aff:0xc6af101ae0f96a37!8m2!3d15.0510678!4d75.5566671?authuser=0&hl=en&rclk=1
SDM Hospital,Hospital,"Vidyagiri, Dharwad, Karnataka 580004, India",https://www.google.co.kr/maps/place/SDM+Hospital/data=!4m5!3m4!1s0x3bb8d2630babffb3:0x94cf3d05e4c9007b!8m2!3d15.4182042!4d75.0483185?authuser=0&hl=en&rclk=1
Dakshata Hospitals Private Limited,Hospital,"Sublaxmi Building, College Road, College Road, Belagavi, Karnataka 590001, India",https://www.google.co.kr/maps/place/Dakshata+Hospitals+Private+Limited/data=!4m5!3m4!1s0x3bbf669f5095362f:0x68cf4d11c98bb2b0!8m2!3d15.863969!4d74.5080788?authuser=0&hl=en&rclk=1
Emergency Approach,Hospital,"VGQ9+2J8, Nehru Nagar, Belagavi, Karnataka 590010, India",https://www.google.co.kr/maps/place/Emergency+Approach/data=!4m5!3m4!1s0x3bbf61463878ad9d:0xbfec5e60cae59197!8m2!3d15.8875331!4d74.5190698?authuser=0&hl=en&rclk=1
"SeCURE Hospital, Hubballi",Hospital,"Gokul Rd, beside new bus stand, Dollars colony, Chaitanya Nagar, Rajendra Nagar, Hubli, Karnataka 580030, India","https://www.google.co.kr/maps/place/SeCURE+Hospital,+Hubballi/data=!4m5!3m4!1s0x3bb8d7314dae0de1:0x977379937338e52f!8m2!3d15.3489091!4d75.1150237?authuser=0&hl=en&rclk=1"
Dhanush Hospital,General hospital,"Station Rd, Kaulpet, Bagalkot, Karnataka 587101, India",https://www.google.co.kr/maps/place/Dhanush+Hospital/data=!4m5!3m4!1s0x3bc77888612c31bb:0x34c222264c9a6275!8m2!3d16.1826209!4d75.6980005?authuser=0&hl=en&rclk=1
Shanti Hospital,General hospital,"Near Old IB, Extension Area, Bagalkot, Karnataka 587101, India",https://www.google.co.kr/maps/place/Shanti+Hospital/data=!4m5!3m4!1s0x3bc7788a0da718cf:0x119ef3777ac716f6!8m2!3d16.186115!4d75.695178?authuser=0&hl=en&rclk=1
hospital,Government hospital,"main road, Ulga, Karnataka 581328, India",https://www.google.co.kr/maps/place/hospital/data=!4m5!3m4!1s0x3bbef56ebe99d065:0x8da83f06f8e539b5!8m2!3d14.8798542!4d74.2445882?authuser=0&hl=en&rclk=1
Dr Naik Hospital,Hospital,"Bus Stand Road, Munuvalli, Karnataka 591117, India",https://www.google.co.kr/maps/place/Dr+Naik+Hospital/data=!4m5!3m4!1s0x3bb8afb825de8e73:0x615f80aebbdf6906!8m2!3d15.8510256!4d75.1198943?authuser=0&hl=en&rclk=1
District hospital gadag,General hospital,"Gadag, Karnataka 582103, India",https://www.google.co.kr/maps/place/District+hospital+gadag/data=!4m5!3m4!1s0x3bb8fc15aea62415:0x62283f7ed3dd4030!8m2!3d15.3809618!4d75.6008034?authuser=0&hl=en&rclk=1
Vijaya Ortho And Trauma Centre,Hospital,"Belgaum College Road, Vijaya main road, Ayodhya Nagar, Belagavi, Karnataka 590001, India",https://www.google.co.kr/maps/place/Vijaya+Ortho+And+Trauma+Centre/data=!4m5!3m4!1s0x3bbf614d4ca96b39:0xcad2975e40bdafea!8m2!3d15.8639404!4d74.5081478?authuser=0&hl=en&rclk=1
Kle Societys Belgaum Cancer Hospital,Hospital,"9666A-2/D, behind BUDA office, Ashok Nagar, Shivaji Nagar, Belagavi, Karnataka 590016, India",https://www.google.co.kr/maps/place/Kle+Societys+Belgaum+Cancer+Hospital/data=!4m5!3m4!1s0x3bbf61531d69f8cf:0x36469512c2fe219a!8m2!3d15.8721444!4d74.5255992?authuser=0&hl=en&rclk=1
"Dr.Agarwals Eye Hospital, Hubli",Eye care center,"Raj Plaza, Main road, next to old Axis Bank, Deshpande Nagar, Hubli, Karnataka 580029, India","https://www.google.co.kr/maps/place/Dr.Agarwals+Eye+Hospital,+Hubli/data=!4m5!3m4!1s0x3bb8d745b5146eed:0xb08c29ba7ded8897!8m2!3d15.3562696!4d75.1385698?authuser=0&hl=en&rclk=1"
Vasan Eye Care - Hubli,Hospital,"Court, Revenkar Comforts Vivekananda Hospital Road, Court Circle, Hubli, Karnataka 580029, India",https://www.google.co.kr/maps/place/Vasan+Eye+Care+-+Hubli/data=!4m5!3m4!1s0x3bb8cd70176844d5:0x5e8d6d00593c8988!8m2!3d15.3647083!4d75.1239547?authuser=0&hl=en&rclk=1
Vasan Eye Care,Eye care center,"3935/72 kali Ambarai, College Rd, Belagavi, Karnataka 590001, India",https://www.google.co.kr/maps/place/Vasan+Eye+Care/data=!4m5!3m4!1s0x3bbf66a50c9c8ff1:0x38275b38c8a54a05!8m2!3d15.8671433!4d74.5101169?authuser=0&hl=en&rclk=1
Chinmayi Hospital,General hospital,"Udupi Dist, Church Road, Kundapura, Karnataka 576201, India",https://www.google.co.kr/maps/place/Chinmayi+Hospital/data=!4m5!3m4!1s0x3bbc8e07c8b525e9:0x8a029feb383a9d1d!8m2!3d13.6288568!4d74.6890996?authuser=0&hl=en&rclk=1
Rajiv Gandhi Rural Hospital And Mrc,Hospital,"Main Rd, Yamakanmardi, Karnataka 591246, India",https://www.google.co.kr/maps/place/Rajiv+Gandhi+Rural+Hospital+And+Mrc/data=!4m5!3m4!1s0x3bc099eaea6dadbf:0xd379336b237f00fb!8m2!3d16.1276692!4d74.5211659?authuser=0&hl=en&rclk=1
Ganga Hospital,Hospital,"Extension Rd, Laxmi Extn Phase 4, Gokak, Karnataka 591307, India",https://www.google.co.kr/maps/place/Ganga+Hospital/data=!4m5!3m4!1s0x3bc0afd186abb3cd:0x2dbb88772b099f65!8m2!3d16.162091!4d74.8210657?authuser=0&hl=en&rclk=1
ESI HOSPITAL,Hospital,"Hubli Toll Naka, Near, Saraswatpur, Dharwad, Karnataka 580002, India",https://www.google.co.kr/maps/place/ESI+HOSPITAL/data=!4m5!3m4!1s0x3bb8d286fd73b1e1:0xd1c8e27cc1dafedc!8m2!3d15.4451226!4d75.0112581?authuser=0&hl=en&rclk=1
OrthoCare multispeciality Hospital Rabkavi,Hospital,"Near Bramhanand Ashram Yaragatti Road Tq, Rabkavi Banhatti, Brahmanand Nagar, Rabkavi Rural, Karnataka 587314, India",https://www.google.co.kr/maps/place/OrthoCare+multispeciality+Hospital+Rabkavi/data=!4m5!3m4!1s0x3bc730d39b61a261:0x2de159a060a148b6!8m2!3d16.4720022!4d75.1038967?authuser=0&hl=en&rclk=1
Kulgod Multispeciality Hospital,Hospital,"Basav marg, Ramdurg, Karnataka 591123, India",https://www.google.co.kr/maps/place/Kulgod+Multispeciality+Hospital/data=!4m5!3m4!1s0x3bb8a113ab690869:0xc1e938b968452379!8m2!3d15.9464075!4d75.2976892?authuser=0&hl=en&rclk=1
"HCG Cancer Hospital, Hubli - Best Cancer Hospitals in Karnataka",Cancer treatment center,"Behind Revankar, Sri Krishna kalyan Mantap, Travellers Bunglow Rd, Deshpande Nagar, Hubli, Karnataka 580029, India","https://www.google.co.kr/maps/place/HCG+Cancer+Hospital,+Hubli+-+Best+Cancer+Hospitals+in+Karnataka/data=!4m5!3m4!1s0x3bb8d74415555555:0x3c410d3e6e3a1f0e!8m2!3d15.3536598!4d75.1382047?authuser=0&hl=en&rclk=1"
Hubli Institute of Nursing Sciences and Hubli Co-Operative Hospital,Hospital,"Shree Shakti Rd, near Apsara Talkies, New Hubli, Hubli, Karnataka 580020, India",https://www.google.co.kr/maps/place/Hubli+Institute+of+Nursing+Sciences+and+Hubli+Co-Operative+Hospital/data=!4m5!3m4!1s0x3bb8d767f7247b27:0x9088b3d7a4b22897!8m2!3d15.3475954!4d75.1439024?authuser=0&hl=en&rclk=1
Jayaratna Eye Hospital,Hospital,"6PRX+29R, Ghatprabha, Karnataka 591306, India",https://www.google.co.kr/maps/place/Jayaratna+Eye+Hospital/data=!4m5!3m4!1s0x3bc0ba397fe41157:0x23d10ef303cc6d67!8m2!3d16.2401187!4d74.7484015?authuser=0&hl=en&rclk=1
Dr Balesh Kappalguddi,Hospital,"5R7C+J5Q, Gokak, Karnataka 591307, India",https://www.google.co.kr/maps/place/Dr+Balesh+Kappalguddi/data=!4m5!3m4!1s0x3bc0afd143bdb13b:0x1ad4220265e4221!8m2!3d16.1640901!4d74.8204941?authuser=0&hl=en&rclk=1
Hospital,Medical clinic,"Vidyanagar Rd, Sirsi, Karnataka 581401, India",https://www.google.co.kr/maps/place/Hospital/data=!4m5!3m4!1s0x3bbeaf7b82d90975:0xc13dbad0ad98f300!8m2!3d14.6306985!4d74.8390767?authuser=0&hl=en&rclk=1
Choudhari Hospital Multi Speciality,Private hospital,"Shikarkhana Road, near LIC office, Vijayapura, Karnataka 586104, India",https://www.google.co.kr/maps/place/Choudhari+Hospital+Multi+Speciality/data=!4m5!3m4!1s0x3bc65576f15547dd:0xcdfb89352605d199!8m2!3d16.8303341!4d75.7293247?authuser=0&hl=en&rclk=1
Dr B B Ghodageri,Hospital,"5R8F+4FW, Adi Jambav Nagar, Gokak, Karnataka 591307, India",https://www.google.co.kr/maps/place/Dr+B+B+Ghodageri/data=!4m5!3m4!1s0x3bc0afd387d0c277:0x92b7944d618501bb!8m2!3d16.1653524!4d74.8236912?authuser=0&hl=en&rclk=1
Dr Navadgi Nursing Home,Hospital,"Q4F5+4FP, Saundatti-Yellamma, Karnataka 591126, India",https://www.google.co.kr/maps/place/Dr+Navadgi+Nursing+Home/data=!4m5!3m4!1s0x3bb8b0fdee7aef13:0x4144c31aa4ae8179!8m2!3d15.7728283!4d75.1087081?authuser=0&hl=en&rclk=1
Kles Hospital Icu Gokak,Hospital,"Main Rd, Gokak, Karnataka 591307, India",https://www.google.co.kr/maps/place/Kles+Hospital+Icu+Gokak/data=!4m5!3m4!1s0x3bc09ee037e2c06d:0x568f8d2d61505658!8m2!3d16.1593732!4d74.8170754?authuser=0&hl=en&rclk=1
Atharv Ortho And Trauma Care Hospital Gokak,Hospital,"5R79+H7P, Gokak, Karnataka 591307, India",https://www.google.co.kr/maps/place/Atharv+Ortho+And+Trauma+Care+Hospital+Gokak/data=!4m5!3m4!1s0x3bc0afd0dea0dad7:0x57229a8340e32248!8m2!3d16.163951!4d74.8181877?authuser=0&hl=en&rclk=1
Clinic,Private hospital,"84FG+62F, Nekar Nagar, Chanbasweshwar Nagar, Hubli, Karnataka 580024, India",https://www.google.co.kr/maps/place/Clinic/data=!4m5!3m4!1s0x3bb8d7a74dcf293f:0x3e3adcd5658ee494!8m2!3d15.3230531!4d75.1250508?authuser=0&hl=en&rclk=1
Jayaratna Maternity And Laparoscopy Surgical Hospital,Hospital,"5R77+JHR, Mahalingeshwar Nagar, Gokak, Karnataka 591307, India",https://www.google.co.kr/maps/place/Jayaratna+Maternity+And+Laparoscopy+Surgical+Hospital/data=!4m5!3m4!1s0x3bc0afda2339e7d5:0xaa02245e3ab7cb36!8m2!3d16.1641157!4d74.8139011?authuser=0&hl=en&rclk=1
Spandana Multispeciality Hospital,Hospital,"Raikar Building, Nadagouda Road, Bagalkot, Karnataka 587101, India",https://www.google.co.kr/maps/place/Spandana+Multispeciality+Hospital/data=!4m5!3m4!1s0x3bc778895f229193:0x3c193a70140d11d3!8m2!3d16.1819409!4d75.6966862?authuser=0&hl=en&rclk=1
Hospital,Hospital,"Gokak Falls Rd, opp. LIC Office, Gokak, Karnataka 591307, India",https://www.google.co.kr/maps/place/Hospital/data=!4m5!3m4!1s0x3bc0aff3f260dee7:0xf672989e740b52ce!8m2!3d16.1620353!4d74.8118523?authuser=0&hl=en&rclk=1
Dr Agarwal Hospital,Hospital,"F8F5+88R, Talikoti, Karnataka 586214, India",https://www.google.co.kr/maps/place/Dr+Agarwal+Hospital/data=!4m5!3m4!1s0x3bc7dd71a4668c55:0xe5da1761deede313!8m2!3d16.4733713!4d76.308261?authuser=0&hl=en&rclk=1
BARAGI HOSPITAL,Hospital,"near DHANUSHY HOSPITAL, Kaulpet, Bagalkot, Karnataka 587101, India",https://www.google.co.kr/maps/place/BARAGI+HOSPITAL/data=!4m5!3m4!1s0x3bc779633984bd89:0xb59632a867ca9b8b!8m2!3d16.1820868!4d75.6985715?authuser=0&hl=en&rclk=1
Shri J.G. Co-operative Hospital & Research Institute,Hospital,"6PRX+FW2, Ghatprabha, Karnataka 591306, India",https://www.google.co.kr/maps/place/Shri+J.G.+Co-operative+Hospital+%26+Research+Institute/data=!4m5!3m4!1s0x3bc0b1ccf52011a1:0x65bf0bf1b3ba9dd3!8m2!3d16.2411469!4d74.7497679?authuser=0&hl=en&rclk=1
SANKARA EYE HOSPITAL,Hospital,"Old Thirthahalli Rd, Gandhi Bazar, Harakere, Shivamogga, Karnataka 577202, India",https://www.google.co.kr/maps/place/SANKARA+EYE+HOSPITAL/data=!4m5!3m4!1s0x3bbba9c76d7d474d:0x37a97fbba96ad979!8m2!3d13.9252212!4d75.570756?authuser=0&hl=en&rclk=1
Dr R G Karudagimath Memorial Nursing Home Badami,Hospital,"SH 14, TIPPU NAGAR, Station Road, Badami, Karnataka 587201, India",https://www.google.co.kr/maps/place/Dr+R+G+Karudagimath+Memorial+Nursing+Home+Badami/data=!4m5!3m4!1s0x3bb8871a7aef3e17:0xf54878e1eda9c6a5!8m2!3d15.9251059!4d75.6783929?authuser=0&hl=en&rclk=1
hospital,Hospital,"F94X+P3C, Hirekerur, Karnataka 581111, India",https://www.google.co.kr/maps/place/hospital/data=!4m5!3m4!1s0x3bbbdc37a6c877ad:0xc8d16ae759b919a9!8m2!3d14.4568108!4d75.3976427?authuser=0&hl=en&rclk=1
"Jindal Sanjeevani Multispeciality Hospital, Bellary",Hospital,"Vijaya Vittala Nagara, Toranagallu Sandur, Bellary, Karnataka 583123, India","https://www.google.co.kr/maps/place/Jindal+Sanjeevani+Multispeciality+Hospital,+Bellary/data=!4m5!3m4!1s0x3bb7701e8700afa9:0x69463266f1fb30bd!8m2!3d15.1963757!4d76.6589939?authuser=0&hl=en&rclk=1"
Church of South India Hospital,General hospital,"2, HKP Road, Sulthangunta, Shivaji Nagar, Bengaluru, Karnataka 560051, India",https://www.google.co.kr/maps/place/Church+of+South+India+Hospital/data=!4m5!3m4!1s0x3bae1660819a1245:0xdf3f07dfed71d2fc!8m2!3d12.9908148!4d77.6011759?authuser=0&hl=en&rclk=1
Vasan Eye Care - Dharwad,Eye care center,"Hosayellapur, Dharwad, Karnataka 580001, India",https://www.google.co.kr/maps/place/Vasan+Eye+Care+-+Dharwad/data=!4m5!3m4!1s0x3bb8cd7c0e10aeeb:0xe4ab3c80ef401d98!8m2!3d15.457806!4d75.007511?authuser=0&hl=en&rclk=1
"Veterinary college, Medicine Division (HOSPITAL)",Hospital,"Veterinary College Rd, Shivamogga, Karnataka 577204, India","https://www.google.co.kr/maps/place/Veterinary+college,+Medicine+Division+(HOSPITAL)/data=!4m5!3m4!1s0x3bbbafd3f0fb38f3:0xe6b142455d2cdfe!8m2!3d13.9677736!4d75.5328378?authuser=0&hl=en&rclk=1"
Patil Medicare Multispeciality Hospital,Hospital,"behind Kerudi hospital, Kaulpet, Bagalkot, Karnataka 587101, India",https://www.google.co.kr/maps/place/Patil+Medicare+Multispeciality+Hospital/data=!4m5!3m4!1s0x3bc7795f2e97a757:0xb9fa4cd956d5aa6d!8m2!3d16.1839366!4d75.6972198?authuser=0&hl=en&rclk=1
AM Shaikh Homeopathic Medical College and Hospital,College,"Shaikh Campus, Nehru Nagar, Belagavi, Karnataka 590010, India",https://www.google.co.kr/maps/place/AM+Shaikh+Homeopathic+Medical+College+and+Hospital/data=!4m5!3m4!1s0x3bbf614beb445ba3:0xceff136b9ae01bad!8m2!3d15.8783213!4d74.5180848?authuser=0&hl=en&rclk=1
"Sahyadri Narayana Multispeciality Hospital, Shimoga",Hospital,"NT Road, Harakere, Shivamogga, Karnataka 577202, India","https://www.google.co.kr/maps/place/Sahyadri+Narayana+Multispeciality+Hospital,+Shimoga/data=!4m5!3m4!1s0x3bbba8f68a191711:0x1e3cb4858d1ceb3b!8m2!3d13.9007265!4d75.5583661?authuser=0&hl=en&rclk=1"
Manipal Hospital,Hospital,"Udyavara, Udupi, Karnataka 574118, India",https://www.google.co.kr/maps/place/Manipal+Hospital/data=!4m5!3m4!1s0x3bbcbaf8d24c1903:0x5361f50f774340b9!8m2!3d13.301099!4d74.7360302?authuser=0&hl=en&rclk=1
A.J. Hospital & Research Centre,General hospital,"National Highway 66 Kuntikana, Mangalore, Karnataka 575004, India",https://www.google.co.kr/maps/place/A.J.+Hospital+%26+Research+Centre/data=!4m5!3m4!1s0x3ba35a682d20b7bb:0x56352072513aae09!8m2!3d12.8993521!4d74.8460278?authuser=0&hl=en&rclk=1
Shri Mallikarjun Multispeciality Hospital Harugeri,Hospital,"Athani-Gokak Rd, Main Road, Harugeri, Karnataka 591220, India",https://www.google.co.kr/maps/place/Shri+Mallikarjun+Multispeciality+Hospital+Harugeri/data=!4m5!3m4!1s0x3bc0cd3ea150e985:0x1c6091b5738985c2!8m2!3d16.5187792!4d74.9489691?authuser=0&hl=en&rclk=1
KMC Hospital,Private hospital,"Nandigudda Rd, Attavar, Mangalore, Karnataka 575001, India",https://www.google.co.kr/maps/place/KMC+Hospital/data=!4m5!3m4!1s0x3ba35bb660448f91:0xe815832743fe5d15!8m2!3d12.8589894!4d74.8481104?authuser=0&hl=en&rclk=1
Unity Hospital,Hospital,"Unity Care and Health Services Pvt Ltd., P.B No.535, Highlands, Mangalore, Karnataka 575002, India",https://www.google.co.kr/maps/place/Unity+Hospital/data=!4m5!3m4!1s0x3ba35a34e4cee1c5:0x5589a59aadaeca0a!8m2!3d12.8676609!4d74.8540711?authuser=0&hl=en&rclk=1
Riti Life Care Hospital,Hospital,"94Q6+XVG, Mahalingapur, Karnataka 587312, India",https://www.google.co.kr/maps/place/Riti+Life+Care+Hospital/data=!4m5!3m4!1s0x3bc737cc4a7e3fb5:0x5c49cba07443e96c!8m2!3d16.3899423!4d75.1121957?authuser=0&hl=en&rclk=1
Naikwadi Medical Center,Hospital,"Ghataprabha Rd, Hukkeri, Karnataka 591306, India",https://www.google.co.kr/maps/place/Naikwadi+Medical+Center/data=!4m5!3m4!1s0x3bc0b09043807719:0xbfb8a1abc47ab70b!8m2!3d16.2282663!4d74.7940474?authuser=0&hl=en&rclk=1
The Bangalore Hospital,General hospital,"202, Rashtriya Vidyalaya Rd, 2nd Block, Basavanagudi, Bengaluru, Karnataka 560004, India",https://www.google.co.kr/maps/place/The+Bangalore+Hospital/data=!4m5!3m4!1s0x3bae158e750221f1:0xf18e3d80c3d298aa!8m2!3d12.9377405!4d77.5804336?authuser=0&hl=en&rclk=1
Athena Hospital,Hospital,"1, Falnir Rd, Bendoor, Mangalore, Karnataka 575002, India",https://www.google.co.kr/maps/place/Athena+Hospital/data=!4m5!3m4!1s0x3ba35a4af8ccf2d5:0xf9223c92233df351!8m2!3d12.868088!4d74.8481609?authuser=0&hl=en&rclk=1
Hospital,Hospital,"Adivala, Hiriyur, Madras Bombay Trunk Rd, Adivala, Karnataka 577511, India",https://www.google.co.kr/maps/place/Hospital/data=!4m5!3m4!1s0x3bb062a0c49bac99:0x5fa6be43c7fa47f5!8m2!3d13.9140366!4d76.6595667?authuser=0&hl=en&rclk=1
Ssjmect Ashirwad Nursing And Maternity Home,Hospital,"Athani-Gokak Rd, Main Road, Harugeri, Karnataka 591220, India",https://www.google.co.kr/maps/place/Ssjmect+Ashirwad+Nursing+And+Maternity+Home/data=!4m5!3m4!1s0x3bc0cd3c35a39b93:0x1378297a41309047!8m2!3d16.517008!4d74.9473962?authuser=0&hl=en&rclk=1
Jeevan Maternity And Surgical Hospital Manjari,Hospital,"CHJP+C4X, Chikodi, Karnataka 591213, India",https://www.google.co.kr/maps/place/Jeevan+Maternity+And+Surgical+Hospital+Manjari/data=!4m5!3m4!1s0x3bc0e9f8e3af2d03:0xdc310a9bd3e7febf!8m2!3d16.4311227!4d74.5853448?authuser=0&hl=en&rclk=1
Maternity Hospital,Hospital,"Doddapet, Ranebennur, Karnataka 581115, India",https://www.google.co.kr/maps/place/Maternity+Hospital/data=!4m5!3m4!1s0x3bb97e6356814b9d:0x31a0f0d7ac1b971a!8m2!3d14.6225711!4d75.6328326?authuser=0&hl=en&rclk=1
Manipal Hospital,Hospital,"Udupi-Manipal Hwy, Madhav Nagar, Saralebettu, Udupi, Karnataka 576104, India",https://www.google.co.kr/maps/place/Manipal+Hospital/data=!4m5!3m4!1s0x3bbca4aca94a91d5:0xceba7bd54bd1e518!8m2!3d13.3531538!4d74.7891692?authuser=0&hl=en&rclk=1
BR LIFE,Hospital,"8PQX+GM9, Thenkpete, Maruthi Veethika, Udupi, Karnataka 576101, India",https://www.google.co.kr/maps/place/BR+LIFE/data=!4m5!3m4!1s0x3bbcbb24b6239561:0xaa56da00544803da!8m2!3d13.338787!4d74.7492452?authuser=0&hl=en&rclk=1
Daneshwari Multi Specialty Health Care,Hospital,"Manik Nagar, Nipani, Karnataka 591237, India",https://www.google.co.kr/maps/place/Daneshwari+Multi+Specialty+Health+Care/data=!4m5!3m4!1s0x3bc0f3d15292097f:0xe00c816bcc0816f4!8m2!3d16.4035295!4d74.3836469?authuser=0&hl=en&rclk=1
New Government Hospital,Hospital,"SH 14, Manvi Rural, Karnataka 584123, India",https://www.google.co.kr/maps/place/New+Government+Hospital/data=!4m5!3m4!1s0x3bb7d1b51f8d1199:0xf6a93aee9a7f405c!8m2!3d15.9783381!4d77.0579231?authuser=0&hl=en&rclk=1
Victoria Hospital,Government hospital,"Mysore Rd, near City Market, New Tharagupet, Bengaluru, Karnataka 560002, India",https://www.google.co.kr/maps/place/Victoria+Hospital/data=!4m5!3m4!1s0x3bae15e2d61081e7:0x6e7d0833b6fa721e!8m2!3d12.9634744!4d77.5737641?authuser=0&hl=en&rclk=1
"Sankara Vision Centre, Channagiri",Hospital,"Sy.no.56/A, Jawali complex, ground floor, Birur Road, Channagiri Rural, Karnataka 577213, India","https://www.google.co.kr/maps/place/Sankara+Vision+Centre,+Channagiri/data=!4m5!3m4!1s0x3bba5b1f2b03ca41:0x509593eaaac4d462!8m2!3d14.0168177!4d75.9348894?authuser=0&hl=en&rclk=1"
Manipal hospital,Hospital,"Babuguda Rd, St Joseph Nagar, Attavar, Mangalore, Karnataka 575002, India",https://www.google.co.kr/maps/place/Manipal+hospital/data=!4m5!3m4!1s0x3ba35bd37ec600f1:0x73ccd7d3b8f7bdde!8m2!3d12.8574853!4d74.8530947?authuser=0&hl=en&rclk=1
"idrishti eye hospital, hubballi",Hospital,"164, Gokul Rd, above Punjab National Bank, Laxmi Layout, Basaveshvar Nagar, Hubli, Karnataka 580030, India","https://www.google.co.kr/maps/place/idrishti+eye+hospital,+hubballi/data=!4m5!3m4!1s0x3bb8d7901ed88ee7:0xa97e04877f3760ab!8m2!3d15.3512644!4d75.1059988?authuser=0&hl=en&rclk=1"
Yenepoya University Medical College Hospital,Hospital,"University Road, Deralakatte, Karnataka 575018, India",https://www.google.co.kr/maps/place/Yenepoya+University+Medical+College+Hospital/data=!4m5!3m4!1s0x3ba35eaf4f98d5e9:0x38d460a61774563b!8m2!3d12.8122283!4d74.8805336?authuser=0&hl=en&rclk=1
Sai Aadhar Hospital,Hospital,"Road, Mudhol, Karnataka 587313, India",https://www.google.co.kr/maps/place/Sai+Aadhar+Hospital/data=!4m5!3m4!1s0x3bc745d2188491f1:0x5f52aabbe257801d!8m2!3d16.2795741!4d75.1959033?authuser=0&hl=en&rclk=1
Women and Children Hospital,Government hospital,"NH 69, Sagar, Karnataka 577401, India",https://www.google.co.kr/maps/place/Women+and+Children+Hospital/data=!4m5!3m4!1s0x3bbb8b46b9780851:0xc9f307173f81a87e!8m2!3d14.1663878!4d75.0424542?authuser=0&hl=en&rclk=1
Annapurna Multisepciality Hospital,Hospital,"Haluvalli, Karnataka 591304, India",https://www.google.co.kr/maps/place/Annapurna+Multisepciality+Hospital/data=!4m5!3m4!1s0x3bc729f6efc02439:0x6f319e90db4009ff!8m2!3d16.7242074!4d75.0648487?authuser=0&hl=en&rclk=1
Vasan Eye Care,Eye care center,"No.1, Revankar Complex, Club Road, Deshpande Nagar, Near Court Circle, Hubli, Karnataka 580029, India",https://www.google.co.kr/maps/place/Vasan+Eye+Care/data=!4m5!3m4!1s0x3bb8d74478975c6b:0x4856867be07b5f42!8m2!3d15.3531082!4d75.1392502?authuser=0&hl=en&rclk=1
Padma Nursing Home,Hospital,"MVCP+59J, Karnataka 591303, India",https://www.google.co.kr/maps/place/Padma+Nursing+Home/data=!4m5!3m4!1s0x3bc0d43020b88fa7:0x93ece0edc5c455e9!8m2!3d16.6704657!4d74.8858869?authuser=0&hl=en&rclk=1
Rangadore Memorial Hospital,Hospital,"1st Cross Road Shankarapuram, Basavanagudi, Bengaluru, Karnataka 560004, India",https://www.google.co.kr/maps/place/Rangadore+Memorial+Hospital/data=!4m5!3m4!1s0x3bae1592c0000001:0x92435e0cc1f579e1!8m2!3d12.95345!4d77.5712082?authuser=0&hl=en&rclk=1
SPARSH Hospital,Specialized hospital,"SPARSH Super Speciality Hospital, 146, Infantry Rd, Vasanth Nagar, Bengaluru, Karnataka 560001, India",https://www.google.co.kr/maps/place/SPARSH+Hospital/data=!4m5!3m4!1s0x3bae1662b5e4f303:0x83e17841b11f5631!8m2!3d12.9832825!4d77.59475?authuser=0&hl=en&rclk=1
Mahantesh Multi Speciality Hospital,Hospital,"arun nilaya, near, Joshi Galli, Ilkal, Karnataka 587125, India",https://www.google.co.kr/maps/place/Mahantesh+Multi+Speciality+Hospital/data=!4m5!3m4!1s0x3bb80c9645523273:0x96ab3f265204be71!8m2!3d15.9696887!4d76.1109551?authuser=0&hl=en&rclk=1
Bangalore Baptist Hospital,Hospital,"Bellary Rd, Vinayakanagar, Hebbal, Bengaluru, Karnataka 560024, India",https://www.google.co.kr/maps/place/Bangalore+Baptist+Hospital/data=!4m5!3m4!1s0x3bae17be2817e0c7:0xeed76978487c758!8m2!3d13.0358406!4d77.5895705?authuser=0&hl=en&rclk=1
Hospital,Hospital,"Dr Nalatawad's ENT hospital, Karnataka 587313, India",https://www.google.co.kr/maps/place/Hospital/data=!4m5!3m4!1s0x3bc74184041978e9:0x152845f91740ce4d!8m2!3d16.3254315!4d75.2892232?authuser=0&hl=en&rclk=1
SDM College of Dental Sciences & Hospital,Dental school,"Hubli - Dharwad Hwy, Sattur Colony, Hubli, Karnataka 580009, India",https://www.google.co.kr/maps/place/SDM+College+of+Dental+Sciences+%26+Hospital/data=!4m5!3m4!1s0x3bb8d23107706481:0xa77286714c9a3b08!8m2!3d15.4178512!4d75.0407738?authuser=0&hl=en&rclk=1
Maternity hospital,Hospital,"SH 19, Shiva Nagara, Lingsugur, Karnataka 584122, India",https://www.google.co.kr/maps/place/Maternity+hospital/data=!4m5!3m4!1s0x3bc801729284700d:0xfa71b37b45a5f566!8m2!3d16.1600146!4d76.5278435?authuser=0&hl=en&rclk=1
Padma Hospital Terdal,Hospital,"F3V3+X9X, Terdal, Karnataka 587315, India",https://www.google.co.kr/maps/place/Padma+Hospital+Terdal/data=!4m5!3m4!1s0x3bc733da4939e4d5:0xcf9a110c0d160d57!8m2!3d16.4949899!4d75.0534963?authuser=0&hl=en&rclk=1
Benaka Health Centre,Private hospital,"Main Road, Ujire, Dakshina Kannada, Karnataka 574240, India",https://www.google.co.kr/maps/place/Benaka+Health+Centre/data=!4m5!3m4!1s0x3ba4b63907ea21fb:0x3c01931118375884!8m2!3d12.996343!4d75.3216926?authuser=0&hl=en&rclk=1
Columbia Asia Referral Hospital – Yeshwanthpur,Hospital,"Brigade Gateway, 26/4, 1st Main Rd, beside Metro, Malleshwara, Bengaluru, Karnataka 560055, India",https://www.google.co.kr/maps/place/Columbia+Asia+Referral+Hospital+%E2%80%93+Yeshwanthpur/data=!4m5!3m4!1s0x3bae162a55555555:0x886d228d64097005!8m2!3d13.0141901!4d77.5560668?authuser=0&hl=en&rclk=1
SECURE Hospital,Hospital,"#1659, Sitaranga Healthcare Complex, NS Road, Lakshmipuram, Mysuru, Karnataka 570004, India",https://www.google.co.kr/maps/place/SECURE+Hospital/data=!4m5!3m4!1s0x3baf7003ea1587dd:0xee02922cf4f5628b!8m2!3d12.2952596!4d76.6482062?authuser=0&hl=en&rclk=1
SDM College of Medical Sciences and Hospital,Medical school,"Manjushree Nagar, Sattur Colony, Karnataka 580009, India",https://www.google.co.kr/maps/place/SDM+College+of+Medical+Sciences+and+Hospital/data=!4m5!3m4!1s0x3bb8d22e2d402887:0x607795caf676dc9!8m2!3d15.4186751!4d75.0501471?authuser=0&hl=en&rclk=1
Jaydeva Hospital,Government hospital,"B-8, B T M I Stage, Mahatma Gandhi Rd, KEB Colony, Bengaluru, Karnataka 560074, India",https://www.google.co.kr/maps/place/Jaydeva+Hospital/data=!4m5!3m4!1s0x3bae16773e7dc413:0x350240386002607b!8m2!3d12.9182795!4d77.5992673?authuser=0&hl=en&rclk=1
"Narayana Multispeciality Hospital, Mysore",General hospital,"CAH/1, 3rd Phase, Devanur, 2nd Stage, R.S.Naidu Nagar, Mysuru, Karnataka 570019, India","https://www.google.co.kr/maps/place/Narayana+Multispeciality+Hospital,+Mysore/data=!4m5!3m4!1s0x3baf71a12b5ff6e3:0xfa137a5dcf03a77b!8m2!3d12.3452462!4d76.6730436?authuser=0&hl=en&rclk=1"
Guled Ortho Care Hospital,Hospital,"5MMV+6W7, Kaulpet, Bagalkot, Karnataka 587101, India",https://www.google.co.kr/maps/place/Guled+Ortho+Care+Hospital/data=!4m5!3m4!1s0x3bc7788bb9cc8f7d:0x998111e7b7a974f!8m2!3d16.1830353!4d75.6947953?authuser=0&hl=en&rclk=1
Ashraya Hospital,Private hospital,"1977/1-2, Shamanur Rd, MCC A Block, Davanagere, Karnataka 577004, India",https://www.google.co.kr/maps/place/Ashraya+Hospital/data=!4m5!3m4!1s0x3bba257a29b0a79b:0x2791b2999fd134e5!8m2!3d14.4569039!4d75.9087141?authuser=0&hl=en&rclk=1
M S Kerudi Hospital And Research Centre Bagalkot,Hospital,"5MFP+PRR, Bagalkot, Karnataka 587101, India",https://www.google.co.kr/maps/place/M+S+Kerudi+Hospital+And+Research+Centre+Bagalkot/data=!4m5!3m4!1s0x3bc778ed861b3cf5:0xea54184cea399373!8m2!3d16.1743649!4d75.6870193?authuser=0&hl=en&rclk=1
Holy Cross Hospital in chikmagalur,Private hospital,"KM Rd, Jyothinagar, Karnataka Housing Board Layout, Chikmagalur, Karnataka 577101, India",https://www.google.co.kr/maps/place/Holy+Cross+Hospital+in+chikmagalur/data=!4m5!3m4!1s0x3bbad9f703ead1f3:0xc2ef8f64fd68701a!8m2!3d13.338613!4d75.803534?authuser=0&hl=en&rclk=1
Vikram Hospital,Hospital,"Anne's College, Millers Rd, Vasanth Nagar, Bengaluru, Karnataka 560052, India",https://www.google.co.kr/maps/place/Vikram+Hospital/data=!4m5!3m4!1s0x3bae1669eaba3441:0x2de104cb3a53a50d!8m2!3d12.9881945!4d77.5921677?authuser=0&hl=en&rclk=1
Fortis Hospital Rajajinagar Bangalore - Karnataka,Private hospital,"111, West of Chord Road Opp Rajajinagar, 1st Block, Junction, Bengaluru, Karnataka 560086, India",https://www.google.co.kr/maps/place/Fortis+Hospital+Rajajinagar+Bangalore+-+Karnataka/data=!4m5!3m4!1s0x3bae3d9b1881ccf5:0x99e927bc3d89ce3c!8m2!3d13.0021849!4d77.5490498?authuser=0&hl=en&rclk=1
Shri C B Guttal Ayurvedic Medical College and Hospital,University,"Karnataka 580011, India",https://www.google.co.kr/maps/place/Shri+C+B+Guttal+Ayurvedic+Medical+College+and+Hospital/data=!4m5!3m4!1s0x3bbf336b725090dd:0x314d868f402b3d68!8m2!3d15.5188154!4d74.9396619?authuser=0&hl=en&rclk=1
Columbia Asia Hospital Mysuru,General hospital,"No. 85-86, Bangalore-Mysore Ring Road Junction Bannimantapa 'A' Layout, Siddique Nagar, Mandi Mohalla, Mysuru, Karnataka 570015, India",https://www.google.co.kr/maps/place/Columbia+Asia+Hospital+Mysuru/data=!4m5!3m4!1s0x3baf7092496f2c85:0xd84f0cc826a451aa!8m2!3d12.3499753!4d76.6601803?authuser=0&hl=en&rclk=1
M M Joshi Eye Hospital,Eye care center,"41, Navanagar Rd, Navanagar, Hubli, Karnataka 580025, India",https://www.google.co.kr/maps/place/M+M+Joshi+Eye+Hospital/data=!4m5!3m4!1s0x3bb8d127df2ae9b9:0xe7cad50a66f3ca99!8m2!3d15.3908786!4d75.0797547?authuser=0&hl=en&rclk=1
St. Philomena's Hospital,General hospital,"No 4, Mother Theresa Rd, Near Life Style, Vivek Nagar Post, Bengaluru, Karnataka 560047, India",https://www.google.co.kr/maps/place/St.+Philomena's+Hospital/data=!4m5!3m4!1s0x3bae142bac7a3b7f:0xb9d552e81e7e808!8m2!3d12.965306!4d77.6110231?authuser=0&hl=en&rclk=1
Sagar Hospitals Kumaraswamy Layout,General hospital,"Shavige Malleshwara Hills, DSI, 91st Main Rd, behind Dayananda Sagar Institution Campus, Kumaraswamy Layout, Bengaluru, Karnataka 560111, India",https://www.google.co.kr/maps/place/Sagar+Hospitals+Kumaraswamy+Layout/data=!4m5!3m4!1s0x3bae157cd3aabb31:0xd9e9f4bad8d0d688!8m2!3d12.9081807!4d77.5658487?authuser=0&hl=en&rclk=1
Citi Hospital,Private hospital,"25/91 20th Main Road, Chord Rd, 2nd Block, Rajajinagar, Bengaluru, Karnataka 560010, India",https://www.google.co.kr/maps/place/Citi+Hospital/data=!4m5!3m4!1s0x3bae3ded6cfb0e1f:0xb50ba0c3d38b1258!8m2!3d12.9956285!4d77.5510286?authuser=0&hl=en&rclk=1
Wenlock District Hospital,Government hospital,"Hampankatta, Mangalore, Karnataka 575001, India",https://www.google.co.kr/maps/place/Wenlock+District+Hospital/data=!4m5!3m4!1s0x3ba35a4cf3b55ca3:0xd1a7e005cb1aa688!8m2!3d12.867383!4d74.843131?authuser=0&hl=en&rclk=1
UMAKANT EYE HOSPITAL,Hospital,"Sardar Patel Rd, Hosapete, Karnataka 583201, India",https://www.google.co.kr/maps/place/UMAKANT+EYE+HOSPITAL/data=!4m5!3m4!1s0x3bb9d5907ccd3f9f:0xde5737a8978d2f52!8m2!3d15.2774652!4d76.3879577?authuser=0&hl=en&rclk=1
Cauvery Heart and Multispeciality Hospital,Private hospital,"Malavalli - Mysore Rd, Near Teresian College, Siddhartha Layout, Mysuru, Karnataka 570011, India",https://www.google.co.kr/maps/place/Cauvery+Heart+and+Multispeciality+Hospital/data=!4m5!3m4!1s0x3baf71ce2ddb55f7:0x72acb6b7ea44a8c6!8m2!3d12.3051006!4d76.6958165?authuser=0&hl=en&rclk=1
Mazumdar Shaw Medical Center,General hospital,"Anekal, 258/A, Hosur Rd, Bommasandra Industrial Area, Bengaluru, Karnataka 560099, India",https://www.google.co.kr/maps/place/Mazumdar+Shaw+Medical+Center/data=!4m5!3m4!1s0x3bae6c33ea16001d:0x51693da9325cf807!8m2!3d12.8067882!4d77.6947966?authuser=0&hl=en&rclk=1
Sankara Eye Hospital- Shimoga,Hospital,"Thirthahalli, Gandharva Nagara Rd, Harakere, Shivamogga, Karnataka 577202, India",https://www.google.co.kr/maps/place/Sankara+Eye+Hospital-+Shimoga/data=!4m5!3m4!1s0x3bbba8f0cddb683b:0x5c5796765bf67d6a!8m2!3d13.9036839!4d75.5610229?authuser=0&hl=en&rclk=1
Dr Channal's Arogyadham Hospital,Hospital,"Nipani-Mahalingpur Rd, Hallur, Karnataka 587312, India",https://www.google.co.kr/maps/place/Dr+Channal's+Arogyadham+Hospital/data=!4m5!3m4!1s0x3bc7363497cc8a79:0x74bf0bab91d324c!8m2!3d16.3930137!4d75.1063964?authuser=0&hl=en&rclk=1
SDM College of Physiotherapy,Physical therapy clinic,"Manjushree Nagar, Sattur Colony, Dharwad, Karnataka 580009, India",https://www.google.co.kr/maps/place/SDM+College+of+Physiotherapy/data=!4m5!3m4!1s0x3bb8d23155555555:0xa97f1cc315588d6b!8m2!3d15.4209157!4d75.045717?authuser=0&hl=en&rclk=1
SDM College of Physiotherapy,Physical therapy clinic,"Manjushree Nagar, Sattur Colony, Dharwad, Karnataka 580009, India",https://www.google.co.kr/maps/place/SDM+College+of+Physiotherapy/data=!4m5!3m4!1s0x3bb8d23155555555:0xa97f1cc315588d6b!8m2!3d15.4209157!4d75.045717?authuser=0&hl=en&rclk=1
Krsnaa Diagnostics (District Hospital KARWAR ),Medical diagnostic imaging center,"MG Rd, Naval Base Karwar, Kodibag, Karwar, Karnataka 581301, India",https://www.google.co.kr/maps/place/Krsnaa+Diagnostics+(District+Hospital+KARWAR+)/data=!4m5!3m4!1s0x3bbe60cc03c33ce7:0xf6ebfc4a2258ec3d!8m2!3d14.8172348!4d74.1296079?authuser=0&hl=en&rclk=1
Chirayu Hospital,General hospital,"Court Rd, Opp Gescom Office, Revansiddeshwar Colony, Khuba Plot, Brhampur, Gulbarga, Karnataka 585102, India",https://www.google.co.kr/maps/place/Chirayu+Hospital/data=!4m5!3m4!1s0x3bc8c0ab48558f31:0x4df59d498a6f0652!8m2!3d17.3233902!4d76.8296211?authuser=0&hl=en&rclk=1
Ramaiah Memorial Hospital,Specialized hospital,"New BEL Rd, M S Ramaiah Nagar, MSRIT Post, Bengaluru, Karnataka 560054, India",https://www.google.co.kr/maps/place/Ramaiah+Memorial+Hospital/data=!4m5!3m4!1s0x3bae17dc7777e56d:0x3bfb44b6b12ec9d0!8m2!3d13.0281563!4d77.5698782?authuser=0&hl=en&rclk=1
Government Hospital,Government hospital,"District hospital, Athani Rd, Shastri Nagar, Vijayapura, Karnataka 586102, India",https://www.google.co.kr/maps/place/Government+Hospital/data=!4m5!3m4!1s0x3bc6ff9f96252025:0x2c8347293c90de79!8m2!3d16.8282892!4d75.6915571?authuser=0&hl=en&rclk=1
"Fortis Hospital, Nagarbhavi, Bangalore",Private hospital,"Building No. 119, Survey No, 23, 80 Feet Main Rd, 2nd Stage, Naagarabhaavi, Bengaluru, Karnataka 560072, India","https://www.google.co.kr/maps/place/Fortis+Hospital,+Nagarbhavi,+Bangalore/data=!4m5!3m4!1s0x3bae16773c548eed:0xff00fb1e264b6969!8m2!3d12.9610433!4d77.5116184?authuser=0&hl=en&rclk=1"
Dipali Hospital,Hospital,"College Rd, Basaveshwara Extension, Hosapete, Karnataka 583201, India",https://www.google.co.kr/maps/place/Dipali+Hospital/data=!4m5!3m4!1s0x3bb9d4192c6d88e3:0x70f97556a16d6214!8m2!3d15.2741441!4d76.3832972?authuser=0&hl=en&rclk=1
Nayak Hospital,General hospital,"3367, 5th Cross Rd, Gayatrinagar, Rajajinagar, Bengaluru, Karnataka 560021, India",https://www.google.co.kr/maps/place/Nayak+Hospital/data=!4m5!3m4!1s0x3bae1626f4219d8b:0x1bb58909c78790b1!8m2!3d12.99934!4d77.5606264?authuser=0&hl=en&rclk=1
Rural India Health Project,Hospital,"SH 88B, Ammathi Town, Karnataka 571211, India",https://www.google.co.kr/maps/place/Rural+India+Health+Project/data=!4m5!3m4!1s0x3ba5b02e54086979:0x9be1bcb06b2ac018!8m2!3d12.2423063!4d75.8617973?authuser=0&hl=en&rclk=1
"Columbia Asia Hospital Hebbal, Bangalore",Private hospital,"Kirloskar Business Park, Bellary Rd, Hebbal Kempapura, Bengaluru, Karnataka 560024, India","https://www.google.co.kr/maps/place/Columbia+Asia+Hospital+Hebbal,+Bangalore/data=!4m5!3m4!1s0x3bae178f26a5ddf9:0x930a4b59c8b80796!8m2!3d13.0509529!4d77.593821?authuser=0&hl=en&rclk=1"
Chinmaya Mission Hospital,General hospital,"1, 1, Chinmaya Mission Hospital Rd, Opp. Krishna Temple, Defence Colony, Indiranagar, Bengaluru, Karnataka 560038, India",https://www.google.co.kr/maps/place/Chinmaya+Mission+Hospital/data=!4m5!3m4!1s0x3bae16ae5f7d018f:0x5ac5e27509b39791!8m2!3d12.9778862!4d77.6461979?authuser=0&hl=en&rclk=1
hospital,Hospital,"Unnamed Road, Bagali, Karnataka 583131, India",https://www.google.co.kr/maps/place/hospital/data=!4m5!3m4!1s0x3bb9915eec893271:0x8660c1584a7e36fb!8m2!3d14.8447984!4d75.9810282?authuser=0&hl=en&rclk=1
Civil Hospital,Hospital,"court road, Gajabarwadi, Hukkeri, Karnataka 591309, India",https://www.google.co.kr/maps/place/Civil+Hospital/data=!4m5!3m4!1s0x3bc0bd23b8bf48db:0xd76347c1e55e1f72!8m2!3d16.2362553!4d74.6027446?authuser=0&hl=en&rclk=1
METRI HOSPITAL,Hospital,"bay pass, Hanuman Temple Rd, Desar Wada, Athani, Karnataka 591304, India",https://www.google.co.kr/maps/place/METRI+HOSPITAL/data=!4m5!3m4!1s0x3bc72bf0f7a01a01:0xe259bb97945ae3c8!8m2!3d16.7293522!4d75.0616648?authuser=0&hl=en&rclk=1
Basaweshwar Teaching and General Hospital - BTGH,General hospital,"Sedam Rd, Rajapur, Gulbarga, Karnataka 585105, India",https://www.google.co.kr/maps/place/Basaweshwar+Teaching+and+General+Hospital+-+BTGH/data=!4m5!3m4!1s0x3bc8c0cb48dad3d5:0xf1f775186724de1c!8m2!3d17.3257865!4d76.8536728?authuser=0&hl=en&rclk=1
Manipal Hospital,Hospital,"98, HAL Old Airport Rd, Kodihalli, Bengaluru, Karnataka 560017, India",https://www.google.co.kr/maps/place/Manipal+Hospital/data=!4m5!3m4!1s0x3bae13c0c0c6206b:0x12d8d4c39197c7dd!8m2!3d12.9583911!4d77.6488364?authuser=0&hl=en&rclk=1
Krsnaa Diagnostics (District Hospital VIJAYAPURA ),General hospital,"RMHR+7JC, Shastri Nagar, Vijayapura, Karnataka 586102, India",https://www.google.co.kr/maps/place/Krsnaa+Diagnostics+(District+Hospital+VIJAYAPURA+)/data=!4m5!3m4!1s0x3bc6ff9fbd857703:0xe3ca210887247b4a!8m2!3d16.8281987!4d75.6915048?authuser=0&hl=en&rclk=1
"Fortis La Femme, Richmond Town",Private hospital,"No:62, Richmond Road, Mother Teresa Rd, behind Sacred Heart Church Entry from, Richmond Town, Bengaluru, Karnataka 560025, India","https://www.google.co.kr/maps/place/Fortis+La+Femme,+Richmond+Town/data=!4m5!3m4!1s0x3bae142ac1c81093:0xa2fc9609c496d0c4!8m2!3d12.9657298!4d77.6097608?authuser=0&hl=en&rclk=1"
Hospital,Hospital,"78FV+MMF, Hornadu, Karnataka 577181, India",https://www.google.co.kr/maps/place/Hospital/data=!4m5!3m4!1s0x3bbb37de4b362539:0xd53d9288df0ed1d2!8m2!3d13.2741803!4d75.3441638?authuser=0&hl=en&rclk=1
TRISHALADEVI SUPER SPECIALITY EYE HOSPITAL,Eye care center,"587314, Mahalingapur - Rabkavi Rd, Madanamatti, Karnataka 587314, India",https://www.google.co.kr/maps/place/TRISHALADEVI+SUPER+SPECIALITY+EYE+HOSPITAL/data=!4m5!3m4!1s0x3bc730d9c2172e29:0xd97b7f633d6dd4ab!8m2!3d16.4796952!4d75.1122869?authuser=0&hl=en&rclk=1
Shri Banashankari Eye Hospital Bagalkot,Hospital,"Mahaveer Rd, Kaulpet, Bagalkot, Karnataka 587101, India",https://www.google.co.kr/maps/place/Shri+Banashankari+Eye+Hospital+Bagalkot/data=!4m5!3m4!1s0x3bbbd8025da28359:0x19f52b631e26f5e7!8m2!3d14.5678649!4d75.5261218?authuser=0&hl=en&rclk=1
Bhagwan Mahaveer Jain Hospital,General hospital,"17, Millers Rd, Kaverappa Layout, Vasanth Nagar, Bengaluru, Karnataka 560052, India",https://www.google.co.kr/maps/place/Bhagwan+Mahaveer+Jain+Hospital/data=!4m5!3m4!1s0x3bae1642c63e2c23:0x730cce157da6d9cb!8m2!3d12.9915398!4d77.5954375?authuser=0&hl=en&rclk=1
Essential Hospital,General hospital,"Aladamara Papareddy Palya, Old Outer Ring Rd, ITI HBCS Layout, Papareddipalya, Annapurneshwari Nagar, Bengaluru, Karnataka 560072, India",https://www.google.co.kr/maps/place/Essential+Hospital/data=!4m5!3m4!1s0x3bae3c318748a2b3:0x536f6887641d9de4!8m2!3d12.9748198!4d77.5096173?authuser=0&hl=en&rclk=1
"Apollo BGS Hospitals, Mysuru",Private hospital,"Adichunchanagiri Road, Jayanagar, Kuvempu Nagara, Mysuru, Karnataka 570023, India","https://www.google.co.kr/maps/place/Apollo+BGS+Hospitals,+Mysuru/data=!4m5!3m4!1s0x3baf7aab67734a87:0x9a88cfb78df5e7c7!8m2!3d12.295964!4d76.6325376?authuser=0&hl=en&rclk=1"
Sagar Hospitals,Hospital,"44, 54, Tilak Nagar Main Rd, Bannerughatta Approach Road Layout, 4th T Block East, Tilak Nagar, Jayanagar, Bengaluru, Karnataka 560041, India",https://www.google.co.kr/maps/place/Sagar+Hospitals/data=!4m5!3m4!1s0x3bae15aed36af035:0xe5759245267fbda3!8m2!3d12.9280334!4d77.5996184?authuser=0&hl=en&rclk=1
Shri Sai Wine Centre,Winery,"Bazar Galli, Khasbag, Vadagoan, Belagavi, Karnataka 590003, India",https://www.google.co.kr/maps/place/Shri+Sai+Wine+Centre/data=!4m5!3m4!1s0x3bbf668d443db227:0x7175ae6fcdf2fd03!8m2!3d15.83966!4d74.52189?authuser=0&hl=en&rclk=1
Hospital P H U,Hospital,"5FMW+MXV, NiDuvale, Karnataka 577122, India",https://www.google.co.kr/maps/place/Hospital+P+H+U/data=!4m5!3m4!1s0x3bbb33f2719f3dd5:0xc8ab7ebf857e9991!8m2!3d13.1842405!4d75.497435?authuser=0&hl=en&rclk=1
"Fortis Hospital, Cunningham Road, Bangalore",Hospital,"14 Cunningham Road near Sigma Central Mall, Vasanth Nagar, Bengaluru, Karnataka 560052, India","https://www.google.co.kr/maps/place/Fortis+Hospital,+Cunningham+Road,+Bangalore/data=!4m5!3m4!1s0x3bae166847800b0f:0x5670f48c68782ac8!8m2!3d12.988318!4d77.594415?authuser=0&hl=en&rclk=1"
Justice K.S. Hegde Hospital,Hospital,"Deralakatte, Mangalore, Karnataka 575018, India",https://www.google.co.kr/maps/place/Justice+K.S.+Hegde+Hospital/data=!4m5!3m4!1s0x3ba35ea50fcd3c59:0xb7441b882731ec2!8m2!3d12.8078662!4d74.8882412?authuser=0&hl=en&rclk=1
People Tree Hospitals,Hospital,"2, Tumkur Rd, Next to Yeshwanthpur Metro Stop, Goraguntepalya, Yeswanthpur, Bengaluru, Karnataka 560022, India",https://www.google.co.kr/maps/place/People+Tree+Hospitals/data=!4m5!3m4!1s0x3bae3d6b320b9f7b:0x5bd2ca61e09a2786!8m2!3d13.028795!4d77.5394651?authuser=0&hl=en&rclk=1
Sanjeevini Hospital,Hospital,"MCC A Block, Davanagere, Karnataka 577004, India",https://www.google.co.kr/maps/place/Sanjeevini+Hospital/data=!4m5!3m4!1s0x3bba257748426cd1:0x4df0ecd3274ca126!8m2!3d14.4581613!4d75.9124438?authuser=0&hl=en&rclk=1
hospital,Hospital,"G8QQ+7PR, Hasargundgi, Karnataka 585306, India",https://www.google.co.kr/maps/place/hospital/data=!4m5!3m4!1s0x3bc92e795eb29bdf:0x311920bce61a24c0!8m2!3d17.5382381!4d77.3392694?authuser=0&hl=en&rclk=1
Bowring and Lady Curzon Hospital,Government hospital,"Lady Curzon Rd, Shivaji Nagar, Bengaluru, Karnataka 560001, India",https://www.google.co.kr/maps/place/Bowring+and+Lady+Curzon+Hospital/data=!4m5!3m4!1s0x3bae1663b446cb89:0x2a8952c4f01fa407!8m2!3d12.982188!4d77.6040572?authuser=0&hl=en&rclk=1
Employee's State Insurance Corporation,State government office,"Block No.7-B-1, BK Kangrali Industrial Area, Pune - Bangalore Road, Belagavi, Karnataka 590010, India",https://www.google.co.kr/maps/place/Employee's+State+Insurance+Corporation/data=!4m5!3m4!1s0x3bbf6140833f9c89:0x6caff9c164e7dbdb!8m2!3d15.8988923!4d74.5232657?authuser=0&hl=en&rclk=1
Yashoda Hospital,Hospital,"KHB Complex, Solapur Rd, Vijayapura, Karnataka 586103, India",https://www.google.co.kr/maps/place/Yashoda+Hospital/data=!4m5!3m4!1s0x3bc6ff4c5f5ce5f5:0xf87efe1db15c635e!8m2!3d16.8473464!4d75.710158?authuser=0&hl=en&rclk=1
Shakuntala Multispeciality Hospital,Hospital,"Railway Station, 122B1, Basaveshwara Cir Rd, Bagalkot, Karnataka 587101, India",https://www.google.co.kr/maps/place/Shakuntala+Multispeciality+Hospital/data=!4m5!3m4!1s0x3bc7788bb5fc57d1:0x6a0c11b040d91cda!8m2!3d16.1797765!4d75.6986711?authuser=0&hl=en&rclk=1
Mitra Hospital,Private hospital,"Old Post Office Rd, Kadekoppala, Chitpady, Udupi, Karnataka 576101, India",https://www.google.co.kr/maps/place/Mitra+Hospital/data=!4m5!3m4!1s0x3bbcbb6eb9fb29a3:0xf619d947084ba00f!8m2!3d13.3369438!4d74.7504978?authuser=0&hl=en&rclk=1
Minto Ophthalmic Hospital,Government hospital,"Chamrajpet, Tippu Sultan Palace Rd, Opposite V V Puram Police Station, New Tharagupet, Bengaluru, Karnataka 560002, India",https://www.google.co.kr/maps/place/Minto+Ophthalmic+Hospital/data=!4m5!3m4!1s0x3bae15fccffffffd:0x37f21079460c481c!8m2!3d12.9608878!4d77.5718855?authuser=0&hl=en&rclk=1
M M Joshi Eye Institute,Eye care center,"Someshwar Heights, Haliyal Rd, opp. DHO Office, Dharwad, Karnataka 580008, India",https://www.google.co.kr/maps/place/M+M+Joshi+Eye+Institute/data=!4m5!3m4!1s0x3bb8cd7ac48c8b75:0x157954dea6cc3bcc!8m2!3d15.4620986!4d75.0035105?authuser=0&hl=en&rclk=1
Hospital,Government hospital,"48XQ+HF5, T.Begur, Karnataka 562123, India",https://www.google.co.kr/maps/place/Hospital/data=!4m5!3m4!1s0x3bae28da2509432f:0xa905aa651ac189ac!8m2!3d13.1488752!4d77.3387416?authuser=0&hl=en&rclk=1
Sakra World Hospital,Private hospital,"SY NO 52/2 & 52/3, Devarabeesanahalli, Varthur Hobli Opp Intel, Outer Ring Rd, Marathahalli, Bengaluru, Karnataka 560103, India",https://www.google.co.kr/maps/place/Sakra+World+Hospital/data=!4m5!3m4!1s0x3bae13a676bd1a2d:0x9b015ce820da5edb!8m2!3d12.9323275!4d77.6851886?authuser=0&hl=en&rclk=1
Yenopoya Hospital,Hospital,"Kankanady, Mangalore, Karnataka 575002, India",https://www.google.co.kr/maps/place/Yenopoya+Hospital/data=!4m5!3m4!1s0x3ba35a32e6c0cb63:0x3bf7a9601e759bd3!8m2!3d12.8671776!4d74.8593368?authuser=0&hl=en&rclk=1
St. John's Medical College Hospital,University hospital,"St John's medical college, Koramangala 2nd Block, Bengaluru, Karnataka 560034, India",https://www.google.co.kr/maps/place/St.+John's+Medical+College+Hospital/data=!4m5!3m4!1s0x3bae145a775cef6d:0x5507c856a58e30df!8m2!3d12.930921!4d77.6195276?authuser=0&hl=en&rclk=1
Rajarajeshwari Hospital,General hospital,"202, Mysore Rd, Kengeri Satellite Town, Kambipura, Karnataka 560074, India",https://www.google.co.kr/maps/place/Rajarajeshwari+Hospital/data=!4m5!3m4!1s0x3ba5000a6767bf3f:0x792b2373a74fe015!8m2!3d12.8962674!4d77.4617612?authuser=0&hl=en&rclk=1
Vanivilas Hospital,Maternity hospital,"Victoria Hospital Compound, Sultan Rd, Kalasipalya, Bengaluru, Karnataka 560002, India",https://www.google.co.kr/maps/place/Vanivilas+Hospital/data=!4m5!3m4!1s0x3bae15e34e311e51:0x3801142368cdfdb!8m2!3d12.9614477!4d77.5740093?authuser=0&hl=en&rclk=1
Medstar Hospital,Hospital,"614, 171/3, Kodigehalli Main Rd, opp. Chairmans Club, Shanthivana, Sanjeevini Nagar, Bengaluru, Karnataka 560092, India",https://www.google.co.kr/maps/place/Medstar+Hospital/data=!4m5!3m4!1s0x3bae18201fe1768d:0xede689ff5282b99a!8m2!3d13.0580162!4d77.5859943?authuser=0&hl=en&rclk=1
Abhaya Hospital,Hospital,"Bus Stop, No. 17, Dr. M H Mari Gowda Road, Opp. 9th Cross, Hosur Rd, Wilson Garden, Bengaluru, Karnataka 560027, India",https://www.google.co.kr/maps/place/Abhaya+Hospital/data=!4m5!3m4!1s0x3bae15b2e1059559:0xd245be7db1d5e1a!8m2!3d12.9463525!4d77.594799?authuser=0&hl=en&rclk=1
Dr Katti Hospital,Hospital,"Kaulpet, Bagalkot, Karnataka 587101, India",https://www.google.co.kr/maps/place/Dr+Katti+Hospital/data=!4m5!3m4!1s0x3bc778f40c66595f:0x357dcfd9f74c381!8m2!3d16.1807826!4d75.6860444?authuser=0&hl=en&rclk=1
Mallya Hospital,Private hospital,"2, Vittal Mallya Rd, Ashok Nagar, Bengaluru, Karnataka 560001, India",https://www.google.co.kr/maps/place/Mallya+Hospital/data=!4m5!3m4!1s0x3bae1677e83810b3:0x57833242f73501e6!8m2!3d12.968064!4d77.5950677?authuser=0&hl=en&rclk=1
Bharathy Hospital,General hospital,"4, Nagarabhavi Main Rd, opposite Cordial School, North Vijay Nagar, Govindaraja Nagar Ward, Prashant Nagar, Vijayanagar, Bengaluru, Karnataka 560079, India",https://www.google.co.kr/maps/place/Bharathy+Hospital/data=!4m5!3m4!1s0x3bae3dc4b03518db:0xdd5defb6b9099485!8m2!3d12.976131!4d77.5326745?authuser=0&hl=en&rclk=1
Hospital,Hospital,"Unnamed Road, Humnabad, Karnataka 585330, India",https://www.google.co.kr/maps/place/Hospital/data=!4m5!3m4!1s0x3bcf28e58fdfcc9b:0xe47d9570a0ecccbd!8m2!3d17.7735068!4d77.133322?authuser=0&hl=en&rclk=1
Sanjeevini Children And Eye Hospital,Hospital,"Lions Matriculation School, near area, Extension, Advocate Ramanathan Nagar, Tirupathur, Tamil Nadu 635601, India",https://www.google.co.kr/maps/place/Sanjeevini+Children+And+Eye+Hospital/data=!4m5!3m4!1s0x3bc7788bc6d38917:0x54c49b5477abae64!8m2!3d16.1827649!4d75.6951077?authuser=0&hl=en&rclk=1
K.C. General Hospital,Government hospital,"5th Cross Road, Malleshwara, Bengaluru, Karnataka 560003, India",https://www.google.co.kr/maps/place/K.C.+General+Hospital/data=!4m5!3m4!1s0x3bae1624498c8b85:0xd95533c6e2c6bddb!8m2!3d12.9961428!4d77.569358?authuser=0&hl=en&rclk=1
Apollo Hospitals Sheshadripuram Bangalore,Private hospital,"Old No. 28, 1, Platform Rd, Near Mantri Square Mall, Seshadripuram, Bengaluru, Karnataka 560020, India",https://www.google.co.kr/maps/place/Apollo+Hospitals+Sheshadripuram+Bangalore/data=!4m5!3m4!1s0x3bae17ddf4a463e3:0x415a988bfb0b66c8!8m2!3d12.9883022!4d77.5726879?authuser=0&hl=en&rclk=1
"Dr TMA Pai Hospital, Udupi",Private hospital,"Court Rd, opp. Old Taluk Office, Brahmagiri, Udupi, Karnataka 576101, India","https://www.google.co.kr/maps/place/Dr+TMA+Pai+Hospital,+Udupi/data=!4m5!3m4!1s0x3bbcbb6d0b05aa6d:0x7299e9dc4acda3cc!8m2!3d13.3323983!4d74.7470072?authuser=0&hl=en&rclk=1"
NU Hospitals (West),Hospital,"Near to ISKCON, 4/1, Chord Rd, Rajajinagar, Bengaluru, Karnataka 560010, India",https://www.google.co.kr/maps/place/NU+Hospitals+(West)/data=!4m5!3m4!1s0x3bae3d785db91f89:0x8d697ed0f2a9f270!8m2!3d13.0119306!4d77.5528517?authuser=0&hl=en&rclk=1
Narayana Health City,Hospital,"Anekal Taluk, 258/A, Hosur Rd, Bommasandra Industrial Area, Bengaluru, Karnataka 560099, India",https://www.google.co.kr/maps/place/Narayana+Health+City/data=!4m5!3m4!1s0x3bae6d92c697eb31:0x77ddda80dabce1ec!8m2!3d12.8083141!4d77.6944144?authuser=0&hl=en&rclk=1
Arogyadhama Hospital Unit Of Shivanagouda Hosp Pvt,Hospital,"4RPP+8J3, Karnataka 583219, India",https://www.google.co.kr/maps/place/Arogyadhama+Hospital+Unit+Of+Shivanagouda+Hosp+Pvt/data=!4m5!3m4!1s0x3bb71337ef62cc33:0x1795e23eba82cf50!8m2!3d15.1357583!4d76.8365522?authuser=0&hl=en&rclk=1
"Fortis Hospital, Bannerghatta Main, Bangalore",Private hospital,"154, 9, Bannerghatta Main Rd, Opposite IIM, Sahyadri Layout, Bilekahalli, Bengaluru, Karnataka 560076, India","https://www.google.co.kr/maps/place/Fortis+Hospital,+Bannerghatta+Main,+Bangalore/data=!4m5!3m4!1s0x3bae15237055f411:0x7308c26631aa9e25!8m2!3d12.8948227!4d77.5986196?authuser=0&hl=en&rclk=1"
Sri Matha Hospital,Hospital,"Church, Near Kundapura, Church Road, Kundapura, Karnataka 576201, India",https://www.google.co.kr/maps/place/Sri+Matha+Hospital/data=!4m5!3m4!1s0x3bbc8e07b851699d:0x7f2b53fc0015544!8m2!3d13.6283223!4d74.688923?authuser=0&hl=en&rclk=1
Kls Super Speciality Hospital,Hospital,"K.L.S. School Of Nursing, (GNM), ISR Rd, Basaveshwara Extension, Hosapete, Karnataka 583203, India",https://www.google.co.kr/maps/place/Kls+Super+Speciality+Hospital/data=!4m5!3m4!1s0x3bb9d41f4a35eb39:0xeca158fe456d471e!8m2!3d15.2736711!4d76.3855965?authuser=0&hl=en&rclk=1
"Aster RV Hospital, JP Nagar Bangalore",Hospital,"CA, 37, 24th Main Rd, ITI Layout, 1st Phase, J. P. Nagar, Bengaluru, Karnataka 560078, India","https://www.google.co.kr/maps/place/Aster+RV+Hospital,+JP+Nagar+Bangalore/data=!4m5!3m4!1s0x3bae15aef47cc555:0x19fc4ef2704d71a9!8m2!3d12.9108391!4d77.5851861?authuser=0&hl=en&rclk=1"
Bahmani Hospital,Hospital,"8RRV+9Q7, Khonialawa, Mominpura, Gulbarga, Karnataka 585104, India",https://www.google.co.kr/maps/place/Bahmani+Hospital/data=!4m5!3m4!1s0x3bc8c746920f3773:0xb28fd17eefba65b0!8m2!3d17.3409028!4d76.8444112?authuser=0&hl=en&rclk=1
BGS Global Hospital,Hospital,"BGS Rd, Kodipalya, Bengaluru, Karnataka 560060, India",https://www.google.co.kr/maps/place/BGS+Global+Hospital/data=!4m5!3m4!1s0x3bae3f26885a4f87:0x18debb5711dfe976!8m2!3d12.9031257!4d77.4974184?authuser=0&hl=en&rclk=1
Koosamma Shambhu Shetty Memorial Haji Abdullah Mother & Child Hospital,Hospital,"Thenkpete, Maruthi Veethika, Udupi, Karnataka 576101, India",https://www.google.co.kr/maps/place/Koosamma+Shambhu+Shetty+Memorial+Haji+Abdullah+Mother+%26+Child+Hospital/data=!4m5!3m4!1s0x3bbcbb6ee1a13667:0x5b30641005084fce!8m2!3d13.3384383!4d74.7495469?authuser=0&hl=en&rclk=1
Unity Hospital,Private hospital,"Jawaharlal Nehru Road, Stage 5, Rajarajeshwari Nagar, Bengaluru, Karnataka 560098, India",https://www.google.co.kr/maps/place/Unity+Hospital/data=!4m5!3m4!1s0x3bae3fa93be84a91:0xe9ccd231e7f59796!8m2!3d12.9107405!4d77.5208151?authuser=0&hl=en&rclk=1
Adarsha Hospital,Hospital,"NH 66, Kundapura, Karnataka 576201, India",https://www.google.co.kr/maps/place/Adarsha+Hospital/data=!4m5!3m4!1s0x3bbc8e018358a6e9:0x78cdd6d2098ce2bf!8m2!3d13.6356368!4d74.7009829?authuser=0&hl=en&rclk=1
DECCAN HOSPITAL,General hospital,"Ashwini Extension, opp. KSRTC Bus Depot, Chintamani, Karnataka 563125, India",https://www.google.co.kr/maps/place/DECCAN+HOSPITAL/data=!4m5!3m4!1s0x3bb2045eb744034b:0xfbefc73438aa3952!8m2!3d13.3922613!4d78.0475063?authuser=0&hl=en&rclk=1
Hosmat Hospital,Hospital,"Magrath Road, 45, Richmond Rd, Bengaluru, Karnataka 560025, India",https://www.google.co.kr/maps/place/Hosmat+Hospital/data=!4m5!3m4!1s0x3bae1681f62906a3:0xec3c6d9b2be43a08!8m2!3d12.969157!4d77.6133273?authuser=0&hl=en&rclk=1
A.M. Hospital,Private hospital,"No. 20/1, Second Cross, Widia Layout, Chandra Layout Main Road, Vijayanagar, Bengaluru, Karnataka 560040, India",https://www.google.co.kr/maps/place/A.M.+Hospital/data=!4m5!3m4!1s0x3bae3e76e98bf37d:0xfa91d3178277ed7e!8m2!3d12.9600685!4d77.5315288?authuser=0&hl=en&rclk=1
Specialist Hospital,Hospital,"216, 7th Main Rd, HRBR Layout 1st Block, HRBR Layout, Kalyan Nagar, Bengaluru, Karnataka 560043, India",https://www.google.co.kr/maps/place/Specialist+Hospital/data=!4m5!3m4!1s0x3bae17286449c9f1:0x81656445b256f3e3!8m2!3d13.0169312!4d77.6432499?authuser=0&hl=en&rclk=1
Narayana Institute of Cardiac Sciences,Heart hospital,"Anekal, 258/A, Hosur Rd, Bommasandra Industrial Area, Bengaluru, Karnataka 560099, India",https://www.google.co.kr/maps/place/Narayana+Institute+of+Cardiac+Sciences/data=!4m5!3m4!1s0x3bae6c33c2015a77:0xd18065dd995a3120!8m2!3d12.8092876!4d77.6951222?authuser=0&hl=en&rclk=1
Jawaharlal Nehru Medical College,Medical school,"JNMC KLE University Campus, Nehru Nagar, Belagavi, Karnataka 590010, India",https://www.google.co.kr/maps/place/Jawaharlal+Nehru+Medical+College/data=!4m5!3m4!1s0x3bbf614f23f70a19:0xfe6d07df08cf9299!8m2!3d15.8841617!4d74.5171926?authuser=0&hl=en&rclk=1
Aayug Multi Speciality Hospital,General hospital,"35/11, Varthur Rd, Vaikuntam Layout, Lakshminarayana Pura, AECS Layout, Marathahalli, Bengaluru, Karnataka 560037, India",https://www.google.co.kr/maps/place/Aayug+Multi+Speciality+Hospital/data=!4m5!3m4!1s0x3bae123a017f5f49:0x31c1a546261a28ce!8m2!3d12.9555566!4d77.7112914?authuser=0&hl=en&rclk=1
JSS Hospital Mysore,Hospital,"Mahatma Gandhi Road, Fort Mohalla, Mysuru, Karnataka 570004, India",https://www.google.co.kr/maps/place/JSS+Hospital+Mysore/data=!4m5!3m4!1s0x3baf71b30c0a2ae3:0x2981a75406bdcce9!8m2!3d12.2955614!4d76.655683?authuser=0&hl=en&rclk=1
Kamareddy Hospital,Private hospital,"9, Bus Stand Road, Opp. Govt. ITI College, Vasanth Nagar, Gulbarga, Karnataka 585102, India",https://www.google.co.kr/maps/place/Kamareddy+Hospital/data=!4m5!3m4!1s0x3bc8bf54e1dd5fff:0xa907e3c578a2f6b3!8m2!3d17.3223947!4d76.8231916?authuser=0&hl=en&rclk=1
"Naturals Salon & Spa Civil Hospital Road, Belgaum",Beauty salon,"No 4833/15b 1st floor, Civil Hospital Rd, Belagavi, Karnataka 590001, India","https://www.google.co.kr/maps/place/Naturals+Salon+%26+Spa+Civil+Hospital+Road,+Belgaum/data=!4m5!3m4!1s0x3bbf61c7b4212c91:0x53a1e1801e946066!8m2!3d15.8744524!4d74.5129651?authuser=0&hl=en&rclk=1"
People Tree Hospitals @ Meenakshi,Hospital,"25th Main Road, 979, 50 Feet Main Rd, Hanumanthnagar, Banashankari Stage I, Banashankari, Bengaluru, Karnataka 560050, India",https://www.google.co.kr/maps/place/People+Tree+Hospitals+@+Meenakshi/data=!4m5!3m4!1s0x3bae3e226460e6cd:0xb509963308fd25d9!8m2!3d12.9420542!4d77.5536034?authuser=0&hl=en&rclk=1
Sri Venkateshwara Hospital,General hospital,"Bus Stop, 1st Main Rd, near Bengaluru, Peenya 2nd Stage, Yesvanpur Surburb, Phase 3, Peenya, Bengaluru, Karnataka 560058, India",https://www.google.co.kr/maps/place/Sri+Venkateshwara+Hospital/data=!4m5!3m4!1s0x3bae3cded9d2bb77:0x602d53d8b5c9aedd!8m2!3d13.0260446!4d77.5249075?authuser=0&hl=en&rclk=1
Sparsh Hospital,Hospital,"The Health City, 29/P2, Sparsh Hospital Rd, Bommasandra Industrial Area, Bengaluru, Karnataka 560099, India",https://www.google.co.kr/maps/place/Sparsh+Hospital/data=!4m5!3m4!1s0x3bae6c405555556b:0x5df2dfe5d8d530f1!8m2!3d12.8070055!4d77.6957554?authuser=0&hl=en&rclk=1
"NU Hospitals,Shivamogga",Hospital,"CA-P1, Machenahalli Industrial Area Bhadravathi, Taluk, Shivamogga, Karnataka 577222, India","https://www.google.co.kr/maps/place/NU+Hospitals,Shivamogga/data=!4m5!3m4!1s0x3bbbab839fb9bf23:0xd97fac1ffc8d1055!8m2!3d13.8775506!4d75.6559857?authuser=0&hl=en&rclk=1"
Columbia Asia Hospital Sarjapur Road,Hospital,"Survey no 45/2, ward no. 150 Marathahalli - Sarjapur Rd, opposite Iblur, Ambalipura, Bellandur, Bengaluru, Karnataka 560102, India",https://www.google.co.kr/maps/place/Columbia+Asia+Hospital+Sarjapur+Road/data=!4m5!3m4!1s0x3bae137091a7b661:0xedc3173f33fb2b29!8m2!3d12.9208792!4d77.6634036?authuser=0&hl=en&rclk=1
NU Hospitals (South),Hospital,"6, 15th Main Road, Nisarga Layout, Padmanabhanagar, Bengaluru, Karnataka 560070, India",https://www.google.co.kr/maps/place/NU+Hospitals+(South)/data=!4m5!3m4!1s0x3bae3fd363270f71:0xf3140025205b1d78!8m2!3d12.9178352!4d77.5558051?authuser=0&hl=en&rclk=1
Aster CMI Hospital,Hospital,"43/2, Srinagar - Kanyakumari Hwy, Sahakar Nagar, Sanjeevini Nagar, Bengaluru, Karnataka 560092, India",https://www.google.co.kr/maps/place/Aster+CMI+Hospital/data=!4m5!3m4!1s0x3bae1789755331d3:0x622ebc0aa55f732c!8m2!3d13.0545359!4d77.5915843?authuser=0&hl=en&rclk=1
Bank of India - Dharwad Branch,Bank,"Someshwar Heights Complex Old DSP Circle, German Hospital Road-Haliyal Naka Rd, Dharwad, Karnataka 580008, India",https://www.google.co.kr/maps/place/Bank+of+India+-+Dharwad+Branch/data=!4m5!3m4!1s0x3bb8cd7ac5d1e933:0xda8246c745a6b255!8m2!3d15.4620834!4d75.003583?authuser=0&hl=en&rclk=1
Gov. Hospital,Hospital,"543X+734, Madhuvanahalli, Karnataka 571440, India",https://www.google.co.kr/maps/place/Gov.+Hospital/data=!4m5!3m4!1s0x3baf1f75e5221c9f:0x2c1d91775bc35cad!8m2!3d12.1531468!4d77.1477107?authuser=0&hl=en&rclk=1
Yenepoya Specialty Hospital,Private hospital,"KSR Road, Opp Bishop's House, Kodailbail, Mangalore, Karnataka 575003, India",https://www.google.co.kr/maps/place/Yenepoya+Specialty+Hospital/data=!4m5!3m4!1s0x3ba35a4e4fe99a89:0xed72ce8be87c6920!8m2!3d12.8730398!4d74.8412242?authuser=0&hl=en&rclk=1
Adichunchanagiri Hospital and Research Centre,Hospital,"NH75, Karnataka 571448, India",https://www.google.co.kr/maps/place/Adichunchanagiri+Hospital+and+Research+Centre/data=!4m5!3m4!1s0x3bafeed8337c4a97:0x66ef0c5e16989523!8m2!3d12.9661166!4d76.7210376?authuser=0&hl=en&rclk=1
BMCRI Super Speciality Hospital/PMSSY Hospital,Government hospital,"XH6F+X5G, New Tharagupet, Bengaluru, Karnataka 560002, India",https://www.google.co.kr/maps/place/BMCRI+Super+Speciality+Hospital%2FPMSSY+Hospital/data=!4m5!3m4!1s0x3bae15fcce604803:0x97ef7a822b33e44d!8m2!3d12.9624491!4d77.5729655?authuser=0&hl=en&rclk=1
Columbia Asia Hospital - Doddaballapur,Private hospital,"State Highway 9,Doddaballapur, Bashettihalli, Karnataka 561203, India",https://www.google.co.kr/maps/place/Columbia+Asia+Hospital+-+Doddaballapur/data=!4m5!3m4!1s0x3bb1dfdac244ca39:0xabc77d500858308a!8m2!3d13.268653!4d77.551878?authuser=0&hl=en&rclk=1
District Government Ayurvedic Hospital,Alternative medicine practitioner,"Netaravati boys hostel, Near, Saraswatpur, Dharwad, Karnataka 580007, India",https://www.google.co.kr/maps/place/District+Government+Ayurvedic+Hospital/data=!4m5!3m4!1s0x3bb8d285d0fa5cc7:0xa464193f6d7e05c7!8m2!3d15.4436745!4d75.0080237?authuser=0&hl=en&rclk=1
Seva Hospital,Hospital,"Indumati Road, Police Head Quarters, Kolhapur, Maharashtra 416006, India",https://www.google.co.kr/maps/place/Seva+Hospital/data=!4m5!3m4!1s0x3bc100f4fe253cdd:0xf9460782dffb399d!8m2!3d16.7262799!4d74.2441231?authuser=0&hl=en&rclk=1
hospital,Hospital,"Bus Stand, OPD City, Vijaya Nagar, Cantonment, Ballari, Karnataka 583276, India",https://www.google.co.kr/maps/place/hospital/data=!4m5!3m4!1s0x3bb713811aa7d959:0x301092b7b297a167!8m2!3d15.1549257!4d76.8994721?authuser=0&hl=en&rclk=1
Dhanvantri Hospital,Hospital,"New Jewargi Rd, Kotnoor, Gulbarga, Karnataka 585102, India",https://www.google.co.kr/maps/place/Dhanvantri+Hospital/data=!4m5!3m4!1s0x3bc8bf676574789b:0x7040d0f9b0edf7d1!8m2!3d17.3001344!4d76.8183316?authuser=0&hl=en&rclk=1
Karnataka Institute of Medical Sciences,Medical school,"PB Rd, Vidya Nagar, Hubli, Karnataka 580022, India",https://www.google.co.kr/maps/place/Karnataka+Institute+of+Medical+Sciences/data=!4m5!3m4!1s0x3bb8d737d4148bf7:0x63a4c93787789c0f!8m2!3d15.3628762!4d75.1324366?authuser=0&hl=en&rclk=1
Krsnaa Diagnostics Pvt. Ltd. (District Hospital),Medical diagnostic imaging center,"Ashwini Nagar, Haveri, Karnataka 581110, India",https://www.google.co.kr/maps/place/Krsnaa+Diagnostics+Pvt.+Ltd.+(District+Hospital)/data=!4m5!3m4!1s0x3bb968fc58e80b43:0x3fa022e4ded2b80!8m2!3d14.7912462!4d75.3964595?authuser=0&hl=en&rclk=1
KLES Hospital Canteen,Fast food restaurant,"Nehru Nagar, Belagaum, Karnataka 590010, India",https://www.google.co.kr/maps/place/KLES+Hospital+Canteen/data=!4m5!3m4!1s0x3bbf61464e11cf93:0x3cb0aed9ee0edaa3!8m2!3d15.8882257!4d74.5195465?authuser=0&hl=en&rclk=1
Vasavi Hospital,General hospital,"#15, 1st Stage, Opp. to 15E Bus Stop, 70th Cross Rd, Kumaraswamy Layout, Bengaluru, Karnataka 560078, India",https://www.google.co.kr/maps/place/Vasavi+Hospital/data=!4m5!3m4!1s0x3bae3fdf35b09e81:0x4e182bf8a084d698!8m2!3d12.9031087!4d77.5606161?authuser=0&hl=en&rclk=1
Sri Jayadeva Institute of Cardiovascular Sciences and Research,Heart hospital,"Bannerghatta Main Rd, Phase 3, Jayanagara 9th Block, Jayanagar, Bengaluru, Karnataka 560069, India",https://www.google.co.kr/maps/place/Sri+Jayadeva+Institute+of+Cardiovascular+Sciences+and+Research/data=!4m5!3m4!1s0x3bae15fcce2538a1:0xc83af4e144195109!8m2!3d12.918049!4d77.5992226?authuser=0&hl=en&rclk=1
Deepa Hospital,Hospital,"27, Old Madras Rd, near Police Cottage, Nisarga Layout, Chikkabasavanapura, Krishnarajapura, Bengaluru, Karnataka 560036, India",https://www.google.co.kr/maps/place/Deepa+Hospital/data=!4m5!3m4!1s0x3bae11aa03e03737:0x965f7eb0da3869c0!8m2!3d13.0120967!4d77.6998446?authuser=0&hl=en&rclk=1
New Rifah Hospital,Hospital,"beside Main Bustand, Kamalakar, Basavakalyan, Karnataka 585327, India",https://www.google.co.kr/maps/place/New+Rifah+Hospital/data=!4m5!3m4!1s0x3bcf3b99f32fb409:0x538b4ceb7ac809cd!8m2!3d17.8720821!4d76.954189?authuser=0&hl=en&rclk=1
Ashirwad Hospital,Orthopedic surgeon,"Vithal's vantage Building Rotary Circle, Karnataka 587101, India",https://www.google.co.kr/maps/place/Ashirwad+Hospital/data=!4m5!3m4!1s0x3bc7788d257c688f:0x94ce0b85d3824584!8m2!3d16.17732!4d75.691208?authuser=0&hl=en&rclk=1
"JSS Hospital Main entrance, Ramachandra Agrahara, Mysuru",Hospital,"MG Road, Ramachandra Agrahara, Mysuru, Karnataka 570004, India","https://www.google.co.kr/maps/place/JSS+Hospital+Main+entrance,+Ramachandra+Agrahara,+Mysuru/data=!4m5!3m4!1s0x3baf701b802a955f:0x962835e203fc6da2!8m2!3d12.2971128!4d76.6557155?authuser=0&hl=en&rclk=1"
JSS Hospital,General hospital,"JSS College Main Road, Siddhartha Nagar, Chamarajanagar, Karnataka 571313, India",https://www.google.co.kr/maps/place/JSS+Hospital/data=!4m5!3m4!1s0x3baf3093069a5edf:0xdfb14aae20186be6!8m2!3d11.9276089!4d76.9494197?authuser=0&hl=en&rclk=1
Yashomati Hospital | Operated by Aayug,Hospital,"2371, Munne Kolala, 3, HAL Old Airport Rd, Raghavendra Layout, Gandhi Nagar, Marathahalli, Bengaluru, Karnataka 560037, India",https://www.google.co.kr/maps/place/Yashomati+Hospital+%7C+Operated+by+Aayug/data=!4m5!3m4!1s0x3bae1304eb524353:0xcc7b0beb58a0f9d6!8m2!3d12.9555045!4d77.7112711?authuser=0&hl=en&rclk=1
NU Hospitals Super Speciality Clinic ( A Unit of NU Hospitals),Medical clinic,"No.6, Nephrology-Urology Out-Patient Clinic, 2265, Kuvempu Rd, Mission Compound, Shivamogga, Karnataka 577201, India",https://www.google.co.kr/maps/place/NU+Hospitals+Super+Speciality+Clinic+(+A+Unit+of+NU+Hospitals)/data=!4m5!3m4!1s0x3bbba994c6c4df5f:0x1177289b32d90410!8m2!3d13.937727!4d75.5682178?authuser=0&hl=en&rclk=1
Gulbarga Heart Foundation and Research Centre,Hospital,"STBT Cross, Gulbarga, Karnataka 585101, India",https://www.google.co.kr/maps/place/Gulbarga+Heart+Foundation+and+Research+Centre/data=!4m5!3m4!1s0x3bc8c74ef7903f85:0x79128dc927eea74f!8m2!3d17.3332825!4d76.8406497?authuser=0&hl=en&rclk=1
Medic Star Hospital,Hospital,"AM Road, Shivaji Nagar, Bharati Nagar, Shivaji Nagar, Bengaluru, Karnataka 560001, India",https://www.google.co.kr/maps/place/Medic+Star+Hospital/data=!4m5!3m4!1s0x3bae168a5ff6e2f7:0x952f1dff6df02b83!8m2!3d12.987664!4d77.6092753?authuser=0&hl=en&rclk=1
Padmavathi Hospital,Hospital,"No. 67/1, HVR Complex, Oppo. Check Post, Magadi Main Road, Bengaluru, Karnataka 560079, India",https://www.google.co.kr/maps/place/Padmavathi+Hospital/data=!4m5!3m4!1s0x3bae3dc15ec84157:0x2f155edeabf6b6f9!8m2!3d12.981681!4d77.53336?authuser=0&hl=en&rclk=1
Sakraworld Hospital,Hospital,"XP42+QF6, Subbaiah Reddy Colony, Chandra Layout, Marathahalli, Bengaluru, Karnataka 560037, India",https://www.google.co.kr/maps/place/Sakraworld+Hospital/data=!4m5!3m4!1s0x3bae13d628efecbd:0x7610ddfe8e7bf608!8m2!3d12.956924!4d77.701127?authuser=0&hl=en&rclk=1
Devi Eye Hospital (Koramangala),Hospital,"80 Feet Main Road, 434, 18th Main Rd, Opposite BMTC Bus depot, 6th Block, Koramangala, Bengaluru, Karnataka 560095, India",https://www.google.co.kr/maps/place/Devi+Eye+Hospital+(Koramangala)/data=!4m5!3m4!1s0x3bae1446ba2e9b8f:0x1f1dea376065325a!8m2!3d12.9411663!4d77.6239066?authuser=0&hl=en&rclk=1
Government Hospital,Hospital,"Urdigere, Tumkur, SH-3, Magadi Solur Sompura Koratagere Madugiri Road, Tumkur, Tumakuru, Karnataka 572140, India",https://www.google.co.kr/maps/place/Government+Hospital/data=!4m5!3m4!1s0x3bb1d30f9bac5e03:0xb12c687c30ce86c1!8m2!3d13.3442471!4d77.2313658?authuser=0&hl=en&rclk=1
District Hospital Bus Stop,Bus stop,"Sector 4, Sector 63A, Nava Nagar, Bagalkot, Karnataka 587102, India",https://www.google.co.kr/maps/place/District+Hospital+Bus+Stop/data=!4m5!3m4!1s0x3bc779195315f5a7:0x27c852ad16ece1b8!8m2!3d16.1667204!4d75.661447?authuser=0&hl=en&rclk=1
Uma - Bombay Dyeing,Fabric store,"1713, Ramdev Galli, near Aditya Hospital, Kelkar Bagh, Raviwar Peth, Belagavi, Karnataka 590001, India",https://www.google.co.kr/maps/place/Uma+-+Bombay+Dyeing/data=!4m5!3m4!1s0x3bbf66a5212eab81:0x3d759450cf1f53d2!8m2!3d15.8604919!4d74.5102094?authuser=0&hl=en&rclk=1
All India Radio,Radio broadcaster,"Mansur Museum, German Hospital Road-Haliyal Naka Rd, Opp Mlikarjun, Narayanpura, Dharwad, Karnataka 580008, India",https://www.google.co.kr/maps/place/All+India+Radio/data=!4m5!3m4!1s0x3bb8cd628fb6a42d:0x446c8dc9a7234eb4!8m2!3d15.4568605!4d74.9970369?authuser=0&hl=en&rclk=1
MVJ Hospital,Hospital,"Dandupalya, 30th Km Milestone Kolathur P.O, NH75, Hoskote, Karnataka 562114, India",https://www.google.co.kr/maps/place/MVJ+Hospital/data=!4m5!3m4!1s0x3bae058d0e288c85:0x70bafe45d2922a65!8m2!3d13.0775142!4d77.8116224?authuser=0&hl=en&rclk=1
Sparsh Hospital,Hospital,"No. 146 Infantary road opposite police commisioner office, Bengaluru, Karnataka 560001, India",https://www.google.co.kr/maps/place/Sparsh+Hospital/data=!4m5!3m4!1s0x3ba54815bd2c6545:0xf491477a43df6a2c!8m2!3d12.98331!4d77.594774?authuser=0&hl=en&rclk=1
Prabha Eye Clinic and Research Centre,Hospital,"504, 40th Cross Rd, 8th Block, Jayanagar, Bengaluru, Karnataka 560070, India",https://www.google.co.kr/maps/place/Prabha+Eye+Clinic+and+Research+Centre/data=!4m5!3m4!1s0x3bae1577c6344265:0xeb4b91a28dccd752!8m2!3d12.919701!4d77.5753532?authuser=0&hl=en&rclk=1
Motherhood Hospital - Banashankari,Maternity hospital,"4, 30th Main Rd, opp. Kempegowda Institute Of Medical Science, Kaveri Nagar, Banagirinagara, Banashankari 3rd Stage, Banashankari, Bengaluru, Karnataka 560085, India",https://www.google.co.kr/maps/place/Motherhood+Hospital+-+Banashankari/data=!4m5!3m4!1s0x3bae3e29ef71a267:0x8a9de5ce7a6281a8!8m2!3d12.9269371!4d77.561086?authuser=0&hl=en&rclk=1
Cura Hospitals - Multispeciality Hospital in Bangalore,Hospital,"18, Kanakapura Rd, Venkatareddy Layout, Industrial Area, Doddakallasandra, Uttarahalli Hobli, Bengaluru, Karnataka 560062, India",https://www.google.co.kr/maps/place/Cura+Hospitals+-+Multispeciality+Hospital+in+Bangalore/data=!4m5!3m4!1s0x3bae15bc24cee65d:0xfe823500385aa3d4!8m2!3d12.888292!4d77.561261?authuser=0&hl=en&rclk=1
Epidemic Diseases Hospital,Hospital,"XJPV+CP6, Indira Nagar I Stage, Hoysala Nagar, Indiranagar, Bengaluru, Karnataka 560038, India",https://www.google.co.kr/maps/place/Epidemic+Diseases+Hospital/data=!4m5!3m4!1s0x3bae16b0602fc987:0x978f9afb60df8fb8!8m2!3d12.9860325!4d77.6442811?authuser=0&hl=en&rclk=1
Mother Theresa Hospital,Hospital,"Unnamed Rd,, Palya, Karnataka 562110, India",https://www.google.co.kr/maps/place/Mother+Theresa+Hospital/data=!4m5!3m4!1s0x3bae1de91002a8a5:0xa1dd92300d439f43!8m2!3d13.223315!4d77.6687516?authuser=0&hl=en&rclk=1
Karnataka Medical Center,Hospital,"Bengaluru, 3rd Block, Rajajinagar, Bengaluru, Karnataka 560010, India",https://www.google.co.kr/maps/place/Karnataka+Medical+Center/data=!4m5!3m4!1s0x3bae3df253a49cd7:0x63212a69e0ed4763!8m2!3d12.9845068!4d77.5531283?authuser=0&hl=en&rclk=1
MS Ramaiah Harsha Hospital,Hospital,"No. 193/4, National Highway 4 M S Ramaiah Harsha Hospital Campus Sondekoppa Circle, Nelamangala, Bengaluru, Karnataka 562123, India",https://www.google.co.kr/maps/place/MS+Ramaiah+Harsha+Hospital/data=!4m5!3m4!1s0x3bae25865133215f:0x2f214d8b2dcfdba3!8m2!3d13.0927292!4d77.3955706?authuser=0&hl=en&rclk=1
"District Hospital, Tumakuru",Hospital,"Ward No. 18, Tumkur, Tumakuru, Karnataka 572101, India","https://www.google.co.kr/maps/place/District+Hospital,+Tumakuru/data=!4m5!3m4!1s0x3bb02e82e72e1687:0x9f3b0f7e08755cd5!8m2!3d13.3399985!4d77.1000114?authuser=0&hl=en&rclk=1"
"UK 27 The Fern, Belagavi",·5-star hotel,"Ayodhya Nagar, Sadashiv Nagar, Belagavi, Karnataka 590019, India","https://www.google.co.kr/maps/place/UK+27+The+Fern,+Belagavi/data=!4m5!3m4!1s0x3bbf614d31397fcf:0xda45aa0208dd2fb7!8m2!3d15.8748867!4d74.5134297?authuser=0&hl=en&rclk=1"
St. Mary's Hospital,Hospital,"Rayan Circle, Sultan Rd, Anandapuram, New Tharagupet, Bengaluru, Karnataka 560018, India",https://www.google.co.kr/maps/place/St.+Mary's+Hospital/data=!4m5!3m4!1s0x3bae15fc44a221a5:0x8165174d99dce397!8m2!3d12.9620229!4d77.5697332?authuser=0&hl=en&rclk=1
MED-i,Medical supply store,"Shop No. 2, Mahalaxmi Complex, Plot No. 1454, CTS No. 6071, Survey No. 07 Vantamuri Colony, M.M. Extension, Karnataka 590016, India",https://www.google.co.kr/maps/place/MED-i/data=!4m5!3m4!1s0x3bc09ee895555555:0xbdaf51df59910159!8m2!3d16.0313435!4d74.5331455?authuser=0&hl=en&rclk=1
Ayushman bharath arogya karnataka,Hospital,"Unnamed Road, Lokanayaka Nagar, Hebbal 1st Stage, Mysuru, Karnataka 570016, India",https://www.google.co.kr/maps/place/Ayushman+bharath+arogya+karnataka/data=!4m5!3m4!1s0x3baf7bfa79d43c45:0x9d5dd9e6b65af80d!8m2!3d12.3458917!4d76.6249099?authuser=0&hl=en&rclk=1
Jayanagar General Hospital,Government hospital,"32nd Cross, 4th B Block, beside Rajiv Gandhi Health Institute, Tilak Nagar, Jayanagar, Bengaluru, Karnataka 560041, India",https://www.google.co.kr/maps/place/Jayanagar+General+Hospital/data=!4m5!3m4!1s0x3bae15a840000001:0xbfd7355ffa3eee92!8m2!3d12.9262377!4d77.5928008?authuser=0&hl=en&rclk=1
"Suguna Hospital - Best Multispecialty Hospital in Rajajinagar, Bangalore",Hospital,"1A/87, Dr Rajkumar Rd, 4th 'N' Block, Udayam Nagar, Rajajinagar, Bengaluru, Karnataka 560010, India","https://www.google.co.kr/maps/place/Suguna+Hospital+-+Best+Multispecialty+Hospital+in+Rajajinagar,+Bangalore/data=!4m5!3m4!1s0x3bae3df532d15619:0x409bdd1907dfbf55!8m2!3d12.988145!4d77.560033?authuser=0&hl=en&rclk=1"
Nethradhama Super Speciality Eye Hospital,Eye care center,"256/14, Kanakapura Rd, opp. ICICI BAnk, 7th Block, Jayanagar, Bengaluru, Karnataka 560070, India",https://www.google.co.kr/maps/place/Nethradhama+Super+Speciality+Eye+Hospital/data=!4m5!3m4!1s0x3bae159c419aaa27:0x3ec7dc4bd88c4013!8m2!3d12.9252924!4d77.5773042?authuser=0&hl=en&rclk=1
AMRUTH HOSPITAL,Hospital,"Agrahara Badavane, Bengaluru, Karnataka 560064, India",https://www.google.co.kr/maps/place/AMRUTH+HOSPITAL/data=!4m5!3m4!1s0x3bae19a0586747a1:0xba181843d4017fa6!8m2!3d13.1025292!4d77.6278914?authuser=0&hl=en&rclk=1
Ayodhya Nagar,,,https://www.google.co.kr/maps/place/Ayodhya+Nagar/data=!4m5!3m4!1s0x3bbf66b2ce19b33b:0xc847475dee4c3e87!8m2!3d15.8722424!4d74.5148345?authuser=0&hl=en&rclk=1
Narayana Nethralaya Eye Hospital,Eye care center,"121/C, Chord Rd, Near Iskcon Temple, 1st R Block, Rajajinagar, Bengaluru, Karnataka 560010, India",https://www.google.co.kr/maps/place/Narayana+Nethralaya+Eye+Hospital/data=!4m5!3m4!1s0x3bae3d92af4a8de3:0x113a1fe79f18e19b!8m2!3d13.0117961!4d77.5521694?authuser=0&hl=en&rclk=1
Command Hospital Air Force,Military hospital,"Cambridge Rd, Cambridge Layout, Jogupalya, Bengaluru, Karnataka 560007, India",https://www.google.co.kr/maps/place/Command+Hospital+Air+Force/data=!4m5!3m4!1s0x3bae169e835ec62f:0x27f645f0ee230d11!8m2!3d12.9646503!4d77.6281362?authuser=0&hl=en&rclk=1
The Eye Foundation Eye Hospital - Bangalore,Eye care center,"Cluster_bellanduru 6 Srinivas Diamond Apartment, Outer Ring Rd, opp. Toyota Showroom, Diagonally, Bellandur, Bengaluru, Karnataka 560103, India",https://www.google.co.kr/maps/place/The+Eye+Foundation+Eye+Hospital+-+Bangalore/data=!4m5!3m4!1s0x3bae1375b70bc539:0xb7a6e6ead6e68465!8m2!3d12.9236073!4d77.6724391?authuser=0&hl=en&rclk=1
Santosh Hospital,Hospital,"6, 1, Promenade Rd, coles park Pulikeshi Nagar, Pulkeshi Nagar, Pulikeshi Nagar, Bengaluru, Karnataka 560005, India",https://www.google.co.kr/maps/place/Santosh+Hospital/data=!4m5!3m4!1s0x3bae3cd14f0bd06b:0xf76668bdce2425d9!8m2!3d12.9958149!4d77.6084607?authuser=0&hl=en&rclk=1
Westside,Clothing store,"TAMANNA ARCADE, Civil Hospital Rd, Sadashiv Nagar, Belagavi, Karnataka 590019, India",https://www.google.co.kr/maps/place/Westside/data=!4m5!3m4!1s0x3bbf614d376727f9:0x12d1dd6e290a056!8m2!3d15.8751325!4d74.5129272?authuser=0&hl=en&rclk=1
Hospital,Bazar,"Islampur, Gangavathi, Karnataka 583227, India",https://www.google.co.kr/maps/place/Hospital/data=!4m5!3m4!1s0x3bb781ed93ff0f0b:0x679842b59d6b4573!8m2!3d15.4355361!4d76.5303582?authuser=0&hl=en&rclk=1
Bapuji Dental College and Hospital,Dental school,"MCC B Block, MCC, Davanagere, Karnataka 577004, India",https://www.google.co.kr/maps/place/Bapuji+Dental+College+and+Hospital/data=!4m5!3m4!1s0x3bba2571eb98f1fd:0x1e9b7635c879caac!8m2!3d14.453406!4d75.916118?authuser=0&hl=en&rclk=1
Broadway hospital,Hospital,"149, HKP Road, Rajiv Gandhi Colony, Shivaji Nagar, Bengaluru, Karnataka 560051, India",https://www.google.co.kr/maps/place/Broadway+hospital/data=!4m5!3m4!1s0x3bae170c54c89c1b:0x1768f6de0670b6fb!8m2!3d12.989765!4d77.6017909?authuser=0&hl=en&rclk=1
Apollo Victor Hospital Blood Bank,Blood donation center,"Sanscar Society, Margao, Goa 403601, India",https://www.google.co.kr/maps/place/Apollo+Victor+Hospital+Blood+Bank/data=!4m5!3m4!1s0x3bbfb3c6cc4d7115:0x93633a69b2fde6d0!8m2!3d15.268891!4d73.9656062?authuser=0&hl=en&rclk=1
"Bike Parking, JSS Hospital, Mysore",Hospital,"MG Road, Fort Mohalla, Mysuru, Karnataka 570004, India","https://www.google.co.kr/maps/place/Bike+Parking,+JSS+Hospital,+Mysore/data=!4m5!3m4!1s0x3baf701c5fc61b95:0x664f56f59e6b288c!8m2!3d12.2964411!4d76.6544457?authuser=0&hl=en&rclk=1"
Sahyadri Super Speciality Hospital Karad,Private hospital,"NH-48, Dadasaheb Chavan Nagar At Post Warunji Fata, Karad, Maharashtra 415110, India",https://www.google.co.kr/maps/place/Sahyadri+Super+Speciality+Hospital+Karad/data=!4m5!3m4!1s0x3bc1824d76e4f319:0x8291f169091acf4a!8m2!3d17.2804451!4d74.1736697?authuser=0&hl=en&rclk=1
ITI General Hospital,Hospital,"2M3J+WW2, Duravani Nagar, Dooravani Nagar, Bengaluru, Karnataka 560016, India",https://www.google.co.kr/maps/place/ITI+General+Hospital/data=!4m5!3m4!1s0x3bae111752daae11:0x3e8c258f0e523ced!8m2!3d13.0047619!4d77.6822665?authuser=0&hl=en&rclk=1
Neighbourhood Hospital,Hospital,"Wilson Garden Cooperative Society Compound, 9, Kothnur Main Rd, RBI Layout, JP Nagar 7th Phase, J. P. Nagar, Bengaluru, Karnataka 560078, India",https://www.google.co.kr/maps/place/Neighbourhood+Hospital/data=!4m5!3m4!1s0x3bae154fa1074b87:0xb6d778c1fe0a89a3!8m2!3d12.8894274!4d77.5820735?authuser=0&hl=en&rclk=1
SAHYADRI HOSPITAL,Hospital,"M5QF+XC7, Balinge, Maharashtra 416010, India",https://www.google.co.kr/maps/place/SAHYADRI+HOSPITAL/data=!4m5!3m4!1s0x3bc1aadf2678a121:0x1805873567b91654!8m2!3d16.6899163!4d74.1735395?authuser=0&hl=en&rclk=1
Power-x-services,Services,"Shri Shakti Niwas, Red Cross Road, Fort, Red Cross Road, near Civil Hospital, Dharwad, Karnataka 580008, India",https://www.google.co.kr/maps/place/Power-x-services/data=!4m5!3m4!1s0x3bb8cd70176844d5:0xc5d1bdb2943c5290!8m2!3d15.4589236!4d75.007808?authuser=0&hl=en&rclk=1
Radhakrishna Multispeciality Hospital,Women's health clinic,"Sunrise Towers, 3-4, JP Rd, opp. Canara Bank, 1st phase Girinagar, Banashankari, Bengaluru, Karnataka 560085, India",https://www.google.co.kr/maps/place/Radhakrishna+Multispeciality+Hospital/data=!4m5!3m4!1s0x3bae3e3e40000001:0xa5f31d4c0994efd5!8m2!3d12.9408809!4d77.5455661?authuser=0&hl=en&rclk=1
"Vydehi Hospital Multi Speciality - Whitefield, Bangalore",Hospital,"#82, Nallurahalli Main Rd, near BMTC 18th Depot, Vijayanagar, Nallurhalli, Whitefield, Bengaluru, Karnataka 560066, India","https://www.google.co.kr/maps/place/Vydehi+Hospital+Multi+Speciality+-+Whitefield,+Bangalore/data=!4m5!3m4!1s0x3bae11f668162e23:0x7a97ffa953dc9705!8m2!3d12.9756768!4d77.7294128?authuser=0&hl=en&rclk=1"
Oswal Hospital,Hospital,"Coronation Rd, near Lines Bhavan, Vivekanand Nagar, Bangarapet, Karnataka 563114, India",https://www.google.co.kr/maps/place/Oswal+Hospital/data=!4m5!3m4!1s0x3bade935724181e1:0x470e43e136c63cf7!8m2!3d12.9924514!4d78.1780725?authuser=0&hl=en&rclk=1
FPA India,Family planning center,"Police Headquarters Road, Siddharth Colony 1st Cross Rd, near Baroo Sadhanakerege Udyanavana, Vikas Nagar, Dharwad, Karnataka 580008, India",https://www.google.co.kr/maps/place/FPA+India/data=!4m5!3m4!1s0x3bb8cd691b332d4f:0xadaa4b9a63ed22cc!8m2!3d15.4666215!4d74.9946633?authuser=0&hl=en&rclk=1
E.S.I Hospital,Permanently closed,"RGQW+8QV, Belagavi, Karnataka 590020, India",https://www.google.co.kr/maps/place/E.S.I+Hospital/data=!4m5!3m4!1s0x3bbf670272f86ed9:0x5cb64aea997f1b60!8m2!3d15.8383625!4d74.5469154?authuser=0&hl=en&rclk=1
