Company_Name,Category,Address,Url
Hope Clinic,Medical clinic,"Pine Mount Ridge, Opp Pine Mount School, Barik, Opp Pine Mount School, Barik, Shillong, Meghalaya 793001, India",https://www.google.co.kr/maps/place/Hope+Clinic/data=!4m5!3m4!1s0x37507e9b3551d11b:0x6756445f7a147ef!8m2!3d25.563535!4d91.8806506?authuser=0&hl=en&rclk=1
Sandavella Doctor Clinic,Medical clinic,"Malki Point, East Khasi Hills, Shillong, Meghalaya 793001, India",https://www.google.co.kr/maps/place/Sandavella+Doctor+Clinic/data=!4m5!3m4!1s0x37507e9983be9e5b:0x2c1ceb9db6f596db!8m2!3d25.5651643!4d91.8859057?authuser=0&hl=en&rclk=1
Child Care Clinic,Medical clinic,"HV8Q+6RR, Malki, Shillong, Meghalaya 793001, India",https://www.google.co.kr/maps/place/Child+Care+Clinic/data=!4m5!3m4!1s0x37507e986f50d575:0x55117abc16042ea6!8m2!3d25.5656207!4d91.8895016?authuser=0&hl=en&rclk=1
Rapha Clinic,Medical clinic,"HWM5+4V7, Nongmynsong, Shillong, Meghalaya 793006, India",https://www.google.co.kr/maps/place/Rapha+Clinic/data=!4m5!3m4!1s0x37507ecb2c10a64d:0xe10d531ed231f51e!8m2!3d25.5827887!4d91.9096573?authuser=0&hl=en&rclk=1
Memorial Clinic,Medical clinic,"near Umshyrpi College, harisava, Laban, Shillong, Meghalaya 793004, India",https://www.google.co.kr/maps/place/Memorial+Clinic/data=!4m5!3m4!1s0x37507e85748546e7:0x2080f412599f4575!8m2!3d25.5666702!4d91.8783734?authuser=0&hl=en&rclk=1
Dr. Phanbuh's Clinic,Orthopedic clinic,"National Highway 44, Lachumiere, Shillong, Meghalaya 793001, India",https://www.google.co.kr/maps/place/Dr.+Phanbuh's+Clinic/data=!4m5!3m4!1s0x37507e9a3d0d7671:0xee34c766a75984e9!8m2!3d25.5666675!4d91.8848057?authuser=0&hl=en&rclk=1
Physio Care Clinic,Physical therapy clinic,"Laitumkhrah Main Road, Laitumkhrah, Shillong, Meghalaya 793003, India",https://www.google.co.kr/maps/place/Physio+Care+Clinic/data=!4m5!3m4!1s0x37507ea55110469d:0x594ee63200213043!8m2!3d25.5671837!4d91.8997412?authuser=0&hl=en&rclk=1
Nazareth Hospital,General hospital,"Arbuthnot Rd, near Police Point, Nongkynrih, Laitumkhrah, Shillong, Meghalaya 793003, India",https://www.google.co.kr/maps/place/Nazareth+Hospital/data=!4m5!3m4!1s0x37507eba5269ca75:0xeba93ef78cda465d!8m2!3d25.571382!4d91.8979556?authuser=0&hl=en&rclk=1
Dr Lakiang Clinic,Medical clinic,"HV8Q+3VQ, Malki, Shillong, Meghalaya 793001, India",https://www.google.co.kr/maps/place/Dr+Lakiang+Clinic/data=!4m5!3m4!1s0x37507e986359415d:0x1ae8b86008a66017!8m2!3d25.5652055!4d91.8897245?authuser=0&hl=en&rclk=1
AESTHETICA- Dental Implant Clinics Shillong,Dental clinic,"Dhankheti,Woodland Hospital, ,3rd Floor, New OPD Building, Shillong, Meghalaya 793003, India",https://www.google.co.kr/maps/place/AESTHETICA-+Dental+Implant+Clinics+Shillong/data=!4m5!3m4!1s0x37507ebb0000001d:0x90b05b4b2c625f40!8m2!3d25.5706742!4d91.8977193?authuser=0&hl=en&rclk=1
Nath Homeo Clinic,Medical clinic,"jhalupara,, Shillong, Meghalaya 793002, India",https://www.google.co.kr/maps/place/Nath+Homeo+Clinic/data=!4m5!3m4!1s0x37507e61e0c0794d:0x932b9f9be29897a2!8m2!3d25.5753771!4d91.8706317?authuser=0&hl=en&rclk=1
Brightwell Clinic And Diagnostic Centre,Diagnostic center,"Lachumiere, Near Lady Hydari Park, Barik, Shillong, Meghalaya 793001, India",https://www.google.co.kr/maps/place/Brightwell+Clinic+And+Diagnostic+Centre/data=!4m5!3m4!1s0x37507e9ae4ffc0a3:0x3b09694732deb9bd!8m2!3d25.5654985!4d91.8823075?authuser=0&hl=en&rclk=1
Kamber Medical Center,Diagnostic center,"Keating Rd, Secretariat Hills, Shillong, Meghalaya 793001, India",https://www.google.co.kr/maps/place/Kamber+Medical+Center/data=!4m5!3m4!1s0x37507e910712782b:0x895353fbc57a542e!8m2!3d25.5713918!4d91.8831979?authuser=0&hl=en&rclk=1
Shillong Opticals,Eye care center,"Thana Road, Police Bazar, Shillong, Meghalaya 793001, India",https://www.google.co.kr/maps/place/Shillong+Opticals/data=!4m5!3m4!1s0x37507e927fde41f5:0xebc995183d18e5c4!8m2!3d25.5771744!4d91.8810402?authuser=0&hl=en&rclk=1
Dr. Blah Clinic,Medical clinic,"Unnamed Road, Mawlai Mawdatbaki, Shillong, Meghalaya 793008, India",https://www.google.co.kr/maps/place/Dr.+Blah+Clinic/data=!4m5!3m4!1s0x37507f88cf9f31c3:0x7fd11c326eda339d!8m2!3d25.5945363!4d91.8889953?authuser=0&hl=en&rclk=1
"Downtown Diagnotic Centre, Shillong",Medical clinic,"HVCX+WP4, Nongkynrih, Laitumkhrah, Shillong, Meghalaya 793003, India","https://www.google.co.kr/maps/place/Downtown+Diagnotic+Centre,+Shillong/data=!4m5!3m4!1s0x37507f13101129fd:0x1cbec843f75b4cae!8m2!3d25.5722599!4d91.8993181?authuser=0&hl=en&rclk=1"
Health Centre (NEHU),Medical clinic,"Mawlai, Umshing Mawkynroh, Shillong, Meghalaya 793022, India",https://www.google.co.kr/maps/place/Health+Centre+(NEHU)/data=!4m5!3m4!1s0x37507f2fdd7067b1:0x94c78acd9ee39047!8m2!3d25.6144176!4d91.9014184?authuser=0&hl=en&rclk=1
M.M. Health Care. Dr M Malakar MD,Medical clinic,"Laitumkhrah Main Rd, Laitumkhrah, Shillong, Meghalaya 793003, India",https://www.google.co.kr/maps/place/M.M.+Health+Care.+Dr+M+Malakar+MD/data=!4m5!3m4!1s0x37507ebb18e4203f:0xcad54f51df319b30!8m2!3d25.5693514!4d91.8973121?authuser=0&hl=en&rclk=1
Dr. Basaiawmoit Clinic,Medical clinic,"Jaiaw, Shillong, Meghalaya 793002, India",https://www.google.co.kr/maps/place/Dr.+Basaiawmoit+Clinic/data=!4m5!3m4!1s0x37507ef44189bb67:0xfa31d5e88736c1fb!8m2!3d25.5839242!4d91.8744205?authuser=0&hl=en&rclk=1
Bansara Eye Care,Eye care center,"Near YMCA, Mawkhar, Shillong, Meghalaya 793002, India",https://www.google.co.kr/maps/place/Bansara+Eye+Care/data=!4m5!3m4!1s0x37507e8cd64717bf:0xec3510f188896641!8m2!3d25.5793065!4d91.8781024?authuser=0&hl=en&rclk=1
Medicus,Medical clinic,"Howell Rd, Near Shiv Mandir, Laban, Shillong, Meghalaya 793004, India",https://www.google.co.kr/maps/place/Medicus/data=!4m5!3m4!1s0x37507e844b5a143b:0x2cb54a4d50c4b719!8m2!3d25.5649629!4d91.8772448?authuser=0&hl=en&rclk=1
Mawlai Nongkwar Urban Health Centre,Medical clinic,"GS Rd, Mawlai Nongkwar, Shillong, Meghalaya 793017, India",https://www.google.co.kr/maps/place/Mawlai+Nongkwar+Urban+Health+Centre/data=!4m5!3m4!1s0x37507ef869225269:0x3e535b8ae7650b8a!8m2!3d25.5937734!4d91.8719099?authuser=0&hl=en&rclk=1
Clinic Dr R.H Pariat,Medical clinic,"Unnamed Road, Malki, Shillong, Meghalaya 793001, India",https://www.google.co.kr/maps/place/Clinic+Dr+R.H+Pariat/data=!4m5!3m4!1s0x37507facb7babe69:0x244a912066d97259!8m2!3d25.5653936!4d91.8895443?authuser=0&hl=en&rclk=1
Elite Physiotherapy Clinic,Physical therapy clinic,"Laitumkhrah Main Rd, Nongkynrih, Laitumkhrah, Shillong, Meghalaya 793003, India",https://www.google.co.kr/maps/place/Elite+Physiotherapy+Clinic/data=!4m5!3m4!1s0x37507ebabe54902b:0x45b30e8261f02fb1!8m2!3d25.5688801!4d91.8988987?authuser=0&hl=en&rclk=1
"Dermasential Clinic (Dr.Clarify Syrti) MBBS,MD (Dermatology,Venereology&Leprosy)",Skin care clinic,"Salonsar Mansion,Police Bazar, Shillong,East Khasi Hills Districts, Shillong, Meghalaya 793001, India","https://www.google.co.kr/maps/place/Dermasential+Clinic+(Dr.Clarify+Syrti)+MBBS,MD+(Dermatology,Venereology%26Leprosy)/data=!4m5!3m4!1s0x37507f0613ece81d:0xfd2aa3a0b6bb4a31!8m2!3d25.577913!4d91.883669?authuser=0&hl=en&rclk=1"
BM HEALTHCARE,Doctor,"Fire Brigade, Jowai Rd, Nongthymmai, Shillong, Meghalaya 793007, India",https://www.google.co.kr/maps/place/BM+HEALTHCARE/data=!4m5!3m4!1s0x37507fdc816571f7:0x387686f1ff314ba7!8m2!3d25.5656368!4d91.8996772?authuser=0&hl=en&rclk=1
D M Clinic And Diagnostic Centre,Medical clinic,"Road, near Community Hall, Umsohsun, Police Bazar, Shillong, Meghalaya 793001, India",https://www.google.co.kr/maps/place/D+M+Clinic+And+Diagnostic+Centre/data=!4m5!3m4!1s0x37507e8d6b92aeb3:0x6377f1a80915efe3!8m2!3d25.5779785!4d91.8796307?authuser=0&hl=en&rclk=1
Doctors Clinic,Medical clinic,"Kamrup Metropolitan, NH-40, Guwahati Shillong Road, Byrnihat, Byrnihat, Meghalaya 793101, India",https://www.google.co.kr/maps/place/Doctors+Clinic/data=!4m5!3m4!1s0x375af5272ec27027:0x2a3f0e6323da7d91!8m2!3d26.0466114!4d91.8687784?authuser=0&hl=en&rclk=1
Mia eye cure clinic,Eye care center,"Laban red cross, Shillong, Meghalaya 793004, India",https://www.google.co.kr/maps/place/Mia+eye+cure+clinic/data=!4m5!3m4!1s0x37507e85139dbaed:0x2e815f16964c4756!8m2!3d25.5661945!4d91.879154?authuser=0&hl=en&rclk=1
Healing Grace Clinic,Medical clinic,"HVPG+HRJ, Jaiaw, Shillong, Meghalaya 793002, India",https://www.google.co.kr/maps/place/Healing+Grace+Clinic/data=!4m5!3m4!1s0x37507ef167e19a45:0x968dea966555a862!8m2!3d25.5864629!4d91.8770229?authuser=0&hl=en&rclk=1
Bansara Eye Care Centre,Eye care center,"Main Road, Nongkynrih, Laitumkhrah, Shillong, Meghalaya 793003, India",https://www.google.co.kr/maps/place/Bansara+Eye+Care+Centre/data=!4m5!3m4!1s0x37507ebb6d9b745d:0xa88094677e4de363!8m2!3d25.5698771!4d91.8963519?authuser=0&hl=en&rclk=1
"O & G Clinic, Dr Shailinia Syiem",Medical clinic,"Unnamed Road, Mawlai Mawdatbaki, Shillong, Meghalaya 793017, India","https://www.google.co.kr/maps/place/O+%26+G+Clinic,+Dr+Shailinia+Syiem/data=!4m5!3m4!1s0x37507efaea3178b5:0x365f599f97fd83ed!8m2!3d25.5934661!4d91.8792766?authuser=0&hl=en&rclk=1"
Healthcare Clinic,Doctor,"HVMF+JQH, Jaiaw, Shillong, Meghalaya 793002, India",https://www.google.co.kr/maps/place/Healthcare+Clinic/data=!4m5!3m4!1s0x37507ef441ce5f1d:0xdc0c78030fb0b2c4!8m2!3d25.5840703!4d91.8744748?authuser=0&hl=en&rclk=1
Khliehriat CHC,Medical clinic,"9959+W7X, Khliehriāt, Meghalaya 793200, India",https://www.google.co.kr/maps/place/Khliehriat+CHC/data=!4m5!3m4!1s0x37501b5220d629fd:0x1e1b27cac04beab2!8m2!3d25.3598562!4d92.3682353?authuser=0&hl=en&rclk=1
Woodland Hospital,General hospital,"Dhankheti, Malki, Shillong, Meghalaya 793003, India",https://www.google.co.kr/maps/place/Woodland+Hospital/data=!4m5!3m4!1s0x37507e986d90fc4d:0xfe2d6844b18b0384!8m2!3d25.5662852!4d91.8898463?authuser=0&hl=en&rclk=1
Supercare Hospital,General hospital,"Near Transport Office Law-U-Sib Road & Holy Child Road Near Meghalaya Transport Commissioner Office, Sawlad, Demthring, Shillong, Meghalaya 793021, India",https://www.google.co.kr/maps/place/Supercare+Hospital/data=!4m5!3m4!1s0x37507954709f871d:0x599b39213acda98e!8m2!3d25.5609771!4d91.9113066?authuser=0&hl=en&rclk=1
Hygieia health care,Medical clinic,"Nongkynrih, Laitumkhrah, Shillong, Meghalaya 793003, India",https://www.google.co.kr/maps/place/Hygieia+health+care/data=!4m5!3m4!1s0x37507f7d8def486d:0x2a830aedfcac88d8!8m2!3d25.5707736!4d91.8970989?authuser=0&hl=en&rclk=1
Ramakrishna Mission Charitable Dispensary,Government hospital,"Near Police Station, Laitumkhrah Main Road, Shillong, Meghalaya 793003, India",https://www.google.co.kr/maps/place/Ramakrishna+Mission+Charitable+Dispensary/data=!4m5!3m4!1s0x37507ea554d1ce6d:0xc126127f11b5a4a8!8m2!3d25.5677145!4d91.9000091?authuser=0&hl=en&rclk=1
JODA EL CLINIC,Medical group,"ladthadlaboh, opposite ladthadlaboh club, Jowai, Meghalaya 793150, India",https://www.google.co.kr/maps/place/JODA+EL+CLINIC/data=!4m5!3m4!1s0x375013d0cdef388b:0x3ee14f5840568e4!8m2!3d25.4503735!4d92.1987756?authuser=0&hl=en&rclk=1
Shillong Dental Care (Multispeciality Clinic) - Dental Clinic in Shillong,Dental clinic,"Wardrobe Building, Police Bazaar Opp U.P. Sweet Meat, AC Ln, Police Bazar, Shillong, Meghalaya 793001, India",https://www.google.co.kr/maps/place/Shillong+Dental+Care+(Multispeciality+Clinic)+-+Dental+Clinic+in+Shillong/data=!4m5!3m4!1s0x37507e928308e0a1:0x8038987174fdde96!8m2!3d25.5770621!4d91.880893?authuser=0&hl=en&rclk=1
Mission Nethralaya,Eye care center,"Jingkieng, Nongthymmai, Shillong, Meghalaya 793014, India",https://www.google.co.kr/maps/place/Mission+Nethralaya/data=!4m5!3m4!1s0x37507eaf9e3f8e7b:0x257e031f276897d6!8m2!3d25.564854!4d91.9012033?authuser=0&hl=en&rclk=1
Dr. B. R. Medhi (Private Clinic),Doctor,"Unnamed Road, Nongrimbah, Shillong, Meghalaya 793014, India",https://www.google.co.kr/maps/place/Dr.+B.+R.+Medhi+(Private+Clinic)/data=!4m5!3m4!1s0x37507fe94a3a4ad5:0x1548d2c21157f69d!8m2!3d25.5653178!4d91.9008992?authuser=0&hl=en&rclk=1
Healing Touch & Ferticare Clinic,Medical clinic,"Lama Villa, opp. Community hall, Garikhana, Shillong, Meghalaya 793002, India",https://www.google.co.kr/maps/place/Healing+Touch+%26+Ferticare+Clinic/data=!4m5!3m4!1s0x37507e60ffffffff:0xbfdb1033c864f632!8m2!3d25.5769639!4d91.868421?authuser=0&hl=en&rclk=1
physiocare clinic,Doctor,"HWM5+5Q6, Nongmynsong, Shillong, Meghalaya 793006, India",https://www.google.co.kr/maps/place/physiocare+clinic/data=!4m5!3m4!1s0x37507ecb2f0a5e05:0x5104b1ba228be537!8m2!3d25.5829051!4d91.9094002?authuser=0&hl=en&rclk=1
Na Rympei Clinic,Doctor,"HJ6M+PXP, Mairang, Meghalaya 793120, India",https://www.google.co.kr/maps/place/Na+Rympei+Clinic/data=!4m5!3m4!1s0x37509c7faae2acdf:0x677fadb91cee3e44!8m2!3d25.5618482!4d91.6349378?authuser=0&hl=en&rclk=1
Dr Mawlong's Clinic,Medical clinic,"JVCJ+6MX, Mawlai-Mawïong, Meghalaya 793022, India",https://www.google.co.kr/maps/place/Dr+Mawlong's+Clinic/data=!4m5!3m4!1s0x37507fe30f560379:0xf1a8326bd87c8455!8m2!3d25.620611!4d91.8817359?authuser=0&hl=en&rclk=1
Nongpoh Civil Hospital,Hospital,"GS Rd, Nongpoh, Meghalaya 793102, India",https://www.google.co.kr/maps/place/Nongpoh+Civil+Hospital/data=!4m5!3m4!1s0x375a890c956e8dc3:0x89ae90f48da22a19!8m2!3d25.9095178!4d91.8768597?authuser=0&hl=en&rclk=1
Dr.A.K.Kynjing clinic,Doctor,"Nongrimbah, Shillong, Meghalaya 793014, India",https://www.google.co.kr/maps/place/Dr.A.K.Kynjing+clinic/data=!4m5!3m4!1s0x37507f0e7e732af5:0x52ed7d920379c1e7!8m2!3d25.5610189!4d91.9067448?authuser=0&hl=en&rclk=1
Mind And Wellness Clinic,Psychiatrist,"Marketview Building, First floor, Market, near SBI Branch, Laitumkhrah, Shillong, Meghalaya 793003, India",https://www.google.co.kr/maps/place/Mind+And+Wellness+Clinic/data=!4m5!3m4!1s0x37507eba55555555:0xb6af372330758cdf!8m2!3d25.5693248!4d91.8972892?authuser=0&hl=en&rclk=1
Dr. Bernard T. Lyngdoh's Nuro & Spine Clinic,Neurologist,"HW55+44C, Demthring, Shillong, Meghalaya 793014, India",https://www.google.co.kr/maps/place/Dr.+Bernard+T.+Lyngdoh's+Nuro+%26+Spine+Clinic/data=!4m5!3m4!1s0x37507f2068220f0f:0x2e2de1ca7100d197!8m2!3d25.5578034!4d91.9077523?authuser=0&hl=en&rclk=1
Dr. Lyngdoh Clinic,Doctor,"9J66+RR7, Weiloi, Meghalaya 793121, India",https://www.google.co.kr/maps/place/Dr.+Lyngdoh+Clinic/data=!4m5!3m4!1s0x375093e967fcad13:0x61c381236fb2b5a7!8m2!3d25.3620369!4d91.6120525?authuser=0&hl=en&rclk=1
Health Care Centre,Medical clinic,"National Highway 40, Sawmer, Meghalaya 793005, India",https://www.google.co.kr/maps/place/Health+Care+Centre/data=!4m5!3m4!1s0x37507e73770f1963:0x9eb1eb1cdbe94f7f!8m2!3d25.5632232!4d91.8536049?authuser=0&hl=en&rclk=1
Magreeta Medico,Medical clinic,"HVWP+C42, Mawlai Mawdatbaki, Shillong, Meghalaya 793017, India",https://www.google.co.kr/maps/place/Magreeta+Medico/data=!4m5!3m4!1s0x37507ee41f5dbea3:0xd4dc55b6f5cdba97!8m2!3d25.596014!4d91.8852711?authuser=0&hl=en&rclk=1
Florence Clinic,Doctor,"Winola Lane, Salaroh, Jowai, Meghalaya 793150, India",https://www.google.co.kr/maps/place/Florence+Clinic/data=!4m5!3m4!1s0x375012726fbbca67:0x4c65736a65d58ce6!8m2!3d25.4459637!4d92.2008152?authuser=0&hl=en&rclk=1
Mind And Wellness Clinic,Medical clinic,"1st floor, Marketview complex, near SBI Laitumkhrah Branch, Shillong, Meghalaya 793003, India",https://www.google.co.kr/maps/place/Mind+And+Wellness+Clinic/data=!4m5!3m4!1s0x37507eba55555555:0x27b8f95509c81584!8m2!3d25.5706702!4d91.8977131?authuser=0&hl=en&rclk=1
Mawkyrat CHC,Medical clinic,"87G2+C55, Ngunraw, Meghalaya 793114, India",https://www.google.co.kr/maps/place/Mawkyrat+CHC/data=!4m5!3m4!1s0x3750b4ffffba4a87:0xac16ffec8a4ac764!8m2!3d25.3260134!4d91.2504963?authuser=0&hl=en&rclk=1
Arisa's Clinic,Doctor,"Unnamed Road, Lachumiere, Shillong, Meghalaya 793001, India",https://www.google.co.kr/maps/place/Arisa's+Clinic/data=!4m5!3m4!1s0x37507f6eb380b7bb:0xb00bf235bb5575b7!8m2!3d25.5679565!4d91.8848023?authuser=0&hl=en&rclk=1
Umyiap Health Sub Centre,Medical clinic,"G85J+X52, Meghalaya 793119, India",https://www.google.co.kr/maps/place/Umyiap+Health+Sub+Centre/data=!4m5!3m4!1s0x3750afab9bfa61ad:0xcbfec56160e96fee!8m2!3d25.5098784!4d91.330381?authuser=0&hl=en&rclk=1
Bawri Nethralaya Eye Care Centre. (A Unit of JN Bawri Trust),Eye care center,"Ïewduh, Secretariat Hills, Shillong, Meghalaya 793001, India",https://www.google.co.kr/maps/place/Bawri+Nethralaya+Eye+Care+Centre.+(A+Unit+of+JN+Bawri+Trust)/data=!4m5!3m4!1s0x37507e8d9a8c6337:0xcedba4e5d5f12122!8m2!3d25.5765924!4d91.8796509?authuser=0&hl=en&rclk=1
Dental Aspects Clinic,Dental clinic,"Laitumkhrah Main Rd, Nongkynrih, Laitumkhrah, Shillong, Meghalaya 793003, India",https://www.google.co.kr/maps/place/Dental+Aspects+Clinic/data=!4m5!3m4!1s0x37507ebc8000f7f1:0xc5554c9ca8826f61!8m2!3d25.5707904!4d91.8953139?authuser=0&hl=en&rclk=1
CHGS Wellness Centre 2,Hospital,"HVCP+VPF, Secretariat Hills, Shillong, Meghalaya 793001, India",https://www.google.co.kr/maps/place/CHGS+Wellness+Centre+2/data=!4m5!3m4!1s0x37507f8c43d67b79:0xfe2d511aa8b02295!8m2!3d25.5721819!4d91.8867915?authuser=0&hl=en&rclk=1
Physiotherapy Clinic,Physical therapy clinic,"Lower Lachumiere, Baaik Point, Shillong, Meghalaya 793001, India",https://www.google.co.kr/maps/place/Physiotherapy+Clinic/data=!4m5!3m4!1s0x37507e9a6ddf984b:0x8eb2caeb5c683a78!8m2!3d25.5670458!4d91.8839842?authuser=0&hl=en&rclk=1
Mawphlang CHC,Hospital,"FQ33+8Q3, Mawphlāng, Synrang Kaban, Meghalaya 793121, India",https://www.google.co.kr/maps/place/Mawphlang+CHC/data=!4m5!3m4!1s0x375088ad30197e19:0xf825c12cf0f8f3e9!8m2!3d25.45327!4d91.754433?authuser=0&hl=en&rclk=1
Laban State Dispensary,Medical clinic,"Laban, Shillong, Meghalaya 793004, India",https://www.google.co.kr/maps/place/Laban+State+Dispensary/data=!4m5!3m4!1s0x37507e843591838b:0x3f397065019066bd!8m2!3d25.5647868!4d91.8769244?authuser=0&hl=en&rclk=1
Wann's Physiocare Physiotherapy Clinic,Physical therapy clinic,"Riatsohkhlur, Nongkseh Rd, Upper Shillong, Shillong, Meghalaya 793005, India",https://www.google.co.kr/maps/place/Wann's+Physiocare+Physiotherapy+Clinic/data=!4m5!3m4!1s0x37507f4ee8032e83:0x21790bc47a6e708f!8m2!3d25.568249!4d91.8584638?authuser=0&hl=en&rclk=1
Dr. Paul Clinic,Medical clinic,"G688+22M, Tura, Meghalaya 794001, India",https://www.google.co.kr/maps/place/Dr.+Paul+Clinic/data=!4m5!3m4!1s0x3757f19cacbb77f9:0x223984e1fe676b70!8m2!3d25.5150846!4d90.2150347?authuser=0&hl=en&rclk=1
Dr. Asma's Perfect Smile Dental Clinic,Hospital,"GS Rd, Near State Bank of India, Secretariat Hills, Shillong, Meghalaya 793001, India",https://www.google.co.kr/maps/place/Dr.+Asma's+Perfect+Smile+Dental+Clinic/data=!4m5!3m4!1s0x37507fe41f6702f7:0x38cf1d1fd3db423e!8m2!3d25.5756172!4d91.8821332?authuser=0&hl=en&rclk=1
Ganesh Das Hospital,Hospital,"Polo hills, Lawmali Rd, Golf Links, Shillong, Meghalaya 793001, India",https://www.google.co.kr/maps/place/Ganesh+Das+Hospital/data=!4m5!3m4!1s0x37507eec1351104d:0x9073fa1b4ad27a48!8m2!3d25.5837298!4d91.8844084?authuser=0&hl=en&rclk=1
Magnodent,Dental clinic,"Laban, Howell Road, East Khasi Hills, Shillong, Meghalaya 793004, India",https://www.google.co.kr/maps/place/Magnodent/data=!4m5!3m4!1s0x37507e844bd40a9d:0x7b1d017ec6a19492!8m2!3d25.5646686!4d91.8771298?authuser=0&hl=en&rclk=1
Dr B Lyngdoh Clinic,Hospital,"NH6, Nongrimbah, Shillong, Meghalaya 793014, India",https://www.google.co.kr/maps/place/Dr+B+Lyngdoh+Clinic/data=!4m5!3m4!1s0x37507eac0461797f:0xdea746809b3bcfff!8m2!3d25.5622345!4d91.9054034?authuser=0&hl=en&rclk=1
MedCare Obs & Gynae Speciality Clinic,Obstetrician-gynecologist,"123, Laitumkhrah Point Towards New Colony, Nongkynrih, Laitumkhrah, Shillong, Meghalaya 793003, India",https://www.google.co.kr/maps/place/MedCare+Obs+%26+Gynae+Speciality+Clinic/data=!4m5!3m4!1s0x37507ebbc8bc2c9d:0x53d649fa0d0b0fb5!8m2!3d25.5724465!4d91.8971586?authuser=0&hl=en&rclk=1
Ethans Dental Clinic,Dental clinic,"HV7F+GFG, Lawsohtun, Laban, Shillong, Meghalaya 793004, India",https://www.google.co.kr/maps/place/Ethans+Dental+Clinic/data=!4m5!3m4!1s0x37507e86e16abb11:0x5502a98d2045a3a9!8m2!3d25.5638241!4d91.8736976?authuser=0&hl=en&rclk=1
Jordan Poly clinic,Hospital,"NH6, Lad Rymbai, Meghalaya 793160, India",https://www.google.co.kr/maps/place/Jordan+Poly+clinic/data=!4m5!3m4!1s0x37501bec3dcd8533:0xfebbf08335fe74ea!8m2!3d25.3682048!4d92.3355446?authuser=0&hl=en&rclk=1
City Medi Clinic & Laboratory,Doctor,"Tura - Ampati Rd, Tura, Meghalaya 794001, India",https://www.google.co.kr/maps/place/City+Medi+Clinic+%26+Laboratory/data=!4m5!3m4!1s0x3757f1815749eae9:0xf5a709cbfba5c08a!8m2!3d25.5153025!4d90.2200471?authuser=0&hl=en&rclk=1
Doctor's Clinic,Doctor,"7PMF+Q29, Pdengshnong, Cherrapunji, Meghalaya 793108, India",https://www.google.co.kr/maps/place/Doctor's+Clinic/data=!4m5!3m4!1s0x37508cd067881c4d:0xc027aff8e5f7d4d6!8m2!3d25.2844029!4d91.7226109?authuser=0&hl=en&rclk=1
Moiñzcare Dental Clinic,Dental clinic,"National Highway 44E, Nongstoin, Meghalaya 793119, India",https://www.google.co.kr/maps/place/Moi%C3%B1zcare+Dental+Clinic/data=!4m5!3m4!1s0x3750ac4bb574eea5:0xb3df1aa84d0b8f!8m2!3d25.5196423!4d91.2673035?authuser=0&hl=en&rclk=1
Dr.Iris Thabah's Clinic,Eye care center,"Nongrah Rd, Umpling, Shillong, Meghalaya 793006, India",https://www.google.co.kr/maps/place/Dr.Iris+Thabah's+Clinic/data=!4m5!3m4!1s0x37507959a4ad5183:0x1ed685911ad89c1!8m2!3d25.5722633!4d91.9200087?authuser=0&hl=en&rclk=1
Dr Chulet Home Clinic,Medical clinic,"F9H3+759, Shangpung, Meghalaya 793150, India",https://www.google.co.kr/maps/place/Dr+Chulet+Home+Clinic/data=!4m5!3m4!1s0x375004c2a02174bf:0x6fceb478e36019d1!8m2!3d25.4781688!4d92.3529712?authuser=0&hl=en&rclk=1
Pearl·E·Whites Dental Clinic Shillong,Dental clinic,"Police Bazaar, near Dreamland (Gold) Cinema & Lady Bird Hotel, Shillong, Meghalaya 793001, India",https://www.google.co.kr/maps/place/Pearl%C2%B7E%C2%B7Whites+Dental+Clinic+Shillong/data=!4m5!3m4!1s0x37507e8d3833137b:0xbbd38fc87639334a!8m2!3d25.5789782!4d91.8792557?authuser=0&hl=en&rclk=1
Directorate of Health Services,General hospital,"Health Complex, Red Hill Rd, Laitumkhrah, Shillong, Meghalaya 793003, India",https://www.google.co.kr/maps/place/Directorate+of+Health+Services/data=!4m5!3m4!1s0x37507eec44843553:0x9862791cf34eb312!8m2!3d25.5831176!4d91.8834776?authuser=0&hl=en&rclk=1
THE ENT CLINIC,Otolaryngology clinic,"Bareh Building, First Floor, Dhankheti, Road, Malki, Shillong, Meghalaya 703001, India",https://www.google.co.kr/maps/place/THE+ENT+CLINIC/data=!4m5!3m4!1s0x37507f84ebbfcab9:0xcc7640dbf899a5d3!8m2!3d25.5660532!4d91.8877129?authuser=0&hl=en&rclk=1
"Dr Majaw Dental , Maxillo-Facial Surgery & Implant Clinic",Doctor,"Supercare Hospital Sawlad, Demthring, Shillong, Meghalaya 793021, India","https://www.google.co.kr/maps/place/Dr+Majaw+Dental+,+Maxillo-Facial+Surgery+%26+Implant+Clinic/data=!4m5!3m4!1s0x37507ecb2f03d421:0x16dccbb6ab7b4483!8m2!3d25.5613119!4d91.9114088?authuser=0&hl=en&rclk=1"
Mawroh PHC,Community health centre,"HVWX+QHV, Mawroh, Shillong, Meghalaya 793008, India",https://www.google.co.kr/maps/place/Mawroh+PHC/data=!4m5!3m4!1s0x37507fdb3d6c9299:0x345b40fa1e6b4b16!8m2!3d25.5969805!4d91.8989296?authuser=0&hl=en&rclk=1
Homoeopathy Hospital,Government hospital,"HWWX+927, Mawdiangdiang, Meghalaya 793018, India",https://www.google.co.kr/maps/place/Homoeopathy+Hospital/data=!4m5!3m4!1s0x3750790739e262c9:0xfb369166f5ab4f04!8m2!3d25.5959088!4d91.9475412?authuser=0&hl=en&rclk=1
Department Of Health And Family Welfare Nehru Memorial State Dispensary,Community health centre,"Mawlai Nongpdeng, near Mathias Institute and Salesian Provincial House, Shillong, Meghalaya 793008, India",https://www.google.co.kr/maps/place/Department+Of+Health+And+Family+Welfare+Nehru+Memorial+State+Dispensary/data=!4m5!3m4!1s0x37507ee4d964d597:0xa31e74428c15ece0!8m2!3d25.5948891!4d91.8814254?authuser=0&hl=en&rclk=1
Dr. Singh Orthopaedic Consultant,Medical clinic,"Keating Rd, Secretariat Hills, Shillong, Meghalaya 793001, India",https://www.google.co.kr/maps/place/Dr.+Singh+Orthopaedic+Consultant/data=!4m5!3m4!1s0x37507f4a8c10c6c1:0xe11ec3b188fb35b2!8m2!3d25.5720728!4d91.8831795?authuser=0&hl=en&rclk=1
Dr. H. Gordon Roberts Hospital,Hospital,"Jaiaw, Shillong, Meghalaya 793002, India",https://www.google.co.kr/maps/place/Dr.+H.+Gordon+Roberts+Hospital/data=!4m5!3m4!1s0x37507ef4102a218b:0x835074c08232690!8m2!3d25.5848335!4d91.8752718?authuser=0&hl=en&rclk=1
R P Chest Hospital Compound,Hospital,"HVG8+Q9C, Garikhana, Shillong, Meghalaya 793002, India",https://www.google.co.kr/maps/place/R+P+Chest+Hospital+Compound/data=!4m5!3m4!1s0x37507e66d56ea999:0x163fa41fa6bcb594!8m2!3d25.5769273!4d91.8658841?authuser=0&hl=en&rclk=1
Dr E.S Lakiang Homoeopathy Clinic,Doctor,"Nongkseh, Shillong, Meghalaya 793002, India",https://www.google.co.kr/maps/place/Dr+E.S+Lakiang+Homoeopathy+Clinic/data=!4m5!3m4!1s0x37507f53e4171e53:0xfe7f198aebaf96fb!8m2!3d25.570772!4d91.8549335?authuser=0&hl=en&rclk=1
Heron Eye Care,Eye care center,"Police Bazar Main Road, Police Bazar, Opposite Police Bazar, Mosque, Shillong, Meghalaya 793001, India",https://www.google.co.kr/maps/place/Heron+Eye+Care/data=!4m5!3m4!1s0x37507e92873a8f83:0x559377be8f01f52!8m2!3d25.5768936!4d91.8810317?authuser=0&hl=en&rclk=1
Fine Opticals Eye Care Clinic,Eye care center,"Lane no.6, R. R. Colony, Rynjah, Shillong, Meghalaya 793006, India",https://www.google.co.kr/maps/place/Fine+Opticals+Eye+Care+Clinic/data=!4m5!3m4!1s0x37507901dec867bd:0x73c02630e7f7e9c7!8m2!3d25.5724576!4d91.9144838?authuser=0&hl=en&rclk=1
T.B. Hospital,Hospital,"K.A. Road, Lower Wadanang, DBC Road, Tura, Meghalaya, India",https://www.google.co.kr/maps/place/T.B.+Hospital/data=!4m5!3m4!1s0x3757f178054f8231:0x7d00cd9974ea2128!8m2!3d25.5213091!4d90.2159451?authuser=0&hl=en&rclk=1
Healventure Clinic,Medical clinic,"Tura - Garobadha Rd, Araimile, Tura, Meghalaya 794101, India",https://www.google.co.kr/maps/place/Healventure+Clinic/data=!4m5!3m4!1s0x3757f122188eb10b:0xce87af6f0717c56c!8m2!3d25.5101419!4d90.1954186?authuser=0&hl=en&rclk=1
kyrdem p.h.c,Hospital,"Mawlasnai-Nartiang Road, Meghalaya 793103, India",https://www.google.co.kr/maps/place/kyrdem+p.h.c/data=!4m5!3m4!1s0x375a9fc5798098a3:0x41ac8d6a838b474b!8m2!3d25.6938137!4d92.0721104?authuser=0&hl=en&rclk=1
Manda Clinic,Genealogist,"HW82+49C, Nongrimbah, Shillong, Meghalaya 793014, India",https://www.google.co.kr/maps/place/Manda+Clinic/data=!4m5!3m4!1s0x37507eafc7390447:0x4495d87eb1285cb7!8m2!3d25.5653011!4d91.9008933?authuser=0&hl=en&rclk=1
"Cosmic Dermatology and Hair Transplant SKIN CLINIC, Dr Binod Kr Thakur MD Dermatology",Doctor,"Nongkynrih, Laitumkhrah, Shillong, Meghalaya 793003, India","https://www.google.co.kr/maps/place/Cosmic+Dermatology+and+Hair+Transplant+SKIN+CLINIC,+Dr+Binod+Kr+Thakur+MD+Dermatology/data=!4m5!3m4!1s0x37507f1abf3fb32b:0xd023e1029939fb26!8m2!3d25.5718958!4d91.8972056?authuser=0&hl=en&rclk=1"
Rev. GH Robert Clinic,Doctor,"Mission Compnd. Mawphla, Meghalaya 793121, India",https://www.google.co.kr/maps/place/Rev.+GH+Robert+Clinic/data=!4m5!3m4!1s0x375088ac7ac17501:0xcdcb73a260c02643!8m2!3d25.456316!4d91.7568332?authuser=0&hl=en&rclk=1
Hearing & Speech Clinic,Hearing aid store,"2nd floor, Phlory Mansion, Laitumkhrah Main Rd, opposite Post Office, Nongkynrih, Laitumkhrah, Shillong, Meghalaya 793003, India",https://www.google.co.kr/maps/place/Hearing+%26+Speech+Clinic/data=!4m5!3m4!1s0x37507ebb9b9697e5:0xd6237ac045324c99!8m2!3d25.5711363!4d91.896089?authuser=0&hl=en&rclk=1
Civil Hospital Shillong,Hospital,"HVFV+755, Laitumkhrah, Shillong, Meghalaya 793003, India",https://www.google.co.kr/maps/place/Civil+Hospital+Shillong/data=!4m5!3m4!1s0x37507febfe66d515:0x8a76aaaef075d429!8m2!3d25.5731355!4d91.8929979?authuser=0&hl=en&rclk=1
The Childrens' Hospital,Children's hospital,"Near St John White Hall School, Pohkseh, Shillong, Meghalaya 793014, India",https://www.google.co.kr/maps/place/The+Childrens'+Hospital/data=!4m5!3m4!1s0x37507952ea848dd9:0x2d30adafd45eecb5!8m2!3d25.5658307!4d91.9111941?authuser=0&hl=en&rclk=1
Good Health Clinic,Pharmacy,"Laitumkhrah, Shillong, Meghalaya 793003, India",https://www.google.co.kr/maps/place/Good+Health+Clinic/data=!4m5!3m4!1s0x37507ebae859dc9d:0x865ee2556f7c37e4!8m2!3d25.5693502!4d91.898436?authuser=0&hl=en&rclk=1
Makarios Medical Center/ Dr M. Syiem,Hospital,"Mairang-Shillong Rd, Mairang, Meghalaya 793120, India",https://www.google.co.kr/maps/place/Makarios+Medical+Center%2F+Dr+M.+Syiem/data=!4m5!3m4!1s0x37509c81976a93d7:0x4440a3a21307b1d7!8m2!3d25.5609992!4d91.6418955?authuser=0&hl=en&rclk=1
Bansara Eye Care,Eye care center,"Nongstoin, Meghalaya 793119, India",https://www.google.co.kr/maps/place/Bansara+Eye+Care/data=!4m5!3m4!1s0x3750ad98932a199b:0xbee2fecbe518f282!8m2!3d25.5214537!4d91.2665022?authuser=0&hl=en&rclk=1
Misson Hospital,Hospital,"Upper Chandmari Rd, AB Mission Compound, Tura, Meghalaya 794001, India",https://www.google.co.kr/maps/place/Misson+Hospital/data=!4m5!3m4!1s0x3757f181752cd0a7:0xab2bb396223d08cb!8m2!3d25.5185016!4d90.2187626?authuser=0&hl=en&rclk=1
Neigrihms Hospital,Hospital,"MDR32, Nongmynsong, Shillong, Meghalaya 793019, India",https://www.google.co.kr/maps/place/Neigrihms+Hospital/data=!4m5!3m4!1s0x375079b725f753fd:0xe55b6a140bdbebc3!8m2!3d25.5880057!4d91.9135255?authuser=0&hl=en&rclk=1
Shillong ayurvedic clinic,Alternative medicine clinic,"State Highway 32, Nongmynsong, Shillong, Meghalaya 793019, India",https://www.google.co.kr/maps/place/Shillong+ayurvedic+clinic/data=!4m5!3m4!1s0x37507fde6bbeacf9:0xb5cc0f5dcd6b98fa!8m2!3d25.5831331!4d91.9082677?authuser=0&hl=en&rclk=1
Dr. Kharbhih Clinic,Doctor,"Weiloi, Meghalaya 793121, India",https://www.google.co.kr/maps/place/Dr.+Kharbhih+Clinic/data=!4m5!3m4!1s0x375093c9368b080b:0x6a9a5bdec56c2c3a!8m2!3d25.3623123!4d91.6137836?authuser=0&hl=en&rclk=1
"Bethany Hospital, Shillong",Private hospital,"Nongrim hills, Shillong, Meghalaya, India","https://www.google.co.kr/maps/place/Bethany+Hospital,+Shillong/data=!4m5!3m4!1s0x37507eaf94a95f0f:0x34676a1af4509000!8m2!3d25.5661639!4d91.9010857?authuser=0&hl=en&rclk=1"
HEALING TOUCH CLINIC,Doctor,"opp. LAMA VILLA COMMUNITY HALL (LAMA VILLA, Lower Mawprem, Garikhana, Shillong, Meghalaya 2, India",https://www.google.co.kr/maps/place/HEALING+TOUCH+CLINIC/data=!4m5!3m4!1s0x37507f63c95df405:0xc84c5194586d1f95!8m2!3d25.5799088!4d91.8728601?authuser=0&hl=en&rclk=1
Stay Fit Clinic,Hospital,"Mission Road, Mairang, Meghalaya 793120, India",https://www.google.co.kr/maps/place/Stay+Fit+Clinic/data=!4m5!3m4!1s0x37509c822a1b6cb9:0xb81c1ed3bb398523!8m2!3d25.5615654!4d91.642114?authuser=0&hl=en&rclk=1
Nongstoiñ Civil Hospital,Hospital,"H64H+GF5, NH44E, Nongstoin, Meghalaya 793119, India",https://www.google.co.kr/maps/place/Nongstoi%C3%B1+Civil+Hospital/data=!4m5!3m4!1s0x3750aca22def53d3:0x862fe772b0d3e5ea!8m2!3d25.5565005!4d91.2291079?authuser=0&hl=en&rclk=1
Bethany Hospital,Hospital,"NSCA Mini Stadium, NH 40, Nongpoh, Meghalaya 793102, India",https://www.google.co.kr/maps/place/Bethany+Hospital/data=!4m5!3m4!1s0x375a890f42555555:0xe212deeb08cf9f88!8m2!3d25.9002117!4d91.8779453?authuser=0&hl=en&rclk=1
North East Cancer Hospital and Research Institute,Cancer treatment center,"11th Mile, GS Rd, Amerigog, Jorabat, Assam 781023, India",https://www.google.co.kr/maps/place/North+East+Cancer+Hospital+and+Research+Institute/data=!4m5!3m4!1s0x375af5b5522fdfbb:0x62b72206e3a6b1c1!8m2!3d26.1006948!4d91.8699278?authuser=0&hl=en&rclk=1
Bethany Hospital,Medical Center,"2VV8+GVW, Byrnihat, Meghalaya 793101, India",https://www.google.co.kr/maps/place/Bethany+Hospital/data=!4m5!3m4!1s0x375af52660a0cec1:0x2859023ff4605844!8m2!3d26.0438611!4d91.8671947?authuser=0&hl=en&rclk=1
Perception eye care clinic,Eye care center,"NH6, Meghalaya 793010, India",https://www.google.co.kr/maps/place/Perception+eye+care+clinic/data=!4m5!3m4!1s0x37507d5400095d11:0x5dd45b96ad475191!8m2!3d25.523228!4d91.890253?authuser=0&hl=en&rclk=1
ICAR Hospital,Hospital,"MWH5+HQ9, Sumer Village, Meghalaya 793122, India",https://www.google.co.kr/maps/place/ICAR+Hospital/data=!4m5!3m4!1s0x375a8158cc52282d:0xe3d3bd6ab60605b3!8m2!3d25.6789098!4d91.9094985?authuser=0&hl=en&rclk=1
TB Hospital,Hospital,"Nongstoin, Tb hospital, India",https://www.google.co.kr/maps/place/TB+Hospital/data=!4m5!3m4!1s0x3750adc9479a6e3b:0xf8a3e2bb715be6cf!8m2!3d25.5078894!4d91.2739437?authuser=0&hl=en&rclk=1
"TB HOSPITAL,SHILLONG",Hospital,"TB Hospital, Shillong, Meghalaya 793012, India","https://www.google.co.kr/maps/place/TB+HOSPITAL,SHILLONG/data=!4m5!3m4!1s0x375079cd05875a71:0xdbad4b77be10c4e9!8m2!3d25.608079!4d91.9425242?authuser=0&hl=en&rclk=1"
CGHS Dispensary,Hospital,"793003, Nongkynrih, Laitumkhrah, Shillong, Meghalaya 793003, India",https://www.google.co.kr/maps/place/CGHS+Dispensary/data=!4m5!3m4!1s0x37507ebb85ac56fb:0xdfeed1f917506813!8m2!3d25.5712634!4d91.8957022?authuser=0&hl=en&rclk=1
Jiban Ram Goenka Hospital,Hospital,"HVGC+3HP, Upper Mawprem, Garikhana, Shillong, Meghalaya 793002, India",https://www.google.co.kr/maps/place/Jiban+Ram+Goenka+Hospital/data=!4m5!3m4!1s0x37507e8a0c0acf7d:0xfd0ea2dcefafc868!8m2!3d25.575221!4d91.8714449?authuser=0&hl=en&rclk=1
Bansara Eye Care,Eye care center,"9F86+X42, Mawkyrwat, Meghalaya 793114, India",https://www.google.co.kr/maps/place/Bansara+Eye+Care/data=!4m5!3m4!1s0x3750bea109a3c94f:0xc7cee3844b6e794b!8m2!3d25.3673993!4d91.4602583?authuser=0&hl=en&rclk=1
Civil Hospital Shillong,General hospital,"Laban, Lachumiere, Shillong, Meghalaya 793001, India",https://www.google.co.kr/maps/place/Civil+Hospital+Shillong/data=!4m5!3m4!1s0x37507e9aaa349c19:0xc17fab4baaf2b2c4!8m2!3d25.5677394!4d91.8810813?authuser=0&hl=en&rclk=1
Lady Kerr Welfare Centre,Maternity hospital,"Red Cross, Laban, Shillong, Meghalaya 793004, India",https://www.google.co.kr/maps/place/Lady+Kerr+Welfare+Centre/data=!4m5!3m4!1s0x37507e856a0271ff:0xbe27a6c6b653d9af!8m2!3d25.5668335!4d91.8793782?authuser=0&hl=en&rclk=1
Public Health Centre,Community health centre,"1, Jaiaw, Shillong, Meghalaya 793002, India",https://www.google.co.kr/maps/place/Public+Health+Centre/data=!4m5!3m4!1s0x37507f7e59e5bcd3:0x7cbab2d5d60be9dc!8m2!3d25.5839956!4d91.8745711?authuser=0&hl=en&rclk=1
THE ENT CLINIC,Doctor,"HV8Q+C3H, Dhankheti, Malki, Shillong, Meghalaya 793001, India",https://www.google.co.kr/maps/place/THE+ENT+CLINIC/data=!4m5!3m4!1s0x37507fa4df9f73b9:0xbd3120e836dd2b78!8m2!3d25.5660741!4d91.8877374?authuser=0&hl=en&rclk=1
Herab's Clinic,Doctor,"KNB Rd, Jowai, Meghalaya 793150, India",https://www.google.co.kr/maps/place/Herab's+Clinic/data=!4m5!3m4!1s0x375013ed92baea41:0xd7d0921eeb94486f!8m2!3d25.4402588!4d92.198194?authuser=0&hl=en&rclk=1
Fredda Dental Clinic,Dental clinic,"Mawkhar Main Rd, Mawkhar, Shillong, Meghalaya 793002, India",https://www.google.co.kr/maps/place/Fredda+Dental+Clinic/data=!4m5!3m4!1s0x37507f39ad66799b:0x51d369180d3ddab2!8m2!3d25.578689!4d91.8769158?authuser=0&hl=en&rclk=1
Dr. A. C. Kar Homeopathic Doctor,Doctor,"Police Bazar, Shillong, Meghalaya 793001, India",https://www.google.co.kr/maps/place/Dr.+A.+C.+Kar+Homeopathic+Doctor/data=!4m5!3m4!1s0x37507e93054b8adb:0x1411a7fdb8690631!8m2!3d25.5774881!4d91.8836054?authuser=0&hl=en&rclk=1
District Maternity & Child Hospital,Hospital,"G679+VXF, Tura, Meghalaya 794001, India",https://www.google.co.kr/maps/place/District+Maternity+%26+Child+Hospital/data=!4m5!3m4!1s0x3757f18154ebf301:0x820408dddb29d563!8m2!3d25.5146759!4d90.2199126?authuser=0&hl=en&rclk=1
Tura Christian Hospital,Private hospital,"G699+9F8, AB Mission Compound, Tura, Meghalaya 794001, India",https://www.google.co.kr/maps/place/Tura+Christian+Hospital/data=!4m5!3m4!1s0x3757f18239b712e9:0x7955162224976c4!8m2!3d25.5184068!4d90.2186912?authuser=0&hl=en&rclk=1
METANOIA COUNSELLING SERVICES,Mental health service,"Upland Rd, Nongkynrih, Laitumkhrah, Shillong, Meghalaya 793003, India",https://www.google.co.kr/maps/place/METANOIA+COUNSELLING+SERVICES/data=!4m5!3m4!1s0x37507f93d19afcdd:0x5733a49b786d4820!8m2!3d25.5718409!4d91.8950915?authuser=0&hl=en&rclk=1
NEIGRIHMS Emergency Unit,General hospital,"Mawdiangdiang, Shillong, Meghalaya 793018, India",https://www.google.co.kr/maps/place/NEIGRIHMS+Emergency+Unit/data=!4m5!3m4!1s0x37507905672a29d9:0xaa563613e831f91a!8m2!3d25.591218!4d91.9406104?authuser=0&hl=en&rclk=1
Wahkaji PHC,Hospital,"9767+437, Mawkhlaitngap, Meghalaya 793114, India",https://www.google.co.kr/maps/place/Wahkaji+PHC/data=!4m5!3m4!1s0x3750b46e33437931:0x9cd5df72b9485d9d!8m2!3d25.3602819!4d91.2626864?authuser=0&hl=en&rclk=1
VETERINARY CLINIC,Hospital,"HV6X+X99, Motinagar, Nongthymmai, Shillong, Meghalaya 793014, India",https://www.google.co.kr/maps/place/VETERINARY+CLINIC/data=!4m5!3m4!1s0x37507fc49a994aa1:0x925ee76b446eb57c!8m2!3d25.5624105!4d91.8984709?authuser=0&hl=en&rclk=1
PET CLINIC SHILLONG,Veterinarian,"Demseiñ-Ïong, Shillong, Meghalaya 793011, India",https://www.google.co.kr/maps/place/PET+CLINIC+SHILLONG/data=!4m5!3m4!1s0x37507ec76498ec43:0xcaa5289109082913!8m2!3d25.5799578!4d91.8970208?authuser=0&hl=en&rclk=1
The Healing Chamber,Mental health service,"Upper, New Colony, Laitumkhrah, Shillong, Meghalaya 793011, India",https://www.google.co.kr/maps/place/The+Healing+Chamber/data=!4m5!3m4!1s0x37507ffd723aaa33:0x277627dba148c150!8m2!3d25.5756471!4d91.899528?authuser=0&hl=en&rclk=1
Police Hospital,Hospital,"NH 51, Police Reserve, Tura, Meghalaya 794001, India",https://www.google.co.kr/maps/place/Police+Hospital/data=!4m5!3m4!1s0x3757f184572c2835:0x19df6244d42143ae!8m2!3d25.5122701!4d90.2177066?authuser=0&hl=en&rclk=1
Nongspung PHC,Hospital,"FJ45+G9V, Meghalaya 793121, India",https://www.google.co.kr/maps/place/Nongspung+PHC/data=!4m5!3m4!1s0x375090a585e1a613:0x5edd3860ed36284c!8m2!3d25.4563697!4d91.6084091?authuser=0&hl=en&rclk=1
Holy Cross Hospital,Hospital,"MVCP+C28, Meghalaya 793122, India",https://www.google.co.kr/maps/place/Holy+Cross+Hospital/data=!4m5!3m4!1s0x375a81c6d131ec41:0x5ac2c76a61b51449!8m2!3d25.671037!4d91.88509?authuser=0&hl=en&rclk=1
Rambrai PHC,Hospital,"J8XG+GM4, Rambrai, Meghalaya 793119, India",https://www.google.co.kr/maps/place/Rambrai+PHC/data=!4m5!3m4!1s0x3750a9d33b215107:0xba76faa3b434aa50!8m2!3d25.6487577!4d91.326688?authuser=0&hl=en&rclk=1
EverGreen Pharmacy,Medical clinic,"Evergreen Pharmacy, near Meghalaya Cooperative Apex Bank, Nongstoin, Meghalaya 793119, India",https://www.google.co.kr/maps/place/EverGreen+Pharmacy/data=!4m5!3m4!1s0x3750ad8870ed26bb:0x781b5d07e3a203fe!8m2!3d25.5198873!4d91.2666267?authuser=0&hl=en&rclk=1
St Peter's Dispensary,Medical clinic,"G7Q5+V3F, Pyndengrei, Nongstoin, Meghalaya 793119, India",https://www.google.co.kr/maps/place/St+Peter's+Dispensary/data=!4m5!3m4!1s0x3750ac6779b56065:0xedea42202203dc93!8m2!3d25.5396998!4d91.2576617?authuser=0&hl=en&rclk=1
St Joseph Dispensary,Hospital,"G7GC+G2G, Nongstoin, Meghalaya 793119, India",https://www.google.co.kr/maps/place/St+Joseph+Dispensary/data=!4m5!3m4!1s0x3750ac37e8c07753:0x432212736abcdda4!8m2!3d25.5263073!4d91.2700779?authuser=0&hl=en&rclk=1
Dr Lal Pathlabs Shillong Meghalaya,Diagnostic center,"C/o Economic Medicall Hall, Police Bazar, Shillong, Meghalaya 793001, India",https://www.google.co.kr/maps/place/Dr+Lal+Pathlabs+Shillong+Meghalaya/data=!4m5!3m4!1s0x37507f1ab3deec3d:0xbfa6220ff43c6744!8m2!3d25.5766346!4d91.8813627?authuser=0&hl=en&rclk=1
Woodland WK Hospital,Hospital,"NH6, Jowai, Meghalaya 793150, India",https://www.google.co.kr/maps/place/Woodland+WK+Hospital/data=!4m5!3m4!1s0x37500f0c58a08c4f:0x255c3422a1cfff1!8m2!3d25.4691882!4d92.2394078?authuser=0&hl=en&rclk=1
Homoeo Health Care Clinic,Doctor,"G53Q+JP9, Matchakol, Tura, Meghalaya 794101, India",https://www.google.co.kr/maps/place/Homoeo+Health+Care+Clinic/data=!4m5!3m4!1s0x3757f118ca949e2b:0xff90b737de42071f!8m2!3d25.5040301!4d90.1893656?authuser=0&hl=en&rclk=1
Shallang PHC,Government hospital,"GVH5+H2J, Shallang, Meghalaya 793119, India",https://www.google.co.kr/maps/place/Shallang+PHC/data=!4m5!3m4!1s0x375767316e0989cf:0x32f29a6efb8f7027!8m2!3d25.5289736!4d90.8575069?authuser=0&hl=en&rclk=1
Nongrum Ayurvedic Clinic,Doctor,"HJ6R+H2J, Mairang, Meghalaya 793120, India",https://www.google.co.kr/maps/place/Nongrum+Ayurvedic+Clinic/data=!4m5!3m4!1s0x37509c81ae942ad3:0x94a91e568acbdab3!8m2!3d25.5614562!4d91.6400032?authuser=0&hl=en&rclk=1
The ENT Clinic,Otolaryngologist,"MERUSA BUILDING, Iawmusiang, Jowai, Meghalaya 793150, India",https://www.google.co.kr/maps/place/The+ENT+Clinic/data=!4m5!3m4!1s0x375013575305f33d:0x5d0988cf35793631!8m2!3d25.4416136!4d92.1965134?authuser=0&hl=en&rclk=1
Umdohlun SHC,Medical clinic,"Phlangdiloin Road, Meghalaya 793119, India",https://www.google.co.kr/maps/place/Umdohlun+SHC/data=!4m5!3m4!1s0x3750b39d4bb1a0b3:0x67712c10145e18f8!8m2!3d25.3817067!4d91.2710596?authuser=0&hl=en&rclk=1
"Dr. Boss L Myrthong, Herbal Clinic",Alternative medicine clinic,"G7C4+G5F, Nongpyndeng, Nongstoin, Meghalaya 793119, India","https://www.google.co.kr/maps/place/Dr.+Boss+L+Myrthong,+Herbal+Clinic/data=!4m5!3m4!1s0x3750ac5400000001:0x99e083b25dd6312a!8m2!3d25.5213094!4d91.2554112?authuser=0&hl=en&rclk=1"
Dr.P.K.Marwein Clinic,Homeopathic pharmacy,"upper lansonalane, Shillong, 793002, India",https://www.google.co.kr/maps/place/Dr.P.K.Marwein+Clinic/data=!4m5!3m4!1s0x37507ef140000005:0x34fd25685ba60408!8m2!3d25.5872125!4d91.8769624?authuser=0&hl=en&rclk=1
Tirot Singh Memorial Hospital,Hospital,"Circuit House Rd, Mairang, Meghalaya 793120, India",https://www.google.co.kr/maps/place/Tirot+Singh+Memorial+Hospital/data=!4m5!3m4!1s0x37509b814626b763:0xdc3da4278b746641!8m2!3d25.5542041!4d91.6328169?authuser=0&hl=en&rclk=1
Homoeo Health Care,Medical clinic,"9F84+JPR, Mishon Katholik, Mawkyrwat, Meghalaya 793114, India",https://www.google.co.kr/maps/place/Homoeo+Health+Care/data=!4m5!3m4!1s0x3750bf5a2b1e4e7f:0x4395f5082ad633c7!8m2!3d25.3666083!4d91.456758?authuser=0&hl=en&rclk=1
"Dr Majaw's Dental, Maxillo-facial Surgery and Implant Clinic",Doctor,"Malki, Shillong, Meghalaya 793001, India","https://www.google.co.kr/maps/place/Dr+Majaw's+Dental,+Maxillo-facial+Surgery+and+Implant+Clinic/data=!4m5!3m4!1s0x37507f2a79fecf47:0xaf0c8585a3f91f41!8m2!3d25.5654063!4d91.885892?authuser=0&hl=en&rclk=1"
Sai Homeo Clinic,Doctor,"4 mile, Shillong Bypass Rd, Pyllun, Meghalaya 793103, India",https://www.google.co.kr/maps/place/Sai+Homeo+Clinic/data=!4m5!3m4!1s0x375a8350c0ce6489:0x29cd4ac7b594d430!8m2!3d25.6940793!4d91.927903?authuser=0&hl=en&rclk=1
Siju Phc Hospital,Hospital,"9M34+CP9, Siju, Meghalaya 794114, India",https://www.google.co.kr/maps/place/Siju+Phc+Hospital/data=!4m5!3m4!1s0x375775b4d4535991:0x16514f1b76b5da22!8m2!3d25.3535368!4d90.6568585?authuser=0&hl=en&rclk=1
Ampati Civil Hospital,Hospital,"FWVV+M74, Betasing, Meghalaya 794115, India",https://www.google.co.kr/maps/place/Ampati+Civil+Hospital/data=!4m5!3m4!1s0x39fd574033409827:0x1c9e8b4e1c9d6d5e!8m2!3d25.49415!4d89.9432013?authuser=0&hl=en&rclk=1
Alternative low cost treatment centre,Acupuncture clinic,"Shnong Mawkawah, Nongstoin, Meghalaya 793119, India",https://www.google.co.kr/maps/place/Alternative+low+cost+treatment+centre/data=!4m5!3m4!1s0x3750adacaafcb20b:0x7e162353897e2f72!8m2!3d25.5116143!4d91.2779801?authuser=0&hl=en&rclk=1
DOCTOR KHAINMI'S CLINIC,Doctor,"F78V+9G4, PhraMer, Meghalaya 793150, India",https://www.google.co.kr/maps/place/DOCTOR+KHAINMI'S+CLINIC/data=!4m5!3m4!1s0x37500ffa95555555:0xe59952e4c3024d16!8m2!3d25.4658867!4d92.2938229?authuser=0&hl=en&rclk=1
Abisa Clinic,Pharmacy,"Reserve Gitim below Tura Civil Hospital, Tura - Ampati Rd, Tura, Meghalaya 794101, India",https://www.google.co.kr/maps/place/Abisa+Clinic/data=!4m5!3m4!1s0x3757f1a22e858c45:0xbe59e95a2458135a!8m2!3d25.5141476!4d90.203695?authuser=0&hl=en&rclk=1
Military Hospital,Hospital,"NH 44, Ïewduh, Bara Bazar, Shillong, Meghalaya 793001, India",https://www.google.co.kr/maps/place/Military+Hospital/data=!4m5!3m4!1s0x37507e89a94a1997:0x651275d3e2b104cd!8m2!3d25.570798!4d91.8726986?authuser=0&hl=en&rclk=1
Nongrum's Ayurvedic Clinic,Alternative medicine practitioner,"Nongrimbah, Shillong, Meghalaya 793014, India",https://www.google.co.kr/maps/place/Nongrum's+Ayurvedic+Clinic/data=!4m5!3m4!1s0x37507eafd2c4f1f3:0x8fd5ce35279786f6!8m2!3d25.5670383!4d91.9025458?authuser=0&hl=en&rclk=1
Civil Hospital,Hospital,"G673+VFH, Tura, Meghalaya 794101, India",https://www.google.co.kr/maps/place/Civil+Hospital/data=!4m5!3m4!1s0x3757f1a18760f859:0x50e42af5be056ae7!8m2!3d25.5146849!4d90.2037406?authuser=0&hl=en&rclk=1
CGHS Shillong Head Office.,Hospital,"Central Govt. Health Services Office of Additional Director Nongrim Hills, near Nagaland House, 793003, India",https://www.google.co.kr/maps/place/CGHS+Shillong+Head+Office./data=!4m5!3m4!1s0x37507eafd480c573:0x7b9ff398c39df3b1!8m2!3d25.5673403!4d91.9024379?authuser=0&hl=en&rclk=1
Ayurvedic Polyclinic,Alternative medicine practitioner,"Jail Road, Police Bazar, Shillong, Meghalaya 793001, India",https://www.google.co.kr/maps/place/Ayurvedic+Polyclinic/data=!4m5!3m4!1s0x37507e93485b0603:0xb27b92d66afee36b!8m2!3d25.579219!4d91.8845777?authuser=0&hl=en&rclk=1
Dento Care,Dental clinic,"F622+89J, Jowai, Meghalaya 793150, India",https://www.google.co.kr/maps/place/Dento+Care/data=!4m5!3m4!1s0x37501303625e1767:0x9921d0f99c22da16!8m2!3d25.4508276!4d92.2008973?authuser=0&hl=en&rclk=1
ST.JOSEPH'S HOSPITAL,Hospital,"G7C4+G5F, Tiehsaw, Nongstoin, Meghalaya 793119, India",https://www.google.co.kr/maps/place/ST.JOSEPH'S+HOSPITAL/data=!4m5!3m4!1s0x3750ad7a75b2d5f7:0x5961193ba3d7aaad!8m2!3d25.5213094!4d91.2554112?authuser=0&hl=en&rclk=1
Umdohlun Public Health Centre,Community health centre,"Meghalaya 793119, India",https://www.google.co.kr/maps/place/Umdohlun+Public+Health+Centre/data=!4m5!3m4!1s0x3750b361038c93c1:0xd32af227a4c52f87!8m2!3d25.3808673!4d91.2705597?authuser=0&hl=en&rclk=1
Hills Animal Care Clinic,Doctor,"Lad Dongmihsngi, Ladthadlaboh, opposite Presbyterian Church, Jowai, Meghalaya, India",https://www.google.co.kr/maps/place/Hills+Animal+Care+Clinic/data=!4m5!3m4!1s0x375013a4b2d0fd65:0x73a069a5fc54232f!8m2!3d25.450902!4d92.2089108?authuser=0&hl=en&rclk=1
"Babupara Christian Hospital, Nishangram",Hospital,"Meghalaya, Chituk, Assam 794110, India","https://www.google.co.kr/maps/place/Babupara+Christian+Hospital,+Nishangram/data=!4m5!3m4!1s0x3759c58d0556a6a5:0x3285d1d6439643aa!8m2!3d25.9189182!4d90.76099?authuser=0&hl=en&rclk=1"
Mendipathar Civil Hospital,Hospital,"Mendi - Damra Rd, Salpara, Mendipathar, Meghalaya 794112, India",https://www.google.co.kr/maps/place/Mendipathar+Civil+Hospital/data=!4m5!3m4!1s0x3759cc43459d5385:0x69c379bb754fcff4!8m2!3d25.916712!4d90.6494808?authuser=0&hl=en&rclk=1
Meghalaya Institute of Mental Health & Neuro Sciences,Medical Center,"Pasteur Hills , Lawmali, Shillong, Meghalaya 793001, India",https://www.google.co.kr/maps/place/Meghalaya+Institute+of+Mental+Health+%26+Neuro+Sciences/data=!4m5!3m4!1s0x37507eedc9b6a0f7:0x6569d6e3786bbc7e!8m2!3d25.5842916!4d91.8826264?authuser=0&hl=en&rclk=1
Bernard's Dental Care,Dental clinic,"Kynton, 3rd Mile, Upper Shillong, Shillong, Meghalaya 793005, India",https://www.google.co.kr/maps/place/Bernard's+Dental+Care/data=!4m5!3m4!1s0x37507f8a2e13779f:0x472a19f5da0c57e!8m2!3d25.5700372!4d91.8575273?authuser=0&hl=en&rclk=1
Janvi Homeo Clinic,Homeopathic pharmacy,"N.l building, Shillong, Meghalaya 793001, India",https://www.google.co.kr/maps/place/Janvi+Homeo+Clinic/data=!4m5!3m4!1s0x37507f5843978943:0x9efab2df7e39362e!8m2!3d25.5801026!4d91.8863969?authuser=0&hl=en&rclk=1
MVD Health Plus - Multi Specialty Healthcare Clinic,Diabetes center,"Purboday Bhawan, Royal Plaza, 1st Floor, GS Rd, Guwahati, Assam 781005, India",https://www.google.co.kr/maps/place/MVD+Health+Plus+-+Multi+Specialty+Healthcare+Clinic/data=!4m5!3m4!1s0x375a5916dc8b8d95:0xece247ce6494a7bd!8m2!3d26.153322!4d91.780145?authuser=0&hl=en&rclk=1
"Laitnong, mistolin wanniand",Doctor,"Laitnong - Shngimawleiñ Rd, Laitnong, Meghalaya 793120, India","https://www.google.co.kr/maps/place/Laitnong,+mistolin+wanniand/data=!4m5!3m4!1s0x3750bc516237fa53:0x3e4603dcdfe534d9!8m2!3d25.4107195!4d91.4771964?authuser=0&hl=en&rclk=1"
Nongstoin MCH Hospital,Government hospital,"G799+WMM, Upper New-Nongstoin, Nongstoin, Meghalaya 793119, India",https://www.google.co.kr/maps/place/Nongstoin+MCH+Hospital/data=!4m5!3m4!1s0x3750ad0c14ea4c4b:0xe9bd727ed27ba197!8m2!3d25.5198429!4d91.2691858?authuser=0&hl=en&rclk=1
Civil Hospital Mairang,Hospital,"HJ3M+J6W, Mairang, Meghalaya 793120, India",https://www.google.co.kr/maps/place/Civil+Hospital+Mairang/data=!4m5!3m4!1s0x37509b8145bb93cd:0xd40a9f0886e313f5!8m2!3d25.5541153!4d91.6330653?authuser=0&hl=en&rclk=1
Rophe Dental Clinic,Dental clinic,"building, S.B khyriem, KNB Rd, iawmusiang, Jowai, Meghalaya 793150, India",https://www.google.co.kr/maps/place/Rophe+Dental+Clinic/data=!4m5!3m4!1s0x37501320ae7687a5:0x7de4215a04528780!8m2!3d25.4402857!4d92.1953398?authuser=0&hl=en&rclk=1
Gurung Homoeo Clinic,Homeopathic pharmacy,"Qualapatty, Shillong, Meghalaya 793002, India",https://www.google.co.kr/maps/place/Gurung+Homoeo+Clinic/data=!4m5!3m4!1s0x37507f36317bfa97:0x1212ae5005b499c6!8m2!3d25.5786128!4d91.8741008?authuser=0&hl=en&rclk=1
Apollo Clinic: Dispur,Medical clinic,"GS Rd, opp. Down Town Hospital, Dispur, Rukmini Gaon, Guwahati, Assam 781006, India",https://www.google.co.kr/maps/place/Apollo+Clinic:+Dispur/data=!4m5!3m4!1s0x375a59f4d4f8fa01:0xa0e9d1990396560e!8m2!3d26.1384344!4d91.7989519?authuser=0&hl=en&rclk=1
Community Health Sub Centre,Community health centre,"F988+RF8, Emangre, Meghalaya 793119, India",https://www.google.co.kr/maps/place/Community+Health+Sub+Centre/data=!4m5!3m4!1s0x3750bbfeb28fecff:0x751391712937a99!8m2!3d25.4670308!4d91.366216?authuser=0&hl=en&rclk=1
New Dimension Clinic,Ayurvedic clinic,"Khimusniang Rd, Jowai, Meghalaya 793150, India",https://www.google.co.kr/maps/place/New+Dimension+Clinic/data=!4m5!3m4!1s0x375013c9e4451feb:0x6bbcf121ff105f18!8m2!3d25.4336983!4d92.1929375?authuser=0&hl=en&rclk=1
Myriaw phc,Hospital,"H76Q+XJQ, Meghalaya 793119, India",https://www.google.co.kr/maps/place/Myriaw+phc/data=!4m5!3m4!1s0x3750aeaaaaaaaaab:0x3f6798f28df694f7!8m2!3d25.5624625!4d91.2891036?authuser=0&hl=en&rclk=1
DR. RABHA CLINIC,Doctor,"Unnamed Road, Dudhnoi, Assam 783124, India",https://www.google.co.kr/maps/place/DR.+RABHA+CLINIC/data=!4m5!3m4!1s0x3759c7b3cd8374f1:0x8b001cc524839654!8m2!3d25.9768977!4d90.7870616?authuser=0&hl=en&rclk=1
Health Clinic (স্বাস্থ্য কেন্দ্র),Hospital,"5C23+V3V, Bangladesh",https://www.google.co.kr/maps/place/Health+Clinic+(%E0%A6%B8%E0%A7%8D%E0%A6%AC%E0%A6%BE%E0%A6%B8%E0%A7%8D%E0%A6%A5%E0%A7%8D%E0%A6%AF+%E0%A6%95%E0%A7%87%E0%A6%A8%E0%A7%8D%E0%A6%A6%E0%A7%8D%E0%A6%B0)/data=!4m5!3m4!1s0x3750c5f360113f79:0x7d9243d8d72af034!8m2!3d25.1522468!4d91.4026791?authuser=0&hl=en&rclk=1
"Vigen India, Hatigaon Centre",Physical therapy clinic,"95, Sewali Path, Lakhimi Nagar, Hatigaon, Guwahati, Assam 781019, India","https://www.google.co.kr/maps/place/Vigen+India,+Hatigaon+Centre/data=!4m5!3m4!1s0x375a59256d09ff5d:0x805a693fe516dab!8m2!3d26.1380556!4d91.7848287?authuser=0&hl=en&rclk=1"
"Vigen India, Lokhra Centre",Physical therapy clinic,"4P9X+5FX, Lokhra, Guwahati, Assam 781040, India","https://www.google.co.kr/maps/place/Vigen+India,+Lokhra+Centre/data=!4m5!3m4!1s0x375a5c04749b6a0f:0xde52fc7a1cb3affd!8m2!3d26.1179861!4d91.7487336?authuser=0&hl=en&rclk=1"
Dr.Kuhina's Dental and Skin Clinic,Dental clinic,"Lokhra -Lalganesh Road, Haricharan Das Path, near City Elite School, Guwahati, Assam 781034, India",https://www.google.co.kr/maps/place/Dr.Kuhina's+Dental+and+Skin+Clinic/data=!4m5!3m4!1s0x375a5d98b527d87f:0x3d2dd4ae56fd1155!8m2!3d26.1178793!4d91.7487595?authuser=0&hl=en&rclk=1
"Health Care Poly Clinic, Sunamganj",Medical clinic,"3C75+XXW, Sunamganj, Bangladesh","https://www.google.co.kr/maps/place/Health+Care+Poly+Clinic,+Sunamganj/data=!4m5!3m4!1s0x3750db21f5141b51:0xf63586812eab9fe5!8m2!3d25.064985!4d91.4099679?authuser=0&hl=en&rclk=1"
Dr. A. C Kar Homoeopathic Clinic,Pharmacy,"Block I Lane C,Bishop Falls, Lower Mawprem, Garikhana, Shillong, Meghalaya 793002, India",https://www.google.co.kr/maps/place/Dr.+A.+C+Kar+Homoeopathic+Clinic/data=!4m5!3m4!1s0x37507fc6bbb9e53d:0xf45414ccff4d62b!8m2!3d25.5812198!4d91.8674169?authuser=0&hl=en&rclk=1
"Dr. B Syiemlieh, Dental Specialist (MDS, Prosthodontist & Oral Implantologist)",Dental clinic,"Below Pine Brook Guest House, Howell Rd, Laban, Shillong, Meghalaya 793004, India","https://www.google.co.kr/maps/place/Dr.+B+Syiemlieh,+Dental+Specialist+(MDS,+Prosthodontist+%26+Oral+Implantologist)/data=!4m5!3m4!1s0x37507fd96ef048d7:0xa94f3364e0e91c44!8m2!3d25.5635848!4d91.877261?authuser=0&hl=en&rclk=1"
Mohanam SN Ayurvedic Centre,Medical Center,"Nongrimbah, Shillong, Meghalaya 793014, India",https://www.google.co.kr/maps/place/Mohanam+SN+Ayurvedic+Centre/data=!4m5!3m4!1s0x37507f84e0e15d9f:0xc1d34ea3ac4b761f!8m2!3d25.5671243!4d91.9027576?authuser=0&hl=en&rclk=1
"Health City Hospital, Guwahati",Private hospital,"Uday Nagar, Khanapara, Opp Bodoland Guest House, Guwahati, Assam 781022, India","https://www.google.co.kr/maps/place/Health+City+Hospital,+Guwahati/data=!4m5!3m4!1s0x375a5f4972775d49:0xc2bb138442c92a59!8m2!3d26.117117!4d91.815292?authuser=0&hl=en&rclk=1"
Holy Cross Catholic Hospital,Hospital,"Holy Cross Road, Mairang, Meghalaya 793120, India",https://www.google.co.kr/maps/place/Holy+Cross+Catholic+Hospital/data=!4m5!3m4!1s0x37509dc006559d2b:0xc28085f4f781bb1d!8m2!3d25.5604003!4d91.6307573?authuser=0&hl=en&rclk=1
Jahnavi Homeo Clinic,Homeopathic pharmacy,"Jail Road, Towards Polo Ground, Police Bazar, Shillong, Meghalaya 793001, India",https://www.google.co.kr/maps/place/Jahnavi+Homeo+Clinic/data=!4m5!3m4!1s0x37507e93548e9923:0xbe4f2eff140fdbee!8m2!3d25.5795532!4d91.8852563?authuser=0&hl=en&rclk=1
Dr Babie Thiek,Obstetrician-gynecologist,"Apollo Clinic Dispur Opp Downtown Hospital, near SBI ATM, Dispur, Guwahati, Assam 781006, India",https://www.google.co.kr/maps/place/Dr+Babie+Thiek/data=!4m5!3m4!1s0x375a5919be75fa4b:0x9ef02a0e727c9349!8m2!3d26.1383424!4d91.7989738?authuser=0&hl=en&rclk=1
10 Bedded Integrated Ayush Hospital,Hospital,"P25C+5J8, Bhoirymbong, Meghalaya 793103, India",https://www.google.co.kr/maps/place/10+Bedded+Integrated+Ayush+Hospital/data=!4m5!3m4!1s0x375a9d251755a28d:0x1b5755d4caebe78c!8m2!3d25.70791!4d92.0215712?authuser=0&hl=en&rclk=1
Ex-Servicemen Contributory Health Scheme Polyclinic,Medical clinic,"4Q4W+7X6, Basistha, Guwahati, Assam 781029, India",https://www.google.co.kr/maps/place/Ex-Servicemen+Contributory+Health+Scheme+Polyclinic/data=!4m5!3m4!1s0x375a5f215de672f1:0x64201bdf90a1361e!8m2!3d26.105668!4d91.7973751?authuser=0&hl=en&rclk=1
Oro-Jewel ---Dental Care Unit,Dental clinic,"behind Meghalaya Rural Bank, Nongthymmai, Shillong, Meghalaya 793014, India",https://www.google.co.kr/maps/place/Oro-Jewel+---Dental+Care+Unit/data=!4m5!3m4!1s0x37507eab91853a7f:0xf99a0347bc99ee8e!8m2!3d25.5607905!4d91.9066013?authuser=0&hl=en&rclk=1
Myriaw PHC,Hospital,"HFVW+8G7, Meghalaya 793120, India",https://www.google.co.kr/maps/place/Myriaw+PHC/data=!4m5!3m4!1s0x3750a1ba2c665baf:0x5ba7abcc2472175c!8m2!3d25.5932807!4d91.4962965?authuser=0&hl=en&rclk=1
"Instacare Clinic,Lab & Pharmacy",Medical clinic,"FA Rd, opposite Central Bank Of India, Kumarpara, Athgaon, Guwahati, Assam 781001, India","https://www.google.co.kr/maps/place/Instacare+Clinic,Lab+%26+Pharmacy/data=!4m5!3m4!1s0x375a5bca49780e73:0x8436f6043aa8f964!8m2!3d26.1685446!4d91.7365096?authuser=0&hl=en&rclk=1"
Best Psychiatrist in Guwahati - Apollo Clinic Dispur,Psychiatrist,"Apollo Clinic, GS Rd, Dispur, Downtown, Guwahati, Assam 781006, India",https://www.google.co.kr/maps/place/Best+Psychiatrist+in+Guwahati+-+Apollo+Clinic+Dispur/data=!4m5!3m4!1s0x375a5989d5d36429:0x25d9613b144a8ed7!8m2!3d26.1382426!4d91.7989476?authuser=0&hl=en&rclk=1
Tura Civil Hospital,Gas station,"mody nager, near tura civil hospital, Tura, Meghalaya, India",https://www.google.co.kr/maps/place/Tura+Civil+Hospital/data=!4m5!3m4!1s0x3757f175ae48209f:0x6dc4fedf7e11841!8m2!3d25.521048!4d90.199329?authuser=0&hl=en&rclk=1
Nongsynrieh Sub Centre,Community health centre,"CF82+G5F, Nongsynrih, Meghalaya 793120, India",https://www.google.co.kr/maps/place/Nongsynrieh+Sub+Centre/data=!4m5!3m4!1s0x3750bd5cd2807627:0xa93b6032845af0a3!8m2!3d25.416304!4d91.4504354?authuser=0&hl=en&rclk=1
Guwahati Eye Institute & Research Centre,Eye care center,"1st Borodoichila Bhaban Guwahati-Shillong Rd Chilarai Nagar, Bhangagarh, Guwahati, Assam 781005, India",https://www.google.co.kr/maps/place/Guwahati+Eye+Institute+%26+Research+Centre/data=!4m5!3m4!1s0x375a5976d8ff4e63:0xc947ee4bffd16d18!8m2!3d26.1674483!4d91.766187?authuser=0&hl=en&rclk=1
Dr Sunil Malla Bujar Barua,Endocrinologist,"UHS+, Kahilipara Main Rd, Jatia, Kahilipara, Guwahati, Assam 781019, India",https://www.google.co.kr/maps/place/Dr+Sunil+Malla+Bujar+Barua/data=!4m5!3m4!1s0x375a5979d2393b51:0x50f8ba379af00b59!8m2!3d26.1444818!4d91.7783867?authuser=0&hl=en&rclk=1
Shillong Veterinary Hospital,Animal hospital,"Lumdiengjri Road, Sunny Hill, Mawkhar, Shillong, Meghalaya 793002, India",https://www.google.co.kr/maps/place/Shillong+Veterinary+Hospital/data=!4m5!3m4!1s0x37507ef512432be9:0x556ed4319518181c!8m2!3d25.5820771!4d91.8746367?authuser=0&hl=en&rclk=1
AKSI Advanced Eye Centre,Eye care center,"Guwahati-Shillong Road, Christian Basti, Royal Plaza (Purvoday Bhawan), 1st floor, Guwahati, Assam 781005, India",https://www.google.co.kr/maps/place/AKSI+Advanced+Eye+Centre/data=!4m5!3m4!1s0x375a5916db7e3ff1:0x910b4f5b3b2276df!8m2!3d26.153434!4d91.780162?authuser=0&hl=en&rclk=1
Holistic Care Ayurvedic Clinic,Ayurvedic clinic,"Lumshngain, Rynjah, Shillong, Meghalaya 793006, India",https://www.google.co.kr/maps/place/Holistic+Care+Ayurvedic+Clinic/data=!4m5!3m4!1s0x37507f7a813bb029:0xf16f82b7fdc4f148!8m2!3d25.5716536!4d91.9106404?authuser=0&hl=en&rclk=1
Homoeo pharma clinic,Homeopathic pharmacy,"keating road, Shillong, Meghalaya 793001, India",https://www.google.co.kr/maps/place/Homoeo+pharma+clinic/data=!4m5!3m4!1s0x37507e90429c4a8d:0xba6c1c28fc531146!8m2!3d25.5752561!4d91.8821574?authuser=0&hl=en&rclk=1
Apollo Clinic - Best Diagnostic Center in Guwahati,Diagnostic center,"Meena Bhawani, Kanchan Rd, South Sarania, Ulubari, Guwahati, Assam 781005, India",https://www.google.co.kr/maps/place/Apollo+Clinic+-+Best+Diagnostic+Center+in+Guwahati/data=!4m5!3m4!1s0x375a5979ce01fb41:0xe13107fb0d68e82b!8m2!3d26.1691242!4d91.7630102?authuser=0&hl=en&rclk=1
ICDS Centre 1,Child health care centre,"G6PX+5MP, Siejlieh, Nongstoin, Meghalaya 793119, India",https://www.google.co.kr/maps/place/ICDS+Centre+1/data=!4m5!3m4!1s0x3750acf5a32fb0b9:0x42f8ddc9a9fbef91!8m2!3d25.5354615!4d91.2492157?authuser=0&hl=en&rclk=1
"Civil Hospital, Mawkyrwat",Hospital,"9F85+634, Mawkyrwat, Meghalaya 793114, India","https://www.google.co.kr/maps/place/Civil+Hospital,+Mawkyrwat/data=!4m5!3m4!1s0x3750bea6a98a3fcd:0x402498165944980e!8m2!3d25.3655116!4d91.4577176?authuser=0&hl=en&rclk=1"
St. Joseph,Hospital,"G7GC+6CV, Nongstoin, Meghalaya 793119, India",https://www.google.co.kr/maps/place/St.+Joseph/data=!4m5!3m4!1s0x3750ad19c47d13ab:0x2376cc057cc98730!8m2!3d25.5256148!4d91.2710526?authuser=0&hl=en&rclk=1
North Eastern Indira Gandhi Regional Institute of Health & Medical Sciences,Medical school,"Mawdiangdiang, Shillong, Meghalaya 793018, India",https://www.google.co.kr/maps/place/North+Eastern+Indira+Gandhi+Regional+Institute+of+Health+%26+Medical+Sciences/data=!4m5!3m4!1s0x375079aaabeaaaab:0x78acacb221c4404e!8m2!3d25.5909782!4d91.9404659?authuser=0&hl=en&rclk=1
Molecular Biology Section Woodland Hospital,Laboratory,"P, Dhankheti, Malki, Shillong, Meghalaya 793001, India",https://www.google.co.kr/maps/place/Molecular+Biology+Section+Woodland+Hospital/data=!4m5!3m4!1s0x37507ea25aaaaaab:0x40de1fc23df177a8!8m2!3d25.5640823!4d91.8922193?authuser=0&hl=en&rclk=1
Krsnaa Diagnostics (Rangthong PHC),Diagnostic center,"89RM+F57, Meghalaya 793114, India",https://www.google.co.kr/maps/place/Krsnaa+Diagnostics+(Rangthong+PHC)/data=!4m5!3m4!1s0x3750b9c6de504a35:0x245173f627380384!8m2!3d25.3411528!4d91.3829231?authuser=0&hl=en&rclk=1
City Dental Clinic,Dental clinic,"Binowa Nagar, Kala Pahar Guwahati, Assam 781001, near Indian Oil Petrol Pump ,Das Service Station, Guwahati, Assam 781018, India",https://www.google.co.kr/maps/place/City+Dental+Clinic/data=!4m5!3m4!1s0x375a5bc4197dd6d7:0x5edd365930adba0e!8m2!3d26.1559902!4d91.7398739?authuser=0&hl=en&rclk=1
District TB Centre,Hospital,"G75F+5GM, Shnong Nongstoiñ, Nongstoin, Meghalaya 793119, India",https://www.google.co.kr/maps/place/District+TB+Centre/data=!4m5!3m4!1s0x3750adc94770450f:0xd6855d63f7d24dce!8m2!3d25.5079678!4d91.2737958?authuser=0&hl=en&rclk=1
"OncoCare Clinic( Dr. Arup Karmakar- MD, DNB) - Best Interventional Oncologist| Best Endovascular Surgeon| Best Cancer Specialist| Best Tumour Specialist in Guwahati| Assam| Nagaland| Manipur| Meghalaya| Arunachal Pradesh",Cancer treatment center,"Vasocare Superspeciality Clinic, Hoouse No 2 Lachit Lane, Rajgarh Rd, Bhangagarh, Guwahati, Assam 781007, India","https://www.google.co.kr/maps/place/OncoCare+Clinic(+Dr.+Arup+Karmakar-+MD,+DNB)+-+Best+Interventional+Oncologist%7C+Best+Endovascular+Surgeon%7C+Best+Cancer+Specialist%7C+Best+Tumour+Specialist+in+Guwahati%7C+Assam%7C+Nagaland%7C+Manipur%7C+Meghalaya%7C+Arunachal+Pradesh/data=!4m5!3m4!1s0x375a59a3f8967f8d:0xee43244cc1744ae1!8m2!3d26.1678098!4d91.7691037?authuser=0&hl=en&rclk=1"
Regional Dental Clinic,Dental clinic,"Bordoichila Bhawan, 3rd Floor, Guwahati Shillong Rd, Bhangagarh, Guwahati, Assam 781032, India",https://www.google.co.kr/maps/place/Regional+Dental+Clinic/data=!4m5!3m4!1s0x375a5976d8c4025b:0x239caceff543821c!8m2!3d26.1675626!4d91.766148?authuser=0&hl=en&rclk=1
Lato's Homeopathic Clinic,Pharmacy,"Streamlet Rd, Laban, Shillong, Meghalaya 793004, India",https://www.google.co.kr/maps/place/Lato's+Homeopathic+Clinic/data=!4m5!3m4!1s0x37507e84c081675d:0xab6e41c3882d4d4f!8m2!3d25.5635217!4d91.8795734?authuser=0&hl=en&rclk=1
Homeo Cure Clinic,Homeopathic pharmacy,"NH6, Ummulong, Meghalaya 793151, India",https://www.google.co.kr/maps/place/Homeo+Cure+Clinic/data=!4m5!3m4!1s0x37500d872375c50b:0xef8e9640de5aa38e!8m2!3d25.519598!4d92.1532593?authuser=0&hl=en&rclk=1
Skin Centre,Skin care clinic,"1st Floor, Aruna Memorial Hospital Building, Rajgarh Rd, SATSANG VIHAR, Bhangagarh, Guwahati, Assam 781005, India",https://www.google.co.kr/maps/place/Skin+Centre/data=!4m5!3m4!1s0x375a5973fbce1647:0x2e3ecb64d9897a7!8m2!3d26.1660796!4d91.7689247?authuser=0&hl=en&rclk=1
"Dr. Arup Karmakar(MD, DNB) Best Endovascular & Interventional Radiologist| | Best Varicose Veins Specialist| Best Vascular Doctor In Guwahati| Assam| Meghalaya| Tripura| Arunachal Pradesh| Nagaland| Manipur",Vascular surgeon,"Lachit Lane, Rajgarh Rd, Guwahati, Assam 781007, India","https://www.google.co.kr/maps/place/Dr.+Arup+Karmakar(MD,+DNB)+Best+Endovascular+%26+Interventional+Radiologist%7C+%7C+Best+Varicose+Veins+Specialist%7C+Best+Vascular+Doctor+In+Guwahati%7C+Assam%7C+Meghalaya%7C+Tripura%7C+Arunachal+Pradesh%7C+Nagaland%7C+Manipur/data=!4m5!3m4!1s0x375a598826efb59f:0x52bb2efa380129a4!8m2!3d26.1677863!4d91.7690022?authuser=0&hl=en&rclk=1"
Kanmih veterinary Clinic,Veterinary pharmacy,"Upper Shillong, Pynthorbah, Shillong, Meghalaya 793001, India",https://www.google.co.kr/maps/place/Kanmih+veterinary+Clinic/data=!4m5!3m4!1s0x37507f1898b0633f:0x29db41c059d61346!8m2!3d25.5841326!4d91.9019024?authuser=0&hl=en&rclk=1
Chhaygaon Homeo Clinic,Doctor,"Ratanpur, NH 17, opposite State Bank of India - Gumi Branch, Chhaygaon, Assam 781124, India",https://www.google.co.kr/maps/place/Chhaygaon+Homeo+Clinic/data=!4m5!3m4!1s0x375a3de2a72d2399:0x4e00a831ddc834ee!8m2!3d26.047772!4d91.386856?authuser=0&hl=en&rclk=1
LIVESTOCK & PET SOLUTION- VET CLINIC,Veterinarian,"Lailad, Nongmynsong, Shillong, Meghalaya 793006, India",https://www.google.co.kr/maps/place/LIVESTOCK+%26+PET+SOLUTION-+VET+CLINIC/data=!4m5!3m4!1s0x37507fcffe55cfa5:0x5c0b6d2bde2104ee!8m2!3d25.5806748!4d91.9062339?authuser=0&hl=en&rclk=1
Sri Sankardeva Nethralaya,Hospital,"96, Basistha Rd, Beltola Tiniali, Saurabh Nagar, Beltola Tiniali, Guwahati, Assam 781028, India",https://www.google.co.kr/maps/place/Sri+Sankardeva+Nethralaya/data=!4m5!3m4!1s0x375a5f2c5cfd94d9:0xc91b49547d24ce7b!8m2!3d26.1212104!4d91.7991049?authuser=0&hl=en&rclk=1
"Heal Care Goalpara, Clinic & Diagnostics",Medical clinic,"Opp. SP Office, Bapuji Nagar, Agia, Road, Goalpara, Assam 783121, India","https://www.google.co.kr/maps/place/Heal+Care+Goalpara,+Clinic+%26+Diagnostics/data=!4m5!3m4!1s0x3759b39ee70dc8f1:0x6108d18875804da5!8m2!3d26.1502761!4d90.6170091?authuser=0&hl=en&rclk=1"
Dental Clinic,Dental clinic,"RG Baruah Rd, GMC Ward Number 44, Chariali, Ganeshguri, Guwahati, Assam 781006, India",https://www.google.co.kr/maps/place/Dental+Clinic/data=!4m5!3m4!1s0x375a5918c170f8d9:0xc66721df347635c4!8m2!3d26.1503389!4d91.7869308?authuser=0&hl=en&rclk=1
Barthakur Clinic Pvt Ltd,Medical clinic,"Barthakur Clinic Rd, Kharghuli Hills, Guwahati, Assam 781004, India",https://www.google.co.kr/maps/place/Barthakur+Clinic+Pvt+Ltd/data=!4m5!3m4!1s0x375a59ecc48218f5:0xe1257b46295116fd!8m2!3d26.1965313!4d91.7672512?authuser=0&hl=en&rclk=1
Aquatic Pet World and Vets clinic,Pet store,"ANADAMATH,TURA BAZAR, Bazaar - Hawakhana Rd, Tura, Meghalaya 794001, India",https://www.google.co.kr/maps/place/Aquatic+Pet+World+and+Vets+clinic/data=!4m5!3m4!1s0x3757f1849364841b:0xe19f485a33590618!8m2!3d25.5133142!4d90.2165603?authuser=0&hl=en&rclk=1
MEGHA HEALTH INSURANCE SCHEME,Government office,"Health Complex, Red Hill Road, Upper New Colony, Laitumkhrah, Shillong, Meghalaya 793003, India",https://www.google.co.kr/maps/place/MEGHA+HEALTH+INSURANCE+SCHEME/data=!4m5!3m4!1s0x37507ebbc5370603:0xbc5ed7f4338b051c!8m2!3d25.5730244!4d91.8969162?authuser=0&hl=en&rclk=1
Ministry of Health & Family Welfare Office of the Additional Director CGHS Nongrim Hills Shillong,Association or organization,"HVCW+9RW, Nongkynrih, Laitumkhrah, Shillong, Meghalaya 793003, India",https://www.google.co.kr/maps/place/Ministry+of+Health+%26+Family+Welfare+Office+of+the+Additional+Director+CGHS+Nongrim+Hills+Shillong/data=!4m5!3m4!1s0x37507ebba66e3005:0xc8fbad6e952ad608!8m2!3d25.5709824!4d91.8970754?authuser=0&hl=en&rclk=1
Shree clinic (Dr Rajiv singh),Doctor,"299M+G68, Salpara, Assam 783120, India",https://www.google.co.kr/maps/place/Shree+clinic+(Dr+Rajiv+singh)/data=!4m5!3m4!1s0x37583992d2384fbf:0xaa612f22a301dfb!8m2!3d26.0187828!4d90.3830752?authuser=0&hl=en&rclk=1
"Health Care Poli Clinic & Diagnostic center,",Private hospital,"3C75+XXW, Sunamganj, Bangladesh","https://www.google.co.kr/maps/place/Health+Care+Poli+Clinic+%26+Diagnostic+center,/data=!4m5!3m4!1s0x3750dbcd85965ab7:0xc902fdfd7c8ba659!8m2!3d25.0649862!4d91.4099387?authuser=0&hl=en&rclk=1"
Bimola Homeopathy,Homeopathic pharmacy,"HVHH+289, Ïewduh, Bara Bazar, Shillong, Meghalaya 793001, India",https://www.google.co.kr/maps/place/Bimola+Homeopathy/data=!4m5!3m4!1s0x37507e8d0334bc47:0x8f1c6c530b9328af!8m2!3d25.5775362!4d91.8783467?authuser=0&hl=en&rclk=1
"Dr. H. Gordon Roberts Hospital, Shillong , Parking lot",Public parking space,"HVPG+568, Jaiaw, Shillong, Meghalaya 793002, India","https://www.google.co.kr/maps/place/Dr.+H.+Gordon+Roberts+Hospital,+Shillong+,+Parking+lot/data=!4m5!3m4!1s0x37507ef4012f439f:0x11a1ea634cf10e02!8m2!3d25.5854235!4d91.8755668?authuser=0&hl=en&rclk=1"
ANIMAL CONCERN Veterinary Care,Veterinarian,"Unnamed Road, 793014, Motinagar, Nongthymmai, Shillong, Meghalaya 793014, India",https://www.google.co.kr/maps/place/ANIMAL+CONCERN+Veterinary+Care/data=!4m5!3m4!1s0x37507ea5da8f4ba3:0xad79c981ad1492f!8m2!3d25.5623215!4d91.8983535?authuser=0&hl=en&rclk=1
Netrajyoti Eye Clinic,Eye care center,"AK Azad Rd, Near NE TV Building, Bishnu Rabha Nagar, Rehabari, Guwahati, Assam 781008, India",https://www.google.co.kr/maps/place/Netrajyoti+Eye+Clinic/data=!4m5!3m4!1s0x375a5bd3466ac9b7:0xa5412fd9d8021b80!8m2!3d26.1718157!4d91.7480308?authuser=0&hl=en&rclk=1
DRISTIDHWANI - EYE & ENT CLINIC (GUWAHATI),Eye care center,"Azara, Opposite Azara PHC 1st FLOOR B C Kakoty Commercial Building, NH: 17, Guwahati, Assam 781017, India",https://www.google.co.kr/maps/place/DRISTIDHWANI+-+EYE+%26+ENT+CLINIC+(GUWAHATI)/data=!4m5!3m4!1s0x375a438c61fb11c1:0xffb5d12d2f12b4e8!8m2!3d26.1244305!4d91.6181245?authuser=0&hl=en&rclk=1
Dr Jyotirmoy Das MD (Psychiatry) (Medicity Guwahati),Psychiatrist,"Medicity Guwahati,dispur hatigaon main road, Opp sankar path near sewali path hatigaon, Guwahati, Assam 781006, India",https://www.google.co.kr/maps/place/Dr+Jyotirmoy+Das+MD+(Psychiatry)+(Medicity+Guwahati)/data=!4m5!3m4!1s0x375a592f7b74d991:0x4f0a515ede107013!8m2!3d26.1361972!4d91.7859534?authuser=0&hl=en&rclk=1
Nemcare Hospital,Hospital,"GS Rd, GMC Ward Number 44, Ganeshguri, Guwahati, Assam 781005, India",https://www.google.co.kr/maps/place/Nemcare+Hospital/data=!4m5!3m4!1s0x375a591889280daf:0x5debda891044a62e!8m2!3d26.149491!4d91.7858011?authuser=0&hl=en&rclk=1
DR Ganesh Das |Dr J N Buragohain | Dr Areendam Barua |Dr Umesh Das |Dr D.K Mondal -Best Oncologist In Guwahati,Oncologist,"Medicity Guwahati Aditya, GS Rd, opp. Down Town Hospital, Dispur, Guwahati, Assam 781006, India",https://www.google.co.kr/maps/place/DR+Ganesh+Das+%7CDr+J+N+Buragohain+%7C+Dr+Areendam+Barua+%7CDr+Umesh+Das+%7CDr+D.K+Mondal+-Best+Oncologist+In+Guwahati/data=!4m5!3m4!1s0x375a592f7ba38c51:0x3fd148efa3958128!8m2!3d26.1385855!4d91.7986489?authuser=0&hl=en&rclk=1
Dr Brojen Barman,Urologist,"Health City Hospital, Uday Nagar, Guwahati, Assam 781022, India",https://www.google.co.kr/maps/place/Dr+Brojen+Barman/data=!4m5!3m4!1s0x375a5f6d4c96ef09:0xabb549d6877f2d5d!8m2!3d26.1170363!4d91.8152927?authuser=0&hl=en&rclk=1
Dr Batra's Homeopathy,Homeopath,"Tribeni Commercial Complex, SN A8, GF, GS Rd, Bhangagarh, Guwahati, Assam 781007, India",https://www.google.co.kr/maps/place/Dr+Batra's+Homeopathy/data=!4m5!3m4!1s0x375a597717792ff9:0x15fe68760b648727!8m2!3d26.1684034!4d91.7656475?authuser=0&hl=en&rclk=1
GNRC Good Health Hospital,Hospital,"Bormotoria, Guwahati, Assam 781006, India",https://www.google.co.kr/maps/place/GNRC+Good+Health+Hospital/data=!4m5!3m4!1s0x375a59d4c3b926fd:0xf0c8ba037b7c7ca3!8m2!3d26.1406644!4d91.796802?authuser=0&hl=en&rclk=1
Apollo Hospitals and Clinic (GHY),Hospital,"Kanchan Rd, South Sarania, Lachit Nagar, Guwahati, Assam 781007, India",https://www.google.co.kr/maps/place/Apollo+Hospitals+and+Clinic+(GHY)/data=!4m5!3m4!1s0x375a596c3c824f37:0x591fe77230cf668b!8m2!3d26.1691983!4d91.7629948?authuser=0&hl=en&rclk=1
Iairi Veterinary Clinic,Veterinarian,"HV84+WQ8, Laimer, Shillong, Meghalaya 793002, India",https://www.google.co.kr/maps/place/Iairi+Veterinary+Clinic/data=!4m5!3m4!1s0x37507fbd685b49fb:0x3ab79bc9f9e050c7!8m2!3d25.5672978!4d91.856953?authuser=0&hl=en&rclk=1
Elegance family dental clinic,Dental clinic,"5Q2X+6V6, Lichubagan, Hengrabari, Guwahati, Assam 781036, India",https://www.google.co.kr/maps/place/Elegance+family+dental+clinic/data=!4m5!3m4!1s0x375a59c9016641a7:0x8278a890c153e044!8m2!3d26.1505252!4d91.7996509?authuser=0&hl=en&rclk=1
Down Town Hospital,General hospital,"GS Rd, Bormotoria, Guwahati, Assam 781006, India",https://www.google.co.kr/maps/place/Down+Town+Hospital/data=!4m5!3m4!1s0x375a58da452a4b35:0x12fc40f65c6d1a5c!8m2!3d26.1391639!4d91.7993515?authuser=0&hl=en&rclk=1
নেমকেয়াৰ চুপাৰ স্পেচেলিটি হাস্পতাল,Hospital,"GMC Hospital Rd, Bhangagarh, Guwahati, Assam 781005, India",https://www.google.co.kr/maps/place/%E0%A6%A8%E0%A7%87%E0%A6%AE%E0%A6%95%E0%A7%87%E0%A7%9F%E0%A6%BE%E0%A7%B0+%E0%A6%9A%E0%A7%81%E0%A6%AA%E0%A6%BE%E0%A7%B0+%E0%A6%B8%E0%A7%8D%E0%A6%AA%E0%A7%87%E0%A6%9A%E0%A7%87%E0%A6%B2%E0%A6%BF%E0%A6%9F%E0%A6%BF+%E0%A6%B9%E0%A6%BE%E0%A6%B8%E0%A7%8D%E0%A6%AA%E0%A6%A4%E0%A6%BE%E0%A6%B2/data=!4m5!3m4!1s0x375a5973cfd6f78f:0x814e2535ffd54a1b!8m2!3d26.1640687!4d91.7689242?authuser=0&hl=en&rclk=1
"Department of Lab Sciences, Military Hospital",Hospital department,"HVHV+C8V, Police Bazar, Shillong, Meghalaya 793001, India","https://www.google.co.kr/maps/place/Department+of+Lab+Sciences,+Military+Hospital/data=!4m5!3m4!1s0x37507ebf710a0651:0xb5d9f2c87d589012!8m2!3d25.5786088!4d91.8932868?authuser=0&hl=en&rclk=1"
NIGHTINGALE HOSPITAL (P) LTD.,Hospital,"GMC Hostel Road, Kachari Basti Rd, Ganeshguri, Guwahati, Assam 781005, India",https://www.google.co.kr/maps/place/NIGHTINGALE+HOSPITAL+(P)+LTD./data=!4m5!3m4!1s0x375a591796cfd309:0xd72ec335e6ec04ca!8m2!3d26.1504653!4d91.7821106?authuser=0&hl=en&rclk=1
The EyeCare Center,Eye care center,"Club, H/No.2, Hedayetpur Rd, Silphukuri, Guwahati, Assam 781003, India",https://www.google.co.kr/maps/place/The+EyeCare+Center/data=!4m5!3m4!1s0x375a5988a519ef3d:0xc8974350748ad7ad!8m2!3d26.1847685!4d91.7581394?authuser=0&hl=en&rclk=1
St. John's Hospital,General hospital,"GMC Hostel Rd, Christian Basti, Guwahati, Assam 781005, India",https://www.google.co.kr/maps/place/St.+John's+Hospital/data=!4m5!3m4!1s0x375a59130a72e479:0xe11558e47003cf81!8m2!3d26.1562364!4d91.7756576?authuser=0&hl=en&rclk=1
Indira IVF Guwahati,Fertility clinic,"3rd Floor, Achyut & Choudury Complex, GS road, Lachit Nagar Main Rd, Ulubari, Guwahati, Assam 781007, India",https://www.google.co.kr/maps/place/Indira+IVF+Guwahati/data=!4m5!3m4!1s0x375a592b5f1a0be7:0x961735016e125d13!8m2!3d26.1712466!4d91.7612073?authuser=0&hl=en&rclk=1
Ayursundra,Diagnostic center,"DNB Plaza, Lachit Nagar, GS Road, near Hanuman Mandir, Guwahati, Assam 781007, India",https://www.google.co.kr/maps/place/Ayursundra/data=!4m5!3m4!1s0x375a5c63f1bd5817:0xbdd890e43351efb2!8m2!3d26.109035!4d91.719325?authuser=0&hl=en&rclk=1
Ministry of Health & Family Welfare,Medical Center,"Secretariat Hills, Shillong, Meghalaya 793001, India",https://www.google.co.kr/maps/place/Ministry+of+Health+%26+Family+Welfare/data=!4m5!3m4!1s0x37507e96c020a81b:0xe3b43d7862ca5064!8m2!3d25.5721783!4d91.8867262?authuser=0&hl=en&rclk=1
Lahun Pharmacy,Pharmacy,"Polo Hills, Pynthorumkhrah, near SBI LIfe, Shillong, Meghalaya 793003, India",https://www.google.co.kr/maps/place/Lahun+Pharmacy/data=!4m5!3m4!1s0x37507ebb02aff82f:0x4673e32db4b3dd80!8m2!3d25.5699765!4d91.8976772?authuser=0&hl=en&rclk=1
Madras Diabetes Centre,Diabetes center,"R.G Baruah Rd, Zoo Rd, H.R Path Zoo Road Tiniali Bus Stop, Near Decora Binah Bhawan, Zoo Road Tinali, Zoo, Tiniali, Guwahati, Assam 781003, India",https://www.google.co.kr/maps/place/Madras+Diabetes+Centre/data=!4m5!3m4!1s0x375a59a10050fc61:0x5b785c866843d371!8m2!3d26.1754307!4d91.7759801?authuser=0&hl=en&rclk=1
Midland Hospital,Hospital,"Bye Lane 5, Sree Nagar, Guwahati, Assam 781005, India",https://www.google.co.kr/maps/place/Midland+Hospital/data=!4m5!3m4!1s0x375a590e381a83c1:0xd9b7870d8ec4a0d2!8m2!3d26.1617987!4d91.7798652?authuser=0&hl=en&rclk=1
Patna Orthopedic and Trauma Hospital,Hospital,"Bylane Number 3, Chandan Nagar, Beltola Tiniali, Guwahati, Assam 781028, India",https://www.google.co.kr/maps/place/Patna+Orthopedic+and+Trauma+Hospital/data=!4m5!3m4!1s0x375a5979c1b6d655:0x550cad826d47e9ce!8m2!3d26.1276175!4d91.7996405?authuser=0&hl=en&rclk=1
"Dr Nripen Saikia, Best Gastroenterologist in Guwahati, Digestive Disease, Liver Specialist, Gastro Doctor",Gastroenterologist,"Matrix Diagnostic Centre, Nexia Park, Opp Sant John's Hospital, Christian Basti, Guwahati, Assam 781006, India","https://www.google.co.kr/maps/place/Dr+Nripen+Saikia,+Best+Gastroenterologist+in+Guwahati,+Digestive+Disease,+Liver+Specialist,+Gastro+Doctor/data=!4m5!3m4!1s0x375a5913d37be13b:0x9463780b07b8be1e!8m2!3d26.1573594!4d91.7778993?authuser=0&hl=en&rclk=1"
Dr. Dilip Kumar Deka (RELAINCE CLINIC) - Laparoscopic Surgeon in Guwahati | Piles Treatment / Fistula & Varicose Veins Treatment,Surgeon,"FA Rd, near Pucca Masjid, Machkhowa, Guwahati, Assam 781001, India",https://www.google.co.kr/maps/place/Dr.+Dilip+Kumar+Deka+(RELAINCE+CLINIC)+-+Laparoscopic+Surgeon+in+Guwahati+%7C+Piles+Treatment+%2F+Fistula+%26+Varicose+Veins+Treatment/data=!4m5!3m4!1s0x375a5976401ae711:0xe440eaaefe5486ff!8m2!3d26.170886!4d91.7672396?authuser=0&hl=en&rclk=1
Satribari Christian Hospital,General hospital,"1st, Chatribari Rd, New Market Area, Chatribari, Guwahati, Assam 781008, India",https://www.google.co.kr/maps/place/Satribari+Christian+Hospital/data=!4m5!3m4!1s0x375a5a2db8c5aab9:0x5e1f327d8c0f3721!8m2!3d26.176975!4d91.7461206?authuser=0&hl=en&rclk=1
Nawka Hearing Aid Centre,Hearing aid store,"Police Point, Laitumkhrah Police Point 1st Floor, Beside Meghalaya Cooperative Apex Bank Near Nazareth Hospital, Laitumkhrah, Shillong, Meghalaya 793003, India",https://www.google.co.kr/maps/place/Nawka+Hearing+Aid+Centre/data=!4m5!3m4!1s0x37507f5477d0b579:0xecab715956c6a46c!8m2!3d25.5710286!4d91.8970284?authuser=0&hl=en&rclk=1
Dr B Borooah Cancer Institute,Cancer treatment center,"AK Azad Road, Gopinath Nagar Rd, Bishnu Rabha Nagar, Guwahati, Assam 781016, India",https://www.google.co.kr/maps/place/Dr+B+Borooah+Cancer+Institute/data=!4m5!3m4!1s0x375a5bd103f9ba43:0xe8245801126d3809!8m2!3d26.1646004!4d91.7469655?authuser=0&hl=en&rclk=1
Authentic Physiotherapy Clinic,Physical therapist,"Palacia Park, Survey Exotica, beside Central Nursing Home, Basisthpur, Guwahati, Assam 781038, India",https://www.google.co.kr/maps/place/Authentic+Physiotherapy+Clinic/data=!4m5!3m4!1s0x375a59acc55c9b5f:0x8652c15e1f598efb!8m2!3d26.1302656!4d91.795231?authuser=0&hl=en&rclk=1
Sanjevani Hospital,General hospital,"Assam Trunk Rd, Maligaon, Guwahati, Assam 781011, India",https://www.google.co.kr/maps/place/Sanjevani+Hospital/data=!4m5!3m4!1s0x375a5b0f59b266d1:0x4e54b29a384d37d!8m2!3d26.1612019!4d91.7094117?authuser=0&hl=en&rclk=1
Unani Clinic Hamdard/Piles/Kidney Stone/Leucoderma/Sexologist Clinic,Alternative medicine practitioner,"Hatigaon Main Rd, Near Police Station, Hatigaon, Guwahati, Assam 781038, India",https://www.google.co.kr/maps/place/Unani+Clinic+Hamdard%2FPiles%2FKidney+Stone%2FLeucoderma%2FSexologist+Clinic/data=!4m5!3m4!1s0x375a592cf2e9b563:0xbce6cca220d4d9d4!8m2!3d26.1272679!4d91.7866697?authuser=0&hl=en&rclk=1
Apollo Hospitals,Hospital,"Lotus Tower, International Hospitals, GS Rd, Christian Basti, Guwahati, Assam 781005, India",https://www.google.co.kr/maps/place/Apollo+Hospitals/data=!4m5!3m4!1s0x375a59d33f53f3bf:0xd15d18fec81f6c71!8m2!3d26.1540453!4d91.781269?authuser=0&hl=en&rclk=1
Tiehjan,Agricultural,"Nongstoin, Meghalaya 793119",https://www.google.co.kr/maps/place/Tiehjan/data=!4m5!3m4!1s0x3750adb562496d69:0x8f29c1c09b0e8f1!8m2!3d25.5132279!4d91.2699979?authuser=0&hl=en&rclk=1
Excelcare hospital,Hospital,"4M8M+M4V, Boragaon, Guwahati, Assam 781018, India",https://www.google.co.kr/maps/place/Excelcare+hospital/data=!4m5!3m4!1s0x375a5de3c299e057:0x36b6e5409b1220a5!8m2!3d26.1167357!4d91.6827951?authuser=0&hl=en&rclk=1
Dr Intekhab Alam Heart Care,Hospital,"Excelcare Hospital, Paschim Boragaon National Highway 37, near गनेश मंदिर, Guwahati, Assam 781033, India",https://www.google.co.kr/maps/place/Dr+Intekhab+Alam+Heart+Care/data=!4m5!3m4!1s0x375a5b266969f5e1:0x7413ee2842f94321!8m2!3d26.1277778!4d91.6811383?authuser=0&hl=en&rclk=1
Appy's Veterinary hospital,Veterinarian,"Upper Chachal, House no 2, Maheswar Teron Path, Mahapurush Madhabdev Path, near Bank of India, Six Mile, Guwahati, Assam 781022, India",https://www.google.co.kr/maps/place/Appy's+Veterinary+hospital/data=!4m5!3m4!1s0x375a593ef32cd0c7:0x2bf5a216b5f64189!8m2!3d26.1443911!4d91.8114934?authuser=0&hl=en&rclk=1
JYNGKYRMEN HOMOEOPATHIC SPECIALITYCLINIC,Homeopathic pharmacy,"Happy Valley, near Taxi Stand, Madanryting, Shillong, Meghalaya 793021, India",https://www.google.co.kr/maps/place/JYNGKYRMEN+HOMOEOPATHIC+SPECIALITYCLINIC/data=!4m5!3m4!1s0x375079dcb65f8781:0x663fc4954aa90654!8m2!3d25.5566139!4d91.9119553?authuser=0&hl=en&rclk=1
All India Radio Nongstoiñ,Radio broadcaster,"NH 44E, Upper New-Nongstoin, Nongstoin, Meghalaya 793119, India",https://www.google.co.kr/maps/place/All+India+Radio+Nongstoi%C3%B1/data=!4m5!3m4!1s0x3750ac36662bd51f:0x1c536a3f3ce07e92!8m2!3d25.5223958!4d91.2716712?authuser=0&hl=en&rclk=1
