Company_Name,Category,Address,Url
"Mayo Medical Centre Pvt. Ltd. Best Neurology Hospital in UP, NICU, Top Hospital Lucknow , Best I.C.U. Care",Hospital,"Vikaskhand 2, Vikas Khand, Gomti Nagar, Lucknow, Uttar Pradesh 226010, India","https://www.google.co.kr/maps/place/Mayo+Medical+Centre+Pvt.+Ltd.+Best+Neurology+Hospital+in+UP,+NICU,+Top+Hospital+Lucknow+,+Best+I.C.U.+Care/data=!4m5!3m4!1s0x399be377fe6fdcd9:0xae36765553d9b2e5!8m2!3d26.8511471!4d80.996555?authuser=0&hl=en&rclk=1"
Apollo Hospital,General hospital,"SH 67, Krishna Colony, Azamgarh, Uttar Pradesh 276001, India",https://www.google.co.kr/maps/place/Apollo+Hospital/data=!4m5!3m4!1s0x3991bd750ea90d99:0x59bbd8783b13107b!8m2!3d26.039202!4d83.1884702?authuser=0&hl=en&rclk=1
Jagrani hospital,General hospital,"C 50 51, Trimurti Gram, Ring Road, Kalyanpur, Kalyanpur, Lucknow, Uttar Pradesh 226022, India",https://www.google.co.kr/maps/place/Jagrani+hospital/data=!4m5!3m4!1s0x399957e8e933e3ef:0x73074e41435e451c!8m2!3d26.8977973!4d80.9688189?authuser=0&hl=en&rclk=1
United Medicity - Hospital & Medical College | Best Hospital in Uttar Pradesh | Top Medical College in India,Hospital,"Rawatpur, near Prayagraj, Airport, Prayagraj, Uttar Pradesh 211012, India",https://www.google.co.kr/maps/place/United+Medicity+-+Hospital+%26+Medical+College+%7C+Best+Hospital+in+Uttar+Pradesh+%7C+Top+Medical+College+in+India/data=!4m5!3m4!1s0x3985334193e95509:0x408710460092bae6!8m2!3d25.3960202!4d81.7567828?authuser=0&hl=en&rclk=1
Medwell Hospital,General hospital,"Burlington Crossing, 37, Cantonment Rd, Lucknow, Uttar Pradesh 226001, India",https://www.google.co.kr/maps/place/Medwell+Hospital/data=!4m5!3m4!1s0x399bfdaec3e250bf:0xad36a89da078eb0a!8m2!3d26.8418907!4d80.9369761?authuser=0&hl=en&rclk=1
Medanta Lucknow Hospital,Private hospital,"Amar Shaheed Path, Golf City, Pocket - 1, Sector A, Lucknow, Uttar Pradesh 226030, India",https://www.google.co.kr/maps/place/Medanta+Lucknow+Hospital/data=!4m5!3m4!1s0x399bfb82324729c5:0xe9a763e42036ca6!8m2!3d26.7778186!4d80.9856763?authuser=0&hl=en&rclk=1
Care Hospital,General hospital,"504/11, Daliganj Crossing, Daliganj Crossing, Near Daliganj Chauraha, Sitapur Road, Lucknow, Uttar Pradesh 226021, India",https://www.google.co.kr/maps/place/Care+Hospital/data=!4m5!3m4!1s0x399bfd886adec2d7:0xdbdd7b840ecc5292!8m2!3d26.88022!4d80.93061?authuser=0&hl=en&rclk=1
Metro Rishidev Hospital,General hospital,"Amara Village, Bari bazar, Varanasi, Uttar Pradesh 221106, India",https://www.google.co.kr/maps/place/Metro+Rishidev+Hospital/data=!4m5!3m4!1s0x398e33ad6c04b1a9:0x16563dd963898c0f!8m2!3d25.2562819!4d82.9599269?authuser=0&hl=en&rclk=1
Lucknow Hospital,Private hospital,"B-1, Kanpur - Lucknow Rd, Sindhu Nagar, Behind, Krishna Nagar, Kotwali, Lucknow, Uttar Pradesh 226023, India",https://www.google.co.kr/maps/place/Lucknow+Hospital/data=!4m5!3m4!1s0x399bfeaf08e1fa3b:0x1ca18dae3e4d56fd!8m2!3d26.795475!4d80.89065?authuser=0&hl=en&rclk=1
"Yatharth Super Speciality Hospital, Greater Noida",Hospital,"Omega-I, Plot No 32, MG Rd, Greater Noida, Uttar Pradesh 201309, India","https://www.google.co.kr/maps/place/Yatharth+Super+Speciality+Hospital,+Greater+Noida/data=!4m5!3m4!1s0x390cc1ce99e3efd3:0xfece78811e1e067a!8m2!3d28.4516298!4d77.5096993?authuser=0&hl=en&rclk=1"
Tej Bahadur Sapru Hospital Prayagraj,Government hospital,"Stanley Rd, Opp.Erny Memorial School, Beli Goan, Prayagraj, Uttar Pradesh 211002, India",https://www.google.co.kr/maps/place/Tej+Bahadur+Sapru+Hospital+Prayagraj/data=!4m5!3m4!1s0x399aca8d6e80d977:0x6aabe3e3b2f92e0d!8m2!3d25.4726252!4d81.8463267?authuser=0&hl=en&rclk=1
Chandni Hospital,General hospital,"9/60, Arya Nagar Rd, Khalasi Line, Arya Nagar, Kanpur, Uttar Pradesh 208002, India",https://www.google.co.kr/maps/place/Chandni+Hospital/data=!4m5!3m4!1s0x399c3889cfffffff:0xa26d88ec34838493!8m2!3d26.479653!4d80.3224353?authuser=0&hl=en&rclk=1
Metro Hospital,General hospital,"B-1, Kanchana Bihari Marg, Rajiv Nager, Lucknow, Uttar Pradesh 226022, India",https://www.google.co.kr/maps/place/Metro+Hospital/data=!4m5!3m4!1s0x399957ec32c0c5af:0x5d16d9c72fa1a0b5!8m2!3d26.9028333!4d80.9732244?authuser=0&hl=en&rclk=1
Fortis Hospital,Hospital,"Bhram Puri, Ghukna, Noida, Uttar Pradesh 201003, India",https://www.google.co.kr/maps/place/Fortis+Hospital/data=!4m5!3m4!1s0x390cf05476663d6b:0x47ce548e048d4886!8m2!3d28.6828733!4d77.420425?authuser=0&hl=en&rclk=1
Nova Hospital Lucknow | Top 5 Private Hospital in Lucknow | Best Private Hospital in Lucknow,Hospital,"Patrakarpuram Crossing Rd, Vikas Khand 1, Vishal Khand, Gomti Nagar, Lucknow, Uttar Pradesh 226010, India",https://www.google.co.kr/maps/place/Nova+Hospital+Lucknow+%7C+Top+5+Private+Hospital+in+Lucknow+%7C+Best+Private+Hospital+in+Lucknow/data=!4m5!3m4!1s0x399be30ac083b3e9:0xf998dd844db816b2!8m2!3d26.8512762!4d80.9991587?authuser=0&hl=en&rclk=1
"Metro Hospital & Heart Institute, Meerut UP",Hospital,"No 47, G - 5, Boundary Rd, Lal Kurti, Jawahar Quarters, Jawahar Nagar, Meerut, Uttar Pradesh 250001, India","https://www.google.co.kr/maps/place/Metro+Hospital+%26+Heart+Institute,+Meerut+UP/data=!4m5!3m4!1s0x399957edcd4b4959:0x541b6b990d9da976!8m2!3d28.9962847!4d77.7085546?authuser=0&hl=en&rclk=1"
Columbia Asia Hospital - Ghaziabad,General hospital,"NH-24, Hapur Rd, near Landcraft Golflinks, Pandav Nagar, Ghaziabad, Uttar Pradesh 201002, India",https://www.google.co.kr/maps/place/Columbia+Asia+Hospital+-+Ghaziabad/data=!4m5!3m4!1s0x390cf202e418049d:0x496e4e07711af556!8m2!3d28.655143!4d77.4724488?authuser=0&hl=en&rclk=1
B N K Hospital,General hospital,"B1/196, Indira Nagari, CSIR Colony, Nirala Nagar, Lucknow, Uttar Pradesh 226020, India",https://www.google.co.kr/maps/place/B+N+K+Hospital/data=!4m5!3m4!1s0x399bfd87cf2249d1:0xc7e821450861bbfb!8m2!3d26.879582!4d80.932756?authuser=0&hl=en&rclk=1
Guru Kripa Jagrati Hospital & Research Centre Pvt. Ltd.,General hospital,"124/A/1, Thornhill Road, Near Lok Seva Ayog Chauraha, near Public Service Commission, Uttar Pradesh 211001, India",https://www.google.co.kr/maps/place/Guru+Kripa+Jagrati+Hospital+%26+Research+Centre+Pvt.+Ltd./data=!4m5!3m4!1s0x399acac200541733:0x3b587cba8e89f4ae!8m2!3d25.4584312!4d81.840347?authuser=0&hl=en&rclk=1
Hospital,Hospital,"25P2+GP9, Mallawan, Uttar Pradesh 241303, India",https://www.google.co.kr/maps/place/Hospital/data=!4m5!3m4!1s0x399e888da811031d:0x643787d64ab3072f!8m2!3d27.0362831!4d80.1518726?authuser=0&hl=en&rclk=1
Anand Hospital,Private hospital,"A-1, Damodor Colony, Garh Road, Near Medical College, Meerut, Uttar Pradesh 250002, India",https://www.google.co.kr/maps/place/Anand+Hospital/data=!4m5!3m4!1s0x390c7b5275d7bc55:0x90d9aa7a9c56056d!8m2!3d28.9616085!4d77.7459573?authuser=0&hl=en&rclk=1
Zenith Hospital,General hospital,"503/786, Hashmi House, Nadwa College Road, Mukarimnagar, Hasanganj, Lucknow, Uttar Pradesh 226007, India",https://www.google.co.kr/maps/place/Zenith+Hospital/data=!4m5!3m4!1s0x399bfd9101016c93:0x9419b18d82f5cc36!8m2!3d26.8669343!4d80.9289173?authuser=0&hl=en&rclk=1
Astha Hospital,Hospital,"R-11, Sector 12, VAKEEL COLONY, Pratap Vihar, Ghaziabad, Uttar Pradesh 201001, India",https://www.google.co.kr/maps/place/Astha+Hospital/data=!4m5!3m4!1s0x390cf02a54a81239:0x4eee99768df09fe7!8m2!3d28.6454858!4d77.4210152?authuser=0&hl=en&rclk=1
Shalimar hospital Trauma Centre,Hospital,"Block A A-989 Captain Aditya Mishra Marg, near Shalimar Chauraha, Lucknow, Uttar Pradesh 226016, India",https://www.google.co.kr/maps/place/Shalimar+hospital+Trauma+Centre/data=!4m5!3m4!1s0x399bfd50f5c4c4b3:0x748be26467a9fd96!8m2!3d26.876143!4d80.977736?authuser=0&hl=en&rclk=1
Midland Healthcare & Research Center | Best Hospital in Lucknow,Hospital,"B-55 &, C-42, Mandir Marg, Mahanagar Extension, Mahanagar, Lucknow, Uttar Pradesh 226006, India",https://www.google.co.kr/maps/place/Midland+Healthcare+%26+Research+Center+%7C+Best+Hospital+in+Lucknow/data=!4m5!3m4!1s0x399bfd7b47f26f41:0xde21ace3c83c05d0!8m2!3d26.8802174!4d80.9502432?authuser=0&hl=en&rclk=1
Sahara Hospital,Hospital,"Sahara Hospital Rd, Viraj Khand - 1, Viraj Khand, Gomti Nagar, Lucknow, Uttar Pradesh 226010, India",https://www.google.co.kr/maps/place/Sahara+Hospital/data=!4m5!3m4!1s0x3990e4dffcc4248f:0x75c3e0cdfb2cb5bd!8m2!3d26.8497858!4d81.0234699?authuser=0&hl=en&rclk=1
THE APOLLO HOSPITAL,Hospital,"M5QJ+FJ3, Tamakuhi Raj, Uttar Pradesh 274407, India",https://www.google.co.kr/maps/place/THE+APOLLO+HOSPITAL/data=!4m5!3m4!1s0x399398adec44eb09:0xf5d0ba140717f99d!8m2!3d26.6886425!4d84.1815447?authuser=0&hl=en&rclk=1
Sir Sunderlal Hospital,General hospital,"Banaras Hindu University, Semi Cir Rd Number 4, Bhogabir, Varanasi, Uttar Pradesh 221005, India",https://www.google.co.kr/maps/place/Sir+Sunderlal+Hospital/data=!4m5!3m4!1s0x398e318ef0099d2b:0x33f38937468a97dd!8m2!3d25.276434!4d82.9996431?authuser=0&hl=en&rclk=1
Nishat Hospital,General hospital,"Mosque, 3, J.C.Bose Marg, Kaiserbagh Officer's Colony, Lalbagh, Lucknow, Uttar Pradesh 226001, India",https://www.google.co.kr/maps/place/Nishat+Hospital/data=!4m5!3m4!1s0x399bfda436a3a617:0xcd75e98e07d9c9d3!8m2!3d26.850395!4d80.9363042?authuser=0&hl=en&rclk=1
Popular Hospital Varanasi,Hospital,"N-10/60, A-2, D.L.W. Road, near Flyover, Janaki Nagar Colony, Kakarmata, Varanasi, Uttar Pradesh 221004, India",https://www.google.co.kr/maps/place/Popular+Hospital+Varanasi/data=!4m5!3m4!1s0x398e326d171ec8b9:0xf996b29293133cb9!8m2!3d25.2926563!4d82.9704339?authuser=0&hl=en&rclk=1
PANACEA HOSPITAL,General hospital,"4C, 1076, GomtiNagar, Gomti Nagar, Lucknow, Uttar Pradesh 226010, India",https://www.google.co.kr/maps/place/PANACEA+HOSPITAL/data=!4m5!3m4!1s0x399be2cdbe5d3e0f:0x49f7f6d1d95c61f9!8m2!3d26.8212106!4d81.0121503?authuser=0&hl=en&rclk=1
hospital,Hospital,"Bahraich Rd, Lalpur,Jalalpur, Uttar Pradesh 271903, India",https://www.google.co.kr/maps/place/hospital/data=!4m5!3m4!1s0x3999a18c91c74069:0x1e565a675dbc2f65!8m2!3d27.3327236!4d81.5295571?authuser=0&hl=en&rclk=1
Vidhya Hospitals & Trauma Centre,General hospital,"Harikansh Garhi Raibareli, Raebareli - Lucknow Rd, Lucknow, Uttar Pradesh 226301, India",https://www.google.co.kr/maps/place/Vidhya+Hospitals+%26+Trauma+Centre/data=!4m5!3m4!1s0x399bfaffda6fffdb:0xb98751119fae905f!8m2!3d26.718!4d80.966655?authuser=0&hl=en&rclk=1
Divine Heart & Multispeciality Hospital,Heart hospital,"Viraj Khand Rd, Viraj Khand - 5, Institutional Area, Gomti Nagar, Lucknow, Uttar Pradesh 226010, India",https://www.google.co.kr/maps/place/Divine+Heart+%26+Multispeciality+Hospital/data=!4m5!3m4!1s0x399be2f3d2796549:0x449251352fb3e3a6!8m2!3d26.8592175!4d81.0232294?authuser=0&hl=en&rclk=1
Apollo Hospital And Maternity Sewa Aashram,Hospital,"SH 1A, Mahariya, Naugarh, Uttar Pradesh 272207, India",https://www.google.co.kr/maps/place/Apollo+Hospital+And+Maternity+Sewa+Aashram/data=!4m5!3m4!1s0x3996c5e1fd575e45:0xb17444a9d0cf6129!8m2!3d27.2657747!4d83.0834607?authuser=0&hl=en&rclk=1
Chhatrapati Shivaji Subharti Hospital,General hospital,"Meerut, Uttar Pradesh 250002, India",https://www.google.co.kr/maps/place/Chhatrapati+Shivaji+Subharti+Hospital/data=!4m5!3m4!1s0x390c669623f9406d:0xbdfd675d806fb179!8m2!3d28.9614131!4d77.6381957?authuser=0&hl=en&rclk=1
SGPGI Chowk,General hospital,"PXW2+V53, Haibat Mau Mawaiya, Vrindavan Colony, Lucknow, Uttar Pradesh 226014, India",https://www.google.co.kr/maps/place/SGPGI+Chowk/data=!4m5!3m4!1s0x399bfb03bd3bf5f3:0x9b7be70c54721335!8m2!3d26.7471269!4d80.9504279?authuser=0&hl=en&rclk=1
Hospital,Hospital,"Azad Nagar Rd, Saketpuri, Ramprasad Bismil Nagar, Alambagh, Lucknow, Uttar Pradesh 226005, India",https://www.google.co.kr/maps/place/Hospital/data=!4m5!3m4!1s0x399bfc17779a090f:0x23400c5665d64571!8m2!3d26.8073312!4d80.9104653?authuser=0&hl=en&rclk=1
Rida Hospital,General hospital,"301/1, near KK Palace, Sector 9, Vikas Nagar, Lucknow, Uttar Pradesh 226022, India",https://www.google.co.kr/maps/place/Rida+Hospital/data=!4m5!3m4!1s0x399957dc2f0e187b:0x9db718316ff2c5f7!8m2!3d26.8896778!4d80.9623683?authuser=0&hl=en&rclk=1
Government Hospital,Government hospital,"WF2C+5C6, Danishmandan, Amroha, Uttar Pradesh 244221, India",https://www.google.co.kr/maps/place/Government+Hospital/data=!4m5!3m4!1s0x390b080b0c92211f:0x9f5b6d5b2885d8bb!8m2!3d28.9004028!4d78.471026?authuser=0&hl=en&rclk=1
Care Hospital,Hospital,"Unnamed Road, Keshav Nagar, Fazullaganj, Lucknow, Uttar Pradesh 226020, India",https://www.google.co.kr/maps/place/Care+Hospital/data=!4m5!3m4!1s0x3999563095513325:0x7d5c76282aadacd3!8m2!3d26.89795!4d80.9331866?authuser=0&hl=en&rclk=1
Hospital,Hospital,"PWRX+6C9, Moth Rural, Uttar Pradesh 284303, India",https://www.google.co.kr/maps/place/Hospital/data=!4m5!3m4!1s0x3977b9412e60c9cd:0x3ee867c8bf9fbafe!8m2!3d25.7405325!4d78.948623?authuser=0&hl=en&rclk=1
Rama Hospital & Research Centre,Hospital,"A/1-8, Lakhanpur, (Near Kanpur University), Kanpur, Uttar Pradesh 208024, India",https://www.google.co.kr/maps/place/Rama+Hospital+%26+Research+Centre/data=!4m5!3m4!1s0x399c37888437d50b:0xb05d11e0da610538!8m2!3d26.4989646!4d80.2737297?authuser=0&hl=en&rclk=1
Jaypee Hospital - Multispeciality Hospital in Noida,Private hospital,"Jaypee Hospital Rd, Goberdhanpur, Sector 128, Noida, Uttar Pradesh 201304, India",https://www.google.co.kr/maps/place/Jaypee+Hospital+-+Multispeciality+Hospital+in+Noida/data=!4m5!3m4!1s0x390ce66a55555555:0xecd13afcb2e7cb44!8m2!3d28.5154379!4d77.3714472?authuser=0&hl=en&rclk=1
Bhargava Hospital,Hospital,"15/263, Civil Lines, Kanpur, Uttar Pradesh 208001, India",https://www.google.co.kr/maps/place/Bhargava+Hospital/data=!4m5!3m4!1s0x399c38a8bfffffff:0x334c853f72cd32f2!8m2!3d26.4743613!4d80.3501461?authuser=0&hl=en&rclk=1
Dhanvantri Jeevan Rekha,General hospital,"1, Alvi Rd, Saket, Meerut, Uttar Pradesh 250001, India",https://www.google.co.kr/maps/place/Dhanvantri+Jeevan+Rekha/data=!4m5!3m4!1s0x390c64dfaca9c4f9:0xefc7be0ea3945647!8m2!3d28.9891351!4d77.7248275?authuser=0&hl=en&rclk=1
PGI Hospital Lucknow,General hospital,"Vibhuti Khand, Gomti Nagar, Lucknow, Uttar Pradesh 226010, India",https://www.google.co.kr/maps/place/PGI+Hospital+Lucknow/data=!4m5!3m4!1s0x399be2b076ffffff:0xacd7131aad2d9fbe!8m2!3d26.8723892!4d80.9979849?authuser=0&hl=en&rclk=1
Balrampur Hospital,Government hospital,"Qaisar Bagh, Lucknow, Uttar Pradesh 226018, India",https://www.google.co.kr/maps/place/Balrampur+Hospital/data=!4m5!3m4!1s0x399bfd01574d28d9:0x920ffcb9a65bc4c0!8m2!3d26.8569179!4d80.9266477?authuser=0&hl=en&rclk=1
Life Line Hospital,Hospital,"Raybareli Road, R.B.L. Road Utrathiya, Near Sardar Patel Dental College, Utrathia, Lucknow, Uttar Pradesh 226003, India",https://www.google.co.kr/maps/place/Life+Line+Hospital/data=!4m5!3m4!1s0x399bfd8861f04c83:0x78a33aa11dd1b95c!8m2!3d26.8789!4d80.93076?authuser=0&hl=en&rclk=1
Nayati Medicity,Private hospital,"NH 19, Mathura Road, Goverdhan Bypass, Nayati Mor, Chhatikara, Uttar Pradesh 281001, India",https://www.google.co.kr/maps/place/Nayati+Medicity/data=!4m5!3m4!1s0x3973716a5fce7f79:0xf7dee13d1b3fdbbc!8m2!3d27.5343992!4d77.6589024?authuser=0&hl=en&rclk=1
Metro Hospital,Hospital,"Tuslidas Marg Chowk, Tuslidas Marg Chowk, Chowk, Chowk, Lucknow, Uttar Pradesh 226003, India",https://www.google.co.kr/maps/place/Metro+Hospital/data=!4m5!3m4!1s0x399bfdefc81c81b1:0x9a8ac796d5a625f8!8m2!3d26.86743!4d80.91184?authuser=0&hl=en&rclk=1
"Metro Cancer Institute in Noida, Uttar Pradesh",Hospital,"Metro Centre for Diabetes & Metabolism OPD: Ground Floor, Room No.4 Multispeciality Wing): L - 94, Sector 11, Noida, Uttar Pradesh 201301, India","https://www.google.co.kr/maps/place/Metro+Cancer+Institute+in+Noida,+Uttar+Pradesh/data=!4m5!3m4!1s0x390ce5193cdbeb51:0x14fa62d8ac7ca80d!8m2!3d28.5985755!4d77.3339641?authuser=0&hl=en&rclk=1"
Sarojini Nagar Hospital,Government hospital,"QV28+9RG, Sarojini Nagar, Lucknow, Uttar Pradesh 226008, India",https://www.google.co.kr/maps/place/Sarojini+Nagar+Hospital/data=!4m5!3m4!1s0x399bf910416c9147:0x538fb34671109069!8m2!3d26.7509277!4d80.8670709?authuser=0&hl=en&rclk=1
Asopa Hospital & Research Centre,Hospital,"Gailana Road, Off, Bypass, Agra, Uttar Pradesh 282007, India",https://www.google.co.kr/maps/place/Asopa+Hospital+%26+Research+Centre/data=!4m5!3m4!1s0x3974777e68751bbb:0x1f02f28dd51feb7b!8m2!3d27.2148962!4d77.9782149?authuser=0&hl=en&rclk=1
Care Hospital,Hospital,"Akbari Gate Nakhas, Akbari Gate, 401/33, Hakim Abdul Aziz Rd, Chowk, Lucknow, Uttar Pradesh 226003, India",https://www.google.co.kr/maps/place/Care+Hospital/data=!4m5!3m4!1s0x399bfde512142647:0x147507c9b6af742a!8m2!3d26.86651!4d80.90805?authuser=0&hl=en&rclk=1
Care Hospital,Hospital,"27/144, Panchkuiyan Rd, Ashok Nagar, Shahganj, Agra, Uttar Pradesh 282002, India",https://www.google.co.kr/maps/place/Care+Hospital/data=!4m5!3m4!1s0x39747722a44988f7:0x3983228c566772c1!8m2!3d27.1830925!4d77.9971448?authuser=0&hl=en&rclk=1
Plus Hospital,Hospital,"Victoria St, Chowk, Lucknow, Uttar Pradesh 226003, India",https://www.google.co.kr/maps/place/Plus+Hospital/data=!4m5!3m4!1s0x399bfde664ba6f3f:0xb8136469b3344de0!8m2!3d26.86196!4d80.90735?authuser=0&hl=en&rclk=1
balrampur hospital,Hospital,"2WM5+GR3, Devari Rokhara, Uttar Pradesh 226203, India",https://www.google.co.kr/maps/place/balrampur+hospital/data=!4m5!3m4!1s0x3999518fde555559:0x2d3b69db35d4716a!8m2!3d27.0337675!4d80.9095397?authuser=0&hl=en&rclk=1
KRISHNA MEDICAL CENTRE,General hospital,"1, Rana Pratap Marg, Hazratganj, Lucknow, Uttar Pradesh 226001, India",https://www.google.co.kr/maps/place/KRISHNA+MEDICAL+CENTRE/data=!4m5!3m4!1s0x399bfda196e0ae85:0x1e5bc1bbb54958d0!8m2!3d26.8566638!4d80.9385516?authuser=0&hl=en&rclk=1
7 Air Force Hospital,Hospital,"Cantonment, Gale Rd, Kanpur, Uttar Pradesh 208001, India",https://www.google.co.kr/maps/place/7+Air+Force+Hospital/data=!4m5!3m4!1s0x399c40c815a4d235:0x1622ca468f6386f6!8m2!3d26.4466442!4d80.3756516?authuser=0&hl=en&rclk=1
Government hospital (Tuberculosis ) Hospital,Hospital,"Hardoi Rd, Thakurganj, Basant Vihar Colony, Lucknow, Uttar Pradesh 226003, India",https://www.google.co.kr/maps/place/Government+hospital+(Tuberculosis+)+Hospital/data=!4m5!3m4!1s0x399bfe0703efc709:0x708092888ee58699!8m2!3d26.870983!4d80.8965909?authuser=0&hl=en&rclk=1
Fortis Hospital,Hospital,"22, Sector Rd, Sector 124, Noida, Uttar Pradesh 201313, India",https://www.google.co.kr/maps/place/Fortis+Hospital/data=!4m5!3m4!1s0x390ce42f4711b821:0xa097c9891f158cd4!8m2!3d28.5481736!4d77.3222309?authuser=0&hl=en&rclk=1
Metro Hospitals & Heart Institute,Hospital,"Block X, 1, Vyapar Marg, Block X, Sector 12, Noida, Uttar Pradesh 201301, India",https://www.google.co.kr/maps/place/Metro+Hospitals+%26+Heart+Institute/data=!4m5!3m4!1s0x390ce503819fdeb9:0x294767fd7eaff465!8m2!3d28.5973838!4d77.3379543?authuser=0&hl=en&rclk=1
"Uttar Pradesh University of Medical Sciences, Saifai, Etawah",Government hospital,"Off, Kurawali - Mainpuri - Etawah Rd, Saifai, Uttar Pradesh 206130, India","https://www.google.co.kr/maps/place/Uttar+Pradesh+University+of+Medical+Sciences,+Saifai,+Etawah/data=!4m5!3m4!1s0x3975c15fa87453d7:0x9c960d985e13cb8b!8m2!3d26.9608394!4d78.9605853?authuser=0&hl=en&rclk=1"
Kailash Hospital & Heart Institute,Private hospital,"H-33, Shaheed Arjun Sardana Marg, H Block, Pocket H, Sector 27, Noida, Uttar Pradesh 201301, India",https://www.google.co.kr/maps/place/Kailash+Hospital+%26+Heart+Institute/data=!4m5!3m4!1s0x390ce452a52f7c53:0xc0e884cc70cae8f1!8m2!3d28.577472!4d77.331603?authuser=0&hl=en&rclk=1
Medanta Mediclinic,Private hospital,"B-25, Ashok Marg Sikanderbagh, IT Crossing, Lucknow, Uttar Pradesh 226001, India",https://www.google.co.kr/maps/place/Medanta+Mediclinic/data=!4m5!3m4!1s0x399bfd0c35ab9323:0x491e0b926189c997!8m2!3d26.8552134!4d80.9509317?authuser=0&hl=en&rclk=1
Medicine,Hospital,"Sarfarazganj, Lucknow, Uttar Pradesh 226003, India",https://www.google.co.kr/maps/place/Medicine/data=!4m5!3m4!1s0x399bfe2145f1b475:0x97c7c28ef1f38804!8m2!3d26.8731482!4d80.8717154?authuser=0&hl=en&rclk=1
Vivekananda Polyclinic and Institute of Medical Sciences,General hospital,"Aliganj Mahabirji Mandir Marg, Nirala Nagar, Vivekanandapuri Hydel Colony, Vivekananda Puram, Lucknow, 226007, India",https://www.google.co.kr/maps/place/Vivekananda+Polyclinic+and+Institute+of+Medical+Sciences/data=!4m5!3m4!1s0x399bfd820a509d9f:0x11cfeccf45aecaef!8m2!3d26.8752836!4d80.9428047?authuser=0&hl=en&rclk=1
Lifeline hospital,Hospital,"Ravli Rd, opposite bsnl telephone exchange, Muradnagar, Uttar Pradesh 201206, India",https://www.google.co.kr/maps/place/Lifeline+hospital/data=!4m5!3m4!1s0x390cf532b5263e49:0xa267f7d4132547ef!8m2!3d28.7794051!4d77.5073718?authuser=0&hl=en&rclk=1
K.K. Hospital,Hospital,"87/88 Nabiullah Road Opp. SSP Office, River Bank Colony, Lucknow, Uttar Pradesh 226018, India",https://www.google.co.kr/maps/place/K.K.+Hospital/data=!4m5!3m4!1s0x399bfd94942a5565:0xbe405d569fde9b03!8m2!3d26.8645173!4d80.9233796?authuser=0&hl=en&rclk=1
district hospital gonda,Government hospital,"Station Road, Avas Vikas Colony, Bharatpuri, Gonda, Uttar Pradesh 271001, India",https://www.google.co.kr/maps/place/district+hospital+gonda/data=!4m5!3m4!1s0x3999ee06b2fbd4fd:0x3d3621ef567d5387!8m2!3d27.140306!4d81.9675572?authuser=0&hl=en&rclk=1
ESIC HOSPITAL LUCKNOW,Hospital,"Overhead Water Tank, Vijay Nagar Colony, Alambagh, Lucknow, Uttar Pradesh 226023, India",https://www.google.co.kr/maps/place/ESIC+HOSPITAL+LUCKNOW/data=!4m5!3m4!1s0x399bf90500000001:0x37a0f2e66e808892!8m2!3d26.7858325!4d80.8857965?authuser=0&hl=en&rclk=1
Lifeline Hospital,Hospital,"B Rd, Chhibramau, Uttar Pradesh 209721, India",https://www.google.co.kr/maps/place/Lifeline+Hospital/data=!4m5!3m4!1s0x399e198f6f4b811b:0x8e4c6011b72ef6d5!8m2!3d27.1442592!4d79.5079483?authuser=0&hl=en&rclk=1
Apollomedics Super Speciality Hospitals,Hospital,"Kanpur - Lucknow Rd, Sector B, Bargawan, LDA Colony, Lucknow, Uttar Pradesh 226012, India",https://www.google.co.kr/maps/place/Apollomedics+Super+Speciality+Hospitals/data=!4m5!3m4!1s0x399bfea86ebf9adb:0x6d57f1b998be6a85!8m2!3d26.7981564!4d80.9015873?authuser=0&hl=en&rclk=1
Esi Hospital,Hospital,"RV66+X8M, Lucknow, Uttar Pradesh 226009, India",https://www.google.co.kr/maps/place/Esi+Hospital/data=!4m5!3m4!1s0x399bfee6a500000f:0x13dff1e3bc1cc39f!8m2!3d26.812472!4d80.8607838?authuser=0&hl=en&rclk=1
Family hospital & Research centre,Hospital,"Hanspuram, Naubasta, Kanpur, Uttar Pradesh 208021, India",https://www.google.co.kr/maps/place/Family+hospital+%26+Research+centre/data=!4m5!3m4!1s0x399c47abebb9b1f1:0xc0880c55032a73d7!8m2!3d26.3990101!4d80.3148145?authuser=0&hl=en&rclk=1
Employees' State Insurance Corporation कर्मचारी राज्य बीमा निगम,Government hospital,"District Hospital Campus,Sadar, Uttar Pradesh 273001, India",https://www.google.co.kr/maps/place/Employees'+State+Insurance+Corporation+%E0%A4%95%E0%A4%B0%E0%A5%8D%E0%A4%AE%E0%A4%9A%E0%A4%BE%E0%A4%B0%E0%A5%80+%E0%A4%B0%E0%A4%BE%E0%A4%9C%E0%A5%8D%E0%A4%AF+%E0%A4%AC%E0%A5%80%E0%A4%AE%E0%A4%BE+%E0%A4%A8%E0%A4%BF%E0%A4%97%E0%A4%AE/data=!4m5!3m4!1s0x3991446fc259b78b:0x8c41d7bfac6be255!8m2!3d26.7486983!4d83.3667886?authuser=0&hl=en&rclk=1
"New OPD Complex, Balrampur Hospital",Hospital,"Dr Ram Lal Chakravarti Rd, Qaisar Bagh, Lucknow, Uttar Pradesh 226018, India","https://www.google.co.kr/maps/place/New+OPD+Complex,+Balrampur+Hospital/data=!4m5!3m4!1s0x399bfdbe729796c3:0x4a784284d6ea6d9e!8m2!3d26.8565223!4d80.92566?authuser=0&hl=en&rclk=1"
Heritage Hospitals,Private hospital,"Lanka, Varanasi, Uttar Pradesh 221005, India",https://www.google.co.kr/maps/place/Heritage+Hospitals/data=!4m5!3m4!1s0x398e318deecc76d7:0xe7da22dc1cea131b!8m2!3d25.2789517!4d83.0030407?authuser=0&hl=en&rclk=1
Mahashweta Hospital Pvt Ltd,Private hospital,"Maqbool Alam Rd, near Oriental Bank, Chaukaghat, Varanasi, Uttar Pradesh 221001, India",https://www.google.co.kr/maps/place/Mahashweta+Hospital+Pvt+Ltd/data=!4m5!3m4!1s0x398e2dd8689a4987:0x620685fa08b7a4d3!8m2!3d25.340118!4d82.992042?authuser=0&hl=en&rclk=1
District Hospital,Government hospital,"Mahatma Gandhi Rd, Adarsh Nagar, Chhipitola, Rakabganj, Agra, Uttar Pradesh 282001, India",https://www.google.co.kr/maps/place/District+Hospital/data=!4m5!3m4!1s0x397476d7014f6a3b:0x66a51a4fb87cd60!8m2!3d27.1705991!4d78.0104643?authuser=0&hl=en&rclk=1
AIIMS GORAKHPUR,Hospital,"Kunraghat, Gorakhpur, Uttar Pradesh 273008, India",https://www.google.co.kr/maps/place/AIIMS+GORAKHPUR/data=!4m5!3m4!1s0x3991458dc1c89577:0x20daa48eef8e6cd2!8m2!3d26.7439042!4d83.4187395?authuser=0&hl=en&rclk=1
Kamala Nehru Memorial Hospital Allahabad,Cancer treatment center,"1, Hashimpur Rd, Tagore Town, Prayagraj, Uttar Pradesh 211002, India",https://www.google.co.kr/maps/place/Kamala+Nehru+Memorial+Hospital+Allahabad/data=!4m5!3m4!1s0x399acaa18ef815b3:0x1610a56dd56b21d1!8m2!3d25.4590264!4d81.8614173?authuser=0&hl=en&rclk=1
Hospital,Hospital,"C-17, Kursi Rd, Sector M, Aliganj, Lucknow, Uttar Pradesh 226021, India",https://www.google.co.kr/maps/place/Hospital/data=!4m5!3m4!1s0x399957c5418fd4f9:0x3c6bedab2950d815!8m2!3d26.8963324!4d80.9550263?authuser=0&hl=en&rclk=1
sai ambulance services lucknow,Government hospital,"ner balrampur hospital, Golaganj, Qaisar Bagh, Lucknow, Uttar Pradesh 226001, India",https://www.google.co.kr/maps/place/sai+ambulance+services+lucknow/data=!4m5!3m4!1s0x399bfdbe0b37bb49:0x8646c4d8d2b60b38!8m2!3d26.8566396!4d80.926504?authuser=0&hl=en&rclk=1
Medical Care Centre & Hospital,Hospital,"Kanpur - Lucknow Rd, Ram Nagar, Alambagh, Lucknow, Uttar Pradesh 226005, India",https://www.google.co.kr/maps/place/Medical+Care+Centre+%26+Hospital/data=!4m5!3m4!1s0x399bfc20236b50a3:0xf9363effc6abd4f6!8m2!3d26.81036!4d80.9002941?authuser=0&hl=en&rclk=1
LifeLine Hospital And Research Centre,Private hospital,"496, Madya, Azamgarh, Uttar Pradesh 276001, India",https://www.google.co.kr/maps/place/LifeLine+Hospital+And+Research+Centre/data=!4m5!3m4!1s0x3991bcc098627047:0x2290d50d0dfa395c!8m2!3d26.0505988!4d83.1871294?authuser=0&hl=en&rclk=1
Shekhar Hospital,Private hospital,"Church Rd, B Block, Indira Nagar, Lucknow, Uttar Pradesh 226016, India",https://www.google.co.kr/maps/place/Shekhar+Hospital/data=!4m5!3m4!1s0x399957dbd750a9bd:0x70d6f590f73a2866!8m2!3d26.8762089!4d80.9854717?authuser=0&hl=en&rclk=1
AIIMS GKP,Hospital,"Kunraghat, Gorakhpur, Uttar Pradesh 273008, India",https://www.google.co.kr/maps/place/AIIMS+GKP/data=!4m5!3m4!1s0x3991459071dd199b:0x50a8c214795242f9!8m2!3d26.745887!4d83.4209238?authuser=0&hl=en&rclk=1
Medico Hospital & Super Specialty Centre (मेडिको हॉस्पिटल एंड सुपर स्पेशियालटी सेंटर),Hospital,"Ismailganj, Kamta, Lucknow, Uttar Pradesh 226028, India",https://www.google.co.kr/maps/place/Medico+Hospital+%26+Super+Specialty+Centre+(%E0%A4%AE%E0%A5%87%E0%A4%A1%E0%A4%BF%E0%A4%95%E0%A5%8B+%E0%A4%B9%E0%A5%89%E0%A4%B8%E0%A5%8D%E0%A4%AA%E0%A4%BF%E0%A4%9F%E0%A4%B2+%E0%A4%8F%E0%A4%82%E0%A4%A1+%E0%A4%B8%E0%A5%81%E0%A4%AA%E0%A4%B0+%E0%A4%B8%E0%A5%8D%E0%A4%AA%E0%A5%87%E0%A4%B6%E0%A4%BF%E0%A4%AF%E0%A4%BE%E0%A4%B2%E0%A4%9F%E0%A5%80+%E0%A4%B8%E0%A5%87%E0%A4%82%E0%A4%9F%E0%A4%B0)/data=!4m5!3m4!1s0x399be297fd7a97af:0xafec40432159c229!8m2!3d26.8745224!4d81.0092494?authuser=0&hl=en&rclk=1
Sharda Hospital,Hospital,"Plot No. 32, Sharda University, Campus Greater Noida, 34, Knowledge Park III, Greater Noida, Uttar Pradesh 201306, India",https://www.google.co.kr/maps/place/Sharda+Hospital/data=!4m5!3m4!1s0x390cea9cae68659b:0xc95b3bd7cf26316e!8m2!3d28.4743441!4d77.4822811?authuser=0&hl=en&rclk=1
Kulwanti Hospitals,Hospital,"117/N/8, Kakadeo, Near Devki Cinema, Kanpur, Uttar Pradesh 208005, India",https://www.google.co.kr/maps/place/Kulwanti+Hospitals/data=!4m5!3m4!1s0x399c381229ad6911:0x73774c09ca68dee4!8m2!3d26.479844!4d80.293589?authuser=0&hl=en&rclk=1
District Hospital,Hospital,"Government Hospital, Chaman Sarai, Sambhal, Uttar Pradesh 244302, India",https://www.google.co.kr/maps/place/District+Hospital/data=!4m5!3m4!1s0x390b1f499498bcc3:0xbfd47977f32b8198!8m2!3d28.5831347!4d78.5728186?authuser=0&hl=en&rclk=1
Agra Hospital,Hospital,"22/80, Motilal Nehru Rd, Old Vijayanagar Colony, Vijayanagar Colony, Civil Lines, Agra, Uttar Pradesh 282002, India",https://www.google.co.kr/maps/place/Agra+Hospital/data=!4m5!3m4!1s0x397470b52fc156dd:0xf6d6848f692a014d!8m2!3d27.1996213!4d78.020113?authuser=0&hl=en&rclk=1
District Hospital,Hospital,"Tanakpur Rd, Ekta Nagar, Pilibhit, Uttar Pradesh 262001, India",https://www.google.co.kr/maps/place/District+Hospital/data=!4m5!3m4!1s0x39a03f3a45bfe793:0xc158a7e3151e9b23!8m2!3d28.6307057!4d79.8164409?authuser=0&hl=en&rclk=1
Sadar Hospital Mau,Hospital,"Munshi Pura, Mau, Uttar Pradesh 275101, India",https://www.google.co.kr/maps/place/Sadar+Hospital+Mau/data=!4m5!3m4!1s0x39918b0276a441c7:0xd1e921fe8fcf1356!8m2!3d25.9243182!4d83.5653719?authuser=0&hl=en&rclk=1
RAMA HOSPITAL & RESEARCH CENTRE,Hospital,"Rama City, G.T. Road, Near Mandhana Railway Station, Kanpur, Uttar Pradesh 209217, India",https://www.google.co.kr/maps/place/RAMA+HOSPITAL+%26+RESEARCH+CENTRE/data=!4m5!3m4!1s0x399c313ab183bf0f:0xb4d832d09a3621f3!8m2!3d26.5667926!4d80.2205984?authuser=0&hl=en&rclk=1
AIIMS,Hospital,"Kunraghat, Gorakhpur, Uttar Pradesh 273008, India",https://www.google.co.kr/maps/place/AIIMS/data=!4m5!3m4!1s0x3991452e5b72e40b:0x787ee7bf333822c2!8m2!3d26.7370406!4d83.4260743?authuser=0&hl=en&rclk=1
Esi dispensary sitapur,Hospital,"blood bank, District Hospital, District hospital campus sitapur, adjacent to, Nai Basti, Sitapur, Uttar Pradesh 261001, India",https://www.google.co.kr/maps/place/Esi+dispensary+sitapur/data=!4m5!3m4!1s0x399ed7560e120773:0x64a6d92e7425fef1!8m2!3d27.5710248!4d80.6769054?authuser=0&hl=en&rclk=1
District Hospital,Hospital,"Unnao - Raebareli Rd, Ab Nagar, Unnao, Uttar Pradesh 209801, India",https://www.google.co.kr/maps/place/District+Hospital/data=!4m5!3m4!1s0x399c15bd3dd89473:0x4b74845a7341f970!8m2!3d26.5380494!4d80.4788892?authuser=0&hl=en&rclk=1
UP-UK NEUROSCIENCE SOCIETY,Medical Center,"Department of Neurosurgery, Shatabdi Hospital, King George's Medical University, Lucknow, Uttar Pradesh 226003, India",https://www.google.co.kr/maps/place/UP-UK+NEUROSCIENCE+SOCIETY/data=!4m5!3m4!1s0x399bfdedeaaaaaab:0x813bb03ca563796b!8m2!3d26.8677163!4d80.916626?authuser=0&hl=en&rclk=1
Shatabdi Hospital,Hospital,"Shah Mina Rd, university, King George's Medical University, Lucknow, Uttar Pradesh 226003, India",https://www.google.co.kr/maps/place/Shatabdi+Hospital/data=!4m5!3m4!1s0x399bfded0141e897:0x1c050f2247aa4b52!8m2!3d26.8666403!4d80.918285?authuser=0&hl=en&rclk=1
MMG District Hospital,Hospital,"Grand Trunk Rd, nr. Ghanta Ghar, Bihari Pura, Sarai Nagar, Naya Ganj, Ghaziabad, Uttar Pradesh 201001, India",https://www.google.co.kr/maps/place/MMG+District+Hospital/data=!4m5!3m4!1s0x390cf034d0a397cf:0xe4c3a34dd2dcfaa4!8m2!3d28.6619224!4d77.4235089?authuser=0&hl=en&rclk=1
Sharda Hospital,Hospital,"Unnamed Road, Patel Nagar Rd, Mughalsarai Railway Settlement, Uttar Pradesh 232101, India",https://www.google.co.kr/maps/place/Sharda+Hospital/data=!4m5!3m4!1s0x398e3ac2d1f99529:0xe2cec7d5f1309ce8!8m2!3d25.2870252!4d83.1144365?authuser=0&hl=en&rclk=1
Hospital,Hospital,"C-1414, Sector 5, Block D, Indira Nagar, Lucknow, Uttar Pradesh 226016, India",https://www.google.co.kr/maps/place/Hospital/data=!4m5!3m4!1s0x399be2aeaaaaaaab:0x5ab0ea5f2c11c21a!8m2!3d26.8798933!4d80.9926327?authuser=0&hl=en&rclk=1
Ajay Hospital,Hospital,"Bhopal Vihar, Garh Rd, near Radha Govind Engg. College, Meerut, Uttar Pradesh 250004, India",https://www.google.co.kr/maps/place/Ajay+Hospital/data=!4m5!3m4!1s0x390c7b59adb34e51:0xd6a59b07baa63400!8m2!3d28.9523574!4d77.758911?authuser=0&hl=en&rclk=1
VAGA Hospital,Hospital,"KS-14 Aliganj Housing scheme, Sitapur Rd, Lucknow, Uttar Pradesh 226020, India",https://www.google.co.kr/maps/place/VAGA+Hospital/data=!4m5!3m4!1s0x399957c9e35612b3:0xfa6b2260c20a1f51!8m2!3d26.8990735!4d80.9385833?authuser=0&hl=en&rclk=1
Vivekananda Polyclinic & Institute of Medical Sciences,Hospital,"Chandganj Flyover, IT Crossing, Nirala Nagar, Lucknow, Uttar Pradesh 226001, India",https://www.google.co.kr/maps/place/Vivekananda+Polyclinic+%26+Institute+of+Medical+Sciences/data=!4m5!3m4!1s0x399bfd063127323b:0x5ae4a131cecdd974!8m2!3d26.8754205!4d80.942666?authuser=0&hl=en&rclk=1
Siddh Super Multispeciality Hospital,Hospital,"Industrial Estate, Kanth Rd, Harthala, Moradabad, Uttar Pradesh 244001, India",https://www.google.co.kr/maps/place/Siddh+Super+Multispeciality+Hospital/data=!4m5!3m4!1s0x390afec9093fffcd:0x167599216a6101d1!8m2!3d28.8781945!4d78.740018?authuser=0&hl=en&rclk=1
Maa Sharda Hospital,Hospital,"84/70, Grand Trunk Rd, Opposite Police Chowki, New Bairahana, Prayagraj, Uttar Pradesh 211003, India",https://www.google.co.kr/maps/place/Maa+Sharda+Hospital/data=!4m5!3m4!1s0x399acaac94e2cf53:0x50e2f36a9fe291eb!8m2!3d25.4394909!4d81.8573064?authuser=0&hl=en&rclk=1
Dwivedi Hospital,Hospital,"117/H-2/ 168-A, Pandu Nagar, Kanpur, Uttar Pradesh 208005, India",https://www.google.co.kr/maps/place/Dwivedi+Hospital/data=!4m5!3m4!1s0x399c380ebcda0d1f:0x3947822d6321875f!8m2!3d26.4727918!4d80.2927248?authuser=0&hl=en&rclk=1
AMU,Hospital,"Talkatora Rd, Tikaitganj, Lucknow, Uttar Pradesh 226017, India",https://www.google.co.kr/maps/place/AMU/data=!4m5!3m4!1s0x399bfe7997e499df:0x12a59b32f897c6f8!8m2!3d26.842275!4d80.8944432?authuser=0&hl=en&rclk=1
Heartline Cardiac Care Centre,Hospital,"Elgin Rd, Civil Lines, Prayagraj, Uttar Pradesh 211001, India",https://www.google.co.kr/maps/place/Heartline+Cardiac+Care+Centre/data=!4m5!3m4!1s0x399acadb652cde1b:0x42b6e694d07048b6!8m2!3d25.452674!4d81.838296?authuser=0&hl=en&rclk=1
Fatima Hospital,Private hospital,"SH 34, Chak Mehdi, Mau, Uttar Pradesh 275101, India",https://www.google.co.kr/maps/place/Fatima+Hospital/data=!4m5!3m4!1s0x39918aeaa5dd6383:0x418e9a4676744003!8m2!3d25.9230132!4d83.5702085?authuser=0&hl=en&rclk=1
"Rafi Ahmad Kidwai memorial District Hospital, Barabanki",Hospital,"B/583, Faizabad Rd, Mohalla Ayodhya Nagar, Lakhpedabagh, Barabanki, Uttar Pradesh 225001, India","https://www.google.co.kr/maps/place/Rafi+Ahmad+Kidwai+memorial+District+Hospital,+Barabanki/data=!4m5!3m4!1s0x399960466f4e3677:0x4c99959ec3dbf9a4!8m2!3d26.9266699!4d81.1947682?authuser=0&hl=en&rclk=1"
Regency Health Super Speciality Hospital,Hospital,"Tedhi Pulia Ring Rd, Khurram Nagar, Lucknow, Uttar Pradesh 226022, India",https://www.google.co.kr/maps/place/Regency+Health+Super+Speciality+Hospital/data=!4m5!3m4!1s0x39995783b204999d:0x5277107cdb0a268a!8m2!3d26.8984867!4d80.9677884?authuser=0&hl=en&rclk=1
Lokpriya Hospital,Hospital,"Near Samrat Heavens, Garh Rd, Meerut, Uttar Pradesh 250004, India",https://www.google.co.kr/maps/place/Lokpriya+Hospital/data=!4m5!3m4!1s0x390c6532639f4d8d:0xf3a196a24ff7b316!8m2!3d28.9687834!4d77.7304712?authuser=0&hl=en&rclk=1
General Hospital,Hospital,"SGPGIMS, Lucknow, Uttar Pradesh 226014, India",https://www.google.co.kr/maps/place/General+Hospital/data=!4m5!3m4!1s0x399bfb00799cf5d3:0x3ae1654f49bb9289!8m2!3d26.7447577!4d80.9431833?authuser=0&hl=en&rclk=1
Oriana Hospital Pvt Ltd,Hospital,"Lane Number 17, Pandit Madan Mohan Malviya Road Colony, Ravindrapuri Road Bhelupur, Ravindrapuri Extension, Lanka, Varanasi, Uttar Pradesh 221005, India",https://www.google.co.kr/maps/place/Oriana+Hospital+Pvt+Ltd/data=!4m5!3m4!1s0x398e317dc60b406f:0x8f6e928fd77d42d6!8m2!3d25.2873951!4d83.0013878?authuser=0&hl=en&rclk=1
hospital 1,Hospital,"L-144, Vaibhav Bazar, Liberty Colony Park, Sarvodaya Nagar, Indira Nagar, Lucknow, Uttar Pradesh 226016, India",https://www.google.co.kr/maps/place/hospital+1/data=!4m5!3m4!1s0x399bfd5f9717a211:0x72d710e56a8047e4!8m2!3d26.8829592!4d80.967244?authuser=0&hl=en&rclk=1
Life Line Hospital,Hospital,"Hardoi Road, Malihabad Rd, Balaganj, Lucknow, Uttar Pradesh 226003, India",https://www.google.co.kr/maps/place/Life+Line+Hospital/data=!4m5!3m4!1s0x399bfe1f4fb74025:0x6e3af8a8afe61a4c!8m2!3d26.8731657!4d80.8774283?authuser=0&hl=en&rclk=1
District Hospital Mathura,Hospital,"Choubey Para, Mathura, Uttar Pradesh 281001, India",https://www.google.co.kr/maps/place/District+Hospital+Mathura/data=!4m5!3m4!1s0x3973718b502568f1:0x78cf3577b08997e9!8m2!3d27.4962115!4d77.6841629?authuser=0&hl=en&rclk=1
District Hospital Sultanpur,Government hospital,"Sultanpur Kurwar Rd, Majar Ganj, Sultanpur, Uttar Pradesh 228001, India",https://www.google.co.kr/maps/place/District+Hospital+Sultanpur/data=!4m5!3m4!1s0x399a7ceee4ee21eb:0x40f992e3e67b5a53!8m2!3d26.2627342!4d82.0698679?authuser=0&hl=en&rclk=1
"Northern Railway Divisional Hospital, Lucknow",Government hospital,"RWCF+MQ5, Cantonment, Lucknow, Uttar Pradesh 226002, India","https://www.google.co.kr/maps/place/Northern+Railway+Divisional+Hospital,+Lucknow/data=!4m5!3m4!1s0x399bfc4638780c65:0xc1949ba8cd0f3959!8m2!3d26.8216365!4d80.9244873?authuser=0&hl=en&rclk=1"
District Hospital Azamgarh,Government hospital,"Deen Dayal Upadhyay Marg Balrampur, Harra Ki Chungi, Sadar, Uttar Pradesh 276001, India",https://www.google.co.kr/maps/place/District+Hospital+Azamgarh/data=!4m5!3m4!1s0x3991a339cfe0ca23:0x185ca7a59af6e202!8m2!3d26.0824433!4d83.1902226?authuser=0&hl=en&rclk=1
Mehdi hospital,Hospital,"Mehndi Hospital, near taxi stand, uttarpradesh, Saadatganj, Lucknow, India",https://www.google.co.kr/maps/place/Mehdi+hospital/data=!4m5!3m4!1s0x399bfe73274cda23:0xf1af21a19d8f93df!8m2!3d26.8546915!4d80.8903827?authuser=0&hl=en&rclk=1
District Hospital,Hospital,"Rehman Road, Bismil Nagar, Maharajganj, Uttar Pradesh 273303, India",https://www.google.co.kr/maps/place/District+Hospital/data=!4m5!3m4!1s0x3996a96d541f4cfd:0xaf0c7b2a9e69986c!8m2!3d27.1425196!4d83.5389568?authuser=0&hl=en&rclk=1
Command Hospital (Central Command),Hospital,"Cantonment Rd, Sadar Bazaar, Cantonment, Lucknow, Uttar Pradesh 226002, India",https://www.google.co.kr/maps/place/Command+Hospital+(Central+Command)/data=!4m5!3m4!1s0x399bfc5f254deee7:0x3f969b1d4db44e51!8m2!3d26.817451!4d80.9408078?authuser=0&hl=en&rclk=1
Hospital,Hospital,"58X6+2X2, Karanpur, Uttar Pradesh 246729, India",https://www.google.co.kr/maps/place/Hospital/data=!4m5!3m4!1s0x390bbf8152d54cfd:0x42172be280512041!8m2!3d29.197512!4d78.3123942?authuser=0&hl=en&rclk=1
Maharaja Tej Singh District Hospital,Government hospital,"Awas Vikas Colony, Mainpuri, Uttar Pradesh 205001, India",https://www.google.co.kr/maps/place/Maharaja+Tej+Singh+District+Hospital/data=!4m5!3m4!1s0x39759614bef9bc09:0xba1a441f8f03fa4d!8m2!3d27.2309708!4d79.0406844?authuser=0&hl=en&rclk=1
Santosh Sudarshan Hospital,Hospital,"Hapur Rd, Daulat Pura, Akash Nagar Phase 1, Block E, Govindpuram, Ghaziabad, Uttar Pradesh 201015, India",https://www.google.co.kr/maps/place/Santosh+Sudarshan+Hospital/data=!4m5!3m4!1s0x390cf245ac4024a1:0x32cf93778e326d04!8m2!3d28.6819663!4d77.5012922?authuser=0&hl=en&rclk=1
"Fortis Hospital, Sector 62, Noida",Hospital,"B-22, Rasoolpur Nawada, D Block, Sector 62, Noida, Uttar Pradesh 201301, India","https://www.google.co.kr/maps/place/Fortis+Hospital,+Sector+62,+Noida/data=!4m5!3m4!1s0x390cef719cf3f0b3:0xc24d4fda4fdca748!8m2!3d28.6187084!4d77.3725835?authuser=0&hl=en&rclk=1"
Rama Super Speciality Hospital,Hospital,"Near A-8, 1, Zoo Road, Lakhanpur, Dhaka Purwa, Kanpur University, Kanpur, Uttar Pradesh 208024, India",https://www.google.co.kr/maps/place/Rama+Super+Speciality+Hospital/data=!4m5!3m4!1s0x399c3784eaaaaaab:0x9feb655dc8bbef3!8m2!3d26.449923!4d80.3318736?authuser=0&hl=en&rclk=1
District Combined Hospital,Government hospital,"Hasanpur - Amroha Rd, near SP Office, Amroha, Uttar Pradesh 244221, India",https://www.google.co.kr/maps/place/District+Combined+Hospital/data=!4m5!3m4!1s0x390b0884ba325b7f:0xb133ab2b745dfde5!8m2!3d28.8649884!4d78.46969?authuser=0&hl=en&rclk=1
Charak Hospital,Specialized hospital,"Hardoi Rd, near Safaid Masjid, Dubagga, Lucknow, Uttar Pradesh 226003, India",https://www.google.co.kr/maps/place/Charak+Hospital/data=!4m5!3m4!1s0x399bfe2151f8fe85:0xe07554b8f755a57e!8m2!3d26.8726228!4d80.8713038?authuser=0&hl=en&rclk=1
Chandan Hospital,Hospital,"Faizabad Rd, Vikrant Khand 3, Vikrant Khand, Gomti Nagar, Lucknow, Uttar Pradesh 226010, India",https://www.google.co.kr/maps/place/Chandan+Hospital/data=!4m5!3m4!1s0x399be28f0849ab93:0xacf8b701d160f69b!8m2!3d26.8739001!4d81.0230836?authuser=0&hl=en&rclk=1
Indira Gandhi Eye Hospital and Research Center,Hospital,"1, BN Road, Kaiserbagh Officer's Colony, Qaisar Bagh, Lucknow, Uttar Pradesh 226001, India",https://www.google.co.kr/maps/place/Indira+Gandhi+Eye+Hospital+and+Research+Center/data=!4m5!3m4!1s0x399bfd08f7f1022b:0x180f779d2b1a318e!8m2!3d26.8510634!4d80.932718?authuser=0&hl=en&rclk=1
Chowk Hospital,Hospital,"Jauhari Mohalla, Chowk, Lucknow, Uttar Pradesh 226003, India",https://www.google.co.kr/maps/place/Chowk+Hospital/data=!4m5!3m4!1s0x399bfd271ea43533:0x64432a18fdf4982f!8m2!3d26.8637816!4d80.910288?authuser=0&hl=en&rclk=1
Hospital,Hospital,"RD Complex, 244001, U-3, Unnamed Rd, Sector 3, Avas Vikas Colony, Sikandra, Agra, Uttar Pradesh 282004, India",https://www.google.co.kr/maps/place/Hospital/data=!4m5!3m4!1s0x390afe94e9e3bd8f:0xa9a56502b6c88077!8m2!3d28.8718553!4d78.7210857?authuser=0&hl=en&rclk=1
Hospital,Hospital,"9GP5+P56, Gutasi, Uttar Pradesh 209625, India",https://www.google.co.kr/maps/place/Hospital/data=!4m5!3m4!1s0x399e2f1a29936f03:0x47b786a2b4ec5c69!8m2!3d27.386779!4d79.507879?authuser=0&hl=en&rclk=1
Hospital,Hospital,"J635+GVH, Ganaharee, Uttar Pradesh 225126, India",https://www.google.co.kr/maps/place/Hospital/data=!4m5!3m4!1s0x399bc15b2efbd70f:0x8ef59fd6eff4601a!8m2!3d26.6038127!4d81.2097439?authuser=0&hl=en&rclk=1
Hospital,Hospital,"8339+V3W, Tihayatpur, Uttar Pradesh 224176, India",https://www.google.co.kr/maps/place/Hospital/data=!4m5!3m4!1s0x39910753d688e4ed:0x1b22f1b38338a8c3!8m2!3d26.3047436!4d83.0677088?authuser=0&hl=en&rclk=1
hospital,Hospital,"7823+R35, Dugauli Kantit, Uttar Pradesh 231313, India",https://www.google.co.kr/maps/place/hospital/data=!4m5!3m4!1s0x398ff15bd7781891:0x1203698de26dde3c!8m2!3d25.2520197!4d82.3027233?authuser=0&hl=en&rclk=1
District Hospital Rampur,Hospital,"Rampur-Bilaspur Rd, Bilaspur, Uttar Pradesh 244921, India",https://www.google.co.kr/maps/place/District+Hospital+Rampur/data=!4m5!3m4!1s0x390a8423aaaaaaab:0x25a55bf63a06978e!8m2!3d28.8864288!4d79.2648481?authuser=0&hl=en&rclk=1
Sgpgi hospital,Hospital,"QWHV+562, Nepal Ganj, Telibagh, Lucknow, Uttar Pradesh 226002, India",https://www.google.co.kr/maps/place/Sgpgi+hospital/data=!4m5!3m4!1s0x399bfd063127323b:0xeeb0465807111dd0!8m2!3d26.7778797!4d80.9430172?authuser=0&hl=en&rclk=1
Hospital,Private hospital,"J635+JR4, Ganaharee, Uttar Pradesh 225126, India",https://www.google.co.kr/maps/place/Hospital/data=!4m5!3m4!1s0x399bc105ba56ad61:0xf8b5f4f3bbfa8da1!8m2!3d26.604023!4d81.2095711?authuser=0&hl=en&rclk=1
Cancer hospital,Hospital,"RXW6+MGJ, Manas Nagar Colony, Jiamau, Lucknow, Uttar Pradesh 226001, India",https://www.google.co.kr/maps/place/Cancer+hospital/data=!4m5!3m4!1s0x399bfd55c8f19b53:0x1d37874268e13012!8m2!3d26.8467188!4d80.96125?authuser=0&hl=en&rclk=1
Hospital,Hospital,"F7Q7+M86, Nadi Nidhaura, Uttar Pradesh 232107, India",https://www.google.co.kr/maps/place/Hospital/data=!4m5!3m4!1s0x398e1f91bbdc1663:0xbce2c804172212df!8m2!3d25.4891585!4d83.2632673?authuser=0&hl=en&rclk=1
Hospital,Hospital,"Pull,, Bhanwat, Uttar Pradesh, India",https://www.google.co.kr/maps/place/Hospital/data=!4m5!3m4!1s0x397594eaf6ad7c99:0x8223ad03d3e2120!8m2!3d27.1479525!4d79.0846208?authuser=0&hl=en&rclk=1
HOSPITAL,Government hospital,"Unnamed Road, Bandhawa, Uttar Pradesh 272175, India",https://www.google.co.kr/maps/place/HOSPITAL/data=!4m5!3m4!1s0x39912facc82cb467:0x23a4fb26ebacd9f4!8m2!3d26.821364!4d83.0553283?authuser=0&hl=en&rclk=1
Hospital,Hospital,"23FH+M92, Mittai, Uttar Pradesh 225302, India",https://www.google.co.kr/maps/place/Hospital/data=!4m5!3m4!1s0x39995d647de851c7:0x48ea28dc96f11816!8m2!3d27.0241457!4d81.0784045?authuser=0&hl=en&rclk=1
Pyare Lal Sharma District Hospital,Hospital,"XMJX+RXC, Jali Kothi, Meerut, Uttar Pradesh 250002, India",https://www.google.co.kr/maps/place/Pyare+Lal+Sharma+District+Hospital/data=!4m5!3m4!1s0x390c64f8a2685b45:0x7e77410639e73f58!8m2!3d28.9820746!4d77.6998905?authuser=0&hl=en&rclk=1
Lari Cardiology Centre,Hospital,"Shah Mina Rd, Jawahar Nagar, Chowk, Lucknow, Uttar Pradesh 226003, India",https://www.google.co.kr/maps/place/Lari+Cardiology+Centre/data=!4m5!3m4!1s0x399bfdec394ca7f3:0xef27dc8dd791f230!8m2!3d26.8651577!4d80.9163738?authuser=0&hl=en&rclk=1
🏥 Hospital,Hospital,"JXJV+5R4, Nagla Mani, Uttar Pradesh 204101, India",https://www.google.co.kr/maps/place/%F0%9F%8F%A5+Hospital/data=!4m5!3m4!1s0x39749cf491e24993:0x86408d5694a8c166!8m2!3d27.6303806!4d77.9945729?authuser=0&hl=en&rclk=1
Santosh Hospital,Hospital,"1, Ambedkar Rd, Opposite Old Bus Stand, Maliwara, Nehru Nagar, Ghaziabad, Uttar Pradesh 201001, India",https://www.google.co.kr/maps/place/Santosh+Hospital/data=!4m5!3m4!1s0x390cf1b7b4b9b5b3:0x43b9f3a057200b45!8m2!3d28.669754!4d77.4321853?authuser=0&hl=en&rclk=1
Balrampur hospital,Government hospital,"RWWW+MFF, Azar collage, Lalbagh, Lucknow, Uttar Pradesh 226001, India",https://www.google.co.kr/maps/place/Balrampur+hospital/data=!4m5!3m4!1s0x399bfd176acc9c25:0xf5df46e134b86a5e!8m2!3d26.8466937!4d80.946166?authuser=0&hl=en&rclk=1
Dr. Ram Manohar Lohia Combined Hospital,Hospital,"Lohiya Hospital, Vibhuti Khand, Gomti Nagar, Lucknow, Uttar Pradesh 226010, India",https://www.google.co.kr/maps/place/Dr.+Ram+Manohar+Lohia+Combined+Hospital/data=!4m5!3m4!1s0x399be3ce8a01ea31:0xe0c6c1c6e19c9ead!8m2!3d26.8701844!4d80.9975384?authuser=0&hl=en&rclk=1
ESIC Office,Hospital,"LDA Shopping Complex, Kapoorthala Road, Kapoorthla, Sector A, Chandralok, Lucknow, Uttar Pradesh 226024, India",https://www.google.co.kr/maps/place/ESIC+Office/data=!4m5!3m4!1s0x399bfd62ffffffff:0x64992d871fc89f89!8m2!3d26.8836843!4d80.9444091?authuser=0&hl=en&rclk=1
Department of Medicine,Hospital,"VW87+WX7, Machchhi Bhavan, Lucknow, Uttar Pradesh 226003, India",https://www.google.co.kr/maps/place/Department+of+Medicine/data=!4m5!3m4!1s0x399bfdee74065ea7:0x668ea486dfd921b4!8m2!3d26.8672765!4d80.9149128?authuser=0&hl=en&rclk=1
Jeewan Jyoti Hospital,Private hospital,"35/1A, NH 29, Ghazipur - Mau Rd, Malibpura, Bhiti, Uttar Pradesh 275101, India",https://www.google.co.kr/maps/place/Jeewan+Jyoti+Hospital/data=!4m5!3m4!1s0x39918a8ec8065211:0xc53a92bfa464957b!8m2!3d25.9409424!4d83.5774763?authuser=0&hl=en&rclk=1
Hospital,Hospital,"24F4+2P6, Sukhchainpur, Uttar Pradesh 205268, India",https://www.google.co.kr/maps/place/Hospital/data=!4m5!3m4!1s0x3975e973529e2fd1:0x6341684b039d364!8m2!3d27.022535!4d79.1067623?authuser=0&hl=en&rclk=1
Hospital,Hospital,"FGP5+JWC, Chilsara, Uttar Pradesh 209745, India",https://www.google.co.kr/maps/place/Hospital/data=!4m5!3m4!1s0x399e2d4134e54abb:0x8991a3b6917b6d9a!8m2!3d27.4865672!4d79.5097549?authuser=0&hl=en&rclk=1
Hospital,Government hospital,"Badhoula, Uttar Pradesh 207243, India",https://www.google.co.kr/maps/place/Hospital/data=!4m5!3m4!1s0x3975739b27c9fbc3:0xfc9120e4d655e9be!8m2!3d27.6763605!4d79.0983985?authuser=0&hl=en&rclk=1
APEX TRAUMA CENTER,Specialized hospital,"Vrindavan Yojna, Raebareli Road, Lucknow, Uttar Pradesh 226301, India",https://www.google.co.kr/maps/place/APEX+TRAUMA+CENTER/data=!4m5!3m4!1s0x399bfb1bba29fffd:0x1e9177c76b330533!8m2!3d26.7510851!4d80.9577256?authuser=0&hl=en&rclk=1
Balaji Hospital & Eye Centre,Hospital,"Balaji Enclave, 569/147 Ka, Bargawan, L.D.A Turn (Community, Kanpur Rd, Lucknow, Uttar Pradesh 226012, India",https://www.google.co.kr/maps/place/Balaji+Hospital+%26+Eye+Centre/data=!4m5!3m4!1s0x399bfea8cd7d27f5:0x9a59e64a4509aac7!8m2!3d26.7954055!4d80.8932814?authuser=0&hl=en&rclk=1
"Kailash Hospital & Neuro Institute, Sector 71, Noida",Hospital,"NH-1, Sector 71, Noida, Uttar Pradesh 201307, India","https://www.google.co.kr/maps/place/Kailash+Hospital+%26+Neuro+Institute,+Sector+71,+Noida/data=!4m5!3m4!1s0x390ce57dba47629f:0xf8f104ce453d0b8f!8m2!3d28.6003137!4d77.3759535?authuser=0&hl=en&rclk=1"
Hospital,Hospital,"CC5P+Q8G, Ukhra, Uttar Pradesh 209501, India",https://www.google.co.kr/maps/place/Hospital/data=!4m5!3m4!1s0x399e2929e2acaf81:0x96170d2e90974e5d!8m2!3d27.4094487!4d79.4358184?authuser=0&hl=en&rclk=1
Hospital,Hospital,"9XQQ+8QP, Shivali, Uttar Pradesh 203150, India",https://www.google.co.kr/maps/place/Hospital/data=!4m5!3m4!1s0x390b5913f4009b57:0xf7aeec0150f63fa8!8m2!3d28.3883317!4d77.9894667?authuser=0&hl=en&rclk=1
Hospital,Hospital,"Sonwal, Uttar Pradesh 274304, India",https://www.google.co.kr/maps/place/Hospital/data=!4m5!3m4!1s0x3993895f0f046411:0x7cfa339ba566c128!8m2!3d26.9728466!4d84.0185549?authuser=0&hl=en&rclk=1
Hospital,Hospital,"P7C6+4RC, Kuretha, Uttar Pradesh 284202, India",https://www.google.co.kr/maps/place/Hospital/data=!4m5!3m4!1s0x3977dd6d119782af:0x2e06e0fb2e8228b8!8m2!3d25.7203059!4d79.2620294?authuser=0&hl=en&rclk=1
Hospital,Hospital,"7PC3+HW5, Dastoora, Uttar Pradesh 203203, India",https://www.google.co.kr/maps/place/Hospital/data=!4m5!3m4!1s0x390cb1c02cf0a6a3:0x1faf04b3e7d71d3c!8m2!3d28.2713894!4d77.7048494?authuser=0&hl=en&rclk=1
Hospital,Hospital,"Unnamed Road, Majhauna, Uttar Pradesh 273165, India",https://www.google.co.kr/maps/place/Hospital/data=!4m5!3m4!1s0x399135c104c98f3d:0x6f47f9301452ca3d!8m2!3d26.9578103!4d83.2262471?authuser=0&hl=en&rclk=1
Hospital,Hospital,"Sadarpur, Uttar Pradesh 261201, India",https://www.google.co.kr/maps/place/Hospital/data=!4m5!3m4!1s0x39993d2f7fc2802d:0x3606a8ae8ec949f7!8m2!3d27.4426071!4d81.1277951?authuser=0&hl=en&rclk=1
Shine Hospital,Hospital,"Abu Market, Near Hind Cinema, Bulaki Adda, Talkatora Rd, Moti Jheel Colony, Aishbagh, Lucknow, Uttar Pradesh 226004, India",https://www.google.co.kr/maps/place/Shine+Hospital/data=!4m5!3m4!1s0x399bfe778d66602d:0x241df9f0072c282d!8m2!3d26.8452357!4d80.8971492?authuser=0&hl=en&rclk=1
OPEC Kaili Hospital,Government hospital,"Basti Directory, Kaili Rd, Basti, Uttar Pradesh 272001, India",https://www.google.co.kr/maps/place/OPEC+Kaili+Hospital/data=!4m5!3m4!1s0x3990dac1d4091473:0xa5fdc0d23019a71c!8m2!3d26.7793945!4d82.7627862?authuser=0&hl=en&rclk=1
Dr Shyama Prasad Mukherjee (Civil) Hospital,Government hospital,"Park Rd, Tarikhana, Narhi, Hazratganj, Lucknow, Uttar Pradesh 226001, India",https://www.google.co.kr/maps/place/Dr+Shyama+Prasad+Mukherjee+(Civil)+Hospital/data=!4m5!3m4!1s0x399bfd421e804a9d:0x6b3bdc966efa04d6!8m2!3d26.8446082!4d80.9492671?authuser=0&hl=en&rclk=1
उप चिकित्सा अस्पताल कठिघरा,Hospital,"R7CJ+67P, Kathigara, Uttar Pradesh 209868, India",https://www.google.co.kr/maps/place/%E0%A4%89%E0%A4%AA+%E0%A4%9A%E0%A4%BF%E0%A4%95%E0%A4%BF%E0%A4%A4%E0%A5%8D%E0%A4%B8%E0%A4%BE+%E0%A4%85%E0%A4%B8%E0%A5%8D%E0%A4%AA%E0%A4%A4%E0%A4%BE%E0%A4%B2+%E0%A4%95%E0%A4%A0%E0%A4%BF%E0%A4%98%E0%A4%B0%E0%A4%BE/data=!4m5!3m4!1s0x399c275f1fb6acb1:0x70b91a05dcd05432!8m2!3d26.8205812!4d80.2807011?authuser=0&hl=en&rclk=1
Rama Hospital,Hospital,"A-2311, Hamirpur Rd, Awas Vikas, Naubasta, Kanpur, Uttar Pradesh 208021, India",https://www.google.co.kr/maps/place/Rama+Hospital/data=!4m5!3m4!1s0x399c474a279994f7:0xd3197484b67ad813!8m2!3d26.3943218!4d80.3128117?authuser=0&hl=en&rclk=1
Hospital,Government hospital,"49GF+RG8, Chirawar, Uttar Pradesh 205304, India",https://www.google.co.kr/maps/place/Hospital/data=!4m5!3m4!1s0x3975f556a0f03547:0xb5e7a5ff7291f1f0!8m2!3d27.1270289!4d79.3738131?authuser=0&hl=en&rclk=1
Hospital,Hospital,"6P8G+RFF, Katri Chiasar, Uttar Pradesh 209722, India",https://www.google.co.kr/maps/place/Hospital/data=!4m5!3m4!1s0x399e3f9d768f397b:0x261b7ec9cde00d94!8m2!3d27.2170646!4d79.7261665?authuser=0&hl=en&rclk=1
Hospital,Hospital,"2H55+62P, Dhanpura, Uttar Pradesh 283141, India",https://www.google.co.kr/maps/place/Hospital/data=!4m5!3m4!1s0x397436a2ffffffff:0xc6925721b6925460!8m2!3d27.0080774!4d78.5575676?authuser=0&hl=en&rclk=1
राजकीय आयुर्वेदिक् चिकित्सालय पहुंतेरा,Hospital,"5633+CMH, Pahnutera, Uttar Pradesh 241302, India",https://www.google.co.kr/maps/place/%E0%A4%B0%E0%A4%BE%E0%A4%9C%E0%A4%95%E0%A5%80%E0%A4%AF+%E0%A4%86%E0%A4%AF%E0%A5%81%E0%A4%B0%E0%A5%8D%E0%A4%B5%E0%A5%87%E0%A4%A6%E0%A4%BF%E0%A4%95%E0%A5%8D+%E0%A4%9A%E0%A4%BF%E0%A4%95%E0%A4%BF%E0%A4%A4%E0%A5%8D%E0%A4%B8%E0%A4%BE%E0%A4%B2%E0%A4%AF+%E0%A4%AA%E0%A4%B9%E0%A5%81%E0%A4%82%E0%A4%A4%E0%A5%87%E0%A4%B0%E0%A4%BE/data=!4m5!3m4!1s0x399e8d413661e10f:0x7776b42aae835202!8m2!3d27.1535738!4d80.2042436?authuser=0&hl=en&rclk=1
Fatima Hospital,Doctor,"Mahanagar, Lucknow, Uttar Pradesh 226006, India",https://www.google.co.kr/maps/place/Fatima+Hospital/data=!4m5!3m4!1s0x399bfd6f6314b625:0xc4c0f6fe052966d9!8m2!3d26.8716!4d80.9520611?authuser=0&hl=en&rclk=1
Swastika Hospital,Hospital,"WHG7+4JC, Munshi Pura, Mau, Uttar Pradesh 275101, India",https://www.google.co.kr/maps/place/Swastika+Hospital/data=!4m5!3m4!1s0x39918ae90a043b6d:0x86232af39933670e!8m2!3d25.9253016!4d83.5640009?authuser=0&hl=en&rclk=1
SGPGI Hospital,Hospital,"Raibareli Rd, Haibat Mau Mawaiya, Pushpendra Nagar, Lucknow, Uttar Pradesh 226014, India",https://www.google.co.kr/maps/place/SGPGI+Hospital/data=!4m5!3m4!1s0x399bfb51dba2f953:0x53ee3b4e2e1a9525!8m2!3d26.7562256!4d80.9313762?authuser=0&hl=en&rclk=1
Hospital,Hospital,"CX5V+FRR, Vishunpur Kasdha, Uttar Pradesh 224147, India",https://www.google.co.kr/maps/place/Hospital/data=!4m5!3m4!1s0x3991049e15555555:0x52c009d8b21ce9bd!8m2!3d26.4087326!4d82.9945041?authuser=0&hl=en&rclk=1
CITY HOSPITAL,Hospital,"Assam rode chauraha, Uttar Pradesh, India",https://www.google.co.kr/maps/place/CITY+HOSPITAL/data=!4m5!3m4!1s0x39974325c3b96b67:0xc1645442ed5e1e85!8m2!3d27.3083258!4d82.4119959?authuser=0&hl=en&rclk=1
Ashtha Hospital,Hospital,"MCJ5+PGF, Kaurha, Uttar Pradesh 222143, India",https://www.google.co.kr/maps/place/Ashtha+Hospital/data=!4m5!3m4!1s0x3990111b78424439:0xb66be0d922384d68!8m2!3d25.68181!4d82.4087909?authuser=0&hl=en&rclk=1
Hospital,Hospital,"X3MC+C4C, Parsa Pandey, Uttar Pradesh 272271, India",https://www.google.co.kr/maps/place/Hospital/data=!4m5!3m4!1s0x39912da9fd6ac98d:0xde3ba6b49a48e6f6!8m2!3d26.9835625!4d83.0702625?authuser=0&hl=en&rclk=1
Apollo Hospital Lucknow,Cancer treatment center,"Plot no. KBC, 31, Kanpur - Lucknow Rd, Lucknow, Uttar Pradesh 226012, India",https://www.google.co.kr/maps/place/Apollo+Hospital+Lucknow/data=!4m5!3m4!1s0x399bff7dac7b65a7:0x6e97c0b13980d77d!8m2!3d26.7903382!4d80.8881732?authuser=0&hl=en&rclk=1
प्राथमिक अस्पताल पचवार,Hospital,"9Q7Q+WMF, Bhitkuri, Uttar Pradesh 221403, India",https://www.google.co.kr/maps/place/%E0%A4%AA%E0%A5%8D%E0%A4%B0%E0%A4%BE%E0%A4%A5%E0%A4%AE%E0%A4%BF%E0%A4%95+%E0%A4%85%E0%A4%B8%E0%A5%8D%E0%A4%AA%E0%A4%A4%E0%A4%BE%E0%A4%B2+%E0%A4%AA%E0%A4%9A%E0%A4%B5%E0%A4%BE%E0%A4%B0/data=!4m5!3m4!1s0x398fd181462e4b39:0x6cfad43a7ba1bdc9!8m2!3d25.3648157!4d82.7891563?authuser=0&hl=en&rclk=1
Hospital,Hospital,"M4X2+4J7, Bilati Karkey, Uttar Pradesh 284302, India",https://www.google.co.kr/maps/place/Hospital/data=!4m5!3m4!1s0x3977c17d3cb5fe6d:0x2101057356f38a33!8m2!3d25.6977944!4d79.1015461?authuser=0&hl=en&rclk=1
Dental Hospital,Hospital,"Victoria Road, Victoria Street Chowk Lko, Chowk, Lucknow, Uttar Pradesh 226003, India",https://www.google.co.kr/maps/place/Dental+Hospital/data=!4m5!3m4!1s0x399bfde679967663:0xe4230f62e38b6c47!8m2!3d26.86247!4d80.90753?authuser=0&hl=en&rclk=1
Care hospital,Hospital department,"N-10/79-R2-K, New Colony Kakarmatta, Sundarpur, Nagwa, Varanasi, Uttar Pradesh 221005, India",https://www.google.co.kr/maps/place/Care+hospital/data=!4m5!3m4!1s0x398e33c71cd25147:0x26c48df93c46ca58!8m2!3d25.2860881!4d82.9707891?authuser=0&hl=en&rclk=1
Sushrut Institute Of Plastic Surgery,Hospital,"VW8C+J3G, Jawahar Nagar, Qaisar Bagh, Lucknow, Uttar Pradesh 226003, India",https://www.google.co.kr/maps/place/Sushrut+Institute+Of+Plastic+Surgery/data=!4m5!3m4!1s0x399bfded2839c14f:0x79980a2511811ce6!8m2!3d26.866555!4d80.9202117?authuser=0&hl=en&rclk=1
Icon Hospital,Hospital,"NH-1, Sahara States Rd, Sector F, Jankipuram, Lucknow, Uttar Pradesh 226021, India",https://www.google.co.kr/maps/place/Icon+Hospital/data=!4m5!3m4!1s0x399bfdefb051ad87:0x24f65f50ced669d9!8m2!3d26.91401!4d80.950665?authuser=0&hl=en&rclk=1
Hospitel,Hospital,"RCXM+HM4, Umretha, Uttar Pradesh 283123, India",https://www.google.co.kr/maps/place/Hospitel/data=!4m5!3m4!1s0x397425a32816b60b:0x11634eeec94ca77!8m2!3d26.8488857!4d78.4342024?authuser=0&hl=en&rclk=1
Hospital,Hospital,"NH19, Faridpur Usraiya, Uttar Pradesh 212622, India",https://www.google.co.kr/maps/place/Hospital/data=!4m5!3m4!1s0x399b65c6f946e109:0xc2ad218eb3aac59c!8m2!3d25.8658612!4d80.9502194?authuser=0&hl=en&rclk=1
राजकीय होमियोपैथीक चिकित्सालय,Hospital,"RCHC+9HQ, Shrinagar, Uttar Pradesh 277209, India",https://www.google.co.kr/maps/place/%E0%A4%B0%E0%A4%BE%E0%A4%9C%E0%A4%95%E0%A5%80%E0%A4%AF+%E0%A4%B9%E0%A5%8B%E0%A4%AE%E0%A4%BF%E0%A4%AF%E0%A5%8B%E0%A4%AA%E0%A5%88%E0%A4%A5%E0%A5%80%E0%A4%95+%E0%A4%9A%E0%A4%BF%E0%A4%95%E0%A4%BF%E0%A4%A4%E0%A5%8D%E0%A4%B8%E0%A4%BE%E0%A4%B2%E0%A4%AF/data=!4m5!3m4!1s0x39928fa5c52cc6e3:0x77ee5fd60913281f!8m2!3d25.8284518!4d84.4214809?authuser=0&hl=en&rclk=1
Hospital,Hospital,"Unnamed Road, Khunsekhpur, Uttar Pradesh 275305, India",https://www.google.co.kr/maps/place/Hospital/data=!4m5!3m4!1s0x39918927e52200f9:0xc23c980d8265c91e!8m2!3d26.0497898!4d83.5589181?authuser=0&hl=en&rclk=1
Hospital,Hospital,"P6VF+Q2W, Bhundi, Uttar Pradesh 243641, India",https://www.google.co.kr/maps/place/Hospital/data=!4m5!3m4!1s0x397565b860d3023d:0xccf5dc369c25f2c5!8m2!3d27.7444769!4d79.2225851?authuser=0&hl=en&rclk=1
राजकीय होम्योपैथी चिकित्सालय,Hospital,"HMFM+3P2, बहेड़ी, Uttar Pradesh 251202, India",https://www.google.co.kr/maps/place/%E0%A4%B0%E0%A4%BE%E0%A4%9C%E0%A4%95%E0%A5%80%E0%A4%AF+%E0%A4%B9%E0%A5%8B%E0%A4%AE%E0%A5%8D%E0%A4%AF%E0%A5%8B%E0%A4%AA%E0%A5%88%E0%A4%A5%E0%A5%80+%E0%A4%9A%E0%A4%BF%E0%A4%95%E0%A4%BF%E0%A4%A4%E0%A5%8D%E0%A4%B8%E0%A4%BE%E0%A4%B2%E0%A4%AF/data=!4m5!3m4!1s0x390c1df2fbee9571:0xd2a982d16863be9e!8m2!3d29.5726266!4d77.6842725?authuser=0&hl=en&rclk=1
Safdarjung Hospital,Government hospital,"Ansari Nagar East, near to AIIMS Metro Station, New Delhi, Delhi 110029, India",https://www.google.co.kr/maps/place/Safdarjung+Hospital/data=!4m5!3m4!1s0x390ce27b1527eb57:0xf71af9b11f97c064!8m2!3d28.5680405!4d77.2058155?authuser=0&hl=en&rclk=1
clinic,Hospital,"P348+2F9, Daeetikar, Uttar Pradesh 226301, India",https://www.google.co.kr/maps/place/clinic/data=!4m5!3m4!1s0x399be5c764956bab:0xc99168b56c741e75!8m2!3d26.7050276!4d81.0662323?authuser=0&hl=en&rclk=1
Anand Hospital,Medical clinic,"Gandhi Nagar, Garh Road, Meerut, Uttar Pradesh 250001, India",https://www.google.co.kr/maps/place/Anand+Hospital/data=!4m5!3m4!1s0x390c64ec3d4c5bf7:0xc6ac0c3467efb765!8m2!3d28.9731499!4d77.7151015?authuser=0&hl=en&rclk=1
sohoratgarh hospital,Hospital,"9X22+W5R, Mehanauli, Uttar Pradesh 272205, India",https://www.google.co.kr/maps/place/sohoratgarh+hospital/data=!4m5!3m4!1s0x3996df06bf7007a3:0x92d4a4f614e9172b!8m2!3d27.3523536!4d82.950405?authuser=0&hl=en&rclk=1
Shivam Lifecare,Hospital,"Brahmasthan, Shahadatpura, Mau, Uttar Pradesh 275101, India",https://www.google.co.kr/maps/place/Shivam+Lifecare/data=!4m5!3m4!1s0x39918a9369219771:0x1b5a700c17141e5f!8m2!3d25.929562!4d83.57256?authuser=0&hl=en&rclk=1
Hospital,Hospital,"C4JG+P6X, Godhana, Uttar Pradesh 203394, India",https://www.google.co.kr/maps/place/Hospital/data=!4m5!3m4!1s0x390b430f89c091af:0xf18268ed2082222f!8m2!3d28.4318706!4d78.1256049?authuser=0&hl=en&rclk=1
All India Institute of Medical Sciences,Medical Center,"Kunraghat, Gorakhpur, Uttar Pradesh 273008, India",https://www.google.co.kr/maps/place/All+India+Institute+of+Medical+Sciences/data=!4m5!3m4!1s0x39915b5348907277:0xf3be00cd7392b77c!8m2!3d26.746537!4d83.4197611?authuser=0&hl=en&rclk=1
Rama Hospital,Hospital,"2313, 2314, Awas Vikas Rd, Hanspuram, Naubasta, Kanpur, Uttar Pradesh 208021, India",https://www.google.co.kr/maps/place/Rama+Hospital/data=!4m5!3m4!1s0x399c476694645df9:0xfb71b684868bc186!8m2!3d26.3922872!4d80.3166307?authuser=0&hl=en&rclk=1
Hospital,Hospital,"4HR5+H3H, Gangchauli Bujurg, Uttar Pradesh 212665, India",https://www.google.co.kr/maps/place/Hospital/data=!4m5!3m4!1s0x399c6306531e09f9:0xdaddc0e3fce44bb9!8m2!3d26.1414262!4d80.5577336?authuser=0&hl=en&rclk=1
army hospital,Hospital department,"Block E, Lalbagh, Lucknow, Uttar Pradesh 226001, India",https://www.google.co.kr/maps/place/army+hospital/data=!4m5!3m4!1s0x399bfd063127323b:0xf10d6fb3bb47c2a3!8m2!3d26.8466937!4d80.946166?authuser=0&hl=en&rclk=1
JANSHAKTI HOSPITAL IIM ROAD LUCKNOW,Hospital,"Mubarakpur, Raipur, Uttar Pradesh 226201, India",https://www.google.co.kr/maps/place/JANSHAKTI+HOSPITAL+IIM+ROAD+LUCKNOW/data=!4m5!3m4!1s0x399957658e633189:0xcaac2ca7feffaf09!8m2!3d26.9342463!4d80.9209602?authuser=0&hl=en&rclk=1
Primary hospital,Government hospital,"Unnamed Road, Chak Hasan, Uttar Pradesh 233001, India",https://www.google.co.kr/maps/place/Primary+hospital/data=!4m5!3m4!1s0x399203e26b9da833:0x64e09a52fd21fe5c!8m2!3d25.6209469!4d83.5939233?authuser=0&hl=en&rclk=1
Homeyopathic Hospital,Hospital,"53QV+98Q, Chanwar, Uttar Pradesh 209206, India",https://www.google.co.kr/maps/place/Homeyopathic+Hospital/data=!4m5!3m4!1s0x399dad367a2d95f3:0x30b300fa51cd828!8m2!3d26.188458!4d80.0933562?authuser=0&hl=en&rclk=1
SGPGI new OPD,Hospital,"Raibareli Rd, Haibat Mau Mawaiya, Lucknow, Uttar Pradesh 226014, India",https://www.google.co.kr/maps/place/SGPGI+new+OPD/data=!4m5!3m4!1s0x399bfb01deed4e1f:0x9bd7c8f57f4c9247!8m2!3d26.7431522!4d80.9474591?authuser=0&hl=en&rclk=1
A.A. Memorial Hospital,Hospital,"MGWF+Q77, Richha, Uttar Pradesh 243201, India",https://www.google.co.kr/maps/place/A.A.+Memorial+Hospital/data=!4m5!3m4!1s0x39a0738c4089a01d:0x76805672aea89aa!8m2!3d28.6969047!4d79.523182?authuser=0&hl=en&rclk=1
New Hospital Pachhauhan,Hospital,"GWF8+RHF, Banda, Uttar Pradesh 210125, India",https://www.google.co.kr/maps/place/New+Hospital+Pachhauhan/data=!4m5!3m4!1s0x399b50df3c4dde25:0x68131d080d3fa44!8m2!3d25.5245546!4d80.9164325?authuser=0&hl=en&rclk=1
Primary Health Center,Hospital,"5Q45+Q4R, Siswa Bazar, Uttar Pradesh 273163, India",https://www.google.co.kr/maps/place/Primary+Health+Center/data=!4m5!3m4!1s0x3994058bf2bec36b:0x81fd34a0f9af89a7!8m2!3d27.1569873!4d83.757757?authuser=0&hl=en&rclk=1
Hospital,Hospital,"Unnamed Road, Sharfabad, Uttar Pradesh 209739, India",https://www.google.co.kr/maps/place/Hospital/data=!4m5!3m4!1s0x399e3dba147d52f5:0x7c49358d21781583!8m2!3d27.2226216!4d79.5912457?authuser=0&hl=en&rclk=1
"Government Hospital , Sahaspur",Government hospital,"4JC8+H4Q, Sahaspur, Uttar Pradesh 246745, India","https://www.google.co.kr/maps/place/Government+Hospital+,+Sahaspur/data=!4m5!3m4!1s0x390bb3e82783e111:0x1ad1356784b9a490!8m2!3d29.1214741!4d78.6153454?authuser=0&hl=en&rclk=1"
Medical Testing Lab Yashoda Superspeciality Hospital,Hospital,"H-1, near Metro, Kaushambi, Ghaziabad, Uttar Pradesh 201010, India",https://www.google.co.kr/maps/place/Medical+Testing+Lab+Yashoda+Superspeciality+Hospital/data=!4m5!3m4!1s0x390cfb305ac70c29:0x242672337ee39b12!8m2!3d28.6424143!4d77.3187435?authuser=0&hl=en&rclk=1
Work hospital,Hospital,"Q2P9+X66, Golf City, Chak Kajehra, Uttar Pradesh 226002, India",https://www.google.co.kr/maps/place/Work+hospital/data=!4m5!3m4!1s0x399be5574b83b9e5:0x723abf2ba4fb0353!8m2!3d26.7874144!4d81.0180265?authuser=0&hl=en&rclk=1
प्राथमिक स्वास्थ्य केन्द्र पुसगवां,Hospital,"Unnamed Road, Uttar Pradesh, India",https://www.google.co.kr/maps/place/%E0%A4%AA%E0%A5%8D%E0%A4%B0%E0%A4%BE%E0%A4%A5%E0%A4%AE%E0%A4%BF%E0%A4%95+%E0%A4%B8%E0%A5%8D%E0%A4%B5%E0%A4%BE%E0%A4%B8%E0%A5%8D%E0%A4%A5%E0%A5%8D%E0%A4%AF+%E0%A4%95%E0%A5%87%E0%A4%A8%E0%A5%8D%E0%A4%A6%E0%A5%8D%E0%A4%B0+%E0%A4%AA%E0%A5%81%E0%A4%B8%E0%A4%97%E0%A4%B5%E0%A4%BE%E0%A4%82/data=!4m5!3m4!1s0x39754922e368b0c7:0xdcb45e31af7ddd68!8m2!3d28.0967958!4d79.0278393?authuser=0&hl=en&rclk=1
Best Hospital in Delhi|Multi speciality Hospital in Ghaziabad|Yashoda Hospital,Hospital,"near, Metro Station, Kaushambi, Ghaziabad, Uttar Pradesh 201012, India",https://www.google.co.kr/maps/place/Best+Hospital+in+Delhi%7CMulti+speciality+Hospital+in+Ghaziabad%7CYashoda+Hospital/data=!4m5!3m4!1s0x390cfb8dd20ecc37:0xe0da5b28ea150e49!8m2!3d28.6462371!4d77.3323047?authuser=0&hl=en&rclk=1
Hospital,Hospital,"Ranupur, Uttar Pradesh 212659, India",https://www.google.co.kr/maps/place/Hospital/data=!4m5!3m4!1s0x399cf7d61d6e1cf9:0xd8bbaed5032e87b1!8m2!3d26.0478906!4d80.3345495?authuser=0&hl=en&rclk=1
Hospital,Hospital,"Dahilamau, Pratapgarh, Uttar Pradesh 230001, India",https://www.google.co.kr/maps/place/Hospital/data=!4m5!3m4!1s0x399a911a3a4e55c7:0xb836a53b104d36c1!8m2!3d25.9162323!4d81.9812373?authuser=0&hl=en&rclk=1
Heart surgeon lucknow,Heart hospital,"viraaj Khand, Sahara Hospital Rd, Gomti Nagar, Lucknow, Uttar Pradesh 226006, India",https://www.google.co.kr/maps/place/Heart+surgeon+lucknow/data=!4m5!3m4!1s0x399be3ad181efa89:0xa154c23bcab73ed1!8m2!3d26.85032!4d81.023841?authuser=0&hl=en&rclk=1
Sahara Hospital Emergency and Trauma Centre,Hospital,"R2XF+WXW, Viraj Khand - 1, Viraj Khand, Gomti Nagar, Lucknow, Uttar Pradesh 226010, India",https://www.google.co.kr/maps/place/Sahara+Hospital+Emergency+and+Trauma+Centre/data=!4m5!3m4!1s0x399be35960b4dee9:0xae429c3daa4040bf!8m2!3d26.8498624!4d81.0249488?authuser=0&hl=en&rclk=1
Medical,Hospital,"Chowk, Lucknow, Uttar Pradesh 226003, India",https://www.google.co.kr/maps/place/Medical/data=!4m5!3m4!1s0x399bfd74f66412c5:0x8212411203307350!8m2!3d26.861739!4d80.9045064?authuser=0&hl=en&rclk=1
Yashoda Super Speciality Hospitals,Hospital,"Metro Station, near Kaushambi, Neelpadam Kunj Complex, Kamma 1, Kaushambi, Ghaziabad, Uttar Pradesh 201012, India",https://www.google.co.kr/maps/place/Yashoda+Super+Speciality+Hospitals/data=!4m5!3m4!1s0x390cfbb0f267a861:0xd2a81386862c2079!8m2!3d28.6462371!4d77.3323047?authuser=0&hl=en&rclk=1
New हरिओम बाल क्लीनिक,Hospital,"GH9H+PR8, यादवनगर, औंरा, Uttar Pradesh 222203, India",https://www.google.co.kr/maps/place/New+%E0%A4%B9%E0%A4%B0%E0%A4%BF%E0%A4%93%E0%A4%AE+%E0%A4%AC%E0%A4%BE%E0%A4%B2+%E0%A4%95%E0%A5%8D%E0%A4%B2%E0%A5%80%E0%A4%A8%E0%A4%BF%E0%A4%95/data=!4m5!3m4!1s0x3990216a4b4629df:0xb4352e7f6fa99294!8m2!3d25.5192886!4d82.5795628?authuser=0&hl=en&rclk=1
Department Of Pediatrics,Hospital,"113/143, Shah Mina Rd, Jawahar Nagar, King George's Medical University, Lucknow, Uttar Pradesh 226003, India",https://www.google.co.kr/maps/place/Department+Of+Pediatrics/data=!4m5!3m4!1s0x399bfdee79c8bcad:0x8c54a2c6b5af7fa!8m2!3d26.8668108!4d80.9150302?authuser=0&hl=en&rclk=1
Santosh Super Speciality Hospital,Hospital,"BC-09, Lohiya Nagar, Bijili Bamba Bypass, Hapur Rd, near Police Chowki, Meerut, Uttar Pradesh 250002, India",https://www.google.co.kr/maps/place/Santosh+Super+Speciality+Hospital/data=!4m5!3m4!1s0x390c8d9f1c1b5c1b:0x747ee0541ea2d51f!8m2!3d28.7021727!4d77.6210175?authuser=0&hl=en&rclk=1
Bharat Arogya Hospital Chandapur,Hospital,"W574+P27, Chandapur, Uttar Pradesh 271129, India",https://www.google.co.kr/maps/place/Bharat+Arogya+Hospital+Chandapur/data=!4m5!3m4!1s0x399a0192735d5c7b:0x28578a7336fd7d6c!8m2!3d26.9142999!4d82.1550451?authuser=0&hl=en&rclk=1
"Dr Alok Gupta, Cancer Doctor Oncologist, Medanta, Cancer Treatment in Lucknow UP",Oncologist,"Medanta, Amar Shaheed Path, Sector B Ansal API, Lucknow, Uttar Pradesh 226030, India","https://www.google.co.kr/maps/place/Dr+Alok+Gupta,+Cancer+Doctor+Oncologist,+Medanta,+Cancer+Treatment+in+Lucknow+UP/data=!4m5!3m4!1s0x399bfbf1b22f6c63:0xe1779b5dcf1d2ff9!8m2!3d26.7786069!4d80.9836745?authuser=0&hl=en&rclk=1"
Sharda Hospital,Hospital,"Gwalior Road, near Bade Pul, Jhansi, Uttar Pradesh 284002, India",https://www.google.co.kr/maps/place/Sharda+Hospital/data=!4m5!3m4!1s0x3977714ba380b5cb:0xc5c3b8bfe7ac4936!8m2!3d25.4786851!4d78.5629448?authuser=0&hl=en&rclk=1
Government Hospital,Government hospital,"Surir - Bhidauni Rd, Surir, Uttar Pradesh 281205, India",https://www.google.co.kr/maps/place/Government+Hospital/data=!4m5!3m4!1s0x397342be650e20f1:0x92c3bb180e57106!8m2!3d27.7687818!4d77.724634?authuser=0&hl=en&rclk=1
Santosh Speciality Hospital,Hospital,"B1, Hapur Rd, New Panchwati, Block I, Block B, Govindpuram, Ghaziabad, Uttar Pradesh 201013, India",https://www.google.co.kr/maps/place/Santosh+Speciality+Hospital/data=!4m5!3m4!1s0x390cf3483fb19375:0xe8c794b8098e5fd9!8m2!3d28.680542!4d77.4924039?authuser=0&hl=en&rclk=1
Community Health Centre Safipur,Hospital,"Bus Station, SH 38, Safipur, Uttar Pradesh 241504, India",https://www.google.co.kr/maps/place/Community+Health+Centre+Safipur/data=!4m5!3m4!1s0x399c259807b871a3:0xa747ca681161f929!8m2!3d26.7396976!4d80.3495736?authuser=0&hl=en&rclk=1
Hospital,Hospital,"Kakola Road, Andla, Uttar Pradesh, India",https://www.google.co.kr/maps/place/Hospital/data=!4m5!3m4!1s0x397358753cc09483:0xb4b25fd81484d21e!8m2!3d27.9281395!4d77.9260928?authuser=0&hl=en&rclk=1
अस्पताल,Hospital,"Road, मैनानेवरिया, Uttar Pradesh 271882, India",https://www.google.co.kr/maps/place/%E0%A4%85%E0%A4%B8%E0%A5%8D%E0%A4%AA%E0%A4%A4%E0%A4%BE%E0%A4%B2/data=!4m5!3m4!1s0x3998ffbf7dd2f111:0xf16e083488c4e597!8m2!3d27.7314382!4d81.5059007?authuser=0&hl=en&rclk=1
Dr.Yashpal Singh vascular surgeon,Vascular surgeon,"P G I road Raibareli Road near O P chaudhary Hospital, Lucknow, Uttar Pradesh 226025, India",https://www.google.co.kr/maps/place/Dr.Yashpal+Singh+vascular+surgeon/data=!4m5!3m4!1s0x399bfb0ce699167d:0x6a7f92fff4e149b6!8m2!3d26.7614623!4d80.9474926?authuser=0&hl=en&rclk=1
Lucknow Cancer Institute,Cancer treatment center,"Manas Nagar Colony, Jiamau, Lucknow, Uttar Pradesh 226001, India",https://www.google.co.kr/maps/place/Lucknow+Cancer+Institute/data=!4m5!3m4!1s0x399bfd06392cfd07:0x2092e5278a75dba0!8m2!3d26.8467939!4d80.9613442?authuser=0&hl=en&rclk=1
Neera Hospital,Doctor,"Near New Hanuman Mandir Ali Ganj Crossing B-2, Mahanagar Extension, Lucknow, Uttar Pradesh 226006, India",https://www.google.co.kr/maps/place/Neera+Hospital/data=!4m5!3m4!1s0x399957d7b23d7db1:0xe3b577cdc4754ef1!8m2!3d26.8851661!4d80.9514942?authuser=0&hl=en&rclk=1
Dr. Sandeep Kapoor,Orthopedic surgeon,"4 Park Rd, opposite New Civil Hospital, Tarikhana, Narhi, Hazratganj, Lucknow, Uttar Pradesh 226001, India",https://www.google.co.kr/maps/place/Dr.+Sandeep+Kapoor/data=!4m5!3m4!1s0x399bfd042b4d3295:0xdd344fd28e5ae490!8m2!3d26.8449287!4d80.9486229?authuser=0&hl=en&rclk=1
Max MedCentre,Doctor,"Shop No.1&2 1st Floor, S2S square mall, Garh Rd, Meerut, Uttar Pradesh 250001, India",https://www.google.co.kr/maps/place/Max+MedCentre/data=!4m5!3m4!1s0x390c6528492bd3ef:0xcae0afa251809208!8m2!3d28.9703584!4d77.7223408?authuser=0&hl=en&rclk=1
"Yashoda Hospital And Research Centre Limited, Kaushambi",Blood donation center,"394, Seemant Vihar Society, Anand Vihar, Kaushambi, Ghaziabad, Uttar Pradesh 201010, India","https://www.google.co.kr/maps/place/Yashoda+Hospital+And+Research+Centre+Limited,+Kaushambi/data=!4m5!3m4!1s0x390cfb305ac70c29:0x6314c1e02838e430!8m2!3d28.6448881!4d77.327425?authuser=0&hl=en&rclk=1"
Pregnancy Yoga Clinic- Paras Bliss New Delhi,Maternity hospital,"Room no 66,Opposite road of Kotak Mahindra Bank,East of Kailash, New Delhi, Delhi 110065, India",https://www.google.co.kr/maps/place/Pregnancy+Yoga+Clinic-+Paras+Bliss+New+Delhi/data=!4m5!3m4!1s0x390ce3b7132be005:0xab563b0931397870!8m2!3d28.55608!4d77.244135?authuser=0&hl=en&rclk=1
Primary Health Center,Medical clinic,"Chiraiyakot-Mau Rd, Ranipur, Uttar Pradesh 276402, India",https://www.google.co.kr/maps/place/Primary+Health+Center/data=!4m5!3m4!1s0x39918dd58460e107:0x3ff3b24179e34d0a!8m2!3d25.9174406!4d83.4225576?authuser=0&hl=en&rclk=1
Life Line Hospital,Pediatrician,"Kanker Khera, Meerut Cantt, Meerut, Uttar Pradesh 250001, India",https://www.google.co.kr/maps/place/Life+Line+Hospital/data=!4m5!3m4!1s0x390c65e9e03badcb:0xe949649ae71705a2!8m2!3d29.0265736!4d77.6886853?authuser=0&hl=en&rclk=1
Baby Massage Clinic- Paras Bliss New Delhi,Maternity hospital,"Room No. 33, Kailash Colony Metro Station, Kailash Colony Rd, Block A, Block E, East of Kailash, New Delhi, Delhi 110065, India",https://www.google.co.kr/maps/place/Baby+Massage+Clinic-+Paras+Bliss+New+Delhi/data=!4m5!3m4!1s0x390ce3ca663d0d71:0x8da70aaa2572f6ea!8m2!3d28.55605!4d77.24421?authuser=0&hl=en&rclk=1
"Max Institute Of Cancer Care, Vaishali",Cancer treatment center,"W-3, near Radisson Blu Hotel, Sector-1, Vaishali, Ghaziabad, Uttar Pradesh 201012, India","https://www.google.co.kr/maps/place/Max+Institute+Of+Cancer+Care,+Vaishali/data=!4m5!3m4!1s0x390ce5b95a88ea6b:0xb5e870a426e6ef70!8m2!3d28.6340189!4d77.3332346?authuser=0&hl=en&rclk=1"
Dayanand Nursing Home,Nursing home,"47/L-4, Begum Bridge, Jawahar Quarters, Jawahar Nagar, Meerut, Uttar Pradesh 250001, India",https://www.google.co.kr/maps/place/Dayanand+Nursing+Home/data=!4m5!3m4!1s0x390c65039dbe9cc7:0xb3235d3ae4eb145a!8m2!3d28.9950993!4d77.7080841?authuser=0&hl=en&rclk=1
"Diet Clinic For Weight Loss Clinic,Paras Bliss New Delhi",Maternity hospital,"Room 45, F - 44,East of Kailash, near metro station, New Delhi, Delhi 110065, India","https://www.google.co.kr/maps/place/Diet+Clinic+For+Weight+Loss+Clinic,Paras+Bliss+New+Delhi/data=!4m5!3m4!1s0x390ce3b570a609e5:0xd0cc15374017dd36!8m2!3d28.557138!4d77.242297?authuser=0&hl=en&rclk=1"
Paras Pediatric Clinic- Paras Bliss New Delhi,Hospital,"room no 304 f, Paras Bliss, 44, Block F, East of Kailash, New Delhi, Delhi 110065, India",https://www.google.co.kr/maps/place/Paras+Pediatric+Clinic-+Paras+Bliss+New+Delhi/data=!4m5!3m4!1s0x390ce3b818ce6bf9:0xd054aea1027b62a8!8m2!3d28.5561208!4d77.2440819?authuser=0&hl=en&rclk=1
Sri Sathya Sai Sanjeevani International Centre for Child Heart Care & Research,Heart hospital,"Baghola, NH 2, Palwal, Haryana 121102, India",https://www.google.co.kr/maps/place/Sri+Sathya+Sai+Sanjeevani+International+Centre+for+Child+Heart+Care+%26+Research/data=!4m5!3m4!1s0x390cd24cf8d3078f:0x4484c0bb9c542164!8m2!3d28.19265!4d77.3130823?authuser=0&hl=en&rclk=1
Galaxy Online & Travels,,"Alinagar Marg, Murlijot, Basti, Uttar Pradesh 272002, India",https://www.google.co.kr/maps/place/Galaxy+Online+%26+Travels/data=!4m5!3m4!1s0x3990d075716d8d01:0x57e5be6748b06f98!8m2!3d26.8005223!4d82.7596584?authuser=0&hl=en&rclk=1
India Bulls,Investment service,"13-14, Ground Floor, Saran Chamber -II, Park Road, Park Road, Opposite Civil Hospital, Hazratganj, Lucknow, Uttar Pradesh 226001, India",https://www.google.co.kr/maps/place/India+Bulls/data=!4m5!3m4!1s0x399bfd04119658f1:0x92c965df66940c66!8m2!3d26.8429506!4d80.9493496?authuser=0&hl=en&rclk=1
Safdarjung Hospital,Hospital,"No. 3, Sri Aurobindo Marg, Safdarjung Campus, Ansari Nagar West, New Delhi, Delhi 110029, India",https://www.google.co.kr/maps/place/Safdarjung+Hospital/data=!4m5!3m4!1s0x390ce2651cdd55e5:0x131ce8bccd536e3d!8m2!3d28.5623085!4d77.2078151?authuser=0&hl=en&rclk=1
Vardhaman Mahavir Medical College & Safdarjung Hospital,Hospital,"Mahatma Gandhi Marg, Safdarjung Campus, Ansari Nagar West, New Delhi, Delhi 110029, India",https://www.google.co.kr/maps/place/Vardhaman+Mahavir+Medical+College+%26+Safdarjung+Hospital/data=!4m5!3m4!1s0x390ce27b6ef9c3bb:0x61dff90df8bc9200!8m2!3d28.5686559!4d77.2070009?authuser=0&hl=en&rclk=1
SRMS FUNCTIONAL IMAGING AND MEDICAL CENTRE,Medical diagnostic imaging center,"CP 2/3، 2, Lohia Path, Near Fly Over, Vishwas Khand, Gomti Nagar, Lucknow, Uttar Pradesh 226010, India",https://www.google.co.kr/maps/place/SRMS+FUNCTIONAL+IMAGING+AND+MEDICAL+CENTRE/data=!4m5!3m4!1s0x399be2cad236b6f1:0x588e1039a842ba26!8m2!3d26.8597483!4d80.9872085?authuser=0&hl=en&rclk=1
Stemz Healthcare,Medical Center,"Second Floor, BBD Viraj Tower, Amar Shaheed Path, Vibhuti Khand, Lucknow, Uttar Pradesh 226010, India",https://www.google.co.kr/maps/place/Stemz+Healthcare/data=!4m5!3m4!1s0x399bfba7fed1cc57:0xf42b32b2be68a08!8m2!3d26.7686758!4d80.9484749?authuser=0&hl=en&rclk=1
sri satya sai sanjeevani international center for child heart care and research,Hospital,"58V7+4H2, Palwal, Haryana 121102, India",https://www.google.co.kr/maps/place/sri+satya+sai+sanjeevani+international+center+for+child+heart+care+and+research/data=!4m5!3m4!1s0x390cd16b98c65bb7:0xfa4ad8b42263f273!8m2!3d28.1927724!4d77.3138802?authuser=0&hl=en&rclk=1
Dr. Shashank Nigam (Cancer Surgeon & Breast Disease Specialist),Doctor,"19/766, Tedhi Pulia Ring Rd, near ICICI Bank, Sector 19, Indira Nagar, Lucknow, Uttar Pradesh 226016, India",https://www.google.co.kr/maps/place/Dr.+Shashank+Nigam+(Cancer+Surgeon+%26+Breast+Disease+Specialist)/data=!4m5!3m4!1s0x39995749b4839637:0x61576e5acd9eb8e!8m2!3d26.8864699!4d80.9869945?authuser=0&hl=en&rclk=1
CMO Office,Public health department,"1, Chakbast Rd, Qaisar Bagh, Lucknow, Uttar Pradesh 226018, India",https://www.google.co.kr/maps/place/CMO+Office/data=!4m5!3m4!1s0x399bfdbe7aab36a7:0xad93a10c2f52e12d!8m2!3d26.8556139!4d80.9276754?authuser=0&hl=en&rclk=1
Sharda Hospital Blood Bank,Blood donation center,"Knowledge Park III, Greater Noida, Uttar Pradesh 201310, India",https://www.google.co.kr/maps/place/Sharda+Hospital+Blood+Bank/data=!4m5!3m4!1s0x390cea0f93f00209:0x6f81ccac75116a00!8m2!3d28.474444!4d77.4827?authuser=0&hl=en&rclk=1
Health Center,Fitness center,"Jopling Rd, Vipul Khand 1, Block I, Gokhale Vihar, Butler Colony, Lucknow, Uttar Pradesh 226001, India",https://www.google.co.kr/maps/place/Health+Center/data=!4m5!3m4!1s0x399bfd14e461dd83:0x76e84644be8d5de7!8m2!3d26.8488762!4d80.9811751?authuser=0&hl=en&rclk=1
Dr. Ajay Kumar Chaudhary Clinic,Gastroenterologist,"3/173, opposite TRINKA HOTEL, Vinay Khand 3, Gomti Nagar, Lucknow, Uttar Pradesh 226010, India",https://www.google.co.kr/maps/place/Dr.+Ajay+Kumar+Chaudhary+Clinic/data=!4m5!3m4!1s0x399be2c601c5ffed:0x9ce88788422795da!8m2!3d26.8575462!4d81.0010771?authuser=0&hl=en&rclk=1
Kanpur Medical Centre Private Limited,Orthopedic surgeon,"120/500(24, Govind Nagar Rd, near J.K. Temple, Lajpat Nagar, Narainpurwa, Kanpur, Uttar Pradesh 208005, India",https://www.google.co.kr/maps/place/Kanpur+Medical+Centre+Private+Limited/data=!4m5!3m4!1s0x399c387411b6e4db:0x14555e6c6b59dc53!8m2!3d26.4716798!4d80.3037395?authuser=0&hl=en&rclk=1
Dr Mazhar Husain,Neurosurgeon,"2/182, Vishwas Khand, Gomti Nagar, Lucknow, Uttar Pradesh 226010, India",https://www.google.co.kr/maps/place/Dr+Mazhar+Husain/data=!4m5!3m4!1s0x399be2b5674f885b:0x82cb9ef2c2a96935!8m2!3d26.8628391!4d80.9884551?authuser=0&hl=en&rclk=1
Garg Orthopaedic Centre,Orthopedic surgeon,"C 397, Nirala Nagar, Near Saraswati Shishu Mandir, Lucknow, Uttar Pradesh 226020, India",https://www.google.co.kr/maps/place/Garg+Orthopaedic+Centre/data=!4m5!3m4!1s0x399bfd85cb8c5343:0xc74bfe9aa26cfa8!8m2!3d26.874846!4d80.93417?authuser=0&hl=en&rclk=1
Department of Biotechnology,Hospital department,"546/217, Sarfarazganj, Lucknow, Uttar Pradesh 226003, India",https://www.google.co.kr/maps/place/Department+of+Biotechnology/data=!4m5!3m4!1s0x399bfe20b0067d1b:0xc10351f5f5a439f1!8m2!3d26.8780035!4d80.872499?authuser=0&hl=en&rclk=1
Santosh Hospital,Doctor,"3/37, Grand Trunk Rd, Pocket J, Nehru Nagar III, Nehru Nagar, Ghaziabad, Uttar Pradesh 201001, India",https://www.google.co.kr/maps/place/Santosh+Hospital/data=!4m5!3m4!1s0x390cf1058d5f3dbd:0xe11f535b13eb141f!8m2!3d28.649194!4d77.4434655?authuser=0&hl=en&rclk=1
LifeCare Diagnostics Indira Nagar,Diagnostic center,"A-1553, A-Block, Meena Market Rd, Liberty Colony Park, Sarvodaya Nagar, Indira Nagar, Lucknow, Uttar Pradesh 226015, India",https://www.google.co.kr/maps/place/LifeCare+Diagnostics+Indira+Nagar/data=!4m5!3m4!1s0x399bfd50eb4c4203:0xd46dc6251e01fbe9!8m2!3d26.8771387!4d80.9774991?authuser=0&hl=en&rclk=1
Extra Care Physiotherapy Lucknow (Specialized In Spine Manual and Neuro Rehab ),Physical therapist,"36 Ishwarpuri (Gate No.2, behind Spencer, Sector 12, Indira Nagar, Lucknow, Uttar Pradesh 226016, India",https://www.google.co.kr/maps/place/Extra+Care+Physiotherapy+Lucknow+(Specialized+In+Spine+Manual+and+Neuro+Rehab+)/data=!4m5!3m4!1s0x399be2a4884c7fed:0xaa55f842a7bfb897!8m2!3d26.8783654!4d80.9996604?authuser=0&hl=en&rclk=1
Golaganj,,,https://www.google.co.kr/maps/place/Golaganj/data=!4m5!3m4!1s0x399bfdc0a1515c11:0x6d327ba3ff8e82ce!8m2!3d26.8530636!4d80.9205502?authuser=0&hl=en&rclk=1
Dr. Ravi Shankar Best Neurosurgeon | Brain & Spine Surgeon | Cerebrovascular Specialist | Epilepsy Surgery | Brain Tumor,Neurosurgeon,"Amar Shaheed Path, Golf City, Pocket - 1, Sector A, Lucknow, Uttar Pradesh 226002, India",https://www.google.co.kr/maps/place/Dr.+Ravi+Shankar+Best+Neurosurgeon+%7C+Brain+%26+Spine+Surgeon+%7C+Cerebrovascular+Specialist+%7C+Epilepsy+Surgery+%7C+Brain+Tumor/data=!4m5!3m4!1s0x399be535c5074f25:0xf72da9eb7e1b9501!8m2!3d26.7775755!4d80.985569?authuser=0&hl=en&rclk=1
River Bank Colony,,,https://www.google.co.kr/maps/place/River+Bank+Colony/data=!4m5!3m4!1s0x399bfd94d8f677d5:0x7f3b5a2333d3f8e3!8m2!3d26.861002!4d80.9234606?authuser=0&hl=en&rclk=1
