Company_Name,Category,Address,Url
Makunda Christian Leprosy and General Hospital,General hospital,"Bazaricherra, Karimganj, Assam 788727, India",https://www.google.co.kr/maps/place/Makunda+Christian+Leprosy+and+General+Hospital/data=!4m5!3m4!1s0x3751e668f510e06b:0xf378e3fcdef6bcc3!8m2!3d24.4320197!4d92.3306894?authuser=0&hl=en&rclk=1
Apollo Hospitals,Hospital,"Lotus Tower, International Hospitals, GS Rd, Christian Basti, Guwahati, Assam 781005, India",https://www.google.co.kr/maps/place/Apollo+Hospitals/data=!4m5!3m4!1s0x375a59d33f53f3bf:0xd15d18fec81f6c71!8m2!3d26.1540453!4d91.781269?authuser=0&hl=en&rclk=1
"Narayana Superspeciality Hospital, Guwahati",Hospital,"Civil Hospital Complex Greenland Restaurant Tularam Bafna, Amingaon, Guwahati, Assam 781031, India","https://www.google.co.kr/maps/place/Narayana+Superspeciality+Hospital,+Guwahati/data=!4m5!3m4!1s0x375a5ab28a679979:0xb0b8162cac1a1986!8m2!3d26.2077161!4d91.6776602?authuser=0&hl=en&rclk=1"
Wintrobe Hospital : Multispeciality Hospital /24 Hours Service Medical/Affordable Cost Hospital in Guwahati,General hospital,"GNB Rd, Ambari, Guwahati, Assam 781001, India",https://www.google.co.kr/maps/place/Wintrobe+Hospital+:+Multispeciality+Hospital+%2F24+Hours+Service+Medical%2FAffordable+Cost+Hospital+in+Guwahati/data=!4m5!3m4!1s0x375a59886ee148c9:0xafb99e2cc640a8a2!8m2!3d26.185424!4d91.7560487?authuser=0&hl=en&rclk=1
UNITED HOSPITAL,General hospital,"Circuit House, Road, Raj Nagar, Nalbari, Assam 781335, India",https://www.google.co.kr/maps/place/UNITED+HOSPITAL/data=!4m5!3m4!1s0x375bcc90f7c384c9:0x5feed51f199bf987!8m2!3d26.4444749!4d91.432136?authuser=0&hl=en&rclk=1
Dispur Hospitals Private Limited,Private hospital,"Ganeshguri Flyover, GMC Ward Number 44, Swaraj Nagar, Ganeshguri, Guwahati, Assam 781006, India",https://www.google.co.kr/maps/place/Dispur+Hospitals+Private+Limited/data=!4m5!3m4!1s0x375a5918bbf15167:0x55cdfb20dff0d0bb!8m2!3d26.149691!4d91.7865839?authuser=0&hl=en&rclk=1
Agile Hospitals Private Limited,Private hospital,"Tripura Rd Beltola, Jayanagar Chariali, Khanapara, Guwahati, Assam 781022, India",https://www.google.co.kr/maps/place/Agile+Hospitals+Private+Limited/data=!4m5!3m4!1s0x375a5f330cf3f517:0xe3e1cdbed2ba600f!8m2!3d26.1222234!4d91.8059635?authuser=0&hl=en&rclk=1
Hayat Hospital,Hospital,"Kahilipara Main Rd, Odalbakra, Kahilipara, Guwahati, Assam 781034, India",https://www.google.co.kr/maps/place/Hayat+Hospital/data=!4m5!3m4!1s0x375a5be51bf57fbf:0xfdf263c0492a4389!8m2!3d26.1390902!4d91.7462166?authuser=0&hl=en&rclk=1
Apollo Hospitals and Clinic (GHY),Hospital,"Kanchan Rd, South Sarania, Lachit Nagar, Guwahati, Assam 781007, India",https://www.google.co.kr/maps/place/Apollo+Hospitals+and+Clinic+(GHY)/data=!4m5!3m4!1s0x375a596c3c824f37:0x591fe77230cf668b!8m2!3d26.1691983!4d91.7629948?authuser=0&hl=en&rclk=1
Cancer Hospital,Hospital,"5Q58+X3C, Bhangagarh, Guwahati, Assam 781007, India",https://www.google.co.kr/maps/place/Cancer+Hospital/data=!4m5!3m4!1s0x375a596e21aac1ff:0x23f85a3aed117027!8m2!3d26.159925!4d91.7651447?authuser=0&hl=en&rclk=1
Mahendra Mohan Choudhury Hospital,General hospital,"MG Road, Fancy Bazaar, Guwahati, Assam 781001, India",https://www.google.co.kr/maps/place/Mahendra+Mohan+Choudhury+Hospital/data=!4m5!3m4!1s0x375a5a3a132c4573:0x4f3420c9d5a33d8!8m2!3d26.1855023!4d91.7405819?authuser=0&hl=en&rclk=1
Maina Khurung Model Hospital,Hospital,"4P45+324, GARCHUK, Guwahati, Assam 781035, India",https://www.google.co.kr/maps/place/Maina+Khurung+Model+Hospital/data=!4m5!3m4!1s0x375a5dfcf12efd0b:0xab9e37ed104f0a49!8m2!3d26.1051267!4d91.7075744?authuser=0&hl=en&rclk=1
Sun Valley Hospital,General hospital,"GS Rd, Mathura Nagar, Bormotoria, Guwahati, Assam 781022, India",https://www.google.co.kr/maps/place/Sun+Valley+Hospital/data=!4m5!3m4!1s0x375a58daeb8993c1:0x4df8cb82405720ca!8m2!3d26.1382879!4d91.8010681?authuser=0&hl=en&rclk=1
"District Hospital, Sonapur Kamrup Metro",Hospital,"NH 27, Amara N.C., Assam 782402, India","https://www.google.co.kr/maps/place/District+Hospital,+Sonapur+Kamrup+Metro/data=!4m5!3m4!1s0x375af21d6f0b974f:0x8b2a214c3b415da4!8m2!3d26.1216132!4d91.9767002?authuser=0&hl=en&rclk=1"
Samoguri Hospital,Hospital,"CVC3+6C7, Kuruabahi, Assam 782140, India",https://www.google.co.kr/maps/place/Samoguri+Hospital/data=!4m5!3m4!1s0x3744e1bf83bc7d8b:0x2e6c57cc3583de48!8m2!3d26.4205421!4d92.8535338?authuser=0&hl=en&rclk=1
GNRC Hospital,Hospital,"Super Market, GNRC Rd, Dispur, Rukmini Gaon, Guwahati, Assam 781005, India",https://www.google.co.kr/maps/place/GNRC+Hospital/data=!4m5!3m4!1s0x375a58d85b0d032f:0x5e121ca48b961c42!8m2!3d26.1389556!4d91.7944378?authuser=0&hl=en&rclk=1
Old Civil Hospital,Hospital,"PF3G+PWR, Dhekiajuli, Assam 784110, India",https://www.google.co.kr/maps/place/Old+Civil+Hospital/data=!4m5!3m4!1s0x3744cb408398e4cd:0xc950854d1b606a64!8m2!3d26.704375!4d92.4772616?authuser=0&hl=en&rclk=1
Mission Hospital,Hospital,"P6Q2+CFV, Barbheta, Jorhat, Assam 785001, India",https://www.google.co.kr/maps/place/Mission+Hospital/data=!4m5!3m4!1s0x3746c28317a89a0b:0xf583abcdc799d283!8m2!3d26.7386151!4d94.2011584?authuser=0&hl=en&rclk=1
Jorhat Christian Medical Centre,Hospital,"P6Q2+876, Barbheta, Jorhat, Assam 785001, India",https://www.google.co.kr/maps/place/Jorhat+Christian+Medical+Centre/data=!4m5!3m4!1s0x3746c28304d11113:0xabeab2f62faa73b6!8m2!3d26.7382753!4d94.200638?authuser=0&hl=en&rclk=1
Aruna Memorial Hospital,Hospital,"Rajgarh Rd, SATSANG VIHAR, Bhangagarh, Guwahati, Assam 781005, India",https://www.google.co.kr/maps/place/Aruna+Memorial+Hospital/data=!4m5!3m4!1s0x375a5973f78d6627:0xd1a9fa527479c426!8m2!3d26.1661234!4d91.7689558?authuser=0&hl=en&rclk=1
Down Town Hospital,General hospital,"GS Rd, Bormotoria, Guwahati, Assam 781006, India",https://www.google.co.kr/maps/place/Down+Town+Hospital/data=!4m5!3m4!1s0x375a58da452a4b35:0x12fc40f65c6d1a5c!8m2!3d26.1391639!4d91.7993515?authuser=0&hl=en&rclk=1
Makunda Mission Hospital,General hospital,"98XQ+V28, Dakshin Sagolmar, Assam 788727, India",https://www.google.co.kr/maps/place/Makunda+Mission+Hospital/data=!4m5!3m4!1s0x3751e569b1eddcd9:0x6f18962d54d4182a!8m2!3d24.3996505!4d92.3375817?authuser=0&hl=en&rclk=1
Smaguri Hospital,Hospital,"CV92+WJH, Kuruabahi, Assam 782140, India",https://www.google.co.kr/maps/place/Smaguri+Hospital/data=!4m5!3m4!1s0x3744e18c1792fdf5:0x78af838ff3dc5338!8m2!3d26.4198193!4d92.8515944?authuser=0&hl=en&rclk=1
Hospital,Hospital,"JH3W+MJX, Rajyeswarpur Pt II, Assam 788168, India",https://www.google.co.kr/maps/place/Hospital/data=!4m5!3m4!1s0x374e2498df80100b:0xd8a5ed373f0f042a!8m2!3d24.6042421!4d92.5966063?authuser=0&hl=en&rclk=1
Sanjibani Hospital,Hospital,"Pavoi Rd, Japow Bari, Assam 784176, India",https://www.google.co.kr/maps/place/Sanjibani+Hospital/data=!4m5!3m4!1s0x374460bdea086313:0xf3ec6bd998b5878d!8m2!3d26.7782415!4d93.1591332?authuser=0&hl=en&rclk=1
International Hospital,Hospital,"5Q3J+G9X, Ganeshguri, Guwahati, Assam 781006, India",https://www.google.co.kr/maps/place/International+Hospital/data=!4m5!3m4!1s0x375a59a5f67f9add:0xd630a40a2569360!8m2!3d26.1538691!4d91.7809697?authuser=0&hl=en&rclk=1
AMCH casualty department,Hospital,"Dibrugarh, Assam 786001, India",https://www.google.co.kr/maps/place/AMCH+casualty+department/data=!4m5!3m4!1s0x374098f46e9144c3:0xe2e2327a9d98d714!8m2!3d27.4896508!4d94.9394173?authuser=0&hl=en&rclk=1
Bezera CHC,Hospital,"Baihata-Goreswar Rd, North Guwahati, Bezera, Assam 781121, India",https://www.google.co.kr/maps/place/Bezera+CHC/data=!4m5!3m4!1s0x375a5447c0624173:0x4c13dc6622fc5962!8m2!3d26.3391935!4d91.7819391?authuser=0&hl=en&rclk=1
Baptist Christian Hospital,Hospital,"Mission Chariali, Ketekibari, Tezpur, Assam 784001, India",https://www.google.co.kr/maps/place/Baptist+Christian+Hospital/data=!4m5!3m4!1s0x3744c20caf36fd9b:0x9bba5203c5b961c1!8m2!3d26.6526312!4d92.7726626?authuser=0&hl=en&rclk=1
Swagat Super Speciality Surgical Hospital,Hospital,"Assam Trunk Rd, Maligaon, Guwahati, Assam 781010, India",https://www.google.co.kr/maps/place/Swagat+Super+Speciality+Surgical+Hospital/data=!4m5!3m4!1s0x375a5a33dda16881:0x4858c1c8eceabb07!8m2!3d26.1603384!4d91.7074407?authuser=0&hl=en&rclk=1
Naltoli PHC,Hospital,"HV2V+677, Dhanekhowa, Assam 782143, India",https://www.google.co.kr/maps/place/Naltoli+PHC/data=!4m5!3m4!1s0x3744e5a15b66cfad:0xa43a2c1cd7082902!8m2!3d26.550529!4d92.8931674?authuser=0&hl=en&rclk=1
Burrows Memorial Christian Hospital,Hospital,"RWFX+GHF, Monipur Pt II, Assam 788101, India",https://www.google.co.kr/maps/place/Burrows+Memorial+Christian+Hospital/data=!4m5!3m4!1s0x374e5263166999d7:0xd1a644d5dc448a9c!8m2!3d24.8238108!4d92.9489172?authuser=0&hl=en&rclk=1
Kharupetia Civil Hospital,Hospital,"Kharupetia-Udalguri Rd, Kharupetia, Assam 784115, India",https://www.google.co.kr/maps/place/Kharupetia+Civil+Hospital/data=!4m5!3m4!1s0x375b2276ee327429:0x4030a4514bc3465b!8m2!3d26.5291552!4d92.148889?authuser=0&hl=en&rclk=1
Mohkhuli Maternity & Child Health Hospital,Hospital,"Fakharuddin Ali Ahmed Rd, Haibargaon, Daccapatty, Nagaon, Assam 782001, India",https://www.google.co.kr/maps/place/Mohkhuli+Maternity+%26+Child+Health+Hospital/data=!4m5!3m4!1s0x374527400bccbd63:0xd87a2d63dbc409cd!8m2!3d26.3448681!4d92.6894976?authuser=0&hl=en&rclk=1
M R Agarwal Hospital,Private hospital,"Digboi, Assam 786171, India",https://www.google.co.kr/maps/place/M+R+Agarwal+Hospital/data=!4m5!3m4!1s0x373f224f087e9c99:0xdf1d42783b3377e7!8m2!3d27.3993634!4d95.6170054?authuser=0&hl=en&rclk=1
Nonoi Hospital,Hospital,"Nagaon, Assam 782101, India",https://www.google.co.kr/maps/place/Nonoi+Hospital/data=!4m5!3m4!1s0x3744e2bd0ccfcd07:0x3025bd406f7e9560!8m2!3d26.4040006!4d92.9188737?authuser=0&hl=en&rclk=1
Hospital,Hospital,"J7MC+WQJ, Garogaon, Assam 784114, India",https://www.google.co.kr/maps/place/Hospital/data=!4m5!3m4!1s0x375b3af836e7bc33:0x2785bca83f570163!8m2!3d26.6348427!4d92.271882?authuser=0&hl=en&rclk=1
Sub center,Hospital,"CPHX+796, Ghunabari, Rupahi Town, Assam 782125, India",https://www.google.co.kr/maps/place/Sub+center/data=!4m5!3m4!1s0x3744dfbaab8b39e7:0xca9ab031c9af9dd5!8m2!3d26.4281638!4d92.7483887?authuser=0&hl=en&rclk=1
S. A. Medical Hall,Hospital,"9HJF+RQ5, Palepara, Assam 781380, India",https://www.google.co.kr/maps/place/S.+A.+Medical+Hall/data=!4m5!3m4!1s0x375a4b141b4d3dad:0xbdbc1e8d045733ff!8m2!3d26.3820079!4d91.5744989?authuser=0&hl=en&rclk=1
Ayushman Hospital,Hospital,"Lalmati, Guwahati, Assam 781040, India",https://www.google.co.kr/maps/place/Ayushman+Hospital/data=!4m5!3m4!1s0x375a5ebb74658e51:0x79dba7dabf569c2b!8m2!3d26.1086532!4d91.7658228?authuser=0&hl=en&rclk=1
SGMP Hospital,Hospital,"Fayez Ahmed Rd, Near Railway Gate No. 6, Machkhowa, Guwahati, Assam 781001, India",https://www.google.co.kr/maps/place/SGMP+Hospital/data=!4m5!3m4!1s0x375a5a35170f6797:0x64a4a1a785b4f5d6!8m2!3d26.1744816!4d91.736128?authuser=0&hl=en&rclk=1
Red Cross Hospital,Hospital,"2, Milanpur Rd, Milanpur, West Jyotinagar, Bamunimaidan, Guwahati, Assam 781004, India",https://www.google.co.kr/maps/place/Red+Cross+Hospital/data=!4m5!3m4!1s0x375a59bb0d14d293:0x7785db3581d772c2!8m2!3d26.1863237!4d91.7796011?authuser=0&hl=en&rclk=1
Sree Sonhar Medicine Hospital,Hospital,"Chitraban, Nagaon, Assam 782001, India",https://www.google.co.kr/maps/place/Sree+Sonhar+Medicine+Hospital/data=!4m5!3m4!1s0x3745272c92255207:0x14dfce6b2ef59162!8m2!3d26.3539816!4d92.6966421?authuser=0&hl=en&rclk=1
Sanjivani Hospital,General hospital,"A.T., Choladhara Rd, Jorhat, Assam 785001, India",https://www.google.co.kr/maps/place/Sanjivani+Hospital/data=!4m5!3m4!1s0x3746c28d47a3a19d:0xe4d20c58b9580870!8m2!3d26.7574151!4d94.2013668?authuser=0&hl=en&rclk=1
Mercy Hospital,Hospital,"Mercy Rd, Nagaon, Assam 782002, India",https://www.google.co.kr/maps/place/Mercy+Hospital/data=!4m5!3m4!1s0x374527b6e3bf4afd:0xb73dc7e5ad6bec9b!8m2!3d26.3474093!4d92.6640136?authuser=0&hl=en&rclk=1
Mohkhuli Maternity & Child Health Hospital,Hospital,"Laokhowa Rd, Mohkhuli Chariali, Assam 782141, India",https://www.google.co.kr/maps/place/Mohkhuli+Maternity+%26+Child+Health+Hospital/data=!4m5!3m4!1s0x3745218b51b46359:0xda4e88da2777e5b1!8m2!3d26.3672011!4d92.7144076?authuser=0&hl=en&rclk=1
Aditya Diagnostics and Hospital (Tinsukia),Hospital,"Rangagora Rd, Tinsukia, Assam 786125, India",https://www.google.co.kr/maps/place/Aditya+Diagnostics+and+Hospital+(Tinsukia)/data=!4m5!3m4!1s0x373f6b7594b7aedd:0x1c81ee2d55082610!8m2!3d27.5379943!4d95.325002?authuser=0&hl=en&rclk=1
Md.muksidul islam,Hospital,"Kawaimari, Assam 782140, India",https://www.google.co.kr/maps/place/Md.muksidul+islam/data=!4m5!3m4!1s0x3744e127aaaaaaab:0x67be9eb9b7c51f72!8m2!3d26.4713293!4d92.8203207?authuser=0&hl=en&rclk=1
Life LineHospital,Private hospital,"ATC Mall, GNB Rd, opposite to, Tinsukia, Assam 786125, India",https://www.google.co.kr/maps/place/Life+LineHospital/data=!4m5!3m4!1s0x373f6afd6af0e389:0x3609ca87f2857eed!8m2!3d27.4926087!4d95.3609975?authuser=0&hl=en&rclk=1
Raidongia Hospital,Hospital,"Karchung Satra, Assam 782002, India",https://www.google.co.kr/maps/place/Raidongia+Hospital/data=!4m5!3m4!1s0x374529fef2f70419:0x446ab0bf6c253b5b!8m2!3d26.3662017!4d92.596271?authuser=0&hl=en&rclk=1
District Hospital Sonapur,Government hospital,"NH 37, Amara N.C., Assam 782402, India",https://www.google.co.kr/maps/place/District+Hospital+Sonapur/data=!4m5!3m4!1s0x375af21d747953d7:0xfa8272d46ca10660!8m2!3d26.1211975!4d91.9762087?authuser=0&hl=en&rclk=1
Thakur Homoeo Clinic,Hospital,"4RQ5+Q65, Madartoli, Assam 782440, India",https://www.google.co.kr/maps/place/Thakur+Homoeo+Clinic/data=!4m5!3m4!1s0x3745165b4bf2471f:0x65806c13ff4a1599!8m2!3d26.1393935!4d92.8081116?authuser=0&hl=en&rclk=1
Lankeswari Nursing Home,Hospital,"WXF2+938, Lanka, Assam 782446, India",https://www.google.co.kr/maps/place/Lankeswari+Nursing+Home/data=!4m5!3m4!1s0x3745730e96c8346d:0x3eb1dc312fd692b0!8m2!3d25.9234103!4d92.9502049?authuser=0&hl=en&rclk=1
Batamari SC,Hospital,"CHW8+VH5, Bata Mari, Assam 782122, India",https://www.google.co.kr/maps/place/Batamari+SC/data=!4m5!3m4!1s0x3744d6f6fb9e5397:0xbae0f96a71b183b5!8m2!3d26.4471326!4d92.5664771?authuser=0&hl=en&rclk=1
Hojai District Civil Hospital,Hospital,"XWJF+WWG, Pam Gaon, Assam 782442, India",https://www.google.co.kr/maps/place/Hojai+District+Civil+Hospital/data=!4m5!3m4!1s0x37456d654a4b05f7:0x2111b429e6670465!8m2!3d25.9823012!4d92.924826?authuser=0&hl=en&rclk=1
Buragohain Than PHC,Hospital,"Kandoli Rd, Kasoi Guri, Assam 782144, India",https://www.google.co.kr/maps/place/Buragohain+Than+PHC/data=!4m5!3m4!1s0x374525002d11ebff:0x9737fc13266a3bd9!8m2!3d26.250413!4d92.65812?authuser=0&hl=en&rclk=1
Krsnaa Diagnostics (MANGALDAI CIVIL HOSPITAL),Diagnostic center,"NH 52, Ward No-2, Mangaldoi, Assam 784125, India",https://www.google.co.kr/maps/place/Krsnaa+Diagnostics+(MANGALDAI+CIVIL+HOSPITAL)/data=!4m5!3m4!1s0x375b1da527c467af:0x34ce14d3d55eaf9b!8m2!3d26.4375327!4d92.0364538?authuser=0&hl=en&rclk=1
Civil Hospital,Government hospital,"Kalibari Rd, Lumding, Assam 782447, India",https://www.google.co.kr/maps/place/Civil+Hospital/data=!4m5!3m4!1s0x37458386e36fc215:0x74a9afd2047c20fc!8m2!3d25.7623791!4d93.1751863?authuser=0&hl=en&rclk=1
Tamulpur Veterinary Hospital,Hospital,"JH6F+MPH, Barkhopa, Assam 781367, India",https://www.google.co.kr/maps/place/Tamulpur+Veterinary+Hospital/data=!4m5!3m4!1s0x375bb9c3569bd6d5:0x9e19679c002ea892!8m2!3d26.6116951!4d91.5743588?authuser=0&hl=en&rclk=1
Pratiksha Hospitals,Hospital,"Mahapurush Madhabdev Path, Borbari, Guwahati, Assam 781036, India",https://www.google.co.kr/maps/place/Pratiksha+Hospitals/data=!4m5!3m4!1s0x375a58ed484ce947:0xddb45394ff390048!8m2!3d26.1584955!4d91.8118724?authuser=0&hl=en&rclk=1
Homeo Clinic Tubukijarani,Hospital,"Unnamed Road, Pub Larimukh, Assam 782120, India",https://www.google.co.kr/maps/place/Homeo+Clinic+Tubukijarani/data=!4m5!3m4!1s0x3744e6f4ce2208f7:0xcd2d1843cb4f2924!8m2!3d26.5291445!4d92.8373624?authuser=0&hl=en&rclk=1
"Health City Hospital, Guwahati",Private hospital,"Uday Nagar, Khanapara, Opp Bodoland Guest House, Guwahati, Assam 781022, India","https://www.google.co.kr/maps/place/Health+City+Hospital,+Guwahati/data=!4m5!3m4!1s0x375a5f4972775d49:0xc2bb138442c92a59!8m2!3d26.117117!4d91.815292?authuser=0&hl=en&rclk=1"
Cherish hospital and diagnostic centre,Hospital,"Cherish hospital and diagnostic centre, Margherita, Assam 786181, India",https://www.google.co.kr/maps/place/Cherish+hospital+and+diagnostic+centre/data=!4m5!3m4!1s0x373f265c4d5f1879:0xd8cc664c299c94ce!8m2!3d27.2857711!4d95.6683001?authuser=0&hl=en&rclk=1
Kuthori Mini PHC,Government hospital,"H6FV+Q3W, Kuthori, Nagaon, Assam 782136, India",https://www.google.co.kr/maps/place/Kuthori+Mini+PHC/data=!4m5!3m4!1s0x37445bc7fc040ad1:0x1ff5947ae26f88e1!8m2!3d26.5744849!4d93.2427106?authuser=0&hl=en&rclk=1
SA'AD HOMEO CLINIC,Hospital,"Bhehuguri, Silpukhuri, Mikirbheta, Morigaon, Assam, India.PIN, 782123, India",https://www.google.co.kr/maps/place/SA'AD+HOMEO+CLINIC/data=!4m5!3m4!1s0x37452b451b0614e9:0xc664a568ba088945!8m2!3d26.3245549!4d92.462887?authuser=0&hl=en&rclk=1
"Air Passanger Screening Centre, Tikal(Salganga) Model Hospital",Hospital,"Tikal Road, Salganga, Assam 788031, India","https://www.google.co.kr/maps/place/Air+Passanger+Screening+Centre,+Tikal(Salganga)+Model+Hospital/data=!4m5!3m4!1s0x374fada05bfe5771:0x3d2fe5866099b547!8m2!3d24.9246453!4d92.9597501?authuser=0&hl=en&rclk=1"
Koushik MEDICOSE,Hospital,"Assam Engineering College, Assam, India",https://www.google.co.kr/maps/place/Koushik+MEDICOSE/data=!4m5!3m4!1s0x375a44961503f2cd:0x25dad36bb4029d50!8m2!3d26.1428918!4d91.6555516?authuser=0&hl=en&rclk=1
Florence Hospital,Hospital,"Pancharatna Rd, Goalpara, Assam 783101, India",https://www.google.co.kr/maps/place/Florence+Hospital/data=!4m5!3m4!1s0x3759b31760cab0e5:0xec204438e5a39286!8m2!3d26.1696802!4d90.6238925?authuser=0&hl=en&rclk=1
J.J. Memorial Hospital,Hospital,"Lokpriya Gopinath Bordoloi Avenue, near Circuit House, Assam 786001, India",https://www.google.co.kr/maps/place/J.J.+Memorial+Hospital/data=!4m5!3m4!1s0x374098433ce996ab:0x1576cfeea7f1ce4b!8m2!3d27.4899131!4d94.9237143?authuser=0&hl=en&rclk=1
Civil Hospital,Hospital,"44, S.C Goswami Rd, Pan Bazaar, Guwahati, Assam 781001, India",https://www.google.co.kr/maps/place/Civil+Hospital/data=!4m5!3m4!1s0x375a5a30837017cb:0x89f5c3674bfc4a72!8m2!3d26.1842564!4d91.7412562?authuser=0&hl=en&rclk=1
Guwahati Refinery Hospital,Private hospital,"5RM3+V89, Noonmati, Guwahati, Assam 781020, India",https://www.google.co.kr/maps/place/Guwahati+Refinery+Hospital/data=!4m5!3m4!1s0x375a584545af6d3f:0xd9651fd830f3dd3!8m2!3d26.184662!4d91.8033725?authuser=0&hl=en&rclk=1
MPHC Hospital,Hospital,"8PHM+M4V, Sanermukh, Assam 783384, India",https://www.google.co.kr/maps/place/MPHC+Hospital/data=!4m5!3m4!1s0x3759a94074cae77f:0x7b2cdfb260ffb1cc!8m2!3d26.3292464!4d90.7327829?authuser=0&hl=en&rclk=1
Mahakal Hospital Block,Hospital,"RFXV+R4R, Mahakal Pt I, Assam 788701, India",https://www.google.co.kr/maps/place/Mahakal+Hospital+Block/data=!4m5!3m4!1s0x374e2ae5166d3cc1:0x1a45ab186d830e2c!8m2!3d24.8496029!4d92.4927806?authuser=0&hl=en&rclk=1
Guwahati Metro Hospital,Hospital,"Uday Nagar, Khanapara, opp. Bodoland Guest, Guwahati, Assam 781022, India",https://www.google.co.kr/maps/place/Guwahati+Metro+Hospital/data=!4m5!3m4!1s0x375a5f82dbb8ea93:0xacbf82ab685a3d45!8m2!3d26.1175971!4d91.8158397?authuser=0&hl=en&rclk=1
Hospital,Hospital,"4QPP+G98, MEDICITY, Basisthpur, Guwahati, Assam 781038, India",https://www.google.co.kr/maps/place/Hospital/data=!4m5!3m4!1s0x375a598b145babaf:0x9b814c80f08e9356!8m2!3d26.1362764!4d91.7859392?authuser=0&hl=en&rclk=1
Sukhada Hospital,Hospital,"JRP8+X4V, Dolabari, Tezpur, Assam 784027, India",https://www.google.co.kr/maps/place/Sukhada+Hospital/data=!4m5!3m4!1s0x3744e9a8f610218b:0x8b992ca92f5f1f00!8m2!3d26.6374962!4d92.8152935?authuser=0&hl=en&rclk=1
Nonoi hospital,Hospital,"7P9J+54F, Nam Gumutha, Assam 782003, India",https://www.google.co.kr/maps/place/Nonoi+hospital/data=!4m5!3m4!1s0x374523b0e71ee923:0xc1ff0def0ae17e07!8m2!3d26.2679413!4d92.7303044?authuser=0&hl=en&rclk=1
Amluckhi Bagan Hospital,Hospital,"Borhola, Assam 782101, India",https://www.google.co.kr/maps/place/Amluckhi+Bagan+Hospital/data=!4m5!3m4!1s0x3744e326f0ae0271:0x7245d5449fe2ff05!8m2!3d26.4405444!4d92.9247531?authuser=0&hl=en&rclk=1
Dhubri Civil Hospital,Government hospital,"Jhagrarpar, Dhubri, Assam 783324, India",https://www.google.co.kr/maps/place/Dhubri+Civil+Hospital/data=!4m5!3m4!1s0x39e2a02ca4a131f7:0x138932c8e6a1be12!8m2!3d26.0353591!4d89.9646381?authuser=0&hl=en&rclk=1
Pakhi Medical(Shafikul Islam),Medical Center,"Borghuli Bazar High madrassa Road, Assam, India",https://www.google.co.kr/maps/place/Pakhi+Medical(Shafikul+Islam)/data=!4m5!3m4!1s0x3744e79f4fd174b3:0x3292670b6027578b!8m2!3d26.5532493!4d92.8434041?authuser=0&hl=en&rclk=1
Alitanoani Sub PHC Hospital,Hospital,"Alitangani, Nagaon, SH-3, Juria Borduwa Doad, Nagaon, Nagaon, Assam 782124, India",https://www.google.co.kr/maps/place/Alitanoani+Sub+PHC+Hospital/data=!4m5!3m4!1s0x3744d7bf7fcf69eb:0xf8004061c58e540!8m2!3d26.419599!4d92.596484?authuser=0&hl=en&rclk=1
Dr Ranjit Homeo Clinic,Hospital,"Lakhi Mandir Path, Nabheti, Morigaon, Assam 782105, India",https://www.google.co.kr/maps/place/Dr+Ranjit+Homeo+Clinic/data=!4m5!3m4!1s0x375ad1a3754b32bb:0xf275f1eec3e70cba!8m2!3d26.2484812!4d92.3310806?authuser=0&hl=en&rclk=1
Haflong Civil Hospital,Government hospital,"NH 54, Surat Nagar, Songpijaang, Haflong, Assam 788819, India",https://www.google.co.kr/maps/place/Haflong+Civil+Hospital/data=!4m5!3m4!1s0x374fa1510b41ae1b:0xe4b95561b4ecd5ec!8m2!3d25.1834405!4d93.0111276?authuser=0&hl=en&rclk=1
Infectious Disease Hospital,Hospital,"Birubari, Guwahati, Assam 781016, India",https://www.google.co.kr/maps/place/Infectious+Disease+Hospital/data=!4m5!3m4!1s0x375a5bc449f5099f:0xcffc5a1c7418398f!8m2!3d26.158637!4d91.749448?authuser=0&hl=en&rclk=1
Jajori Dispensary,Hospital,"Jajori-Dhing Rd, Jajari, Assam 782142, India",https://www.google.co.kr/maps/place/Jajori+Dispensary/data=!4m5!3m4!1s0x37452939b1d1fe4f:0xf093d2db7674d4f6!8m2!3d26.3161372!4d92.5623438?authuser=0&hl=en&rclk=1
"GNRC Medical, North Guwahati",Private hospital,"IIT Road Near IIT Sila Grant, Guwahati, Assam 781030, India","https://www.google.co.kr/maps/place/GNRC+Medical,+North+Guwahati/data=!4m5!3m4!1s0x375a5abe7c94de59:0xe412cc5a9433778e!8m2!3d26.2025768!4d91.6935454?authuser=0&hl=en&rclk=1"
Bhurbandha Model Hospital,Government hospital,"8947+Q9X, Bhurbandha, Assam 782104, India",https://www.google.co.kr/maps/place/Bhurbandha+Model+Hospital/data=!4m5!3m4!1s0x375ad6b53d4ccc3d:0x470ad7b8fcce43e!8m2!3d26.3069815!4d92.3634697?authuser=0&hl=en&rclk=1
Primary Health Centre,Hospital,"Kadamoni, Batadrava, Nagaon, SH-47, Nagaon, Nagaon, Assam 782122, India",https://www.google.co.kr/maps/place/Primary+Health+Centre/data=!4m5!3m4!1s0x3744d5cf09758d75:0xb88ee876ce7190d!8m2!3d26.4345044!4d92.5271369?authuser=0&hl=en&rclk=1
Phulani Medical.,Hospital,"53CG+WPX, Phulani, Assam 782481, India",https://www.google.co.kr/maps/place/Phulani+Medical./data=!4m5!3m4!1s0x374508406c4a8e61:0x9df16806e85d97da!8m2!3d26.172352!4d93.076866?authuser=0&hl=en&rclk=1
Medinova Hospital,Hospital,"Barama Rd, Nalbari, Assam 781335, India",https://www.google.co.kr/maps/place/Medinova+Hospital/data=!4m5!3m4!1s0x375bcc91d4e01fd9:0x589cb74c32c69f5c!8m2!3d26.4477344!4d91.4301703?authuser=0&hl=en&rclk=1
Ambagan Hospital,Hospital,"GV93+5M6, Pub Larimukh, Assam 782120, India",https://www.google.co.kr/maps/place/Ambagan+Hospital/data=!4m5!3m4!1s0x3744e69cf5a05885:0x4657f1391ad1aeb6!8m2!3d26.5179212!4d92.8541326?authuser=0&hl=en&rclk=1
IOCL Hospital,Hospital,"9JVH+4QV, Digboi, Assam 786171, India",https://www.google.co.kr/maps/place/IOCL+Hospital/data=!4m5!3m4!1s0x373f22347ac13aff:0x8ea5ac3b6e0115d2!8m2!3d27.392869!4d95.629431?authuser=0&hl=en&rclk=1
Jugijan Hospital,Hospital,"2RV2+75R, Jugijan, Assam 782429, India",https://www.google.co.kr/maps/place/Jugijan+Hospital/data=!4m5!3m4!1s0x3745151487f7197b:0x5b19d10e2012e467!8m2!3d26.0432414!4d92.8003781?authuser=0&hl=en&rclk=1
Aditya Hospital and Diagnostic Center,Hospital,"Assam Medical College Road, Bordoloi Avenue, Paltan Bazaar, Dibrugarh, Assam 786005, India",https://www.google.co.kr/maps/place/Aditya+Hospital+and+Diagnostic+Center/data=!4m5!3m4!1s0x3740985eb676f3ad:0xa5617a035638273a!8m2!3d27.491493!4d94.9314669?authuser=0&hl=en&rclk=1
Jorshimuli Hospital,Hospital,"Kalatoli-Choutara Rd, Choudhuri Pum, Assam 781137, India",https://www.google.co.kr/maps/place/Jorshimuli+Hospital/data=!4m5!3m4!1s0x37598a3c737f3b37:0xa98e8e61eb751219!8m2!3d26.1149982!4d91.1884234?authuser=0&hl=en&rclk=1
Sasoria Hospital,Private hospital,"2no.mullapatti, Nagaon, Assam 782002, India",https://www.google.co.kr/maps/place/Sasoria+Hospital/data=!4m5!3m4!1s0x37452702c5d8afb7:0x885c5d832d4611b1!8m2!3d26.3492976!4d92.6678538?authuser=0&hl=en&rclk=1
AEC Hospital,Hospital,"Gauhati University, Jalukbari, Guwahati, Assam 781012, India",https://www.google.co.kr/maps/place/AEC+Hospital/data=!4m5!3m4!1s0x375a44ba4e29bb39:0x536750fba364c58f!8m2!3d26.1418971!4d91.6643536?authuser=0&hl=en&rclk=1
AJ Hospital,Hospital,"MD Rd, Morikolong, Nagaon, Assam 782001, India",https://www.google.co.kr/maps/place/AJ+Hospital/data=!4m5!3m4!1s0x374526d7fba8aa61:0x70133740e5d1478a!8m2!3d26.3457475!4d92.6928909?authuser=0&hl=en&rclk=1
নেমকেয়াৰ চুপাৰ স্পেচেলিটি হাস্পতাল,Hospital,"GMC Hospital Rd, Bhangagarh, Guwahati, Assam 781005, India",https://www.google.co.kr/maps/place/%E0%A6%A8%E0%A7%87%E0%A6%AE%E0%A6%95%E0%A7%87%E0%A7%9F%E0%A6%BE%E0%A7%B0+%E0%A6%9A%E0%A7%81%E0%A6%AA%E0%A6%BE%E0%A7%B0+%E0%A6%B8%E0%A7%8D%E0%A6%AA%E0%A7%87%E0%A6%9A%E0%A7%87%E0%A6%B2%E0%A6%BF%E0%A6%9F%E0%A6%BF+%E0%A6%B9%E0%A6%BE%E0%A6%B8%E0%A7%8D%E0%A6%AA%E0%A6%A4%E0%A6%BE%E0%A6%B2/data=!4m5!3m4!1s0x375a5973cfd6f78f:0x814e2535ffd54a1b!8m2!3d26.1640687!4d91.7689242?authuser=0&hl=en&rclk=1
B-J Hospital,Hospital,"Mission Chariali, Ketekibari, Tezpur, Assam 784001, India",https://www.google.co.kr/maps/place/B-J+Hospital/data=!4m5!3m4!1s0x3744c3dfbd684761:0x8c10f12423d1da1b!8m2!3d26.6594722!4d92.7713901?authuser=0&hl=en&rclk=1
TIMeS Hospital,Hospital,"Old N.T. Road, Deurigaon Opposite NRL Petrol Pump, Mission Chariali, Ketekibari, Tezpur, Assam 784001, India",https://www.google.co.kr/maps/place/TIMeS+Hospital/data=!4m5!3m4!1s0x3744c274b5d21cbd:0xa257825dfd5030fd!8m2!3d26.6505151!4d92.774431?authuser=0&hl=en&rclk=1
Bokajan PHC,Hospital,"NH129, Bokajan, Assam 782490, India",https://www.google.co.kr/maps/place/Bokajan+PHC/data=!4m5!3m4!1s0x3746756adffad365:0x55435cd46c014e95!8m2!3d26.0191704!4d93.7625867?authuser=0&hl=en&rclk=1
New Assam Medical Hall,Medical Center,"2V22+8JQ, Hojai, Assam 782435, India",https://www.google.co.kr/maps/place/New+Assam+Medical+Hall/data=!4m5!3m4!1s0x37456b5a1282adb5:0xde4bf61f33967c9f!8m2!3d26.0008439!4d92.8515945?authuser=0&hl=en&rclk=1
Vedanta Super Speciality Hospital,Hospital,"3HR3+PPP, Bongara, Assam 781015, India",https://www.google.co.kr/maps/place/Vedanta+Super+Speciality+Hospital/data=!4m5!3m4!1s0x375a40fb53cdc041:0x634c9fdbec71ae82!8m2!3d26.0918429!4d91.5543264?authuser=0&hl=en&rclk=1
Super Speciality Hospital Guwahati,Hospital,"5Q68+MF2, Birubari, Guwahati, Assam 781007, India",https://www.google.co.kr/maps/place/Super+Speciality+Hospital+Guwahati/data=!4m5!3m4!1s0x375a59d292f15947:0x50da85ad8bef67ca!8m2!3d26.161643!4d91.7661488?authuser=0&hl=en&rclk=1
Asian Hospital,Hospital,"Unnamed Road, Beharbari, Lalmati, Guwahati, Assam 781029, India",https://www.google.co.kr/maps/place/Asian+Hospital/data=!4m5!3m4!1s0x375a5ec7a2f85cf9:0xeaa16a4ee383a0ed!8m2!3d26.1108552!4d91.7747442?authuser=0&hl=en&rclk=1
M/S SUHANA MEDICAL,Medical Center,"College Rd, Doboka Town, Assam 782440, India",https://www.google.co.kr/maps/place/M%2FS+SUHANA+MEDICAL/data=!4m5!3m4!1s0x374516acac725099:0x4c66e8f215dfa088!8m2!3d26.1140428!4d92.8575071?authuser=0&hl=en&rclk=1
Sultan Hospital,Hospital,"Telahi - Morigaon Rd, Mikirgaon, Assam 782105, India",https://www.google.co.kr/maps/place/Sultan+Hospital/data=!4m5!3m4!1s0x375ad1b671e47671:0xaed416cbce1bbfca!8m2!3d26.2368589!4d92.3482557?authuser=0&hl=en&rclk=1
Apollo Hospital Information Center,Hospital,"GS Rd, opp. S B Deorah College, South Sarania, Ulubari, Guwahati, Assam 781005, India",https://www.google.co.kr/maps/place/Apollo+Hospital+Information+Center/data=!4m5!3m4!1s0x375a59c856be0d39:0x1cf649fe14da4a9d!8m2!3d26.1695956!4d91.7629815?authuser=0&hl=en&rclk=1
Juria Primary Health Centre,Hospital,"CJRV+62V, Telia Bebejia, Assam 782124, India",https://www.google.co.kr/maps/place/Juria+Primary+Health+Centre/data=!4m5!3m4!1s0x3744d84b6b2888b5:0xf32bc1e6e953e7ed!8m2!3d26.4406129!4d92.6425388?authuser=0&hl=en&rclk=1
GNRC Hospital Six-Mile Branch,Private hospital,"GS Road Sixmile, Jaya Nagar, turning, Guwahati, Assam 781022, India",https://www.google.co.kr/maps/place/GNRC+Hospital+Six-Mile+Branch/data=!4m5!3m4!1s0x375a58c95177d003:0xf12b951708b709f!8m2!3d26.1311264!4d91.8078004?authuser=0&hl=en&rclk=1
Pratiksha,Hospital,"5R45+RXR, Milan Nagar, Borbari, Guwahati, Assam 781171, India",https://www.google.co.kr/maps/place/Pratiksha/data=!4m5!3m4!1s0x375a5946ee4b61df:0x3c6b06a0cb365a6c!8m2!3d26.1571231!4d91.8098954?authuser=0&hl=en&rclk=1
SILDUBI MINI PHC,Hospital,"WR7J+67F, Sildubi, Assam 782448, India",https://www.google.co.kr/maps/place/SILDUBI+MINI+PHC/data=!4m5!3m4!1s0x3745696479436f33:0x20e7f3c42da66337!8m2!3d25.9130643!4d92.8306612?authuser=0&hl=en&rclk=1
Hospital,Hospital,"7H6M+W8H, Phulaguri, Assam 782103, India",https://www.google.co.kr/maps/place/Hospital/data=!4m5!3m4!1s0x37452f0393de9367:0x10bbb421336090f7!8m2!3d26.2623051!4d92.5833667?authuser=0&hl=en&rclk=1
Rongmandu Hospital,Hospital,"RGW5+MVV, Langteng Rongphar, Assam 782486, India",https://www.google.co.kr/maps/place/Rongmandu+Hospital/data=!4m5!3m4!1s0x37454d88733cae53:0x5371909c108178a2!8m2!3d25.8467447!4d92.5096833?authuser=0&hl=en&rclk=1
"Dispensary, Nowgong Polytechnic",Hospital,"9P44+6W5, Panigaon, Nagaon, Assam 782001, India","https://www.google.co.kr/maps/place/Dispensary,+Nowgong+Polytechnic/data=!4m5!3m4!1s0x374520d08a11a7c7:0xc2e18e37eb82f787!8m2!3d26.3555055!4d92.7073453?authuser=0&hl=en&rclk=1"
Bakola Dhlaibill,Hospital,"hospital, India",https://www.google.co.kr/maps/place/Bakola+Dhlaibill/data=!4m5!3m4!1s0x374511540b4603cb:0x3acd67234e226e27!8m2!3d26.1132903!4d92.8614907?authuser=0&hl=en&rclk=1
New Land HAAM HOSPITAL DR RESIDENCE,Hospital,"2V9C+8H5, Pub - Dhaniram Pather, Assam 782435, India",https://www.google.co.kr/maps/place/New+Land+HAAM+HOSPITAL+DR+RESIDENCE/data=!4m5!3m4!1s0x3745134c18136e65:0x387d9518ef35776e!8m2!3d26.0182575!4d92.8714824?authuser=0&hl=en&rclk=1
Awhaq Hospital,Hospital,"FC3Q+7CJ, Niz-Dhing, Assam 782123, India",https://www.google.co.kr/maps/place/Awhaq+Hospital/data=!4m5!3m4!1s0x375b2b18ddee20bd:0xed10fc3a835a0ff9!8m2!3d26.4532187!4d92.4385283?authuser=0&hl=en&rclk=1
Kondoli Hospital,Hospital,"5QW6+Q4J, Sagunbahi, Assam 782126, India",https://www.google.co.kr/maps/place/Kondoli+Hospital/data=!4m5!3m4!1s0x37453dd89e7dc4e3:0x1823f7648bc51ce0!8m2!3d26.1969718!4d92.760257?authuser=0&hl=en&rclk=1
Karimganj Civil Hospital,Government hospital,"Hospital Rd, Karimganj, Assam 788710, India",https://www.google.co.kr/maps/place/Karimganj+Civil+Hospital/data=!4m5!3m4!1s0x3751d3474c8e60ad:0xa1ff0c9bb10cc897!8m2!3d24.8679702!4d92.3624938?authuser=0&hl=en&rclk=1
Sub Center,Hospital,"3GJ3+VXX, Chayani Rangamati, Assam 781122, India",https://www.google.co.kr/maps/place/Sub+Center/data=!4m5!3m4!1s0x375a3f756ae3063f:0x3d2335754f70c5f2!8m2!3d26.0822431!4d91.5049935?authuser=0&hl=en&rclk=1
Hanlokrok PHC,Hospital,"2MCX+2V5, Nagaon, Assam 782426, India",https://www.google.co.kr/maps/place/Hanlokrok+PHC/data=!4m5!3m4!1s0x37453f54e87702cb:0x98073e1bbac6beb0!8m2!3d26.0200053!4d92.6997366?authuser=0&hl=en&rclk=1
Hostpital,Hospital,"Unnamed Road, Near Hayat Hospital, Odalbakra, Lal Ganesh, Guwahati, Assam 781034, India",https://www.google.co.kr/maps/place/Hostpital/data=!4m5!3m4!1s0x375a5be51d8f4ffb:0xd36538097a58ecbd!8m2!3d26.1391927!4d91.7466403?authuser=0&hl=en&rclk=1
Advance Neuro Science Hospital,Hospital,"Kahilipara Main Rd, Odalbakra, Lal Ganesh, Guwahati, Assam 781006, India",https://www.google.co.kr/maps/place/Advance+Neuro+Science+Hospital/data=!4m5!3m4!1s0x375a5be599b4a249:0x19877a28035ea959!8m2!3d26.1408234!4d91.7452078?authuser=0&hl=en&rclk=1
Hospital,Hospital,"Lawphulabari, Assam 782103, India",https://www.google.co.kr/maps/place/Hospital/data=!4m5!3m4!1s0x374532a65f725dfd:0x982c0a2eee6b5824!8m2!3d26.205104!4d92.4727124?authuser=0&hl=en&rclk=1
Hospital,Children's hospital,"VV5F+68F, Nanaikhuti, Assam 784523, India",https://www.google.co.kr/maps/place/Hospital/data=!4m5!3m4!1s0x375b75ba3314c487:0x71a0e324b655e2a5!8m2!3d26.8580736!4d91.8733017?authuser=0&hl=en&rclk=1
Hospital,Hospital,"Kempo, Bamunigaon, Chhaygaon, Assam 781141, India",https://www.google.co.kr/maps/place/Hospital/data=!4m5!3m4!1s0x375a198fc0038cb9:0x3fcbc51db4bceb40!8m2!3d26.0108188!4d91.2999903?authuser=0&hl=en&rclk=1
Hospital,Hospital,"GC4G+VRV, Kachimpur, Assam 781340, India",https://www.google.co.kr/maps/place/Hospital/data=!4m5!3m4!1s0x375bcfea319082d7:0x5d5c4e3cf1ee97b!8m2!3d26.5072448!4d91.4270502?authuser=0&hl=en&rclk=1
RIO,Hospital,"5Q69+4PV, Bhangagarh, Guwahati, Assam 781006, India",https://www.google.co.kr/maps/place/RIO/data=!4m5!3m4!1s0x375a5990bd9f4267:0x293e30bba358adc!8m2!3d26.1603592!4d91.7693068?authuser=0&hl=en&rclk=1
Hospital,Hospital,"GRX3+QRG, Goremari No.1, Assam 783391, India",https://www.google.co.kr/maps/place/Hospital/data=!4m5!3m4!1s0x37590ef199225ad1:0x317938af404cb61d!8m2!3d26.5494268!4d90.8045822?authuser=0&hl=en&rclk=1
Bharat Sewa Ashram Hospital,Hospital,"Jyotikuchi Rd, Adarsha Colony, Lokhra, Guwahati, Assam 781034, India",https://www.google.co.kr/maps/place/Bharat+Sewa+Ashram+Hospital/data=!4m5!3m4!1s0x375a5bf45f2b125d:0x73c21d999dc6a72b!8m2!3d26.1295692!4d91.7369817?authuser=0&hl=en&rclk=1
Hospital,Hospital,"Chandamari Bangali, Assam 784179, India",https://www.google.co.kr/maps/place/Hospital/data=!4m5!3m4!1s0x374413dc003c824f:0xb2f1ced06ef45494!8m2!3d26.8861265!4d93.4442082?authuser=0&hl=en&rclk=1
Lanka PHC,Hospital,"Railway Station Rd, Lanka, Assam 782446, India",https://www.google.co.kr/maps/place/Lanka+PHC/data=!4m5!3m4!1s0x3745721fd2bd5555:0x860a00ee1ef21313!8m2!3d25.9175081!4d92.9551399?authuser=0&hl=en&rclk=1
🏥 Hospital,Hospital,"M96P+H2V, Chinotali Gaon, Assam 785635, India",https://www.google.co.kr/maps/place/%F0%9F%8F%A5+Hospital/data=!4m5!3m4!1s0x3746e1c2fe68fc17:0xbeb6368881ac5ea8!8m2!3d26.6614764!4d94.3850339?authuser=0&hl=en&rclk=1
Ashabul Islam,Hospital,"Nagaon, Rupahi, Assam 782125, India",https://www.google.co.kr/maps/place/Ashabul+Islam/data=!4m5!3m4!1s0x3744dfc29c61f4e9:0x836261f2e9d2ea!8m2!3d26.413074!4d92.7421469?authuser=0&hl=en&rclk=1
Hospital,Hospital,"WWM2+HJ9, Chandighat Grant, Assam 788030, India",https://www.google.co.kr/maps/place/Hospital/data=!4m5!3m4!1s0x374fb35879a9736d:0xa247991aaecc86a6!8m2!3d24.9339249!4d92.9016238?authuser=0&hl=en&rclk=1
International Hospital,Hospital,"Bagari N.C., Assam 785609, India",https://www.google.co.kr/maps/place/International+Hospital/data=!4m5!3m4!1s0x374445e5b2bed0a1:0x4321f105e27116a9!8m2!3d26.584924!4d93.331275?authuser=0&hl=en&rclk=1
Hospital,Hospital,"CJHH+7H9, Makhuli, Assam 781354, India",https://www.google.co.kr/maps/place/Hospital/data=!4m5!3m4!1s0x375bb323614447f5:0x9c3fb5ff71c676a3!8m2!3d26.4281696!4d91.6289716?authuser=0&hl=en&rclk=1
Hospital,Hospital,"GR35+359, Patiladaha, Assam 783391, India",https://www.google.co.kr/maps/place/Hospital/data=!4m5!3m4!1s0x375909791323b3a1:0xca1c523f4ec909b0!8m2!3d26.5026721!4d90.8079772?authuser=0&hl=en&rclk=1
Hospital,Hospital,"Q6MH+PG8, Lowai Amsih, Assam 782486, India",https://www.google.co.kr/maps/place/Hospital/data=!4m5!3m4!1s0x375aa58dbdc5b3c1:0xe9aedba1460ed088!8m2!3d25.7842857!4d92.2288201?authuser=0&hl=en&rclk=1
Hospital,Hospital,"RVVH+WFW, Nonaipara Basti, Assam, India",https://www.google.co.kr/maps/place/Hospital/data=!4m5!3m4!1s0x375b744fb7be4975:0xfe8d454844cb74a3!8m2!3d26.844859!4d91.8787114?authuser=0&hl=en&rclk=1
Dekorai hospital Line,Hospital,"Tengabasti, Assam 784182, India",https://www.google.co.kr/maps/place/Dekorai+hospital+Line/data=!4m5!3m4!1s0x37448da75dab90a9:0x1ff7535b0ae1e46e!8m2!3d26.8135642!4d92.9636643?authuser=0&hl=en&rclk=1
NL Hospital,Hospital,"49, Sarvodaya Path, Bhangagarh, Guwahati, Assam 781006, India",https://www.google.co.kr/maps/place/NL+Hospital/data=!4m5!3m4!1s0x375a597289a82bab:0x8dd124174d94d86e!8m2!3d26.1615267!4d91.7709598?authuser=0&hl=en&rclk=1
HOSPITAL,Hospital,"H243+J8M, Silkhurung, Assam 782136, India",https://www.google.co.kr/maps/place/HOSPITAL/data=!4m5!3m4!1s0x3744fb082175b42b:0xb4560439e73fdf89!8m2!3d26.5565845!4d93.003303?authuser=0&hl=en&rclk=1
Government Hospital,Hospital,"7G3R+3MR, Hajo, Assam 781104, India",https://www.google.co.kr/maps/place/Government+Hospital/data=!4m5!3m4!1s0x375a49c4139eef8d:0xa7c3434c151c32a9!8m2!3d26.2527279!4d91.5416362?authuser=0&hl=en&rclk=1
Hospital,Hospital,"538V+5QF, Shilpukhuri Gaon, Assam 782481, India",https://www.google.co.kr/maps/place/Hospital/data=!4m5!3m4!1s0x3745097eb02dfec3:0xdc946b342c361644!8m2!3d26.1654363!4d93.094411?authuser=0&hl=en&rclk=1
Bikrampur BPHC,Hospital,"P.O. Sonapur part 1, Assam 788817, India",https://www.google.co.kr/maps/place/Bikrampur+BPHC/data=!4m5!3m4!1s0x374fcc51ca19c991:0xd883f1144051062e!8m2!3d24.938421!4d92.665814?authuser=0&hl=en&rclk=1
GNRC Good Health Hospital,Hospital,"Bormotoria, Guwahati, Assam 781006, India",https://www.google.co.kr/maps/place/GNRC+Good+Health+Hospital/data=!4m5!3m4!1s0x375a59d4c3b926fd:0xf0c8ba037b7c7ca3!8m2!3d26.1406644!4d91.796802?authuser=0&hl=en&rclk=1
Hospital,Hospital,"4G47+M49, Lawpani, Assam 782450, India",https://www.google.co.kr/maps/place/Hospital/data=!4m5!3m4!1s0x37453471185c2a97:0xe70f6df2fb02f902!8m2!3d26.1066655!4d92.5128503?authuser=0&hl=en&rclk=1
Bebejia CHC,Hospital,"Birah Bebejia, Assam 782142, India",https://www.google.co.kr/maps/place/Bebejia+CHC/data=!4m5!3m4!1s0x3745260d506a1fa3:0x2229787ad58587b3!8m2!3d26.311978!4d92.638232?authuser=0&hl=en&rclk=1
HOSPITAL,Hospital,"BANDHU CHA BAGAN, Assam, India",https://www.google.co.kr/maps/place/HOSPITAL/data=!4m5!3m4!1s0x374fad408ddc08b7:0xb7bc9a424670fc2a!8m2!3d24.9000771!4d92.9905712?authuser=0&hl=en&rclk=1
Prymers,Hospital,"5Q7C+X2G, SATSANG VIHAR, Bhangagarh, Guwahati, Assam 781006, India",https://www.google.co.kr/maps/place/Prymers/data=!4m5!3m4!1s0x375a5973bdec679f:0xf64908a137048a27!8m2!3d26.1649342!4d91.7700735?authuser=0&hl=en&rclk=1
Hospital,Hospital,"Rong Hang, Assam 782136, India",https://www.google.co.kr/maps/place/Hospital/data=!4m5!3m4!1s0x3744fb1a4a511fc9:0x92031e3c9f665fb0!8m2!3d26.5305858!4d93.0107303?authuser=0&hl=en&rclk=1
Hospital,Hospital,"WFF7+7FW, Boroi T.E. 259/437 Grant, Assam 784171, India",https://www.google.co.kr/maps/place/Hospital/data=!4m5!3m4!1s0x3744126117d59a35:0x1644b15c0f33d2e5!8m2!3d26.9232274!4d93.4637165?authuser=0&hl=en&rclk=1
Ayursurgence hospital,Hospital,"5QF4+RWV, South Sarania, Manipuri Rajbari, Ulubari, Guwahati, Assam 781007, India",https://www.google.co.kr/maps/place/Ayursurgence+hospital/data=!4m5!3m4!1s0x375a59ccd46470fb:0x7f0b43311ce402b8!8m2!3d26.1746114!4d91.7572891?authuser=0&hl=en&rclk=1
GNRC Dispur,Hospital,"15, Kalpataru Path, near GNRC Hospital, Dispur, Rukmini Gaon, Guwahati, Assam 781006, India",https://www.google.co.kr/maps/place/GNRC+Dispur/data=!4m5!3m4!1s0x375a596d9f8f627b:0xab1cf6d683a28de!8m2!3d26.1389556!4d91.7944378?authuser=0&hl=en&rclk=1
Sockieting Hospital,Hospital,"H33X+Q7J, Chokiting No.2, Assam 785625, India",https://www.google.co.kr/maps/place/Sockieting+Hospital/data=!4m5!3m4!1s0x3746ed3628ad4ad3:0x3d5be47c93400f38!8m2!3d26.5544528!4d94.0981488?authuser=0&hl=en&rclk=1
Lifeline Medical,Medical Center,"Natun Bazar, Hospital Road, 782435n, Hojai, Assam, India",https://www.google.co.kr/maps/place/Lifeline+Medical/data=!4m5!3m4!1s0x37456b5aaa27a11d:0x113ab1390f3a1882!8m2!3d26.0015265!4d92.848043?authuser=0&hl=en&rclk=1
HOSPITAL,Hospital,"RHPX+J87, Golchepa Miri Pathar, Assam 784168, India",https://www.google.co.kr/maps/place/HOSPITAL/data=!4m5!3m4!1s0x374419f24d6ae42f:0x916d6d56109cb0b6!8m2!3d26.836527!4d93.598283?authuser=0&hl=en&rclk=1
Nisa Mukti Kendra,Hospital,"Haibargaon, Fauzdaripatty, Nagaon, Assam 782003, India",https://www.google.co.kr/maps/place/Nisa+Mukti+Kendra/data=!4m5!3m4!1s0x37452720961d4279:0xb9608affa59511be!8m2!3d26.3482388!4d92.6822325?authuser=0&hl=en&rclk=1
Hospital,Government hospital,"7F6G+H4H, Kachadhara Bill, Assam 782413, India",https://www.google.co.kr/maps/place/Hospital/data=!4m5!3m4!1s0x37452d19e52626a3:0x2e3ef2df645aa365!8m2!3d26.2614499!4d92.4753525?authuser=0&hl=en&rclk=1
Dhupaguri Civil Hospital NSAP,Hospital,"Dhupaguri, Nagaon, SH-47, Nagaon, Nagaon, Assam 782123, India",https://www.google.co.kr/maps/place/Dhupaguri+Civil+Hospital+NSAP/data=!4m5!3m4!1s0x3744d5b19e0d95b3:0xd43cc7a0aa2e6ec1!8m2!3d26.437578!4d92.512303?authuser=0&hl=en&rclk=1
"Physiotherapy Deptt. GNRC Hospitals, Six mile",Hospital,"GNRC Hospitals, Six Mile, Guwahati, Assam 781022, India","https://www.google.co.kr/maps/place/Physiotherapy+Deptt.+GNRC+Hospitals,+Six+mile/data=!4m5!3m4!1s0x375a59dae63acb31:0x8eb2fbfa64017812!8m2!3d26.1311218!4d91.8078085?authuser=0&hl=en&rclk=1"
Adinggri government hospital,Hospital,"East Gota Nagar, Maligaon, Guwahati, Assam 781011, India",https://www.google.co.kr/maps/place/Adinggri+government+hospital/data=!4m5!3m4!1s0x375a5beb6ff9c4b1:0xe10246b2313c8dc5!8m2!3d26.1526103!4d91.7107438?authuser=0&hl=en&rclk=1
Public Hospital,Hospital,"CF34+R6P, Bechamari, Assam 782126, India",https://www.google.co.kr/maps/place/Public+Hospital/data=!4m5!3m4!1s0x375b2bf8ba207c25:0x816b4d6ec8147dab!8m2!3d26.4045829!4d92.4555781?authuser=0&hl=en&rclk=1
Silongoni Amtala Primary Health Service,Hospital,"Shillongoni, Nagaon, SH-3, Singari Juria Road, Nagaon, Nagaon, Assam 782002, India",https://www.google.co.kr/maps/place/Silongoni+Amtala+Primary+Health+Service/data=!4m5!3m4!1s0x374527bbc1321da7:0x79290a3783250382!8m2!3d26.363753!4d92.644788?authuser=0&hl=en&rclk=1
Appolo hospital New building,Hospital,"Shiva Mandir Path, Sundarpur, Guwahati, Assam 781006, India",https://www.google.co.kr/maps/place/Appolo+hospital+New+building/data=!4m5!3m4!1s0x375a59e49eff09f5:0x6a6bc6203b2bda15!8m2!3d26.1613484!4d91.7817274?authuser=0&hl=en&rclk=1
Astha Medicos,Medical clinic,"ADP Rd, Christianpatty, Nagaon, Assam 782001, India",https://www.google.co.kr/maps/place/Astha+Medicos/data=!4m5!3m4!1s0x374527287305f171:0xb03af3d9df29fc92!8m2!3d26.346082!4d92.690153?authuser=0&hl=en&rclk=1
Medident,Hospital,"Dhing Rd, Haibargaon, Nagaon, Assam 782002, India",https://www.google.co.kr/maps/place/Medident/data=!4m5!3m4!1s0x3745270dea53b6ed:0xd06525a67c4663ef!8m2!3d26.3578744!4d92.6645163?authuser=0&hl=en&rclk=1
Dr. Palash Hazarika,Pediatrician,"Assam Trunk Rd, Kachali Number 2, Panigaon, Nagaon, Assam 782001, India",https://www.google.co.kr/maps/place/Dr.+Palash+Hazarika/data=!4m5!3m4!1s0x374521a8e86479d7:0x15d9cad8d719362a!8m2!3d26.3530894!4d92.7023842?authuser=0&hl=en&rclk=1
Saudarvitha Mini P.H.C,Government hospital,"Sarupeta Road, Saudarvitha, Assam 781318, India",https://www.google.co.kr/maps/place/Saudarvitha+Mini+P.H.C/data=!4m5!3m4!1s0x37597bdf84d8ad79:0x64b8d1115a570f71!8m2!3d26.583166!4d91.0978758?authuser=0&hl=en&rclk=1
D k daimary clinic,Hospital,"JRJ4+75C, Mahabhairab, Tezpur, Assam 784001, India",https://www.google.co.kr/maps/place/D+k+daimary+clinic/data=!4m5!3m4!1s0x3744e9b255555555:0x1d5b7695ba3f5b7b!8m2!3d26.6306892!4d92.8053772?authuser=0&hl=en&rclk=1
Government Hospital,Hospital,"73JV+J9H, Pabhakati, Assam 782411, India",https://www.google.co.kr/maps/place/Government+Hospital/data=!4m5!3m4!1s0x375ae7be59dcc1c7:0x4d8ed1d71f1086de!8m2!3d26.2815565!4d92.0934715?authuser=0&hl=en&rclk=1
Sausaria Nursing Home,Nursing home,"Haiborgaon, Haibargaon, Nagaon, Assam 782002, India",https://www.google.co.kr/maps/place/Sausaria+Nursing+Home/data=!4m5!3m4!1s0x37452702c0432173:0xcbc5ec68997e049d!8m2!3d26.3490389!4d92.6674441?authuser=0&hl=en&rclk=1
medical facility,Hospital,"3GRP+2CX, Mirza, Assam 781015, India",https://www.google.co.kr/maps/place/medical+facility/data=!4m5!3m4!1s0x375a41dc5955e287:0xb3052b8bf8e93cd4!8m2!3d26.090116!4d91.5361014?authuser=0&hl=en&rclk=1
"Primary Health Center (PHC), Sualkuchi",Hospital,"Unnamed Road, Noh-Para, Saualkuchi, Assam 781103, India","https://www.google.co.kr/maps/place/Primary+Health+Center+(PHC),+Sualkuchi/data=!4m5!3m4!1s0x375a474fe763a21f:0xfe7c41edb9aec71b!8m2!3d26.1754038!4d91.5681759?authuser=0&hl=en&rclk=1"
IRL,Hospital,"4QJ6+QR9, DakhinGaon, Kahilipara, Guwahati, Assam 781019, India",https://www.google.co.kr/maps/place/IRL/data=!4m5!3m4!1s0x375a59519204d0d3:0x443afe305632d00!8m2!3d26.1319161!4d91.7621239?authuser=0&hl=en&rclk=1
Hospital,Hospital,"RQ76+663, Patgaon T.E., Assam 784101, India",https://www.google.co.kr/maps/place/Hospital/data=!4m5!3m4!1s0x3744bfca4b4ea20d:0xf0411db0e0c38775!8m2!3d26.8130094!4d92.7605376?authuser=0&hl=en&rclk=1
Catholic Health Centre (Hospital),Hospital,"P.H.E. Colony, Diphu, Assam 784167, India",https://www.google.co.kr/maps/place/Catholic+Health+Centre+(Hospital)/data=!4m5!3m4!1s0x3745ed3aa63e69a7:0x927c645ebdca9ad7!8m2!3d25.846525!4d93.4298746?authuser=0&hl=en&rclk=1
GMCH Main Building,Hospital,"5Q69+26W, Bhangagarh, Guwahati, Assam 781006, India",https://www.google.co.kr/maps/place/GMCH+Main+Building/data=!4m5!3m4!1s0x375a594c1bc0abbb:0x511f7cb3e9f687a6!8m2!3d26.1601129!4d91.7680712?authuser=0&hl=en&rclk=1
E.g. Nursing Home (P) Ltd.,Hospital,"5V56+QCH, Guwahati, Assam 781026, India",https://www.google.co.kr/maps/place/E.g.+Nursing+Home+(P)+Ltd./data=!4m5!3m4!1s0x375af65aaaaaaaab:0xa8e2a7b090787fb8!8m2!3d26.1594267!4d91.8611011?authuser=0&hl=en&rclk=1
Hosbetel,Hospital,"VM8P+PVG, Algapur, Assam 788025, India",https://www.google.co.kr/maps/place/Hosbetel/data=!4m5!3m4!1s0x374e33a220c441b5:0xdf705b5a9e43980b!8m2!3d24.8668104!4d92.6872046?authuser=0&hl=en&rclk=1
NH Narayana Super Speciality Hospital,Hospital,"Amingaon, Guwahati, Assam 781031, India",https://www.google.co.kr/maps/place/NH+Narayana+Super+Speciality+Hospital/data=!4m5!3m4!1s0x375a458e09260729:0x66a925df0e931ffc!8m2!3d26.183903!4d91.6640242?authuser=0&hl=en&rclk=1
Dispur Hospital,Surgeon,"Manik Nagar, Guwahati, Assam 781006, India",https://www.google.co.kr/maps/place/Dispur+Hospital/data=!4m5!3m4!1s0x375a591a13d9a04b:0xd20edc5b7684a038!8m2!3d26.155617!4d91.7839054?authuser=0&hl=en&rclk=1
"Amdah Mini PHC, Hospital",Hospital,"Amdah, Assam 781325, India","https://www.google.co.kr/maps/place/Amdah+Mini+PHC,+Hospital/data=!4m5!3m4!1s0x37597f29aa090ce9:0xff679a464e4bda87!8m2!3d26.4591184!4d91.1422502?authuser=0&hl=en&rclk=1"
Andherighat Mini PHC,Hospital,"GQ4M+3QW, Simlibari, Assam 784522, India",https://www.google.co.kr/maps/place/Andherighat+Mini+PHC/data=!4m5!3m4!1s0x375ba97d18d0c6b7:0xf039de297728aa36!8m2!3d26.505237!4d91.7844448?authuser=0&hl=en&rclk=1
Umrongso C.H.C,Hospital,"Umrangso, Assam 788931, India",https://www.google.co.kr/maps/place/Umrongso+C.H.C/data=!4m5!3m4!1s0x374ff3a5dffa2d87:0x4256f7c48de7e7b!8m2!3d25.5052335!4d92.7329802?authuser=0&hl=en&rclk=1
Ketekijhar Sub Health Center,Hospital,"6M33+QH6, Ketekijhar, Assam 781104, India",https://www.google.co.kr/maps/place/Ketekijhar+Sub+Health+Center/data=!4m5!3m4!1s0x375a456973ff358d:0xfdbb89f98ec68171!8m2!3d26.2044118!4d91.653901?authuser=0&hl=en&rclk=1
Wintrobe Hospital,Hospital,"5QP3+2QW, Guwahati, Assam 781001, India",https://www.google.co.kr/maps/place/Wintrobe+Hospital/data=!4m5!3m4!1s0x375a59880553ec4b:0xb90dc30fae2366c0!8m2!3d26.1851013!4d91.7544681?authuser=0&hl=en&rclk=1
"Dr Deepanava Jyoti Das, Hayat Super Speciality hospital",Hospital,"Odal Bakra Main Rd, Lal Ganesh, Guwahati, Assam 781034, India","https://www.google.co.kr/maps/place/Dr+Deepanava+Jyoti+Das,+Hayat+Super+Speciality+hospital/data=!4m5!3m4!1s0x375a5b1f737cb67f:0xaf9cb7cce91465ee!8m2!3d26.1408406!4d91.7452056?authuser=0&hl=en&rclk=1"
"Dr Nripen Saikia, Best Gastroenterologist in Guwahati, Digestive Disease, Liver Specialist, Gastro Doctor",Gastroenterologist,"Matrix Diagnostic Centre, Nexia Park, Opp Sant John's Hospital, Christian Basti, Guwahati, Assam 781006, India","https://www.google.co.kr/maps/place/Dr+Nripen+Saikia,+Best+Gastroenterologist+in+Guwahati,+Digestive+Disease,+Liver+Specialist,+Gastro+Doctor/data=!4m5!3m4!1s0x375a5913d37be13b:0x9463780b07b8be1e!8m2!3d26.1573594!4d91.7778993?authuser=0&hl=en&rclk=1"
DR MOHIBUL ISLAM,Surgeon,"ADITYA TOWER, MEDICITY GUWAHATI ADITYA, GS Rd, opp. Down Town Hospital, Guwahati, Assam 781006, India",https://www.google.co.kr/maps/place/DR+MOHIBUL+ISLAM/data=!4m5!3m4!1s0x375a5999fb6d30bb:0x7906383c8cbf454b!8m2!3d26.1386752!4d91.798445?authuser=0&hl=en&rclk=1
Primary Health Centre under NRHM,Hospital,"5PV9+4R7, Abhaypur, Guwahati, Assam 781030, India",https://www.google.co.kr/maps/place/Primary+Health+Centre+under+NRHM/data=!4m5!3m4!1s0x375a5a5e9c8531f5:0xe068b2bef66207f5!8m2!3d26.1927808!4d91.7195487?authuser=0&hl=en&rclk=1
Apollo Personalised Health Chek Centre,Hospital department,"Shubham buildwell complex, RG Baruah Rd, Block-H, Guwahati, Assam 781005, India",https://www.google.co.kr/maps/place/Apollo+Personalised+Health+Chek+Centre/data=!4m5!3m4!1s0x375a59b3837f5ca1:0xbde59761384b8382!8m2!3d26.1610092!4d91.7806549?authuser=0&hl=en&rclk=1
"DR AMITABH SARMAH, Liver Specialist, Best Gastroenterologist in Guwahati,Liver Specialist",Gastroenterologist,"Medicity Guwahati,Dispur Hatigaon main road, opposite Sankar path,, Near Sewali Path, Hatigaon, Guwahati, Assam 781006, India","https://www.google.co.kr/maps/place/DR+AMITABH+SARMAH,+Liver+Specialist,+Best+Gastroenterologist+in+Guwahati,Liver+Specialist/data=!4m5!3m4!1s0x375a592f7b9a2657:0x7db0b4a2d12f7c6c!8m2!3d26.13644!4d91.785808?authuser=0&hl=en&rclk=1"
Aec Hospital (1),Hospital,"4MR7+VMC, Jalukbari, Guwahati, Assam 781012, India",https://www.google.co.kr/maps/place/Aec+Hospital+(1)/data=!4m5!3m4!1s0x375a4593958f5cf3:0xa45d5b815334df23!8m2!3d26.1421896!4d91.6641486?authuser=0&hl=en&rclk=1
Nutrition Rehabilitation Centre,Rehabilitation center,"Khaigarh, Nagaon, NH-37, Nagaon, Nagaon, Assam 782103, India",https://www.google.co.kr/maps/place/Nutrition+Rehabilitation+Centre/data=!4m5!3m4!1s0x37452e78660bff6f:0xd86470863607daf8!8m2!3d26.2458452!4d92.5405411?authuser=0&hl=en&rclk=1
Atal Amrit Abhiyan Society Assam,Government economic program,"3rd floor,nayantara supermarket, Six Mile, Guwahati, Assam 781036, India",https://www.google.co.kr/maps/place/Atal+Amrit+Abhiyan+Society+Assam/data=!4m5!3m4!1s0x375a59eaa19ee6bf:0x39cbb44e807163e7!8m2!3d26.13261!4d91.8070123?authuser=0&hl=en&rclk=1
Lakshya J Basumatary - Best Neurologist in Guwahati,Neurologist,"NH37, Pragjyotish Nagar, Maligaon, Guwahati, Assam 781033, India",https://www.google.co.kr/maps/place/Lakshya+J+Basumatary+-+Best+Neurologist+in+Guwahati/data=!4m5!3m4!1s0x375a5b80e2fc83cd:0xa01f263783236672!8m2!3d26.1525934!4d91.6847121?authuser=0&hl=en&rclk=1
Bishal Medical,Doctor,"8MX9+FMP, Sandanpur, Nagaon, Assam 782002, India",https://www.google.co.kr/maps/place/Bishal+Medical/data=!4m5!3m4!1s0x3745270288197c57:0xebf7a21e03d08cae!8m2!3d26.3487177!4d92.669212?authuser=0&hl=en&rclk=1
Pragati Medicine Point,Medical Center,"Pragati medicine point, Haibargaon, Nagaon, Assam 782002, India",https://www.google.co.kr/maps/place/Pragati+Medicine+Point/data=!4m5!3m4!1s0x374527d2056082e5:0x8749388dbfdda8b5!8m2!3d26.3502277!4d92.6783064?authuser=0&hl=en&rclk=1
King Realtors Tezpur,Construction company,"King Realtors, Natunpara Rd, near B K Memorial Hospital, Tezpur, Assam 784001, India",https://www.google.co.kr/maps/place/King+Realtors+Tezpur/data=!4m5!3m4!1s0x3744e93bfd2a7297:0x49c6fa9395ec4494!8m2!3d26.6252744!4d92.8005302?authuser=0&hl=en&rclk=1
Sindhu Medical,Medical Center,"9M3W+MH6, Panigaon Chariyali, Nagaon, Assam 782001, India",https://www.google.co.kr/maps/place/Sindhu+Medical/data=!4m5!3m4!1s0x3745272c8d1adfb1:0x35d3caf591c9e226!8m2!3d26.3541604!4d92.6963972?authuser=0&hl=en&rclk=1
Dr. Subhash Khanna,Gastrointestinal surgeon,"Assam Trunk Rd, Maligaon, Guwahati, Assam 781010, India",https://www.google.co.kr/maps/place/Dr.+Subhash+Khanna/data=!4m5!3m4!1s0x375a5bcadafe3351:0xe42178408ab19bfb!8m2!3d26.160339!4d91.707445?authuser=0&hl=en&rclk=1
Panacea Diagnostic And Clinic,Doctor,"9M3Q+X43, Nagaon, Assam 782001, India",https://www.google.co.kr/maps/place/Panacea+Diagnostic+And+Clinic/data=!4m5!3m4!1s0x3745272591ef3765:0x599158289b42e55!8m2!3d26.3548896!4d92.6877813?authuser=0&hl=en&rclk=1
