Company_Name,Category,Address,Url
Imphal Hospital & Research Centre,Private hospital,"RIMS Rd, Lalambung Makhong, Uripok, Imphal, Manipur 795001, India",https://www.google.co.kr/maps/place/Imphal+Hospital+%26+Research+Centre/data=!4m5!3m4!1s0x374927b6623df033:0xc1dfc45152ec92a6!8m2!3d24.8121995!4d93.9291285?authuser=0&hl=en&rclk=1
Shija Hospitals and Research Institute (SHRI),General hospital,"Meitei Langol, Lamphelpat, Imphal, Manipur 795004, India",https://www.google.co.kr/maps/place/Shija+Hospitals+and+Research+Institute+(SHRI)/data=!4m5!3m4!1s0x374927e5d3e5718b:0xbc6427068c1aed26!8m2!3d24.8353973!4d93.9139669?authuser=0&hl=en&rclk=1
Raj Medicity,Private hospital,"North A.O.C, Imphal, Manipur 795001, India",https://www.google.co.kr/maps/place/Raj+Medicity/data=!4m5!3m4!1s0x374927a897983d57:0x9a27943afe37e514!8m2!3d24.8160364!4d93.9433619?authuser=0&hl=en&rclk=1
City Hospital & Research Centre,General hospital,"NH 39, Khongnang Ani Karak, Kabo Leika, Imphal, Manipur 795001, India",https://www.google.co.kr/maps/place/City+Hospital+%26+Research+Centre/data=!4m5!3m4!1s0x374927a0fb58cfa1:0x530f0c775324dccc!8m2!3d24.825046!4d93.944871?authuser=0&hl=en&rclk=1
Shija Emergency & Trauma Care,General hospital,"HealthVillage, Langol, West, Imphal, Manipur 795004, India",https://www.google.co.kr/maps/place/Shija+Emergency+%26+Trauma+Care/data=!4m5!3m4!1s0x374927cd33566c6b:0x984052a75926b600!8m2!3d24.8359305!4d93.9141938?authuser=0&hl=en&rclk=1
Catholic Medical Centre (CMC Hospital),Government hospital,"Koirengei, Imphal East -, Koirengei, Manipur 795002, India",https://www.google.co.kr/maps/place/Catholic+Medical+Centre+(CMC+Hospital)/data=!4m5!3m4!1s0x3748d83bfe4a6a2f:0x6e48d1e08ad6732d!8m2!3d24.882947!4d93.9210043?authuser=0&hl=en&rclk=1
"Thoubal District Hospital, Khangabok",Hospital,"Khangabok Hospital Rd, Part I, Mamang Leikai, Khangabok, Manipur 795138, India","https://www.google.co.kr/maps/place/Thoubal+District+Hospital,+Khangabok/data=!4m5!3m4!1s0x37493c8ad0b62265:0x9c40d39e15d59e04!8m2!3d24.6251328!4d94.0128097?authuser=0&hl=en&rclk=1"
"Community Hospital Moirang, Manipur",Hospital,"Moirang Palli Rd, Part II, Mayai Leikai, Khangabok, Manipur 795138, India","https://www.google.co.kr/maps/place/Community+Hospital+Moirang,+Manipur/data=!4m5!3m4!1s0x37493c6055555555:0xbda00318a7f7b2d2!8m2!3d24.6107233!4d94.0057042?authuser=0&hl=en&rclk=1"
Public Hospital And Research Institute,Hospital,"Hatta Minuthong, Imphal, Manipur 795001, India",https://www.google.co.kr/maps/place/Public+Hospital+And+Research+Institute/data=!4m5!3m4!1s0x37492706c3fba7a5:0xc2ed713a21801a36!8m2!3d24.8118865!4d93.9504254?authuser=0&hl=en&rclk=1
"Plastic Surgery ward, RIMS, Imphal",Hospital,"RIMS Rd, Imphal, Manipur 795004, India","https://www.google.co.kr/maps/place/Plastic+Surgery+ward,+RIMS,+Imphal/data=!4m5!3m4!1s0x3749279a92cf306d:0xd7513dd334a1791!8m2!3d24.8137659!4d93.9246039?authuser=0&hl=en&rclk=1"
LAMJINGBA Hospital,Hospital,"RW6F+XHW, Uripok, Imphal, Manipur 795004, India",https://www.google.co.kr/maps/place/LAMJINGBA+Hospital/data=!4m5!3m4!1s0x3749274738921f5b:0xbff09cc9a90ab7d9!8m2!3d24.8124895!4d93.9239594?authuser=0&hl=en&rclk=1
Shija ENT Hospital,Hospital,"Lamphel Rd, Thangmeiband, Imphal, Manipur 795001, India",https://www.google.co.kr/maps/place/Shija+ENT+Hospital/data=!4m5!3m4!1s0x374927bc26dbb023:0xc5c124e2f99677d0!8m2!3d24.8249769!4d93.9319333?authuser=0&hl=en&rclk=1
Leishiphung Hospital,Hospital,"Khararphung,, Ukhrul, Manipur, India",https://www.google.co.kr/maps/place/Leishiphung+Hospital/data=!4m5!3m4!1s0x3748f5d94a78d84b:0xd59985648cca4938!8m2!3d25.1291278!4d94.3717467?authuser=0&hl=en&rclk=1
PFA Manipur,Hospital,"JXVV+XW9, Ward Number 1, Wangmataba, Thoubal, Manipur 795138, India",https://www.google.co.kr/maps/place/PFA+Manipur/data=!4m5!3m4!1s0x37493ca467d46131:0xe7d2f31d6c022a9c!8m2!3d24.6449236!4d93.9948747?authuser=0&hl=en&rclk=1
Maipakpi Maternity and Child Hospital,Maternity hospital,"Indo Mayanmar Road, Near Classic Hostel, North AOC Petrol Pump, Imphal, Manipur 795001, India",https://www.google.co.kr/maps/place/Maipakpi+Maternity+and+Child+Hospital/data=!4m5!3m4!1s0x374927a8b85450ab:0xaa0bb8236ae3056!8m2!3d24.8154502!4d93.9426866?authuser=0&hl=en&rclk=1
Regional Institute of Medical Sciences,Hospital,"Lamphel Rd, Lamphelpat, Imphal, Manipur 795004, India",https://www.google.co.kr/maps/place/Regional+Institute+of+Medical+Sciences/data=!4m5!3m4!1s0x374927c8c3319919:0x6900e9cc97a1edd7!8m2!3d24.8158998!4d93.9228051?authuser=0&hl=en&rclk=1
Langol View Clinic,Hospital,"Uripok, Imphal, Manipur 795004, India",https://www.google.co.kr/maps/place/Langol+View+Clinic/data=!4m5!3m4!1s0x374927c976764091:0x2c2a93f04663351d!8m2!3d24.8124895!4d93.9239594?authuser=0&hl=en&rclk=1
Jnims Staff Quarter,Hospital,"RX77+8XC, Porompat, Manipur 795010, India",https://www.google.co.kr/maps/place/Jnims+Staff+Quarter/data=!4m5!3m4!1s0x3749271855555555:0x24a37b343952509d!8m2!3d24.8133107!4d93.964887?authuser=0&hl=en&rclk=1
IBOYAIMA HOSPITAL & RESEARCH CENTRE,Hospital,"Singjamei, Imphal, Manipur 795001, India",https://www.google.co.kr/maps/place/IBOYAIMA+HOSPITAL+%26+RESEARCH+CENTRE/data=!4m5!3m4!1s0x3749265ce2bc3c5d:0x6819e772de54eaa0!8m2!3d24.784349!4d93.9387126?authuser=0&hl=en&rclk=1
Advanced Hospital,Hospital,"Palace Compound, Wangkhei, Imphal, Manipur 795001, India",https://www.google.co.kr/maps/place/Advanced+Hospital/data=!4m5!3m4!1s0x3749265611f63dd5:0x4a93c743f29b839e!8m2!3d24.7981401!4d93.9461518?authuser=0&hl=en&rclk=1
Mother's Care Children Hospital & Research Centre,Children's hospital,"Moirang Leirak Rd, Sagolband, Imphal, Manipur 795001, India",https://www.google.co.kr/maps/place/Mother's+Care+Children+Hospital+%26+Research+Centre/data=!4m5!3m4!1s0x3749264a9e2fd8cb:0xa4d1bfd7f5ffcf25!8m2!3d24.8035761!4d93.926695?authuser=0&hl=en&rclk=1
Asian Hospital,Hospital,"Kwakeithel Makha, Lourembam Leikai, Imphal, Manipur 795004, India",https://www.google.co.kr/maps/place/Asian+Hospital/data=!4m5!3m4!1s0x374926394dc8584b:0x74a9cfab922cafa2!8m2!3d24.7879265!4d93.9223702?authuser=0&hl=en&rclk=1
OPD RIMS IMPHAL,Hospital,"RW7F+WP4, Imphal, Manipur 795004, India",https://www.google.co.kr/maps/place/OPD+RIMS+IMPHAL/data=!4m5!3m4!1s0x374927c8569f3131:0x8a67bdde2a6f2650!8m2!3d24.8147674!4d93.9243346?authuser=0&hl=en&rclk=1
Peace hospital & Research institute,Hospital,"Porompat, Muslim, Imphal, Manipur 795005, India",https://www.google.co.kr/maps/place/Peace+hospital+%26+Research+institute/data=!4m5!3m4!1s0x3749279708e31c63:0x2547bf6bae5c88d4!8m2!3d24.8051411!4d93.9597395?authuser=0&hl=en&rclk=1
"District Hospital, Bishnupur",Hospital,"NH-150, Tengkhal Khunou, Manipur 795126, India","https://www.google.co.kr/maps/place/District+Hospital,+Bishnupur/data=!4m5!3m4!1s0x374932dd2cb7514f:0x9440110c8c5a037e!8m2!3d24.6319257!4d93.7620137?authuser=0&hl=en&rclk=1"
JNIMS Hospital OPD Block,Hospital,"JNIMS Rd, Khongnang Makhong, Lairikyengbam Leikai, Manipur 795010, India",https://www.google.co.kr/maps/place/JNIMS+Hospital+OPD+Block/data=!4m5!3m4!1s0x3749271be165ea01:0x797c195657da24dc!8m2!3d24.8113124!4d93.9622563?authuser=0&hl=en&rclk=1
Charitable Hospital Moirang,Hospital,"Hemam Leikai, Moirang, Manipur 795133, India",https://www.google.co.kr/maps/place/Charitable+Hospital+Moirang/data=!4m5!3m4!1s0x37493572bc41c857:0xea43c286625710a0!8m2!3d24.4998198!4d93.7748484?authuser=0&hl=en&rclk=1
"Emergency Block, JNIMS",Hospital,"JNIMS Road, Khongnang Makhong, Porompat, Manipur 795010, India","https://www.google.co.kr/maps/place/Emergency+Block,+JNIMS/data=!4m5!3m4!1s0x3749271bfc489f2d:0x96f25a17aa07a14c!8m2!3d24.8109003!4d93.962139?authuser=0&hl=en&rclk=1"
Horizon Hospital & Research Institute,Hospital,"Ahongei Leikai, Soibam Leikai, Imphal, Manipur 795010, India",https://www.google.co.kr/maps/place/Horizon+Hospital+%26+Research+Institute/data=!4m5!3m4!1s0x3749271b1ae2147f:0xb445df56d7e9f2b4!8m2!3d24.8128294!4d93.959096?authuser=0&hl=en&rclk=1
Chamber Hospital,Hospital,"near yaiphaba hotel, Manipur, India",https://www.google.co.kr/maps/place/Chamber+Hospital/data=!4m5!3m4!1s0x374927b20e4e1e5d:0x8dd9c2768cf65c5a!8m2!3d24.8097098!4d93.9365982?authuser=0&hl=en&rclk=1
Remedy Hospital,Hospital,"Nityaiband Chuthek - Konung Mamang Rd, Angom Colony, Imphal, Manipur 795001, India",https://www.google.co.kr/maps/place/Remedy+Hospital/data=!4m5!3m4!1s0x374926ff8facc3d5:0x6b5429d11c3ca96a!8m2!3d24.802856!4d93.9475089?authuser=0&hl=en&rclk=1
TB and Leprosy Hospital,Hospital,"PX3V+QM5, Keirao-Wangkhem, Manipur 795130, India",https://www.google.co.kr/maps/place/TB+and+Leprosy+Hospital/data=!4m5!3m4!1s0x3749237940000007:0xbd19e9e88b382ada!8m2!3d24.7043857!4d93.994221?authuser=0&hl=en&rclk=1
Hillside Charitable Hospital & Research Institute,Hospital,"Thangmeiband Sinam Leikai, Pony Street, Imphal, Manipur 795001, India",https://www.google.co.kr/maps/place/Hillside+Charitable+Hospital+%26+Research+Institute/data=!4m5!3m4!1s0x374927bdb953f257:0x38c81d06e0c299a9!8m2!3d24.8270841!4d93.9333177?authuser=0&hl=en&rclk=1
Imoinu Temple,Hospital,"FQR6+699, Hemam Colony, Moirang, Manipur 795133, India",https://www.google.co.kr/maps/place/Imoinu+Temple/data=!4m5!3m4!1s0x3749354326a19d1f:0xc5f5754bdbf141a3!8m2!3d24.4905421!4d93.7609851?authuser=0&hl=en&rclk=1
Imphal Heart Institute,Hospital,"Sagolband, Imphal, Manipur 795004, India",https://www.google.co.kr/maps/place/Imphal+Heart+Institute/data=!4m5!3m4!1s0x3749264a9c7bc141:0x55604e8d841112ee!8m2!3d24.8034127!4d93.9269448?authuser=0&hl=en&rclk=1
Assam Rifles Hospital,Hospital,"F2W3+8QC, Kakching, Manipur 795103, India",https://www.google.co.kr/maps/place/Assam+Rifles+Hospital/data=!4m5!3m4!1s0x37493f3f5d5b7b1b:0xbb2d42b9ce1e1abf!8m2!3d24.4958143!4d94.0043962?authuser=0&hl=en&rclk=1
Sky Hospital & Research Centre,Hospital,"RIMS Rd, Lalambung Makhong, Thangmeiband, Imphal, Manipur 795001, India",https://www.google.co.kr/maps/place/Sky+Hospital+%26+Research+Centre/data=!4m5!3m4!1s0x374927b6473551f7:0x1467683ef53ffc3c!8m2!3d24.8130175!4d93.9280891?authuser=0&hl=en&rclk=1
Christian Hospital,Hospital,"RWFW+X44, Khongnang Ani Karak, Kabo Leika, Imphal, Manipur 795001, India",https://www.google.co.kr/maps/place/Christian+Hospital/data=!4m5!3m4!1s0x374927a0ee30442f:0x544f4c0f9f64d240!8m2!3d24.824882!4d93.9453202?authuser=0&hl=en&rclk=1
Jivan Hospital,Hospital,"Kakching, Manipur 795103, India",https://www.google.co.kr/maps/place/Jivan+Hospital/data=!4m5!3m4!1s0x37493f3f4ea09cf9:0x62f6e7b34b6c32df!8m2!3d24.4961993!4d94.0034719?authuser=0&hl=en&rclk=1
Ninghthoukhong Hospital,Hospital,"HQG7+5H8, Ningthoukhong, Manipur 795126, India",https://www.google.co.kr/maps/place/Ninghthoukhong+Hospital/data=!4m5!3m4!1s0x374933607fd5c8c5:0x95d454f91d925cf6!8m2!3d24.5754225!4d93.7639684?authuser=0&hl=en&rclk=1
APEX HOSPITAL AND RESEARCH CENTRE,Hospital,"Haobam Marak Keisham Leikai,Opposite Lourembam Leikai SICO Ground, Kwakeithel, Ningthemcha Karong Rd, West, Manipur 795001, India",https://www.google.co.kr/maps/place/APEX+HOSPITAL+AND+RESEARCH+CENTRE/data=!4m5!3m4!1s0x374926133398c375:0x73c9e0b6f814a977!8m2!3d24.7781255!4d93.9277437?authuser=0&hl=en&rclk=1
"District Hospital, Imphal West",Hospital,"I.B. Rd, Mayang Imphal, Manipur 795132, India","https://www.google.co.kr/maps/place/District+Hospital,+Imphal+West/data=!4m5!3m4!1s0x374930f3ac937ec1:0x63202d6c96c8072a!8m2!3d24.6081159!4d93.8829606?authuser=0&hl=en&rclk=1"
Primary Health Center,Hospital,"RXV5+7R4, Imphal, Manipur 795010, India",https://www.google.co.kr/maps/place/Primary+Health+Center/data=!4m5!3m4!1s0x374927d807b35757:0x84e57807ad3c4d2d!8m2!3d24.8431347!4d93.9595735?authuser=0&hl=en&rclk=1
Shija Clinic,Hospital,"J2P3+Q63, Meira Paibi, Thoubal, Manipur 795138, India",https://www.google.co.kr/maps/place/Shija+Clinic/data=!4m5!3m4!1s0x37493c9607a50a1d:0xf841a33e307f8f72!8m2!3d24.6368793!4d94.0030387?authuser=0&hl=en&rclk=1
"Community Health Centre (CHC), Wangoi",Hospital,"MWF3+JG6, Wangoi, Manipur 795009, India","https://www.google.co.kr/maps/place/Community+Health+Centre+(CHC),+Wangoi/data=!4m5!3m4!1s0x37492ff84acfab65:0xf28c204f97de3929!8m2!3d24.6740274!4d93.903752?authuser=0&hl=en&rclk=1"
Hawaithang PHC,Hospital,"Imphal - Silchar Rd, Khamnam Leirak, Imphal, Manipur 795004, India",https://www.google.co.kr/maps/place/Hawaithang+PHC/data=!4m5!3m4!1s0x374927d84b0df051:0x3e8523d21a1e4cac!8m2!3d24.7970705!4d93.9095599?authuser=0&hl=en&rclk=1
"Dept of Anatomy,Phisio,Biochem,RIMS",Hospital,"RW7C+QRW, Imphal, Manipur 795004, India","https://www.google.co.kr/maps/place/Dept+of+Anatomy,Phisio,Biochem,RIMS/data=!4m5!3m4!1s0x374927c8d7c5b561:0x354a3c6c59ef55b2!8m2!3d24.8144984!4d93.9220813?authuser=0&hl=en&rclk=1"
Indian Red cross society office imphal,Hospital,"RW6P+3VC, Thangal Bazar, Imphal, Manipur 795001, India",https://www.google.co.kr/maps/place/Indian+Red+cross+society+office+imphal/data=!4m5!3m4!1s0x374927adf102264f:0x99a14905bc49943e!8m2!3d24.810177!4d93.9371405?authuser=0&hl=en&rclk=1
Peace hospital & Research institute,Hospital,"Porompat Muslim Road no 2, Manipur 795008, India",https://www.google.co.kr/maps/place/Peace+hospital+%26+Research+institute/data=!4m5!3m4!1s0x374927f182cbe9ed:0xe50a51a3177029a9!8m2!3d24.8071925!4d93.9686105?authuser=0&hl=en&rclk=1
Moirangkampu PHC,Hospital,"Imphal, Manipur 795005, India",https://www.google.co.kr/maps/place/Moirangkampu+PHC/data=!4m5!3m4!1s0x37492734ae32eed5:0x7d37faa7fb131d36!8m2!3d24.8222893!4d93.9873706?authuser=0&hl=en&rclk=1
JNIMS Hospital,Hospital,"QWWC+8J5, Sagolband Thangjam Leirak, Sagolband, Porompat, Manipur 795004, India",https://www.google.co.kr/maps/place/JNIMS+Hospital/data=!4m5!3m4!1s0x374927549b69dae1:0xc56908ab519fdab5!8m2!3d24.7957561!4d93.9216181?authuser=0&hl=en&rclk=1
Piles Clinic & Hospital,Private hospital,"Sabantongba, Thoubal, Manipur, India",https://www.google.co.kr/maps/place/Piles+Clinic+%26+Hospital/data=!4m5!3m4!1s0x37493b454a2fd53f:0x5e8016d46c02671e!8m2!3d24.6486726!4d93.9773596?authuser=0&hl=en&rclk=1
"Operation Theatre, RIMS",Hospital,"RIMS Rd, Lamphelpat, Imphal, Manipur 795004, India","https://www.google.co.kr/maps/place/Operation+Theatre,+RIMS/data=!4m5!3m4!1s0x374927c91bf40c23:0x31d41a6ab3719a3f!8m2!3d24.8140698!4d93.923204?authuser=0&hl=en&rclk=1"
Mangal Hospital,Hospital,"Unnamed Road, Zomi Villa, Ragailong, Imphal, Manipur 795001, India",https://www.google.co.kr/maps/place/Mangal+Hospital/data=!4m5!3m4!1s0x374927c3bd699397:0x60a60e00bfb42ea5!8m2!3d24.8142933!4d93.9478824?authuser=0&hl=en&rclk=1
Yaima Eye Hospital,Hospital,"Khagempalli Pankha, Huidrom, Mayai Lambi Rd, Imphal, Manipur 795001, India",https://www.google.co.kr/maps/place/Yaima+Eye+Hospital/data=!4m5!3m4!1s0x37492712aa31ed61:0x57f3ac53718b4edc!8m2!3d24.787207!4d93.9353793?authuser=0&hl=en&rclk=1
Ningshingkhul District Hospital,Government hospital,"Q4HQ+PVR, Ningsingkhun, Jiribam, Manipur 795115, India",https://www.google.co.kr/maps/place/Ningshingkhul+District+Hospital/data=!4m5!3m4!1s0x374efecfc7f9e305:0x426f37beed67b526!8m2!3d24.7793721!4d93.1396263?authuser=0&hl=en&rclk=1
"Casualty Block, RIMS",Hospital,"RIMS Road, Lamphelpat, Imphal, Manipur 795004, India","https://www.google.co.kr/maps/place/Casualty+Block,+RIMS/data=!4m5!3m4!1s0x374927c84e1d1517:0x11dc6077cd5f7fe0!8m2!3d24.8147881!4d93.9247444?authuser=0&hl=en&rclk=1"
Babina Oncology Hospital,Hospital,"VX2Q+J97, Waiton, Manipur 795010, India",https://www.google.co.kr/maps/place/Babina+Oncology+Hospital/data=!4m5!3m4!1s0x3748df86eaafad1d:0x267524ff6a593e5d!8m2!3d24.8515341!4d93.9884205?authuser=0&hl=en&rclk=1
iGASTROCARE HOSPITAL,Government hospital,"Imphal,, Kwakeithel Thokchom Leikai, Imphal, Manipur 795004, India",https://www.google.co.kr/maps/place/iGASTROCARE+HOSPITAL/data=!4m5!3m4!1s0x37492638f6a34bd5:0x82d3b6766f879327!8m2!3d24.7904099!4d93.9250652?authuser=0&hl=en&rclk=1
District Hospital,Hospital,"DISTRICT HOSPITAL SENAPATI district hospital campus, Manipur 795106, India",https://www.google.co.kr/maps/place/District+Hospital/data=!4m5!3m4!1s0x3748be57b44f00d9:0x9c640f1d769d8fb4!8m2!3d25.2854726!4d94.0301452?authuser=0&hl=en&rclk=1
Wangkhei Eye Hospital,Hospital,"Angom Colony, Imphal, Manipur 795005, India",https://www.google.co.kr/maps/place/Wangkhei+Eye+Hospital/data=!4m5!3m4!1s0x374927beceb41c75:0xd3397c7f8dff023d!8m2!3d24.7988835!4d93.9508696?authuser=0&hl=en&rclk=1
SHUV MEDICAL HOSPITAL,Hospital,"RIMS Rd, Uripok, Imphal, Manipur 795001, India",https://www.google.co.kr/maps/place/SHUV+MEDICAL+HOSPITAL/data=!4m5!3m4!1s0x374927c9c7f5fac5:0xdbafec07bd4461c0!8m2!3d24.8135361!4d93.9253784?authuser=0&hl=en&rclk=1
Child Care hospital,Hospital,"Unnamed Road, Imphal, Manipur 795004, India",https://www.google.co.kr/maps/place/Child+Care+hospital/data=!4m5!3m4!1s0x3749291e7c4d8c99:0xd345aaba75584389!8m2!3d24.7970355!4d93.9013527?authuser=0&hl=en&rclk=1
Iroisemba Community Health Centre,Hospital,"RV5V+3PP, Uripok, Imphal, Manipur 795004, India",https://www.google.co.kr/maps/place/Iroisemba+Community+Health+Centre/data=!4m5!3m4!1s0x3749286292d83b7f:0x40c743e3b8c9c308!8m2!3d24.8077003!4d93.8943241?authuser=0&hl=en&rclk=1
Rangini Hospital,Hospital,"JVWX+837, Yumnam Huidrom, Manipur 795009, India",https://www.google.co.kr/maps/place/Rangini+Hospital/data=!4m5!3m4!1s0x3749300ddeaa728d:0xf0518c4ecf15dd16!8m2!3d24.6457879!4d93.8976584?authuser=0&hl=en&rclk=1
DR. Memcha Clinic,Hospital,"F2X7+W35, Kakching, Manipur 795103, India",https://www.google.co.kr/maps/place/DR.+Memcha+Clinic/data=!4m5!3m4!1s0x37493f1411fd8fdb:0x479d891ea77bd0af!8m2!3d24.4997698!4d94.0127205?authuser=0&hl=en&rclk=1
Public Health Center,Hospital,"PXQH+H99, Leitambi, Manipur 795008, India",https://www.google.co.kr/maps/place/Public+Health+Center/data=!4m5!3m4!1s0x3749240e09da6fe3:0x7579100e5daecd46!8m2!3d24.7389117!4d93.9784784?authuser=0&hl=en&rclk=1
"Govt. Health Center, Ningombam",Hospital,"PVWX+959, Ningombam, Manipur 795009, India","https://www.google.co.kr/maps/place/Govt.+Health+Center,+Ningombam/data=!4m5!3m4!1s0x37492f5a91d923df:0xc53bf16e3bb5ce80!8m2!3d24.7459224!4d93.8979799?authuser=0&hl=en&rclk=1"
Physiotheraphy Clinic,Hospital,"PXP4+R77, Uchekon Khunou, Manipur 795003, India",https://www.google.co.kr/maps/place/Physiotheraphy+Clinic/data=!4m5!3m4!1s0x374924370c3aa8d9:0xbd9ce98334c64e5!8m2!3d24.7370258!4d93.9556856?authuser=0&hl=en&rclk=1
American Oncology Institute (Cancer Treatment Hospital) - Imphal,Hospital,"American Oncology Institute At Babina Specialty Hospital Sajiwa Jail, Road, Khabeisoi, Manipur 795010, India",https://www.google.co.kr/maps/place/American+Oncology+Institute+(Cancer+Treatment+Hospital)+-+Imphal/data=!4m5!3m4!1s0x374927fc383516d5:0x84d9dccc0ec7b68d!8m2!3d24.840359!4d93.9782766?authuser=0&hl=en&rclk=1
Apollo Scan Clinic,Hospital,"RIMS Rd, near Crown dental, Lalambung Makhong, Uripok, Imphal, Manipur 795004, India",https://www.google.co.kr/maps/place/Apollo+Scan+Clinic/data=!4m5!3m4!1s0x3749278882dc8e61:0xe2759538365c4fef!8m2!3d24.8126632!4d93.9285407?authuser=0&hl=en&rclk=1
Little Clinic,Hospital,"Nagaram Village, Imphal, Manipur 795010, India",https://www.google.co.kr/maps/place/Little+Clinic/data=!4m5!3m4!1s0x374927e4761ed7db:0x321d583788fb922a!8m2!3d24.8266042!4d93.949884?authuser=0&hl=en&rclk=1
SHARC (Suba Hospital & Assisted Reproductive Centre),Hospital,"RIMS Rd, Kombirei Keithel, Uripok Khumanthem Leikai, Imphal, Manipur 795004, India",https://www.google.co.kr/maps/place/SHARC+(Suba+Hospital+%26+Assisted+Reproductive+Centre)/data=!4m5!3m4!1s0x374927c9974fff45:0x794d75bca1b853a2!8m2!3d24.8126115!4d93.9247845?authuser=0&hl=en&rclk=1
Methadone Maintenance Treatment,Hospital,"Lamphelpat, Imphal, Manipur 795004, India",https://www.google.co.kr/maps/place/Methadone+Maintenance+Treatment/data=!4m5!3m4!1s0x374927cf48dd9aed:0x859c6e7095ef67bd!8m2!3d24.8161499!4d93.9209242?authuser=0&hl=en&rclk=1
MI Room,Government hospital,"jail, Manipur central, Imphal, Manipur 795004, India",https://www.google.co.kr/maps/place/MI+Room/data=!4m5!3m4!1s0x3749277df89c1431:0x11b695546e332c5f!8m2!3d24.7998664!4d93.9376817?authuser=0&hl=en&rclk=1
Vivo Healthcare Institute,Hospital,"Uripok Laikhurembi Leikai, Flyover, Imphal, Manipur 795001, India",https://www.google.co.kr/maps/place/Vivo+Healthcare+Institute/data=!4m5!3m4!1s0x374927b4e228f6af:0xbc34cb4fc7002d43!8m2!3d24.8072219!4d93.9293242?authuser=0&hl=en&rclk=1
Paari Yaipha Loishang Drug Treatment Centre for Young Boys,Hospital,"PW6C+3GF, Langthabal Kunja, Manipur 161600, India",https://www.google.co.kr/maps/place/Paari+Yaipha+Loishang+Drug+Treatment+Centre+for+Young+Boys/data=!4m5!3m4!1s0x374925760661d197:0x15cab98d9a009afc!8m2!3d24.7101885!4d93.9213037?authuser=0&hl=en&rclk=1
"Department of Microbiology, Regional Institute of Medical Sciences, Imphal.",Hospital,"RW7F+V4Q, Imphal, Manipur 795004, India","https://www.google.co.kr/maps/place/Department+of+Microbiology,+Regional+Institute+of+Medical+Sciences,+Imphal./data=!4m5!3m4!1s0x3749275035d058ff:0x7b0c1717cd2e6686!8m2!3d24.8147169!4d93.9228738?authuser=0&hl=en&rclk=1"
Health Sub Center,Hospital,"RIMS Doctors Colony, Lamphelpat, Ningombam, Manipur 795009, India",https://www.google.co.kr/maps/place/Health+Sub+Center/data=!4m5!3m4!1s0x37492f5a91df722d:0x3477e267b6c2d5ce!8m2!3d24.7459081!4d93.8979873?authuser=0&hl=en&rclk=1
Health Centre,Hospital,"QW2G+PM8, Imphal, Manipur 795003, India",https://www.google.co.kr/maps/place/Health+Centre/data=!4m5!3m4!1s0x374925ddf8d3933b:0x683c76beb7190234!8m2!3d24.751786!4d93.9267139?authuser=0&hl=en&rclk=1
Dr. Basanta Clinic,Children's hospital,"QWW2+QFW, Takyel, Imphal, Manipur 795004, India",https://www.google.co.kr/maps/place/Dr.+Basanta+Clinic/data=!4m5!3m4!1s0x374928837e2e1977:0xb16625472817d407!8m2!3d24.7969887!4d93.9012127?authuser=0&hl=en&rclk=1
Dr Suraj Clinic,Hospital,"QWRG+F92, Kwakeithel Thokchom Leikai, Imphal, Manipur 795004, India",https://www.google.co.kr/maps/place/Dr+Suraj+Clinic/data=!4m5!3m4!1s0x3749263864fa87ab:0x5551a2fbffd81307!8m2!3d24.7911448!4d93.9258843?authuser=0&hl=en&rclk=1
"Dept.of Micro, Pharma& Pathology,RIMS",Hospital,"RW7F+P4H, Imphal, Manipur 795004, India","https://www.google.co.kr/maps/place/Dept.of+Micro,+Pharma%26+Pathology,RIMS/data=!4m5!3m4!1s0x374927c91fdb6d2b:0xd83903e8f6692a4e!8m2!3d24.8143209!4d93.9228607?authuser=0&hl=en&rclk=1"
PHC-Primary Health Centre,Hospital,"HQG7+7J4, Ningthoukhong, Manipur 795126, India",https://www.google.co.kr/maps/place/PHC-Primary+Health+Centre/data=!4m5!3m4!1s0x3749336081247757:0x4c472feab07d0fe1!8m2!3d24.575646!4d93.7640847?authuser=0&hl=en&rclk=1
SODO Manipur,Hospital,"Oinam Sawombung, Manipur 795009, India",https://www.google.co.kr/maps/place/SODO+Manipur/data=!4m5!3m4!1s0x37492f9f317cb25d:0x40ecad2752830e4b!8m2!3d24.682221!4d93.901157?authuser=0&hl=en&rclk=1
Heal plus hospital and research institute,Hospital,"Porompat Thaban thaba leirak Porompat, pnagal Leirak, Imphal, Manipur 795005, India",https://www.google.co.kr/maps/place/Heal+plus+hospital+and+research+institute/data=!4m5!3m4!1s0x3749273ada49cdf7:0xf93f87ee46853ac8!8m2!3d24.8053321!4d93.9600138?authuser=0&hl=en&rclk=1
PHC Mekola,Hospital,"Mekola Bazaar, Chingphu Rd, Manipur, India",https://www.google.co.kr/maps/place/PHC+Mekola/data=!4m5!3m4!1s0x37492f96778f1c11:0xeb6f05bbf33a157b!8m2!3d24.7356723!4d93.8767851?authuser=0&hl=en&rclk=1
State TB Hospital,Hospital,"P2H6+PVF, Wangkhem, Manipur 795008, India",https://www.google.co.kr/maps/place/State+TB+Hospital/data=!4m5!3m4!1s0x374923bf21ca16f5:0x777ef7d5d4c69940!8m2!3d24.7293011!4d94.0121602?authuser=0&hl=en&rclk=1
Khumbong PHC,Hospital,"opposite to Veterinary Office, Mamang Leikai, Khumbong, Manipur 795113, India",https://www.google.co.kr/maps/place/Khumbong+PHC/data=!4m5!3m4!1s0x3749294551bbfbab:0x21d73157a05471b6!8m2!3d24.7730113!4d93.8356327?authuser=0&hl=en&rclk=1
Dr Raja Medicine,Hospital,"RXMG+V56, Kairang Muslim, Manipur 795010, India",https://www.google.co.kr/maps/place/Dr+Raja+Medicine/data=!4m5!3m4!1s0x37492745cdd182af:0xc8414e6cab2310dd!8m2!3d24.8346704!4d93.9753771?authuser=0&hl=en&rclk=1
Primary Health Centre,Hospital,"Samurou, Takhellambam Konjil, Manipur 795009, India",https://www.google.co.kr/maps/place/Primary+Health+Centre/data=!4m5!3m4!1s0x37492f8647ffa81b:0x61dbb0c6be42b4!8m2!3d24.7010299!4d93.9028531?authuser=0&hl=en&rclk=1
Babina Specialty Hospital,Hospital,"Sajiwa Jail Road, Manipur, India",https://www.google.co.kr/maps/place/Babina+Specialty+Hospital/data=!4m5!3m4!1s0x3748d986ab7896d5:0x550551620240ded6!8m2!3d24.8520388!4d93.9846538?authuser=0&hl=en&rclk=1
District Hospital Thoubal,Hospital,"J2G7+23C, Part I, Maning Leikai, Khangabok, Manipur 795138, India",https://www.google.co.kr/maps/place/District+Hospital+Thoubal/data=!4m5!3m4!1s0x37493cf208bed239:0xce7b2a572f25a07e!8m2!3d24.6250591!4d94.0126551?authuser=0&hl=en&rclk=1
"AHM Institute, Imphal",Hospital,"Opposite Imphal Airport, Airport Road, near Herbert School, Changangei, Manipur 795140, India","https://www.google.co.kr/maps/place/AHM+Institute,+Imphal/data=!4m5!3m4!1s0x37492f3a55555555:0x993d959eebadb022!8m2!3d24.7444594!4d93.8782576?authuser=0&hl=en&rclk=1"
District Hospital Tamenglong,Hospital,"XGP3+52R, Duigailong, Manipur 795141, India",https://www.google.co.kr/maps/place/District+Hospital+Tamenglong/data=!4m5!3m4!1s0x374f2475ae5bcf41:0xd60031163208f8bd!8m2!3d24.9854972!4d93.5025169?authuser=0&hl=en&rclk=1
"Urban Health Center,UHC",Hospital,"Singjamei, Chinga makhong, Singjamei, Imphal, Manipur 795008, India","https://www.google.co.kr/maps/place/Urban+Health+Center,UHC/data=!4m5!3m4!1s0x3749264330628f1b:0x259b02ba9b68621b!8m2!3d24.7827933!4d93.9374584?authuser=0&hl=en&rclk=1"
PHSC_Thoubal Khunou,Hospital,"Thoubal Khunou Rd, Thoubal, Manipur 795130, India",https://www.google.co.kr/maps/place/PHSC_Thoubal+Khunou/data=!4m5!3m4!1s0x374923454e4d8103:0xffa23c0fd6275e86!8m2!3d24.6740341!4d93.9985162?authuser=0&hl=en&rclk=1
Mouradian Hospital,Hospital,"RW3X+526, Nongpok Inkhol, Imphal, Manipur 795005, India",https://www.google.co.kr/maps/place/Mouradian+Hospital/data=!4m5!3m4!1s0x374926ff8e5eda3b:0xc97e1cc9e685f458!8m2!3d24.802916!4d93.947529?authuser=0&hl=en&rclk=1
Noor Hospital and Research Institute,Hospital,"Lilong Khunou, Takhok Makha, Manipur 795130, India",https://www.google.co.kr/maps/place/Noor+Hospital+and+Research+Institute/data=!4m5!3m4!1s0x37492501ee38d75b:0x89be4615a010ab82!8m2!3d24.704993!4d93.9461856?authuser=0&hl=en&rclk=1
New Life Rehabilitation Centre,Hospital,"QVCX+Q4R, Takyel Mapal, Manipur 795140, India",https://www.google.co.kr/maps/place/New+Life+Rehabilitation+Centre/data=!4m5!3m4!1s0x374928a56ce946eb:0x51046f67f45499e0!8m2!3d24.7719936!4d93.8977764?authuser=0&hl=en&rclk=1
Dr Taruni Ngangbam private clinic,Hospital,"Thingbaijam Colony, Uripok Kangchup Rd, Uripok Bachaspati Leikai, Uripok, Imphal, Manipur 795004, India",https://www.google.co.kr/maps/place/Dr+Taruni+Ngangbam+private+clinic/data=!4m5!3m4!1s0x3749277d847b7965:0xd5a750c8558d0e96!8m2!3d24.8077067!4d93.9246143?authuser=0&hl=en&rclk=1
District Hospital Chandel,Hospital,"8X8M+6V8, Chandel, Manipur 795127, India",https://www.google.co.kr/maps/place/District+Hospital+Chandel/data=!4m5!3m4!1s0x3749449cc069721d:0xff084a68371d4910!8m2!3d24.31554!4d93.9847165?authuser=0&hl=en&rclk=1
Iroisemba Primary Health Centre,Hospital,"RV5V+3PQ, Uripok, Imphal, Manipur 795004, India",https://www.google.co.kr/maps/place/Iroisemba+Primary+Health+Centre/data=!4m5!3m4!1s0x374928629325667b:0xfefcdee07ca789d9!8m2!3d24.8077006!4d93.894364?authuser=0&hl=en&rclk=1
Health Centre,Medical Center,"QWMP+4X6, Makha Leirak, Imphal, Manipur 795008, India",https://www.google.co.kr/maps/place/Health+Centre/data=!4m5!3m4!1s0x374927da84937177:0xc64ad9d43c1b2640!8m2!3d24.782793!4d93.937403?authuser=0&hl=en&rclk=1
Sun Hospital,Hospital,"Chandel - Chakpikarong Rd, Wabagai, Manipur 795103, India",https://www.google.co.kr/maps/place/Sun+Hospital/data=!4m5!3m4!1s0x37493854a366ebcd:0x333a2266f8ec2fbf!8m2!3d24.5194752!4d93.9426458?authuser=0&hl=en&rclk=1
Community Hospital,Hospital,"MWW7+HX3, Samurou, Manipur 795009, India",https://www.google.co.kr/maps/place/Community+Hospital/data=!4m5!3m4!1s0x374925650beaf8c7:0x74686608d5660696!8m2!3d24.696382!4d93.9149362?authuser=0&hl=en&rclk=1
Physiotherapy Clinic,Hospital,"sagolband moirang hanuba mamang leirak, Imphal, Manipur 795001, India",https://www.google.co.kr/maps/place/Physiotherapy+Clinic/data=!4m5!3m4!1s0x3749291885d9fac5:0x4da07baa49b14073!8m2!3d24.7924134!4d93.9061224?authuser=0&hl=en&rclk=1
"ICU, RIMS HOSPITAL",Hospital,"RW7F+J5F, Imphal, Manipur 795004, India","https://www.google.co.kr/maps/place/ICU,+RIMS+HOSPITAL/data=!4m5!3m4!1s0x374927c91f363f47:0xa194d983c735c57f!8m2!3d24.8140729!4d93.9229124?authuser=0&hl=en&rclk=1"
"Primary health centre, Bashikhong",Hospital,"Bashikhong Torban Rd, Bashikhong Torban, Imphal, Manipur 795003, India","https://www.google.co.kr/maps/place/Primary+health+centre,+Bashikhong/data=!4m5!3m4!1s0x374925d25134c913:0x224bd8c8d60d5731!8m2!3d24.7499787!4d93.9469671?authuser=0&hl=en&rclk=1"
Primary Health Sub-Center,Hospital,"JQFQ+5HV, Toubul, Manipur 795126, India",https://www.google.co.kr/maps/place/Primary+Health+Sub-Center/data=!4m5!3m4!1s0x374933c94825ce2b:0x99dd46888ec97c38!8m2!3d24.6229815!4d93.7889128?authuser=0&hl=en&rclk=1
EMA Hospital,Hospital,"LIC PARENG, opp. SBI ATM, Kakching, Manipur 795103, India",https://www.google.co.kr/maps/place/EMA+Hospital/data=!4m5!3m4!1s0x374939504a0124e5:0x78e10c4c9cb76d9d!8m2!3d24.4977062!4d93.9829932?authuser=0&hl=en&rclk=1
PHC,Hospital,"8G63+C6J, Chingai, Manipur 795142, India",https://www.google.co.kr/maps/place/PHC/data=!4m5!3m4!1s0x374864206233bf2b:0xf15928919e33f4fc!8m2!3d25.3110932!4d94.5030105?authuser=0&hl=en&rclk=1
Anni Med.Centre,Medical Center,"Khoyathong Road, Majorkhul, Thangal Bazar, Imphal, Manipur 795001, India",https://www.google.co.kr/maps/place/Anni+Med.Centre/data=!4m5!3m4!1s0x374927b1c2cfc789:0x789c4b8c011c83e5!8m2!3d24.8127178!4d93.9361739?authuser=0&hl=en&rclk=1
Peace Hospital And Research Institute,Private hospital,"Porompat, Thangjam Leirak, pangal, Manipur 795001, India",https://www.google.co.kr/maps/place/Peace+Hospital+And+Research+Institute/data=!4m5!3m4!1s0x374927a6ac357063:0xd1cbe20b9a256d6d!8m2!3d24.8119674!4d93.9320117?authuser=0&hl=en&rclk=1
LILONG PRIMARY HEALTH CENTRE,Hospital,"Lilong Bazar, LMC (TBL) P.O/P.S - Lilong, 795130, Manipur, India",https://www.google.co.kr/maps/place/LILONG+PRIMARY+HEALTH+CENTRE/data=!4m5!3m4!1s0x37492596658caedd:0x12a6659394cbd171!8m2!3d24.7172299!4d93.9417787?authuser=0&hl=en&rclk=1
Kidney Care,Medical Center,"Lalambung Makhong Takhellambam Leikai Road, RIMS Rd, Imphal, Manipur 795001, India",https://www.google.co.kr/maps/place/Kidney+Care/data=!4m5!3m4!1s0x374927b63b7c35e7:0xa5af5c1517b613ba!8m2!3d24.813211!4d93.9274298?authuser=0&hl=en&rclk=1
Samaritan Nursing Home,Hospital,"9P33+Q9X, B.Aizalon, Churachandpur, Manipur 795128, India",https://www.google.co.kr/maps/place/Samaritan+Nursing+Home/data=!4m5!3m4!1s0x374eb392d1ba6f57:0x9c2c803b237eb026!8m2!3d24.3544796!4d93.7034904?authuser=0&hl=en&rclk=1
RUBY HOSPITAL & RESEARCH CENTRE,Hospital,"Koireng Rd, Nambol M Cl Part, Manipur 795134, India",https://www.google.co.kr/maps/place/RUBY+HOSPITAL+%26+RESEARCH+CENTRE/data=!4m5!3m4!1s0x37492f3538557509:0x3a67b0b9376dee44!8m2!3d24.7154068!4d93.8367018?authuser=0&hl=en&rclk=1
"Rural Hospital And Research Institute, Lilong Lamkhai.",Hospital,"PW8V+F26, Keirak Muslim, Lilong Chajing, Manipur 795130, India","https://www.google.co.kr/maps/place/Rural+Hospital+And+Research+Institute,+Lilong+Lamkhai./data=!4m5!3m4!1s0x374925db7d2361b9:0xe2fe99a3af6a29da!8m2!3d24.7161551!4d93.942512?authuser=0&hl=en&rclk=1"
Leprosy Hospital,Hospital,"JQP7+MVQ, Bishnupur, Manipur 795126, India",https://www.google.co.kr/maps/place/Leprosy+Hospital/data=!4m5!3m4!1s0x374933520dc75f6d:0xf6298ec387c55ec2!8m2!3d24.6367203!4d93.7647432?authuser=0&hl=en&rclk=1
"Primary Health Centre, Heigang",Hospital,"VW2V+6MW, Heingang, Manipur 795002, India","https://www.google.co.kr/maps/place/Primary+Health+Centre,+Heigang/data=!4m5!3m4!1s0x37492780f4734f37:0xb3096375780edcdd!8m2!3d24.8506111!4d93.9441954?authuser=0&hl=en&rclk=1"
CHC LILONG HAOREIBI,Hospital,"Lilong Makha Leikai Rd, Samurou, Manipur 795130, India",https://www.google.co.kr/maps/place/CHC+LILONG+HAOREIBI/data=!4m5!3m4!1s0x374925650c58a649:0xdad9eee1e61c7849!8m2!3d24.6963235!4d93.9148681?authuser=0&hl=en&rclk=1
"Dr Kala Nature Cure N Yoga Health Centre, Konung Mamang, Imphal East, Manipur.",Hospital,"Konung Mamang Palace Cross, opposite Kusum Oil Pump, Manipur 795005, India","https://www.google.co.kr/maps/place/Dr+Kala+Nature+Cure+N+Yoga+Health+Centre,+Konung+Mamang,+Imphal+East,+Manipur./data=!4m5!3m4!1s0x374927208b92b2f3:0x7f8d6cab277ec68f!8m2!3d24.802862!4d93.950043?authuser=0&hl=en&rclk=1"
Nature Cure Yoga Hospital,Hospital,"Unnamed Road, Imphal, Manipur 795008, India",https://www.google.co.kr/maps/place/Nature+Cure+Yoga+Hospital/data=!4m5!3m4!1s0x374927dce0c6593d:0xb52f80551e68366c!8m2!3d24.7796366!4d93.9639727?authuser=0&hl=en&rclk=1
"Govt. Health Center, Mekola",Hospital,"PVPG+7MF, Malom Tuliyaima, Manipur 795009, India","https://www.google.co.kr/maps/place/Govt.+Health+Center,+Mekola/data=!4m5!3m4!1s0x37492f3d5b0ccc13:0x7cb527b57824aaba!8m2!3d24.7356829!4d93.8766597?authuser=0&hl=en&rclk=1"
City HospitalHome,Hospital,"RWCM+MRP, Thangmeiband, Imphal, Manipur 795001, India",https://www.google.co.kr/maps/place/City+HospitalHome/data=!4m5!3m4!1s0x374927add5044105:0x3a3801735fb2e48a!8m2!3d24.82171!4d93.9345895?authuser=0&hl=en&rclk=1
Greenland Hospital & Research Centre,Hospital,"Sugnu - Chakpikarong Rd, Nungpan, Manipur 795102, India",https://www.google.co.kr/maps/place/Greenland+Hospital+%26+Research+Centre/data=!4m5!3m4!1s0x374950846fa6e28d:0x25ece20d3d2d7279!8m2!3d24.2722612!4d93.8861516?authuser=0&hl=en&rclk=1
Vision Plus+,Hospital,"RIMS Rd, Uripok, Imphal, Manipur 795004, India",https://www.google.co.kr/maps/place/Vision+Plus%2B/data=!4m5!3m4!1s0x374927f106794401:0x907f1944da9e500a!8m2!3d24.8133529!4d93.9267111?authuser=0&hl=en&rclk=1
"Community Health centre, Nongada",Hospital,"V3C8+G4R, Makha Leikai, Nongada Thongkhong, Manipur 795010, India","https://www.google.co.kr/maps/place/Community+Health+centre,+Nongada/data=!4m5!3m4!1s0x3748dfb6a0013f9d:0x38b290dec2d7be45!8m2!3d24.8713519!4d94.0652723?authuser=0&hl=en&rclk=1"
CMO OFFICE THOUBAL,Hospital,"Wangmataba, Thoubal, Manipur 795138, India",https://www.google.co.kr/maps/place/CMO+OFFICE+THOUBAL/data=!4m5!3m4!1s0x37493ca48ed80a6f:0xfecb6964da05b07e!8m2!3d24.6445144!4d93.9958598?authuser=0&hl=en&rclk=1
Samaritan Health care,Hospital,"Turel Mapal Rd, 2nd St, Hatta Golapati Maning Leikai, Imphal, Manipur 795001, India",https://www.google.co.kr/maps/place/Samaritan+Health+care/data=!4m5!3m4!1s0x37492721ece7646b:0xa78f3db1fef6efde!8m2!3d24.8073129!4d93.9480578?authuser=0&hl=en&rclk=1
American Oncology Institute,Specialized hospital,"Sajiwa Central Jail, Khabeisoi, Manipur 795010, India",https://www.google.co.kr/maps/place/American+Oncology+Institute/data=!4m5!3m4!1s0x3748dfe9abd35a2d:0x910a253b7a160f57!8m2!3d24.8512759!4d93.9884435?authuser=0&hl=en&rclk=1
"PHC,Thoudam Thoubal",Hospital,"JWMH+X5V, Thoudam, Manipur 795132, India","https://www.google.co.kr/maps/place/PHC,Thoudam+Thoubal/data=!4m5!3m4!1s0x37493aeb15555555:0x9da3fc239e14fa4d!8m2!3d24.634997!4d93.9279243?authuser=0&hl=en&rclk=1"
People'S Health Foundation,Private hospital,"Airtel Mobile Tower Gangpimual, 795006, Gangpimual, Churachandpur, Manipur 795128, India",https://www.google.co.kr/maps/place/People'S+Health+Foundation/data=!4m5!3m4!1s0x374eb24ea4acdb65:0x9a6d8a3be58d852f!8m2!3d24.3303668!4d93.6886037?authuser=0&hl=en&rclk=1
ACS Hospital,Hospital,"PR8M+R5G, Nambol Mongjing Leikai, Heigrujam, Manipur 795134, India",https://www.google.co.kr/maps/place/ACS+Hospital/data=!4m5!3m4!1s0x37492e864835278b:0xf6933060c779b137!8m2!3d24.7170504!4d93.832944?authuser=0&hl=en&rclk=1
Kangleipak Nature Cure and Research Center,Hospital,"QXJ8+2J8, Imphal, Manipur 795008, India",https://www.google.co.kr/maps/place/Kangleipak+Nature+Cure+and+Research+Center/data=!4m5!3m4!1s0x374926954f159e01:0x14b4d9ae209dd58c!8m2!3d24.7800402!4d93.9665643?authuser=0&hl=en&rclk=1
PHSC Ningombam,Government hospital,"PVWX+959, Ningombam, Manipur 795009, India",https://www.google.co.kr/maps/place/PHSC+Ningombam/data=!4m5!3m4!1s0x37492f5a91dfb6f9:0xed99d8006c988b5!8m2!3d24.745901!4d93.897983?authuser=0&hl=en&rclk=1
"Primary Health Centre,CAU",Hospital,"Iroishemba Mayai Leikai, Uripok Khumanthem Leikai, Imphal, Manipur 795004, India","https://www.google.co.kr/maps/place/Primary+Health+Centre,CAU/data=!4m5!3m4!1s0x3749286158810687:0x9d82163582ca5bbd!8m2!3d24.8113416!4d93.890977?authuser=0&hl=en&rclk=1"
Tuibuang Primary Health Centre,Hospital,"9P52+VQF, Tuibuang District Headquarter, Churachandpur, Manipur 795128, India",https://www.google.co.kr/maps/place/Tuibuang+Primary+Health+Centre/data=!4m5!3m4!1s0x374eb3a0175688fd:0x6ac0b42a705c5a33!8m2!3d24.3596949!4d93.7019068?authuser=0&hl=en&rclk=1
Tiddim Dental Clinic,Hospital,"Nambol Bazar, opposite Likla Bakery, Nambol, Manipur 795134, India",https://www.google.co.kr/maps/place/Tiddim+Dental+Clinic/data=!4m5!3m4!1s0x37492fad6c6c2de7:0x689ddb0671512b6b!8m2!3d24.7179523!4d93.8374728?authuser=0&hl=en&rclk=1
Community Health Centre (CHC),Hospital,"QRFP+45W, Khumbong, Manipur 795113, India",https://www.google.co.kr/maps/place/Community+Health+Centre+(CHC)/data=!4m5!3m4!1s0x3749293ca0dad5b1:0xb328b2b21515e25f!8m2!3d24.772868!4d93.8354503?authuser=0&hl=en&rclk=1
AMINA HOSPITAL AND RESEARCH INSTITUTE,Hospital,"Takhok Makha, Manipur 795130, India",https://www.google.co.kr/maps/place/AMINA+HOSPITAL+AND+RESEARCH+INSTITUTE/data=!4m5!3m4!1s0x374925df46a3d8cf:0x742c356abe7d8ef0!8m2!3d24.7049482!4d93.9453246?authuser=0&hl=en&rclk=1
Hiyanglam PHC,Hospital,"Wabagai - Terapishak Rd, Hiyanglam, Manipur 795103, India",https://www.google.co.kr/maps/place/Hiyanglam+PHC/data=!4m5!3m4!1s0x374939b5c996e401:0xa469627f9fcf2051!8m2!3d24.525412!4d93.9288139?authuser=0&hl=en&rclk=1
PHSC Ngaikhong Khunou,Hospital,"MQ9H+P44, Ngaikhong Khunou, Manipur 795134, India",https://www.google.co.kr/maps/place/PHSC+Ngaikhong+Khunou/data=!4m5!3m4!1s0x37492d7dc80dfbdb:0x7de95ece56b4ecf2!8m2!3d24.6692622!4d93.777836?authuser=0&hl=en&rclk=1
Dr. Sushil,Private hospital,"QWHP+HHJ, Singjamei Top Leikai, Chingamakha, Imphal, Manipur 795008, India",https://www.google.co.kr/maps/place/Dr.+Sushil/data=!4m5!3m4!1s0x374927ca00d66e93:0x1c6836fd64c7548f!8m2!3d24.7789547!4d93.9363992?authuser=0&hl=en&rclk=1
"Doctor, Health care provider",Hospital,"Thangapat Mapal Bamol Leikai Lakpam Leirak, Manipur 795004, India","https://www.google.co.kr/maps/place/Doctor,+Health+care+provider/data=!4m5!3m4!1s0x374927a286e13755:0xe5653d0e83e8d80d!8m2!3d24.7926856!4d93.9458778?authuser=0&hl=en&rclk=1"
PHC Leishangthem,Hospital,"JWJM+F46, Thoudam, Manipur 795138, India",https://www.google.co.kr/maps/place/PHC+Leishangthem/data=!4m5!3m4!1s0x37493b6d84693473:0x8f7e27280f0fc946!8m2!3d24.6311741!4d93.9327591?authuser=0&hl=en&rclk=1
"ANDRO,PHC",Hospital,"Nungkot, Manipur 795149, India","https://www.google.co.kr/maps/place/ANDRO,PHC/data=!4m5!3m4!1s0x3749221f860d0a0d:0xd8d53ef9b30234a2!8m2!3d24.752463!4d94.049393?authuser=0&hl=en&rclk=1"
Wangkhem Healt Center,Hospital,"M28G+5H2, Wangkhem, Manipur 795138, India",https://www.google.co.kr/maps/place/Wangkhem+Healt+Center/data=!4m5!3m4!1s0x3749232a33f80431:0xcc5cd17e1a76afae!8m2!3d24.6653761!4d94.0264058?authuser=0&hl=en&rclk=1
P.H.C.-Oinam,Hospital,"MRV3+57Q, Oinam, Manipur 795134, India",https://www.google.co.kr/maps/place/P.H.C.-Oinam/data=!4m5!3m4!1s0x37492d2498908dd3:0x3cac861b9a8858ac!8m2!3d24.6929706!4d93.8032339?authuser=0&hl=en&rclk=1
"Thiyam Leishangkhong, Imphal West, Manipur",Hospital,"Emoinu Rd, Manipur 795009, India","https://www.google.co.kr/maps/place/Thiyam+Leishangkhong,+Imphal+West,+Manipur/data=!4m5!3m4!1s0x37492ff9b4d2f18f:0xbb1483717dd3fe28!8m2!3d24.6739329!4d93.9037138?authuser=0&hl=en&rclk=1"
Community Health Center,Hospital,"JQPP+V49, Takhellambam Laikai, Ngaikhong, Manipur 795126, India",https://www.google.co.kr/maps/place/Community+Health+Center/data=!4m5!3m4!1s0x374933a298895985:0x3cc315bcd348eb9d!8m2!3d24.6371707!4d93.7853618?authuser=0&hl=en&rclk=1
PHSC Tonakangjeibung,Hospital,"Phadibi Road, Manipur 795009, India",https://www.google.co.kr/maps/place/PHSC+Tonakangjeibung/data=!4m5!3m4!1s0x37492f07e8aae543:0xbbaded6be9b2c6c9!8m2!3d24.7130628!4d93.8750678?authuser=0&hl=en&rclk=1
Medical,Hospital,"Keirak Muslim, Lilong Chaobok Mairenkhun, Lilong Chajing, Manipur 795130, India",https://www.google.co.kr/maps/place/Medical/data=!4m5!3m4!1s0x374925aea40c54a1:0xc4cb1e0e0a49cbb1!8m2!3d24.7171473!4d93.9417586?authuser=0&hl=en&rclk=1
Community Health Centre,Hospital,"Lilong Makha Leikai Rd, Lilong Chajing, Manipur 795009, India",https://www.google.co.kr/maps/place/Community+Health+Centre/data=!4m5!3m4!1s0x374925db684b7e07:0x9f91e694dea2eac5!8m2!3d24.6972809!4d93.9145516?authuser=0&hl=en&rclk=1
"Al - Ada Medical City,Yairipok Bazar",Hospital,"M2HX+6R3, Yairipok, Manipur 795149, India","https://www.google.co.kr/maps/place/Al+-+Ada+Medical+City,Yairipok+Bazar/data=!4m5!3m4!1s0x374922bf53c604fd:0xbfba3b014c8508ae!8m2!3d24.678019!4d94.0495449?authuser=0&hl=en&rclk=1"
PHC Keirao Makting,Hospital,"Keirao Makting mayai leikai, India",https://www.google.co.kr/maps/place/PHC+Keirao+Makting/data=!4m5!3m4!1s0x3749240de20706d7:0xe4adf80eb50fabfc!8m2!3d24.7388678!4d93.9785662?authuser=0&hl=en&rclk=1
Yambem PHC,Hospital,"M3Q9+RWH, Changamdabi, Manipur 795149, India",https://www.google.co.kr/maps/place/Yambem+PHC/data=!4m5!3m4!1s0x37491964cbbf7b57:0x6e2933d32270474c!8m2!3d24.6895558!4d94.0698542?authuser=0&hl=en&rclk=1
WHC LEIMARAM,Hospital,"PQ8M+MGR, Leimaram, Manipur 795134, India",https://www.google.co.kr/maps/place/WHC+LEIMARAM/data=!4m5!3m4!1s0x37492dfbb8d80b6d:0x444bbf3b7e574db1!8m2!3d24.7167409!4d93.7837803?authuser=0&hl=en&rclk=1
Ayurvedic Hospital,Hospital,"JVXX+VHH, Yumnam Huidrom, Manipur 795009, India",https://www.google.co.kr/maps/place/Ayurvedic+Hospital/data=!4m5!3m4!1s0x374930057101098b:0x36e92707d4ba656c!8m2!3d24.6496783!4d93.8989998?authuser=0&hl=en&rclk=1
Ching Tam Dental Clinic,Hospital,"Sagolband Rd, Tera Loukrakpam Leikai, Uripok, Imphal, Manipur 795004, India",https://www.google.co.kr/maps/place/Ching+Tam+Dental+Clinic/data=!4m5!3m4!1s0x3749262e3efab40d:0x524e35d9ce25cc0b!8m2!3d24.7980841!4d93.9153798?authuser=0&hl=en&rclk=1
Babita Physiotherapy Clinic & Rehabilation Centre,Hospital,"Keishampat Leimajam Leikai Maning Rd, Sagolband, Imphal, Manipur 795004, India",https://www.google.co.kr/maps/place/Babita+Physiotherapy+Clinic+%26+Rehabilation+Centre/data=!4m5!3m4!1s0x3749271aa7c78623:0x19080072c2ba44!8m2!3d24.7978015!4d93.9327885?authuser=0&hl=en&rclk=1
Primary Health Centre,Hospital,"HQ85+MF9, Ningthoukhong, Manipur 795126, India",https://www.google.co.kr/maps/place/Primary+Health+Centre/data=!4m5!3m4!1s0x374934a155555555:0x5110721a07d917d8!8m2!3d24.5666665!4d93.7587457?authuser=0&hl=en&rclk=1
Phsc Nungei,Hospital,"MW3P+54C, Nungei, Manipur 795130, India",https://www.google.co.kr/maps/place/Phsc+Nungei/data=!4m5!3m4!1s0x37493b267447ce97:0xf3fe684e237b9ddd!8m2!3d24.6529282!4d93.9352807?authuser=0&hl=en&rclk=1
CH C NAMBOL,Hospital,"PR9R+WJQ, Laitonjam Khori Leikai, Nambol, Manipur 795134, India",https://www.google.co.kr/maps/place/CH+C+NAMBOL/data=!4m5!3m4!1s0x37492f275321362d:0xb79dc9499db118fc!8m2!3d24.71985!4d93.8416079?authuser=0&hl=en&rclk=1
PHSC Naorem,Hospital,"MRPH+55P, Nambol, Manipur 795134, India",https://www.google.co.kr/maps/place/PHSC+Naorem/data=!4m5!3m4!1s0x37492e0bb0979a55:0x10bef6828392d0d4!8m2!3d24.6854634!4d93.8279602?authuser=0&hl=en&rclk=1
Kwasiphai Bazar,Hospital,"Kwasiphai Rd, Kwasiphai, Manipur 795126, India",https://www.google.co.kr/maps/place/Kwasiphai+Bazar/data=!4m5!3m4!1s0x374933059d8e791d:0x420fb0f1ce998ac4!8m2!3d24.6087262!4d93.776559?authuser=0&hl=en&rclk=1
Tuberculosis Hospital,Hospital,"JQP8+728, Ngaikhong Khunou, Manipur 795126, India",https://www.google.co.kr/maps/place/Tuberculosis+Hospital/data=!4m5!3m4!1s0x37493304cdbd3bef:0x9096888e451cdd32!8m2!3d24.6356663!4d93.7650854?authuser=0&hl=en&rclk=1
Ngaikhong bazaar,Hospital,"Unnamed Road, Ngaikhong, Manipur 795126, India",https://www.google.co.kr/maps/place/Ngaikhong+bazaar/data=!4m5!3m4!1s0x37493382d0a23273:0xf5ccf5c499177ceb!8m2!3d24.638239!4d93.7901125?authuser=0&hl=en&rclk=1
As Shifa Lil Ummah International Hospital & Research Institue,Hospital,"Lilong Makha Leikai Rd, opposite CHC Hospital, Lilong Chajing, Manipur 795130, India",https://www.google.co.kr/maps/place/As+Shifa+Lil+Ummah+International+Hospital+%26+Research+Institue/data=!4m5!3m4!1s0x374925fa6e739ef9:0xb312c94e52c07042!8m2!3d24.6987734!4d93.9179604?authuser=0&hl=en&rclk=1
Primary Health Sub Centre,Hospital,"795126, Salam Colony, Khoijuman Kabui, Khoijuman Khullen, Manipur 795126, India",https://www.google.co.kr/maps/place/Primary+Health+Sub+Centre/data=!4m5!3m4!1s0x374933aba9eabacd:0xcbaa656f5cc342cd!8m2!3d24.6162722!4d93.787086?authuser=0&hl=en&rclk=1
Metro Health Clinic,Hospital,"Mayang Imphal Bengoon, Leirak Achouba, Wabagai, Manipur, India",https://www.google.co.kr/maps/place/Metro+Health+Clinic/data=!4m5!3m4!1s0x3749308d153b4ced:0x14e59b49a4840575!8m2!3d24.6064711!4d93.8872875?authuser=0&hl=en&rclk=1
National Health Mission,Hospital,"Irilbung Bridge Rd, Makhapat, Manipur 795008, India",https://www.google.co.kr/maps/place/National+Health+Mission/data=!4m5!3m4!1s0x37492525522d997f:0xfb69be957fd8ef15!8m2!3d24.7557275!4d93.9802721?authuser=0&hl=en&rclk=1
Primary Health Centre,Hospital,"Mayai Leikai Rd, Lilong Chajing, Manipur 795130, India",https://www.google.co.kr/maps/place/Primary+Health+Centre/data=!4m5!3m4!1s0x374925a92106b275:0xa69edc03d192af50!8m2!3d24.6999711!4d93.9237732?authuser=0&hl=en&rclk=1
PHSC Ishok,Hospital,"MRHX+9MV, Yaingangpokpi, Manipur 795134, India",https://www.google.co.kr/maps/place/PHSC+Ishok/data=!4m5!3m4!1s0x37492e3cbe2e1295:0x1d1c635595a880be!8m2!3d24.6784821!4d93.8491711?authuser=0&hl=en&rclk=1
Primary Health Center,Hospital,"PWV6+4Q7, Langthabal Lep Makha Leikai, Manipur 795003, India",https://www.google.co.kr/maps/place/Primary+Health+Center/data=!4m5!3m4!1s0x374925ede074c245:0xfd4b3c1fbde9075f!8m2!3d24.7427849!4d93.9119214?authuser=0&hl=en&rclk=1
"COMMUNITY HEALTH CENTRE, HAORIEBI MAKHA LEIKAI, LILONG",Hospital,"Hospial Road, Haoreibi, Lilong Makha Leikai Rd, Lilong Chajing, Manipur 795130, India","https://www.google.co.kr/maps/place/COMMUNITY+HEALTH+CENTRE,+HAORIEBI+MAKHA+LEIKAI,+LILONG/data=!4m5!3m4!1s0x374925dae8d17a71:0x391b95cdef27a591!8m2!3d24.6967121!4d93.9153181?authuser=0&hl=en&rclk=1"
"Dental College, RIMS Imphal",Hospital department,"Lamphelpat, Imphal, Manipur 795004, India","https://www.google.co.kr/maps/place/Dental+College,+RIMS+Imphal/data=!4m5!3m4!1s0x374927bf21af4f3b:0x7fb9c912a2260fa4!8m2!3d24.8196375!4d93.9172717?authuser=0&hl=en&rclk=1"
PHSC Toubul,Hospital,"JQFQ+CJX, Toubul, Manipur 795126, India",https://www.google.co.kr/maps/place/PHSC+Toubul/data=!4m5!3m4!1s0x37493254751a1747:0x8d3485e2c29078cf!8m2!3d24.6236031!4d93.7891097?authuser=0&hl=en&rclk=1
PHSC-IRONG THOKCHOM,Hospital,"Unnamed Road, Thoudam, Manipur 795132, India",https://www.google.co.kr/maps/place/PHSC-IRONG+THOKCHOM/data=!4m5!3m4!1s0x37493bc5155f8279:0x44a690567efbcbec!8m2!3d24.6361393!4d93.9231655?authuser=0&hl=en&rclk=1
Department of Radiation Oncology,Hospital,"Radiology Block, Imphal, Manipur 795004, India",https://www.google.co.kr/maps/place/Department+of+Radiation+Oncology/data=!4m5!3m4!1s0x3749276688575ca5:0x2ef356d4e586caac!8m2!3d24.8151256!4d93.9241794?authuser=0&hl=en&rclk=1
Meina pokpa layengfam,Hospital,"H2XG+74X, Lamding Mamang Leikai, Wangjing, Manipur 795148, India",https://www.google.co.kr/maps/place/Meina+pokpa+layengfam/data=!4m5!3m4!1s0x37493d8051d81843:0x6815fc183907af3f!8m2!3d24.5982438!4d94.0253466?authuser=0&hl=en&rclk=1
PHC,Hospital,"J2VR+382, Charangpat Mamang, Manipur 795138, India",https://www.google.co.kr/maps/place/PHC/data=!4m5!3m4!1s0x37493d3b6330c627:0xf410e323e5a27133!8m2!3d24.642644!4d94.040773?authuser=0&hl=en&rclk=1
P H C,Hospital,"JVCQ+5R3, Mayang Imphal, Manipur 795132, India",https://www.google.co.kr/maps/place/P+H+C/data=!4m5!3m4!1s0x374930610d9ca67b:0xa1b9e28e49f6c75a!8m2!3d24.6203786!4d93.889537?authuser=0&hl=en&rclk=1
Brighter Home(IRCA),Hospital,"Thoubal sabaltongba, Awang Leikai, manipur, Manipur 795138, India",https://www.google.co.kr/maps/place/Brighter+Home(IRCA)/data=!4m5!3m4!1s0x37493b54506c7c45:0xdb14c529c438b1a!8m2!3d24.6535532!4d93.976916?authuser=0&hl=en&rclk=1
JR CNICLIC HEALTH CENTER,Hospital,"NH202, Telipati Baste, Soibam Leikai, Kairang Meitei, Manipur 795001, India",https://www.google.co.kr/maps/place/JR+CNICLIC+HEALTH+CENTER/data=!4m5!3m4!1s0x374927459cead485:0x7ddb59fd6c3ed953!8m2!3d24.8141989!4d93.9512435?authuser=0&hl=en&rclk=1
"DISTRICT VETERINARY HOSPITAL, KAKCHING",Government hospital,"Phousupat Leikai, PO- Kakching, Kakching, Manipur 795103, India","https://www.google.co.kr/maps/place/DISTRICT+VETERINARY+HOSPITAL,+KAKCHING/data=!4m5!3m4!1s0x374938c60e8dfaed:0x1878454f07dda42b!8m2!3d24.5020732!4d93.9760999?authuser=0&hl=en&rclk=1"
HWC LEIMARAM,Hospital,"Leimaram Rd, Leimaram, Manipur 795134, India",https://www.google.co.kr/maps/place/HWC+LEIMARAM/data=!4m5!3m4!1s0x37492d2786e75e95:0x41bd54311f23abf3!8m2!3d24.7168146!4d93.7838476?authuser=0&hl=en&rclk=1
Sangai Health Care & Research Centre,Medical diagnostic imaging center,"RIMS Rd, Uripok Bachaspati Leikai, Uripok, Imphal, Manipur 795004, India",https://www.google.co.kr/maps/place/Sangai+Health+Care+%26+Research+Centre/data=!4m5!3m4!1s0x374927cbda1ffb03:0xa577b45a6a74c95d!8m2!3d24.8119305!4d93.9237177?authuser=0&hl=en&rclk=1
Primary Health Centre,Hospital,"CR98+33V, Ithai, Manipur 795133, India",https://www.google.co.kr/maps/place/Primary+Health+Centre/data=!4m5!3m4!1s0x37494bd01acdf991:0x49a2f57f284681d2!8m2!3d24.4177419!4d93.8151701?authuser=0&hl=en&rclk=1
Tentha Meibi Tangkhul,Hospital,"HXMP+JHX, Tentha Heibung, Tentha, Manipur 795148, India",https://www.google.co.kr/maps/place/Tentha+Meibi+Tangkhul/data=!4m5!3m4!1s0x37493b7f6bcb4025:0xa1dabb77dfba5a2a!8m2!3d24.5841025!4d93.9864767?authuser=0&hl=en&rclk=1
H & W Center _Thoubal Khunou,Hospital,"Awang, Maya leikai, Thoubal, Manipur 795138, India",https://www.google.co.kr/maps/place/H+%26+W+Center+_Thoubal+Khunou/data=!4m5!3m4!1s0x37492347bc53996f:0x7285cba7d94acd92!8m2!3d24.674054!4d93.998546?authuser=0&hl=en&rclk=1
Community Medical Services,Medical Center,"Zone-III, National Game Village, Langol, Imphal, Manipur 795004, India",https://www.google.co.kr/maps/place/Community+Medical+Services/data=!4m5!3m4!1s0x3749287195d45b75:0xcc43f1a5aed64322!8m2!3d24.8226487!4d93.8976594?authuser=0&hl=en&rclk=1
Emanuel Clinic,Hospital,"Unnamed Road, Manipur 795128, India",https://www.google.co.kr/maps/place/Emanuel+Clinic/data=!4m5!3m4!1s0x374eb57a5052a979:0x13da92878ea18beb!8m2!3d24.4394804!4d93.71656?authuser=0&hl=en&rclk=1
TK Dental Clinic,Hospital,"Patsoi Part1 Rd, Toubungkhok, Imphal, Manipur 795113, India",https://www.google.co.kr/maps/place/TK+Dental+Clinic/data=!4m5!3m4!1s0x3749296338ea7467:0x13088dfbe76f7c5d!8m2!3d24.7851825!4d93.8857114?authuser=0&hl=en&rclk=1
Crematorium,Hospital,"795134, Keinou Thongtak Maning Leikai Rd, Yanglem Leikai, Manipur 795134, India",https://www.google.co.kr/maps/place/Crematorium/data=!4m5!3m4!1s0x37492d4278c8677b:0xbd7db74d668022c9!8m2!3d24.6787164!4d93.7785908?authuser=0&hl=en&rclk=1
Alut Medical Centre,Hospital,"Paobitek Rd, Yumnam Huidrom, Manipur 795009, India",https://www.google.co.kr/maps/place/Alut+Medical+Centre/data=!4m5!3m4!1s0x37493013877ff7f9:0xf90101172b0de489!8m2!3d24.6439194!4d93.8909906?authuser=0&hl=en&rclk=1
Hospital,Hospital department,"R9C5+M5F, Shangshak, Manipur 795145, India",https://www.google.co.kr/maps/place/Hospital/data=!4m5!3m4!1s0x374901b9647423b1:0xcdcebb70378c8514!8m2!3d24.8216932!4d94.3579322?authuser=0&hl=en&rclk=1
Medecins Sans Frontieres,Hospital,"Phalam Rd, Chiengkonpang, Churachandpur, Manipur 795128, India",https://www.google.co.kr/maps/place/Medecins+Sans+Frontieres/data=!4m5!3m4!1s0x374eb3ea66341023:0x13f334d4da207537!8m2!3d24.3415384!4d93.6907448?authuser=0&hl=en&rclk=1
PLASMA CLINIC,Hospital,"M2HW+F3P, Yairipok, Manipur 795149, India",https://www.google.co.kr/maps/place/PLASMA+CLINIC/data=!4m5!3m4!1s0x37492367b8a3095f:0x48151c6804e3172c!8m2!3d24.6787234!4d94.0452044?authuser=0&hl=en&rclk=1
Lifeline Diagnostic Centre,Hospital,"uripok gopalaji leirak, India",https://www.google.co.kr/maps/place/Lifeline+Diagnostic+Centre/data=!4m5!3m4!1s0x374927b5050a6d01:0x588ac1ac0a7967c8!8m2!3d24.8078232!4d93.9287871?authuser=0&hl=en&rclk=1
Prema Nobo Nung Laiyengpham Stone Clinic,Hospital,"JQQQ+CVG, Ngaikhong, Manipur 795126, India",https://www.google.co.kr/maps/place/Prema+Nobo+Nung+Laiyengpham+Stone+Clinic/data=!4m5!3m4!1s0x3749325c227c2d5b:0xd34a2de659a9f79c!8m2!3d24.6385557!4d93.7896992?authuser=0&hl=en&rclk=1
Ayekpam Pharmacy,Hospital,"Ngaikhong Bishnupur Sabal Road, Ward Number 4, Tengkhal Khunou, Manipur 795126, India",https://www.google.co.kr/maps/place/Ayekpam+Pharmacy/data=!4m5!3m4!1s0x374932dd4a123429:0x6ff3462ff0aa8d69!8m2!3d24.6315!4d93.762604?authuser=0&hl=en&rclk=1
Samushang PHSC,Hospital,"Unnamed Road, Leimapokpam, Manipur 795132, India",https://www.google.co.kr/maps/place/Samushang+PHSC/data=!4m5!3m4!1s0x3749314b5dce8d0f:0xaf82e86405ebbec2!8m2!3d24.64216!4d93.8669391?authuser=0&hl=en&rclk=1
Share And Care,Psychologist,"Nongmeibung Chakpram Leirak Rd, Nahakpam Colony, Wangkhei, Imphal, Manipur 795005, India",https://www.google.co.kr/maps/place/Share+And+Care/data=!4m5!3m4!1s0x374926fbc4799f91:0xcb87773c94f506da!8m2!3d24.79785!4d93.9527563?authuser=0&hl=en&rclk=1
PHSC Bamdiar,Medical Center,"QV27+929, Yurembam, Manipur 795113, India",https://www.google.co.kr/maps/place/PHSC+Bamdiar/data=!4m5!3m4!1s0x37492ed6fdc53d5b:0xb0a6bea92119ed3c!8m2!3d24.7509187!4d93.8626224?authuser=0&hl=en&rclk=1
Babina Diagnostic Centre,Diagnostic center,"Ahongei Leirak, Soibam Leikai, Imphal, Manipur 795010, India",https://www.google.co.kr/maps/place/Babina+Diagnostic+Centre/data=!4m5!3m4!1s0x3749271b34d63e25:0xb2078295f37f5ca!8m2!3d24.8121149!4d93.9572386?authuser=0&hl=en&rclk=1
R and R Vision,Hospital,"QWPC+XX5, Kwakeithel Makha, Lourembam Leikai, Imphal, Manipur 795004, India",https://www.google.co.kr/maps/place/R+and+R+Vision/data=!4m5!3m4!1s0x37492729b4190267:0xf3508f6279b630be!8m2!3d24.787379!4d93.922484?authuser=0&hl=en&rclk=1
PHSC Leimaram,Hospital,"Leimaram Rd, Leimaram, Meisnam Kangmong, Manipur 795134, India",https://www.google.co.kr/maps/place/PHSC+Leimaram/data=!4m5!3m4!1s0x37492cff841f58c9:0x185ecebef997e63!8m2!3d24.7167639!4d93.7838164?authuser=0&hl=en&rclk=1
PHSC Pukhrambam,Hospital,"Pukhrambam, Manipur 795134, India",https://www.google.co.kr/maps/place/PHSC+Pukhrambam/data=!4m5!3m4!1s0x37492fbdbf16d649:0x61d5275040a640c4!8m2!3d24.6955294!4d93.8844019?authuser=0&hl=en&rclk=1
ACME Fertility and Healcthcare Centre,Medical clinic,"Hiyang Hiren Leirak, Palace Compound, Manipur 795001, India",https://www.google.co.kr/maps/place/ACME+Fertility+and+Healcthcare+Centre/data=!4m5!3m4!1s0x374926fe1796a029:0x5820d5b8453eef49!8m2!3d24.8039629!4d93.9510763?authuser=0&hl=en&rclk=1
Community Health Centre Mayang,Hospital,"JVCQ+5R3, Mayang Imphal, Manipur 795132, India",https://www.google.co.kr/maps/place/Community+Health+Centre+Mayang/data=!4m5!3m4!1s0x374931b6b1ffb655:0x26d8dc1b5072d33!8m2!3d24.6203851!4d93.8895477?authuser=0&hl=en&rclk=1
Bengoon Primary Health Center,Hospital,"JV4X+FRV, Mayang Imphal, Manipur 795132, India",https://www.google.co.kr/maps/place/Bengoon+Primary+Health+Center/data=!4m5!3m4!1s0x37493084e984bd09:0xb186b0ab2ac60f4b!8m2!3d24.6062482!4d93.8995477?authuser=0&hl=en&rclk=1
Deptt.of Medicine.,Hospital department,"Campus, RIMS Rd, Lamphelpat, Imphal, Manipur 795001, India",https://www.google.co.kr/maps/place/Deptt.of+Medicine./data=!4m5!3m4!1s0x374927c8570848bb:0x7d96c4d6753703af!8m2!3d24.8149883!4d93.9242673?authuser=0&hl=en&rclk=1
Kiyam Leitanpok PHC,Children's hospital,"Unnamed Road, Kiyam Leitanpok, Manipur 795138, India",https://www.google.co.kr/maps/place/Kiyam+Leitanpok+PHC/data=!4m5!3m4!1s0x37493b09782a4ea7:0xa85408c0767fd322!8m2!3d24.6568306!4d93.967366?authuser=0&hl=en&rclk=1
Health City Physiotherapy Clinic,Hospital,"thoubal sorok, India",https://www.google.co.kr/maps/place/Health+City+Physiotherapy+Clinic/data=!4m5!3m4!1s0x37493d8f658e0255:0x5a7f13fae7a3fe43!8m2!3d24.6356791!4d94.0028037?authuser=0&hl=en&rclk=1
Community Health Centre (CHC),Hospital,"khumbong Mamang, India",https://www.google.co.kr/maps/place/Community+Health+Centre+(CHC)/data=!4m5!3m4!1s0x374929747634df69:0xb51812c64c5f8bfa!8m2!3d24.7730424!4d93.835581?authuser=0&hl=en&rclk=1
JS Dental Clinic,Hospital,"MWP2+FMG, Samurou, Manipur 795009, India",https://www.google.co.kr/maps/place/JS+Dental+Clinic/data=!4m5!3m4!1s0x37492f5e593b28af:0x6ba4dad4501fe2c5!8m2!3d24.6861927!4d93.9016914?authuser=0&hl=en&rclk=1
BABINA Diagnostics,Diagnostic center,"RIMS Road, South, Manipur 795001, India",https://www.google.co.kr/maps/place/BABINA+Diagnostics/data=!4m5!3m4!1s0x374927b69906fdb5:0xa518949ce47afcca!8m2!3d24.8116901!4d93.9304786?authuser=0&hl=en&rclk=1
PHSC Ngaikhong Khullen,Hospital,"Ngaikhong - Khullen Lambi Rd, Takhellambam Laikai, Ngaikhong, Manipur 795126, India",https://www.google.co.kr/maps/place/PHSC+Ngaikhong+Khullen/data=!4m5!3m4!1s0x37493258b57e48eb:0x8b7f38ebaf368771!8m2!3d24.6369838!4d93.785415?authuser=0&hl=en&rclk=1
HWC Waithou,Hospital,"NH102, Manipur 795130, India",https://www.google.co.kr/maps/place/HWC+Waithou/data=!4m5!3m4!1s0x374925338683d1dd:0xbcebd77f9bda6c67!8m2!3d24.6712512!4d93.9568296?authuser=0&hl=en&rclk=1
PHSC Irengbam,Hospital,"Irengbam Rd, Irengbam, Manipur 795134, India",https://www.google.co.kr/maps/place/PHSC+Irengbam/data=!4m5!3m4!1s0x37492da15590ab8b:0xb642742847c58861!8m2!3d24.6961118!4d93.7891741?authuser=0&hl=en&rclk=1
Surbina Physiotherapy Clinic,Medical clinic,"Keishampat Thokchom Leikai, Imphal, Manipur 795001, India",https://www.google.co.kr/maps/place/Surbina+Physiotherapy+Clinic/data=!4m5!3m4!1s0x3749264ceeecc657:0xa7774342efa16964!8m2!3d24.803276!4d93.9334223?authuser=0&hl=en&rclk=1
PHSC Kabowakching,Hospital,"Kabowakching Rd, Kabowakching, Manipur 795134, India",https://www.google.co.kr/maps/place/PHSC+Kabowakching/data=!4m5!3m4!1s0x37492c35fde9f295:0x8f414125813bf683!8m2!3d24.7195643!4d93.8047785?authuser=0&hl=en&rclk=1
PRIMARY HEALTH SUB-CENTRE,Maternity hospital,"JXVJ+Q7H, Sabantongba, Khoupum, Manipur 795138, India",https://www.google.co.kr/maps/place/PRIMARY+HEALTH+SUB-CENTRE/data=!4m5!3m4!1s0x37493b387de68f2f:0xbeb4166aec1153e1!8m2!3d24.6444437!4d93.9807388?authuser=0&hl=en&rclk=1
PHSC Khoijuman,Hospital,"Khoijuman Rd, Salam Colony, Khoijuman Kabui, Ngaikhong Khullen, Manipur 795126, India",https://www.google.co.kr/maps/place/PHSC+Khoijuman/data=!4m5!3m4!1s0x374933aba81ae44b:0x56f7dd6096847558!8m2!3d24.6163197!4d93.7872805?authuser=0&hl=en&rclk=1
Jandho Memorial Clinic,Medical clinic,"QWMP+5VH, Makha Leirak, Imphal, Manipur 795004, India",https://www.google.co.kr/maps/place/Jandho+Memorial+Clinic/data=!4m5!3m4!1s0x3749265d49e103a9:0x8003306b5b8a192b!8m2!3d24.7829277!4d93.9372414?authuser=0&hl=en&rclk=1
Deptt. of Radiodiagnosis.,Hospital department,"Campus, RIMS Rd, Lamphelpat, Imphal, Manipur 795001, India",https://www.google.co.kr/maps/place/Deptt.+of+Radiodiagnosis./data=!4m5!3m4!1s0x374927c8572c6b2d:0xce0f5415ec22106!8m2!3d24.8149576!4d93.9244057?authuser=0&hl=en&rclk=1
Robins Lisa hack,Hospital,"QWHV+QXJ, Singjamei, akampat, Manipur 795008, India",https://www.google.co.kr/maps/place/Robins+Lisa+hack/data=!4m5!3m4!1s0x374927cc4ce0be5d:0xab8d6db4bcfee2e9!8m2!3d24.7794619!4d93.9448887?authuser=0&hl=en&rclk=1
Shija Blood Bank And Transfusion Services,Blood donation center,"Shija Hospital And Research Institute, Meitei Langol, Lamphelpat, Imphal, Manipur 795004, India",https://www.google.co.kr/maps/place/Shija+Blood+Bank+And+Transfusion+Services/data=!4m5!3m4!1s0x374927e56aaaaaab:0x8d502c4929b8931e!8m2!3d24.8397966!4d93.9151847?authuser=0&hl=en&rclk=1
Kombirei Keithel,,,https://www.google.co.kr/maps/place/Kombirei+Keithel/data=!4m5!3m4!1s0x374927c99a21e71f:0x59d34f82ef632b35!8m2!3d24.8124705!4d93.9246196?authuser=0&hl=en&rclk=1
dr Imo Singh,Doctor,"Sagolband Thangjam Leirak, Sagolband, Imphal, Manipur 795004, India",https://www.google.co.kr/maps/place/dr+Imo+Singh/data=!4m5!3m4!1s0x37492636dbf85293:0x2363b1ac27bfcf75!8m2!3d24.797055!4d93.9225?authuser=0&hl=en&rclk=1
SAI CLINIC,Women's health clinic,"parking near, Thoubal, Manipur, India",https://www.google.co.kr/maps/place/SAI+CLINIC/data=!4m5!3m4!1s0x37493ca493fb90f7:0xa00d84d30bc23908!8m2!3d24.6446874!4d93.9965075?authuser=0&hl=en&rclk=1
Urban Primary Health Centre,Hospital,"idegah kabarstan, road, Phoudel, India",https://www.google.co.kr/maps/place/Urban+Primary+Health+Centre/data=!4m5!3m4!1s0x37493d603916e971:0xccc3045b66177727!8m2!3d24.655996!4d94.0162301?authuser=0&hl=en&rclk=1
Dr Nabakanta Sharma Gynaecologist (M),Gynecologist,"Harinath Rd, Bamon Leikai, Imphal, Manipur 795008, India",https://www.google.co.kr/maps/place/Dr+Nabakanta+Sharma+Gynaecologist+(M)/data=!4m5!3m4!1s0x3749265f2a69a943:0xafc043adaffce0e8!8m2!3d24.7867865!4d93.9444823?authuser=0&hl=en&rclk=1
"Dr. N Sunanda Chanu, MD Obstetrics & Gyanecology",Medical Center,"QXQ3+XR9, Wangkheimayum Leirak, Wangkhei, Imphal, Manipur 795008, India","https://www.google.co.kr/maps/place/Dr.+N+Sunanda+Chanu,+MD+Obstetrics+%26+Gyanecology/data=!4m5!3m4!1s0x374926f0ffdce271:0x327fb6888c0ea96!8m2!3d24.789919!4d93.954598?authuser=0&hl=en&rclk=1"
Kangmong PHSC,Medical Center,"Kangmong Langoljam, Manipur 795134, India",https://www.google.co.kr/maps/place/Kangmong+PHSC/data=!4m5!3m4!1s0x37492c6be7bf8a83:0x6439821b0848b53b!8m2!3d24.7421182!4d93.7999541?authuser=0&hl=en&rclk=1
Dr Sachindra Laishram,Doctor,"QWPC+WXX, Kwakeithel Makha, akham Leikai, Imphal, Manipur 795004, India",https://www.google.co.kr/maps/place/Dr+Sachindra+Laishram/data=!4m5!3m4!1s0x3749263eb15148ab:0x155901558c507652!8m2!3d24.7873628!4d93.9224859?authuser=0&hl=en&rclk=1
Dr Achouba Singh,Doctor,"Uripok Baschaspati Maning Leikai Rd, Uripok, Imphal, Manipur 795004, India",https://www.google.co.kr/maps/place/Dr+Achouba+Singh/data=!4m5!3m4!1s0x3749279f8ad564cd:0x5942507246649577!8m2!3d24.8103048!4d93.9206979?authuser=0&hl=en&rclk=1
Aadarsh clinic,Doctor,"Porompat PDA Complex, JNIMS Rd, Khongnang Makhong, Imphal, Manipur 795010, India",https://www.google.co.kr/maps/place/Aadarsh+clinic/data=!4m5!3m4!1s0x3749274f73c880db:0x43f15c6dc7a654c2!8m2!3d24.8125729!4d93.9587756?authuser=0&hl=en&rclk=1
SP ENTERPRISES,Airline ticket agency,"CHINGAMATHAK NEAR STATE BANK OF INDIA, Singjamei - Kongba Rd, opp. IBOYAIMA HOSPITAL, Imphal, Manipur 795001, India",https://www.google.co.kr/maps/place/SP+ENTERPRISES/data=!4m5!3m4!1s0x374927eaae806b55:0xea66d9317cbad4ae!8m2!3d24.7845295!4d93.9384982?authuser=0&hl=en&rclk=1
Lakhipur Hospital BPHC,Hospital,"QXVX+2G7, Lakhipur, Assam 788103, India",https://www.google.co.kr/maps/place/Lakhipur+Hospital+BPHC/data=!4m5!3m4!1s0x374e53e8152ae001:0xc4a704257d16641f!8m2!3d24.7925473!4d92.9988049?authuser=0&hl=en&rclk=1
Lamina Hospital Pahilapool,Hospital,"R2GF+R7G, Pailapool, Assam 788098, India",https://www.google.co.kr/maps/place/Lamina+Hospital+Pahilapool/data=!4m5!3m4!1s0x374e54874fffffff:0x8b289a9f5371fa49!8m2!3d24.8270679!4d93.023201?authuser=0&hl=en&rclk=1
Dr. Opendro,Doctor,"QW6X+PJH, Okram Chuthek, Khongman, Manipur 795003, India",https://www.google.co.kr/maps/place/Dr.+Opendro/data=!4m5!3m4!1s0x374927705b54e8c7:0xdba4a458e4f39ec2!8m2!3d24.7618233!4d93.9491216?authuser=0&hl=en&rclk=1
Dr.Guliver,Doctor,"Kwakeithel Rd, Paonam Kollup, Imphal, Manipur 795004, India",https://www.google.co.kr/maps/place/Dr.Guliver/data=!4m5!3m4!1s0x3749270092511a59:0xc6053151c8a0abcd!8m2!3d24.7849657!4d93.9269102?authuser=0&hl=en&rclk=1
Dr. Elina dental clinic,Doctor,"NH2, Keishamthong, Imphal, Manipur 795004, India",https://www.google.co.kr/maps/place/Dr.+Elina+dental+clinic/data=!4m5!3m4!1s0x37492735973ad5ad:0xb3ff18f991fcc234!8m2!3d24.7981463!4d93.9335467?authuser=0&hl=en&rclk=1
"NEW-TECH NURSING HOME, IMPHAL",Urology clinic,"Changangei, Uchekon, Opp Imphal Airport, near Herbert School, Imphal, Manipur 795140, India","https://www.google.co.kr/maps/place/NEW-TECH+NURSING+HOME,+IMPHAL/data=!4m5!3m4!1s0x3749296b627af419:0x9fd87b708bb7b043!8m2!3d24.7716198!4d93.9006445?authuser=0&hl=en&rclk=1"
Haobam Marak Lourembam Leikai,,,https://www.google.co.kr/maps/place/Haobam+Marak+Lourembam+Leikai/data=!4m5!3m4!1s0x3749266b408112c5:0x210e7be5cbbf048a!8m2!3d24.775008!4d93.9285613?authuser=0&hl=en&rclk=1
Bethel Medical Center,Hospital,"Bethel Road, Near South Police Station, Kohima, Nagaland 797005, India",https://www.google.co.kr/maps/place/Bethel+Medical+Center/data=!4m5!3m4!1s0x374621ade89e4497:0xfe85707e28c80096!8m2!3d25.6579042!4d94.101239?authuser=0&hl=en&rclk=1
Kohimas Hospital,Hospital,"M4G4+JC3, Naga Bazaar, Kohima, Nagaland 797001, India",https://www.google.co.kr/maps/place/Kohimas+Hospital/data=!4m5!3m4!1s0x374621a6d44ee5d9:0x6a3d285ce5cb06d2!8m2!3d25.6765014!4d94.1060512?authuser=0&hl=en&rclk=1
Medilane Funeral Service,Funeral director,"Medilane house, Ahongei Leirak, near JNIMS Hospital, Manipur 795005, India",https://www.google.co.kr/maps/place/Medilane+Funeral+Service/data=!4m5!3m4!1s0x3749276a862d9533:0x1fa1ca29bc09c0e8!8m2!3d24.8125967!4d93.9583417?authuser=0&hl=en&rclk=1
Burrows Memorial Christian Hospital,Hospital,"Lalang Kitta Labocpar Pt V, Assam 788098, India",https://www.google.co.kr/maps/place/Burrows+Memorial+Christian+Hospital/data=!4m5!3m4!1s0x374e547c42678085:0x875ba4e838113fa9!8m2!3d24.8252051!4d92.9491277?authuser=0&hl=en&rclk=1
Balaramkhul,,,https://www.google.co.kr/maps/place/Balaramkhul/data=!4m5!3m4!1s0x37492c31ca9d49a9:0x937c3fcb88a8b4db!8m2!3d24.7208622!4d93.8159239?authuser=0&hl=en&rclk=1
Udharbond Hospital  ,Government hospital,"VVPP+W6W, Udarbond, Assam 788030, India",https://www.google.co.kr/maps/place/Udharbond+Hospital+%E0%A4%B0%E0%A4%BE%E0%A4%9C%E0%A4%95%E0%A5%80%E0%A4%AF+%E0%A4%9A%E0%A4%BF%E0%A4%95%E0%A4%BF%E0%A4%A4%E0%A5%8D%E0%A4%B8%E0%A4%BE%E0%A4%B2%E0%A4%AF/data=!4m5!3m4!1s0x374fb3306109fd9f:0x8d36161ad1843e64!8m2!3d24.8873632!4d92.8855721?authuser=0&hl=en&rclk=1
Life Cell International Pvt Ltd,Diagnostic center,"Governer Rd, Paona Bazar, Imphal, Manipur 795004, India",https://www.google.co.kr/maps/place/Life+Cell+International+Pvt+Ltd/data=!4m5!3m4!1s0x3749264d145db46d:0x8ecf92a77336bde4!8m2!3d24.8039126!4d93.9353505?authuser=0&hl=en&rclk=1
hospital 165 MH,Hospital,"VQ73+5FV, Diphupar 'B', Dimapur, Nagaland 797115, India",https://www.google.co.kr/maps/place/hospital+165+MH/data=!4m5!3m4!1s0x374609cfffffffff:0x51dcdbbe2cdb0db1!8m2!3d25.8629885!4d93.7536663?authuser=0&hl=en&rclk=1
