Company_Name,Category,Address,Url
Manipal Hospitals Goa,Private hospital,"Panaji, Dr E Borges Rd, Dona Paula, Goa 403004, India",https://www.google.co.kr/maps/place/Manipal+Hospitals+Goa/data=!4m5!3m4!1s0x3bbfc0cb6f59b763:0x5fef15ef316a7759!8m2!3d15.4600059!4d73.813462?authuser=0&hl=en&rclk=1
Victor Hospital,General hospital,"Old Station Rd, near Carmelite Monastery, Malbhat, Margao, Goa 403601, India",https://www.google.co.kr/maps/place/Victor+Hospital/data=!4m5!3m4!1s0x3bbfb3c6c5c4520d:0xa4045e195fdd67b3!8m2!3d15.2689598!4d73.9663188?authuser=0&hl=en&rclk=1
Galaxy Hospital Mapusa Goa,Private hospital,"JR47+86M, Mapusa, Goa 403519, India",https://www.google.co.kr/maps/place/Galaxy+Hospital+Mapusa+Goa/data=!4m5!3m4!1s0x3bbfeb19fda362a9:0xded12d6f905c6f2!8m2!3d15.6058396!4d73.813057?authuser=0&hl=en&rclk=1
Nagarsenkar's Classic Hospital,Hospital,"Malbhat, Margao, Goa 403601, India",https://www.google.co.kr/maps/place/Nagarsenkar's+Classic+Hospital/data=!4m5!3m4!1s0x3bbfb3c6b6f12adb:0xfa0d0e4c8d9e7ff6!8m2!3d15.269592!4d73.965776?authuser=0&hl=en&rclk=1
Sushrutzi Dr Dhulapkar's Hospital,Private hospital,"Ponda - Panaji Rd, behind Indian Overseas Bank, Carambolim, Corlim, Goa 403110, India",https://www.google.co.kr/maps/place/Sushrutzi+Dr+Dhulapkar's+Hospital/data=!4m5!3m4!1s0x3bbfbe9c46957c8f:0x9a3b499da4b42900!8m2!3d15.4972637!4d73.9320968?authuser=0&hl=en&rclk=1
Royal Hospital,General hospital,"Aquem ,Margao, Goa( South ), Off Power House Road, Margao, Goa 403601, India",https://www.google.co.kr/maps/place/Royal+Hospital/data=!4m5!3m4!1s0x3bbfb3c8b21a84a1:0xbcabb344e6f8eaf9!8m2!3d15.2708414!4d73.9720919?authuser=0&hl=en&rclk=1
"North Goa District Hospital, Mapusa",Government hospital,"Mapusa Jamatkhana Road, Peddem, Mapusa, Goa 403507, India","https://www.google.co.kr/maps/place/North+Goa+District+Hospital,+Mapusa/data=!4m5!3m4!1s0x3bbfeb20441cb14f:0x3780637101679c2f!8m2!3d15.5968924!4d73.8201766?authuser=0&hl=en&rclk=1"
St. Anthony's Hospital,Private hospital,"Petrol Pump, Zorin, near Anjuna, Anjuna, Goa 403509, India",https://www.google.co.kr/maps/place/St.+Anthony's+Hospital/data=!4m5!3m4!1s0x3bbfebd79ccbac43:0xe29458d29f4af85b!8m2!3d15.6004349!4d73.7506254?authuser=0&hl=en&rclk=1
Bosio Hospital,Private hospital,"Football Ground, Pintos Waddo, Pilerne - Candolim Rd, opposite Montero, Candolim, Goa 403515, India",https://www.google.co.kr/maps/place/Bosio+Hospital/data=!4m5!3m4!1s0x3bbfeca855555555:0x9728e3374f476a15!8m2!3d15.5199136!4d73.7708411?authuser=0&hl=en&rclk=1
Healthway Hospital,Hospital,"Rua Armada Portuguesa, Mala, Fantainhas, Altinho, near People's High School, Panaji, Goa 403001, India",https://www.google.co.kr/maps/place/Healthway+Hospital/data=!4m5!3m4!1s0x3bbfc0854a4ea0d7:0x6b321ec0897e1f68!8m2!3d15.4941205!4d73.8310719?authuser=0&hl=en&rclk=1
Chodankar Hospital,General hospital,"Porvorim,, Penha de França, Goa, India",https://www.google.co.kr/maps/place/Chodankar+Hospital/data=!4m5!3m4!1s0x3bbfc01373a82d23:0x1a647d4fe8b20d3c!8m2!3d15.529723!4d73.825582?authuser=0&hl=en&rclk=1
Mathew Braganza Hospital,General hospital,"Calangute - Anjuna Rd Naikawado Gardez, Calangute, Goa 403516, India",https://www.google.co.kr/maps/place/Mathew+Braganza+Hospital/data=!4m5!3m4!1s0x3bbfc1e26e01cf93:0xda4d066c329e8aaa!8m2!3d15.5446216!4d73.7637473?authuser=0&hl=en&rclk=1
Bhagyoday Hospital,General hospital,"Dattawadi, near Ashirwad Hall, Mapusa, Goa 403507, India",https://www.google.co.kr/maps/place/Bhagyoday+Hospital/data=!4m5!3m4!1s0x3bbfeae2fae1f7d9:0xea30b5ccd86207f8!8m2!3d15.5945844!4d73.8115992?authuser=0&hl=en&rclk=1
Holy Cross General Remanso Hospital,General hospital,"Rajvaddo, Mapasa Bardeza, near Alankar Theatre, Mapusa, Goa 403507, India",https://www.google.co.kr/maps/place/Holy+Cross+General+Remanso+Hospital/data=!4m5!3m4!1s0x3bbfeae0c649fd57:0x64aa5f51c5e89f8b!8m2!3d15.5899772!4d73.8166973?authuser=0&hl=en&rclk=1
Dr. Kolwalkar's Galaxy Hospital,General hospital,"Mapusa - Duler - Camurlim Rd, Near S.P.G. Hall/Severina Gardens, Xelpem, Duler, Mapusa, Goa 403507, India",https://www.google.co.kr/maps/place/Dr.+Kolwalkar's+Galaxy+Hospital/data=!4m5!3m4!1s0x3bbfeaf00b389901:0x2b85b8c4097e287a!8m2!3d15.6059007!4d73.8132884?authuser=0&hl=en&rclk=1
A. V. Da Costa Memorial Clinic,General hospital,"Near Nehru Stadium, Fatorda, Goa 403602, India",https://www.google.co.kr/maps/place/A.+V.+Da+Costa+Memorial+Clinic/data=!4m5!3m4!1s0x3bbfb160f4ce1e57:0xd8eab723a7d359c6!8m2!3d15.2905285!4d73.9609912?authuser=0&hl=en&rclk=1
Healthway Hospital Old Goa,Hospital,"FWP6+85C, Bainguinim, Goa 403110, India",https://www.google.co.kr/maps/place/Healthway+Hospital+Old+Goa/data=!4m5!3m4!1s0x3bbfbf3ae6d3c6d1:0xe0f6c6e95d47b012!8m2!3d15.4858064!4d73.9103819?authuser=0&hl=en&rclk=1
Yashodan Hospital,Maternity hospital,"7XGH+5QH, Aquem Alto, Margao, Goa 403601, India",https://www.google.co.kr/maps/place/Yashodan+Hospital/data=!4m5!3m4!1s0x3bbfb3cda50c47e7:0x76aa11cbeb4a6a9d!8m2!3d15.2754423!4d73.9794821?authuser=0&hl=en&rclk=1
E S I Hospital,General hospital,"Near R P Stadium, Aquem, Margao, Goa, 403601, India",https://www.google.co.kr/maps/place/E+S+I+Hospital/data=!4m5!3m4!1s0x3bbfb3b35ba04b57:0xa264018761c5e951!8m2!3d15.2601!4d73.982?authuser=0&hl=en&rclk=1
Healthway Hospitals Goa,Hospital,"Plot No 132/1 (Part), Ella Village, Kadamba Plateau, Goa Velha, Goa 403402, India",https://www.google.co.kr/maps/place/Healthway+Hospitals+Goa/data=!4m5!3m4!1s0x3bbfbec0603bc0cb:0xf20292b81bd11b89!8m2!3d15.4856164!4d73.9111814?authuser=0&hl=en&rclk=1
South Goa District Hospital,Government hospital,"NH 66, Fatorda, Margao, Goa 403602, India",https://www.google.co.kr/maps/place/South+Goa+District+Hospital/data=!4m5!3m4!1s0x3bbfb15c874a876d:0x641ad86b59b361bd!8m2!3d15.2950132!4d73.953641?authuser=0&hl=en&rclk=1
Aster Hospital,Hospital,"Chapel Road, next to Holy Spirit Church, Monte Hill, Margao, Goa 403601, India",https://www.google.co.kr/maps/place/Aster+Hospital/data=!4m5!3m4!1s0x3bbfb3ddc6a66fc3:0x76fae81493bff940!8m2!3d15.2808348!4d73.9614898?authuser=0&hl=en&rclk=1
"Dr. Kedar's Maternity, Infertility & Surgical Hospital",Hospital,"Electricity Colony, Altinho, Panaji, Goa 403001, India","https://www.google.co.kr/maps/place/Dr.+Kedar's+Maternity,+Infertility+%26+Surgical+Hospital/data=!4m5!3m4!1s0x3bbfc08c3a7f0c03:0xa75f17bfa89f555e!8m2!3d15.4874659!4d73.8242621?authuser=0&hl=en&rclk=1"
Vision Hospital,Hospital,"Duler Ground Rd, Karaswada, Mapusa, Goa 403507, India",https://www.google.co.kr/maps/place/Vision+Hospital/data=!4m5!3m4!1s0x3bbfeb22e915b243:0xe169c686ad111a19!8m2!3d15.6045829!4d73.8203984?authuser=0&hl=en&rclk=1
Hospicio District Hospital,Hospital,"Fr Agnel Institute Of Commerce, Road, Monte Hill, Margao, Goa 403601, India",https://www.google.co.kr/maps/place/Hospicio+District+Hospital/data=!4m5!3m4!1s0x3bbfb3e9c143a8a7:0x8bf1f135de9f2098!8m2!3d15.2787552!4d73.9606063?authuser=0&hl=en&rclk=1
RG Stone Urology & Laparoscopy Hospital,Hospital,"Plot No.217-218, PDA Colony Panjim-Mapusa Highway, Goa 403521, India",https://www.google.co.kr/maps/place/RG+Stone+Urology+%26+Laparoscopy+Hospital/data=!4m5!3m4!1s0x3bbfc06cc8a80dab:0xa72466447e5868e7!8m2!3d15.5266618!4d73.8260563?authuser=0&hl=en&rclk=1
Vintage Hospital,Hospital,"Agakhan Street, Pajifond, Margao, Goa 403601, India",https://www.google.co.kr/maps/place/Vintage+Hospital/data=!4m5!3m4!1s0x3bbfb3c307558d1d:0xac9fa9e11d64641d!8m2!3d15.2734131!4d73.9628168?authuser=0&hl=en&rclk=1
Savaikar Hospital,Private hospital,"Warkhandem, Ponda, Goa 403401, India",https://www.google.co.kr/maps/place/Savaikar+Hospital/data=!4m5!3m4!1s0x3bbfbaead6555551:0xc70de1e127d52949!8m2!3d15.4032181!4d74.0049443?authuser=0&hl=en&rclk=1
Cottage Hospital,Hospital,"Alto Chicalim, Vasco da Gama, Goa 403802, India",https://www.google.co.kr/maps/place/Cottage+Hospital/data=!4m5!3m4!1s0x3bbfc78fadbbec63:0xe686e3479c712a10!8m2!3d15.4002927!4d73.8324682?authuser=0&hl=en&rclk=1
Gracias Maternity Hospital,Hospital,"M Menezes Rd, near Police Station, Comba, Margao, Goa 403601, India",https://www.google.co.kr/maps/place/Gracias+Maternity+Hospital/data=!4m5!3m4!1s0x3bbfb3e9c143a8a7:0xf366bbcf0e22ed27!8m2!3d15.2737608!4d73.9564021?authuser=0&hl=en&rclk=1
Dr Madkaikar's CITY HOSPITAL,Hospital,"Ashirwad BLDG 1st floor, Isidorio Baptista Rd, opposite Meenaxi Hotel, Margao, Goa 403601, India",https://www.google.co.kr/maps/place/Dr+Madkaikar's+CITY+HOSPITAL/data=!4m5!3m4!1s0x3bbfb3e9c143a8a7:0x3a20ac2073d61295!8m2!3d15.2722927!4d73.9615183?authuser=0&hl=en&rclk=1
Kerkar Hospital,Hospital,"Martires Dias Rd, Near St. Sebastian Church, Aquem, Margao, Goa 403601, India",https://www.google.co.kr/maps/place/Kerkar+Hospital/data=!4m5!3m4!1s0x3bbfb3b35ba04b57:0x349642a7648221f5!8m2!3d15.2739438!4d73.9731708?authuser=0&hl=en&rclk=1
Vrundavan Hospital,Hospital,"Old Hwy, St Cruz, Goa 403202, India",https://www.google.co.kr/maps/place/Vrundavan+Hospital/data=!4m5!3m4!1s0x3bbfbf5f9efad249:0x9e6d0790ccf69599!8m2!3d15.4805753!4d73.8431561?authuser=0&hl=en&rclk=1
Urban Health Centre,Government hospital,"3, 18th June Rd, Altinho, Panaji, Goa 403001, India",https://www.google.co.kr/maps/place/Urban+Health+Centre/data=!4m5!3m4!1s0x3bbfc08e645c34e5:0xb2f44bb176e45c14!8m2!3d15.4978743!4d73.826349?authuser=0&hl=en&rclk=1
INHS Jeevanti,Military hospital,"Mundvel, New Vaddem, Vasco da Gama, Goa 403802, India",https://www.google.co.kr/maps/place/INHS+Jeevanti/data=!4m5!3m4!1s0x3bbfc7987d52574d:0xfde66f62c04f9fd8!8m2!3d15.4047026!4d73.8191027?authuser=0&hl=en&rclk=1
Chikitisa Hospital,Hospital,"First Gate, Verna Industrial Estate, Verna, Goa 403722, India",https://www.google.co.kr/maps/place/Chikitisa+Hospital/data=!4m5!3m4!1s0x3bbfb0afc0c12cd7:0x53531b2d0eef7125!8m2!3d15.3762202!4d73.9271273?authuser=0&hl=en&rclk=1
"Ponda IVF Clinic, Infertility & Endoscopy Center, Kamat Nursing Home, Goa, India",Hospital,"Upper Bazaar, Shanti Nagar, Ponda, Goa 403401, India","https://www.google.co.kr/maps/place/Ponda+IVF+Clinic,+Infertility+%26+Endoscopy+Center,+Kamat+Nursing+Home,+Goa,+India/data=!4m5!3m4!1s0x3bbfbabe8dc91e49:0x12d42f0f6de51491!8m2!3d15.4001348!4d74.0098581?authuser=0&hl=en&rclk=1"
Dr. Ajit Kamat Hospital,Hospital,"FRP6+WWQ, Miramar, Panaji, Goa 403001, India",https://www.google.co.kr/maps/place/Dr.+Ajit+Kamat+Hospital/data=!4m5!3m4!1s0x3bbfc0eea7da957b:0x4cd031f8289e1d83!8m2!3d15.4873263!4d73.8123657?authuser=0&hl=en&rclk=1
Dr. Antonio Pinto do Rosario Hospital,Hospital,"Dr Pinto Do Rosario Hospital, Alto Porvorim, Porvorim, Goa 403521, India",https://www.google.co.kr/maps/place/Dr.+Antonio+Pinto+do+Rosario+Hospital/data=!4m5!3m4!1s0x3bbfc07140000001:0x5fc08584dae0c582!8m2!3d15.5495144!4d73.818219?authuser=0&hl=en&rclk=1
Sinai Clinic & Hospital,Hospital,"Vasant Arcade, 1st Floor, near Popular High School, Comba, Margao, Goa 403601, India",https://www.google.co.kr/maps/place/Sinai+Clinic+%26+Hospital/data=!4m5!3m4!1s0x3bbfb3e890a88651:0xc2ffa03a7735430a!8m2!3d15.274906!4d73.9553612?authuser=0&hl=en&rclk=1
Sunshine Hospital,Hospital,"NH 66, Cupangale Society, Margao, Goa 403707, India",https://www.google.co.kr/maps/place/Sunshine+Hospital/data=!4m5!3m4!1s0x3bbfb3bf9439efe1:0x836b31a3d623a8c7!8m2!3d15.2904237!4d73.9773551?authuser=0&hl=en&rclk=1
Dr Rebello Hospital,Hospital,"7XQ3+7QR, Madel, Margao, Goa 403601, India",https://www.google.co.kr/maps/place/Dr+Rebello+Hospital/data=!4m5!3m4!1s0x3bbfb3e9c143a8a7:0x9ad0e5345e72ecf!8m2!3d15.2882281!4d73.9543903?authuser=0&hl=en&rclk=1
"Jesus, Mary and Joseph(JMJ) Hospital",Hospital,"Kamat Nagar, Porvorim, Sabnis Valley, Aradi Socorro, Goa 403501, India","https://www.google.co.kr/maps/place/Jesus,+Mary+and+Joseph(JMJ)+Hospital/data=!4m5!3m4!1s0x3bbfc019a1be45f1:0xe3510b6342c1fa64!8m2!3d15.5414433!4d73.8226667?authuser=0&hl=en&rclk=1"
Kedar hospital,Hospital,"FRWF+Q85, Altinho, Panaji, Goa 403001, India",https://www.google.co.kr/maps/place/Kedar+hospital/data=!4m5!3m4!1s0x3bbfc1bfe738fd5b:0x81a173cd5064a1e!8m2!3d15.4968909!4d73.8233527?authuser=0&hl=en&rclk=1
Vaatsalya Hospital,Hospital,"D Mello Building, 501, Swatantra Path, Vasco da Gama, Goa 403802, India",https://www.google.co.kr/maps/place/Vaatsalya+Hospital/data=!4m5!3m4!1s0x3bbfc7ba32da34d1:0x6e4d77fd88149a67!8m2!3d15.395949!4d73.8096751?authuser=0&hl=en&rclk=1
Kenkre Hospital,Hospital,"Mri Scan Centre, Bambolim, Panaji, Panaji, opposite G M C, Goa, 403001, India",https://www.google.co.kr/maps/place/Kenkre+Hospital/data=!4m5!3m4!1s0x3bbfbf5856044d4d:0xfdceb126e30e9a43!8m2!3d15.474737!4d73.844448?authuser=0&hl=en&rclk=1
Sankalp Nursing Home,Hospital,"Opp. St. Anthony's High School, Road, Duler Ground Rd, Karaswada, Mapusa, Goa 403507, India",https://www.google.co.kr/maps/place/Sankalp+Nursing+Home/data=!4m5!3m4!1s0x3bbfeca855555555:0xc2d82956aefc0b6a!8m2!3d15.6030484!4d73.8173828?authuser=0&hl=en&rclk=1
Ghanashyam Govind Kamat Memorial Hospital,Hospital,"A-1, Jairam Complex, Ourem Road, Neugi Nagar, Panaji, Goa 403001, India",https://www.google.co.kr/maps/place/Ghanashyam+Govind+Kamat+Memorial+Hospital/data=!4m5!3m4!1s0x3bbfc09a507d1ef9:0x779b890412403a36!8m2!3d15.490423!4d73.832375?authuser=0&hl=en&rclk=1
Dr. Rajadhyaksha Hospital,Hospital,"Dr Rajadhyaksha General Hospital, Dr Roque De Souza Road, Panaji, Goa, 403001, India",https://www.google.co.kr/maps/place/Dr.+Rajadhyaksha+Hospital/data=!4m5!3m4!1s0x3bbfc088bf763f2d:0xac32488e2337fef4!8m2!3d15.500422!4d73.8286179?authuser=0&hl=en&rclk=1
"Sub District Hospital, Ponda",Government hospital,"Kurtarkar Nagari, Ponda, Goa 403401, India","https://www.google.co.kr/maps/place/Sub+District+Hospital,+Ponda/data=!4m5!3m4!1s0x3bbfba97f7ed1999:0x7a4cd9fb237b2745!8m2!3d15.3930424!4d74.0057194?authuser=0&hl=en&rclk=1"
CHAITANYA HOSPITAL,Hospital,"bus stop, Sanquelim–velguem–Surla-Usgao Road, opposite to housing board, Rudreshwar Colony, Sanquelim, Goa 403505, India",https://www.google.co.kr/maps/place/CHAITANYA+HOSPITAL/data=!4m5!3m4!1s0x3bbfbd5176779e21:0xd72ec174fe5e845!8m2!3d15.5566039!4d74.0231484?authuser=0&hl=en&rclk=1
Sunshine Hospital,Hospital,"Margao Bypass, Cupangale Society, Margao, Goa 403601, India",https://www.google.co.kr/maps/place/Sunshine+Hospital/data=!4m5!3m4!1s0x3bbfb1f807717f41:0x2bc39a5176464cf8!8m2!3d15.2904486!4d73.9772994?authuser=0&hl=en&rclk=1
The Ankur Nursing Home,Hospital,"Duler-Marna-Siolim Rd, Near St.Xavier's College, Mapusa, Goa, 403507, India",https://www.google.co.kr/maps/place/The+Ankur+Nursing+Home/data=!4m5!3m4!1s0x3bbfeca855555555:0x7babebafce2591d7!8m2!3d15.599893!4d73.8087539?authuser=0&hl=en&rclk=1
Shri Ram Hospital,Hospital,"GQV7+HR6, Arpora, Goa 403516, India",https://www.google.co.kr/maps/place/Shri+Ram+Hospital/data=!4m5!3m4!1s0x3bbfc1e23db77bc5:0x1f7e999172be23d9!8m2!3d15.5439213!4d73.7645134?authuser=0&hl=en&rclk=1
Trimurti General Hospital,Hospital,"Las Palmas Housing Estate, Margao Bypass, Margao, Goa 403601, India",https://www.google.co.kr/maps/place/Trimurti+General+Hospital/data=!4m5!3m4!1s0x3bbfb3e9c143a8a7:0x72724dc8b9767266!8m2!3d15.2866906!4d73.9773997?authuser=0&hl=en&rclk=1
Mandovi Hospital.,Hospital,"NH 17, Alto Porvorim, near Sardesai X-Ray Clinic, Porvorim, Goa 403521, India",https://www.google.co.kr/maps/place/Mandovi+Hospital./data=!4m5!3m4!1s0x3bbfc06c367d8687:0x4e305c668c691a9!8m2!3d15.5231071!4d73.8267349?authuser=0&hl=en&rclk=1
Pai Hospital,Women's health clinic,"Pai Hospital, Vaddem, Vasco da Gama, Goa 403802, India",https://www.google.co.kr/maps/place/Pai+Hospital/data=!4m5!3m4!1s0x3bbfc791fa1643e5:0xc6fbe85cb7ff3642!8m2!3d15.3974905!4d73.8294358?authuser=0&hl=en&rclk=1
Dr Menezes Nursing Home,Hospital,"Bernardo F Costa Road, Nehrunagar, Margao, Goa 403601, India",https://www.google.co.kr/maps/place/Dr+Menezes+Nursing+Home/data=!4m5!3m4!1s0x3bbfb3e9c143a8a7:0x2212a86cba0e411f!8m2!3d15.2800808!4d73.9594439?authuser=0&hl=en&rclk=1
Chest Disease & TB Hospital,Hospital,"Goa Medical College, Electricity Colony, Santa Inez, Taleigao, Goa 403001, India",https://www.google.co.kr/maps/place/Chest+Disease+%26+TB+Hospital/data=!4m5!3m4!1s0x3bbfc095c4a79f61:0x4e1d1250d83dd4ef!8m2!3d15.4839651!4d73.8227627?authuser=0&hl=en&rclk=1
Ved Ayurved Bhavan Ayurvedic Clinic And Panchakarma Center Goa India,Hospital,"A-3, HILL TOP APARTMENT,NEAR GAURI PETROL PUMP,TEEN BUILDING.PORVORIM., Edapally - Panvel Highway, Alto Porvorim, Penha de França, Goa 403521, India",https://www.google.co.kr/maps/place/Ved+Ayurved+Bhavan+Ayurvedic+Clinic+And+Panchakarma+Center+Goa+India/data=!4m5!3m4!1s0x3bbfc06e75ec71ad:0x7f38b7cf60afd7fe!8m2!3d15.5195571!4d73.828935?authuser=0&hl=en&rclk=1
Dr. Lawande's Hospital,Maternity hospital,"St Joseph Rd, Aquem Alto, Margao, Goa 403601, India",https://www.google.co.kr/maps/place/Dr.+Lawande's+Hospital/data=!4m5!3m4!1s0x3bbfb3cc16578bbf:0xe005396118236baa!8m2!3d15.2747342!4d73.9779022?authuser=0&hl=en&rclk=1
SMRC hospital,Hospital,"Regina Mundi School Rd, Chicalim, Goa 403711, India",https://www.google.co.kr/maps/place/SMRC+hospital/data=!4m5!3m4!1s0x3bbfc7ebd8370167:0x5bb1bad45836eb59!8m2!3d15.396215!4d73.8386187?authuser=0&hl=en&rclk=1
"Government Hospital, Canacona",Hospital,"NH 66, Mastimol, Canacona, Goa 403702, India","https://www.google.co.kr/maps/place/Government+Hospital,+Canacona/data=!4m5!3m4!1s0x3bbe5abd083b40cb:0xdedf2dd0907fe5fe!8m2!3d15.0076036!4d74.0514296?authuser=0&hl=en&rclk=1"
Military Hospital,Hospital,"1, St Inez Rd, Miramar, Panaji, Goa 403001, India",https://www.google.co.kr/maps/place/Military+Hospital/data=!4m5!3m4!1s0x3bbfc08d4c2a8f03:0x38a36792196dc137!8m2!3d15.4935352!4d73.8186866?authuser=0&hl=en&rclk=1
ESI Hospital,Hospital,"7X88+R6M, Sanscar Society, Margao, Goa 403707, India",https://www.google.co.kr/maps/place/ESI+Hospital/data=!4m5!3m4!1s0x3bbfb3c733f0f517:0xe3c99e392a2a0f47!8m2!3d15.267085!4d73.9655416?authuser=0&hl=en&rclk=1
Goa Robotic Surgery Centre,Hospital,"Urban Co-op Bank, 2nd Floor, Aakash Bhavan, Above Mapusa, opp. Mathias Plaza, Panaji, Goa 403001, India",https://www.google.co.kr/maps/place/Goa+Robotic+Surgery+Centre/data=!4m5!3m4!1s0x3bbfc1f846857447:0xb624c7b13d48d455!8m2!3d15.4967374!4d73.8236188?authuser=0&hl=en&rclk=1
Prabhu Dessai Hospitals Private Limited,Hospital,"Trimurti Hospital, Agally, Gogol, Aquem, Aquem, Goa, 403601, India",https://www.google.co.kr/maps/place/Prabhu+Dessai+Hospitals+Private+Limited/data=!4m5!3m4!1s0x3bbfb3b35ba04b57:0x276aa19bba3a77da!8m2!3d15.2601!4d73.982?authuser=0&hl=en&rclk=1
Kantak Ajit,Hospital,"Rosadel Enclave, Old Market, Near District Court, Margao, Goa, 403601, India",https://www.google.co.kr/maps/place/Kantak+Ajit/data=!4m5!3m4!1s0x3bbfb3e9c143a8a7:0xd4c0cabd54471edf!8m2!3d15.2720578!4d73.9582541?authuser=0&hl=en&rclk=1
Manoshri Children's Hospital,Children's hospital,"GRPC+XVM, Kini House, Porvorim, Alto - Povorim, Penha de França, Goa 403521, India",https://www.google.co.kr/maps/place/Manoshri+Children's+Hospital/data=!4m5!3m4!1s0x3bbfc0176e420487:0xf2a00758aa799cf5!8m2!3d15.5374659!4d73.8221729?authuser=0&hl=en&rclk=1
Hospital,Hospital,"92V2+5M4, Tiska, Khadpabandh, Ponda, Goa 403401, India",https://www.google.co.kr/maps/place/Hospital/data=!4m5!3m4!1s0x3bbfbbea2396f2f7:0xc9f31ab323f7f038!8m2!3d15.392889!4d74.0017116?authuser=0&hl=en&rclk=1
Sanjeevni Hospital,Hospital,"House No 43/1, Punyace, Teoluz Garden, Alto Chicalim, Beyond Cortege Hospital, Alto Chicalim, Goa, 403802, India",https://www.google.co.kr/maps/place/Sanjeevni+Hospital/data=!4m5!3m4!1s0x3bbfc785eaaaaaab:0x66a7b30477fcb74!8m2!3d15.3939426!4d73.8068503?authuser=0&hl=en&rclk=1
Hospital Do Hoapicio,Hospital,"Rua Do Pe Miranda, New Market, New Market, Margao, Goa 403601, India",https://www.google.co.kr/maps/place/Hospital+Do+Hoapicio/data=!4m5!3m4!1s0x3bbfb3e9c143a8a7:0xde315fea9be5eef0!8m2!3d15.2720578!4d73.9582541?authuser=0&hl=en&rclk=1
Singbal Hospital,Hospital,"C222+6X6, Friends Colony, Khadpabandh, Ponda, Goa 403401, India",https://www.google.co.kr/maps/place/Singbal+Hospital/data=!4m5!3m4!1s0x3bbfba945cb445df:0x42a0848cb98e8d13!8m2!3d15.4005408!4d74.0023891?authuser=0&hl=en&rclk=1
Dr.Olavo Ribeiro Hospital,Hospital,"near Alankar Theatre, Mapusa, Goa 403507, India",https://www.google.co.kr/maps/place/Dr.Olavo+Ribeiro+Hospital/data=!4m5!3m4!1s0x3bbfeae1066d5c57:0xf334335cf0317296!8m2!3d15.5915659!4d73.814801?authuser=0&hl=en&rclk=1
Kenkre hospital,Hospital,"Dattawadi, Mapusa, Goa 403507, India",https://www.google.co.kr/maps/place/Kenkre+hospital/data=!4m5!3m4!1s0x3bbfeb1d8685520b:0x6577fd3573307ab6!8m2!3d15.5946743!4d73.8101306?authuser=0&hl=en&rclk=1
Primary Hospital,Hospital,"Mazorda Calata Nuvem Mazorda, Aquem, Aquem, Goa, 403601, India",https://www.google.co.kr/maps/place/Primary+Hospital/data=!4m5!3m4!1s0x3bbfb3b35ba04b57:0x990259674b1faf73!8m2!3d15.2601!4d73.982?authuser=0&hl=en&rclk=1
Chodanker Nursing Home,Hospital,"Alto, Porvorim, next to HDFC Bank, Bardez, Goa 403521, India",https://www.google.co.kr/maps/place/Chodanker+Nursing+Home/data=!4m5!3m4!1s0x3bbfc013748f80d9:0x403260626295012b!8m2!3d15.5297289!4d73.8256744?authuser=0&hl=en&rclk=1
MPT Hospital,Hospital,"CQ3R+58V, Headland Sada, Mormugao, Goa 403804, India",https://www.google.co.kr/maps/place/MPT+Hospital/data=!4m5!3m4!1s0x3bbfc653b4470205:0xcd1616ebdcf7f07e!8m2!3d15.4029888!4d73.7908073?authuser=0&hl=en&rclk=1
Orthopaedic Surgeon North Goa,Hospital,"Vision Hospital, Duler Ground Rd, Karaswada, Mapusa, Goa 403507, India",https://www.google.co.kr/maps/place/Orthopaedic+Surgeon+North+Goa/data=!4m5!3m4!1s0x3bbfeb1395a35049:0x27cd3f9839d9b841!8m2!3d15.6047372!4d73.8202284?authuser=0&hl=en&rclk=1
Madhavbaug Clinic - Panjim,Heart hospital,"Zarina towers, 2nd flr C block, St Inez, Panjim -, 403001, near Dr Lal Path lab, Panaji, Goa 403001, India",https://www.google.co.kr/maps/place/Madhavbaug+Clinic+-+Panjim/data=!4m5!3m4!1s0x3bbfc0937a6376f1:0x7bc4f5a6d1f2bbfd!8m2!3d15.4878226!4d73.8215918?authuser=0&hl=en&rclk=1
Government Health Centre,Hospital,"Goa 403512, India",https://www.google.co.kr/maps/place/Government+Health+Centre/data=!4m5!3m4!1s0x3bbfeda98b47f509:0xf7fad0664d19b06!8m2!3d15.6899983!4d73.7934499?authuser=0&hl=en&rclk=1
Dr. Correia Afonso Hospital,Hospital,"Varca - Margao Rd, Benaulim, Goa 403716, India",https://www.google.co.kr/maps/place/Dr.+Correia+Afonso+Hospital/data=!4m5!3m4!1s0x3bbfb392b844d1cf:0xc6c3ef9ab92337fb!8m2!3d15.2630539!4d73.9490842?authuser=0&hl=en&rclk=1
Kamakshi Arogyadham,Hospital,"82JC+83Q, Pannakali, Shiroda, Goa 403103, India",https://www.google.co.kr/maps/place/Kamakshi+Arogyadham/data=!4m5!3m4!1s0x3bbfb1d191d78d65:0xd81128a933508d2b!8m2!3d15.3308255!4d74.0202376?authuser=0&hl=en&rclk=1
Government Hospital,Hospital,"H248+RC9, Desai Nagar, Sanquelim, Goa 403505, India",https://www.google.co.kr/maps/place/Government+Hospital/data=!4m5!3m4!1s0x3bbfbd5a47c329a3:0xa0eb2dc3c220f7d1!8m2!3d15.5570349!4d74.016104?authuser=0&hl=en&rclk=1
"TB Hospital, Margao",Hospital,"7XJ7+2PH, Monte Hill, Margao, Goa 403601, India","https://www.google.co.kr/maps/place/TB+Hospital,+Margao/data=!4m5!3m4!1s0x3bbfb3dc6f21681f:0x98fa006535b3c7b0!8m2!3d15.2800664!4d73.9643441?authuser=0&hl=en&rclk=1"
Noble Hospital,Hospital,"Near St.Joaquim Chapel, Borda, Margao, Goa 403602, India",https://www.google.co.kr/maps/place/Noble+Hospital/data=!4m5!3m4!1s0x3bbfb33754386479:0x2a2a03897a057eb!8m2!3d15.2831368!4d73.9690485?authuser=0&hl=en&rclk=1
Orthopedic hospital for surgery,Hospital,"Rosedel Enclave, Old Market, next to District Court, Margao, Goa 403601, India",https://www.google.co.kr/maps/place/Orthopedic+hospital+for+surgery/data=!4m5!3m4!1s0x3bbfb3e0c6aaaaab:0x20a767b2e5a15ae2!8m2!3d15.282652!4d73.9576313?authuser=0&hl=en&rclk=1
Holy Spirit Nursing Home,Hospital,"151, Grebelo Road, Old Market, Margao, Goa 403601, India",https://www.google.co.kr/maps/place/Holy+Spirit+Nursing+Home/data=!4m5!3m4!1s0x3bbfb3e9c143a8a7:0xdc4ba7a469e90ef0!8m2!3d15.2823584!4d73.9587915?authuser=0&hl=en&rclk=1
Janakibai Memorial Hospital,Hospital,"Near Sukhtankar Apartment, Shanti Nagar, Ponda, Goa 403401, India",https://www.google.co.kr/maps/place/Janakibai+Memorial+Hospital/data=!4m5!3m4!1s0x3bbfba95f0e72dff:0x7dba087b0d203c2b!8m2!3d15.3995295!4d74.006027?authuser=0&hl=en&rclk=1
Infant Jesus Hospital,Hospital,"7XRG+5W3, Cupangale Society, Margao, Goa 403601, India",https://www.google.co.kr/maps/place/Infant+Jesus+Hospital/data=!4m5!3m4!1s0x3bbfb17e75d2ffaf:0xd976353ae633aa21!8m2!3d15.2903956!4d73.9772987?authuser=0&hl=en&rclk=1
Ashirwad Urology and Laparoscopy hospital,Hospital,"1st Floor Amkay Plaza opp. Vikrant Bldg, nr. Hemmady Regency, Malbhat, Margao, Goa 403601, India",https://www.google.co.kr/maps/place/Ashirwad+Urology+and+Laparoscopy+hospital/data=!4m5!3m4!1s0x3bbfb3c1579ebe27:0xae8062ac3553ca47!8m2!3d15.2706106!4d73.964545?authuser=0&hl=en&rclk=1
Vaidya Hospital,Hospital,"Vaidhya Hospital Building., Caetano de Albuquerque Rd, Near Municipal Market, Panaji, Goa 403001, India",https://www.google.co.kr/maps/place/Vaidya+Hospital/data=!4m5!3m4!1s0x3bbfc125f68bad67:0x6a2f327ede5c2141!8m2!3d15.4981102!4d73.8224516?authuser=0&hl=en&rclk=1
Savaikar Hospital & Laparoscopy Centre,Hospital,"Durgabhat, Ponda, Goa 403401, India",https://www.google.co.kr/maps/place/Savaikar+Hospital+%26+Laparoscopy+Centre/data=!4m5!3m4!1s0x3bbfbab93666f649:0xd89febc869296b37!8m2!3d15.400728!4d74.012829?authuser=0&hl=en&rclk=1
Verna Hospital,Hospital,"8WXM+8PX, Verna, Goa 403722, India",https://www.google.co.kr/maps/place/Verna+Hospital/data=!4m5!3m4!1s0x3bbfb7349924533f:0xfb36cb5837afa653!8m2!3d15.3483643!4d73.9343748?authuser=0&hl=en&rclk=1
Janata Maternity Hospital,Hospital,"Opposite Fomento Duler, Mapusa, Bardez, Bardez, Goa, 403507, India",https://www.google.co.kr/maps/place/Janata+Maternity+Hospital/data=!4m5!3m4!1s0x3bbfeca855555555:0xd94a8466a26d35e!8m2!3d15.6444128!4d73.8330844?authuser=0&hl=en&rclk=1
IVF Angels Goa,Hospital,"Near St. Brittos High School, Dangui Colony, Mapusa, Goa 403507 Near St. Brittos High School, Mapusa, Goa 403507, India",https://www.google.co.kr/maps/place/IVF+Angels+Goa/data=!4m5!3m4!1s0x3bbfebbdf27a57d7:0x1a4d797715d88ec3!8m2!3d15.5931444!4d73.8120957?authuser=0&hl=en&rclk=1
Central Hospital,Hospital,"C38M+W4W, Tisk Usgao, Tisca, Goa 403406, India",https://www.google.co.kr/maps/place/Central+Hospital/data=!4m5!3m4!1s0x3bbfa5a69e176745:0x7cd63f06ee9001db!8m2!3d15.4173571!4d74.0828363?authuser=0&hl=en&rclk=1
NAMC GOA,Medical Center,"CR39+CG6, Vaddem, Vasco da Gama, Goa 403802, India",https://www.google.co.kr/maps/place/NAMC+GOA/data=!4m5!3m4!1s0x3bbfc79873899c33:0x8437945476e12586!8m2!3d15.4035335!4d73.8187587?authuser=0&hl=en&rclk=1
Sub Health Centre,Hospital,"sao mathias malar, Goa, India",https://www.google.co.kr/maps/place/Sub+Health+Centre/data=!4m5!3m4!1s0x3bbfbe6a0c9d5297:0x8653e6ae29b90a45!8m2!3d15.5294464!4d73.9128375?authuser=0&hl=en&rclk=1
Roque Memorial Hospital,Hospital,"9W3H+9G8, Verna, Goa 403722, India",https://www.google.co.kr/maps/place/Roque+Memorial+Hospital/data=!4m5!3m4!1s0x3bbfb7c309b53881:0xf8e8210af44732fd!8m2!3d15.353411!4d73.928814?authuser=0&hl=en&rclk=1
Leprosy Hospital,Hospital,"Macazana, Salcete, Curtorim, Curtorim, Goa, 403709, India",https://www.google.co.kr/maps/place/Leprosy+Hospital/data=!4m5!3m4!1s0x3bbfb203aaaaaaab:0x5b79165e5c8d9795!8m2!3d15.289023!4d74.0211989?authuser=0&hl=en&rclk=1
Dr. Roque Ferreira's Memorial Hospital,Hospital,"8WXM+5QG, Verna, Goa 403722, India",https://www.google.co.kr/maps/place/Dr.+Roque+Ferreira's+Memorial+Hospital/data=!4m5!3m4!1s0x3bbfb79a79bba183:0x413702213e1e11e2!8m2!3d15.347932!4d73.9344404?authuser=0&hl=en&rclk=1
Raikar Hospital,Private hospital,"Raikar Hospital HN 443/4,Deul wada, Marcel, Goa 403107, India",https://www.google.co.kr/maps/place/Raikar+Hospital/data=!4m5!3m4!1s0x3bbfbc4ad811e375:0x9dcecf6377e27027!8m2!3d15.5140662!4d73.9623761?authuser=0&hl=en&rclk=1
Dr Shirsat Hospital,Hospital,"Near Muncipality, Mahadev Chawk, Ponda, Ponda, Goa, 403401, India",https://www.google.co.kr/maps/place/Dr+Shirsat+Hospital/data=!4m5!3m4!1s0x3bbfbab93667b5d1:0xde11224ac877b6d1!8m2!3d15.4007739!4d74.0128556?authuser=0&hl=en&rclk=1
Super Speciality Block,Hospital,"Major District Road 3, St Cruz, Goa 403202, India",https://www.google.co.kr/maps/place/Super+Speciality+Block/data=!4m5!3m4!1s0x3bbfbf4ca1fc4105:0x1248e1841485eac6!8m2!3d15.4622055!4d73.8555345?authuser=0&hl=en&rclk=1
Primary Health Center,Hospital,"Candolim, Goa 403515, India",https://www.google.co.kr/maps/place/Primary+Health+Center/data=!4m5!3m4!1s0x3bbfc196f9376489:0xd2debddbba2ab2c!8m2!3d15.5149028!4d73.7681176?authuser=0&hl=en&rclk=1
"Primary Health Centre, Sanquelim",Government hospital,"Sanquelim, Goa, 403505, India","https://www.google.co.kr/maps/place/Primary+Health+Centre,+Sanquelim/data=!4m5!3m4!1s0x3bbfbd5856177d61:0x6878c86b1b7000cb!8m2!3d15.557194!4d74.0159816?authuser=0&hl=en&rclk=1"
Kakodkar Hospital,Hospital,"Main Road, Near Aiasha, Ponda, Ponda, Goa, 403401, India",https://www.google.co.kr/maps/place/Kakodkar+Hospital/data=!4m5!3m4!1s0x3bbfbab93667b5d1:0x277cc058fa48939a!8m2!3d15.4007739!4d74.0128556?authuser=0&hl=en&rclk=1
Nerul Hospital,Hospital,"Verem - Nerul, Nerul, Goa 403114, India",https://www.google.co.kr/maps/place/Nerul+Hospital/data=!4m5!3m4!1s0x3bbfc1af75495f93:0xf35dd050e5322558!8m2!3d15.5099842!4d73.7845337?authuser=0&hl=en&rclk=1
Sushrusha Nursing Home,Hospital,"Sushrusha Nursing Home , Warkhan, near Shri Maruti Temple, Ponda, Goa 403401, India",https://www.google.co.kr/maps/place/Sushrusha+Nursing+Home/data=!4m5!3m4!1s0x3bbfbaeb29455555:0x6515371c3cbe943b!8m2!3d15.4049611!4d74.0043849?authuser=0&hl=en&rclk=1
Mardolkar Hospital,Hospital,"Nagzarwada, Bicholim, Goa 403504, India",https://www.google.co.kr/maps/place/Mardolkar+Hospital/data=!4m5!3m4!1s0x3bbf966fd1a256b9:0x8fff8c99839e01!8m2!3d15.5910734!4d73.9479729?authuser=0&hl=en&rclk=1
Parulekar Nursing Home,Hospital,"Patrong, Baina, Vasco da Gama, Goa 403802, India",https://www.google.co.kr/maps/place/Parulekar+Nursing+Home/data=!4m5!3m4!1s0x3bbfc7b8d02e471f:0x33bedab94940babc!8m2!3d15.3921789!4d73.8119164?authuser=0&hl=en&rclk=1
Dr Dev's Children Hospital,Hospital,"Kaziwada, Ponda, Ponda, Goa 403401, India",https://www.google.co.kr/maps/place/Dr+Dev's+Children+Hospital/data=!4m5!3m4!1s0x3bbfbab93667b5d1:0x330b97c6728799af!8m2!3d15.4009198!4d74.0052416?authuser=0&hl=en&rclk=1
Ponda IVF Clinic and Endoscopy Center,Hospital,"Kamat Nursing Home, Upper Bazaar, Ponda, Goa 403401, India",https://www.google.co.kr/maps/place/Ponda+IVF+Clinic+and+Endoscopy+Center/data=!4m5!3m4!1s0x3bbfbabe62a76d7f:0x40f440444880678c!8m2!3d15.4000936!4d74.0098359?authuser=0&hl=en&rclk=1
Shri Dr Ulhas R Bhales Orthopadic Hospital,Hospital,"Dr Bhales Orthopaedic Hospital, Alto Porvorim, Bardez, Bardez, Goa, 403001, India",https://www.google.co.kr/maps/place/Shri+Dr+Ulhas+R+Bhales+Orthopadic+Hospital/data=!4m5!3m4!1s0x3bbfeca855555555:0x73cbcfdfa8a9f9d6!8m2!3d15.6444128!4d73.8330844?authuser=0&hl=en&rclk=1
KURIAS EARTH AYURVEDA HOSPITAL,Hospital,"Unnamed Road, Porvorim, Sangolda, Goa 403501, India",https://www.google.co.kr/maps/place/KURIAS+EARTH+AYURVEDA+HOSPITAL/data=!4m5!3m4!1s0x3bbfc1f846a57505:0xb18ec4abd0d4bea5!8m2!3d15.5410208!4d73.8134811?authuser=0&hl=en&rclk=1
Lions Domingos Felicio Fernandes Memorial Hospital,Hospital,"JQJG+M88, Oxel, Goa 403517, India",https://www.google.co.kr/maps/place/Lions+Domingos+Felicio+Fernandes+Memorial+Hospital/data=!4m5!3m4!1s0x3bbfeb8bf514cf9f:0xb4819b92da879356!8m2!3d15.6316607!4d73.7758394?authuser=0&hl=en&rclk=1
Dr Caeiro's General Hospital,Hospital,"Major District Road 21, Lamgaon, Bicholim, Goa 403504, India",https://www.google.co.kr/maps/place/Dr+Caeiro's+General+Hospital/data=!4m5!3m4!1s0x3bbf967176d2e8bb:0x87ad3799e04fa527!8m2!3d15.5882251!4d73.9444091?authuser=0&hl=en&rclk=1
Dr Bhumika Clinic,Hospital,"99, Mapusa - Duler - Camurlim Rd, Cunchelim, Mapusa, Goa 403517, India",https://www.google.co.kr/maps/place/Dr+Bhumika+Clinic/data=!4m5!3m4!1s0x3bbfeb112af2e479:0x953bbf032264df3!8m2!3d15.6088055!4d73.8123508?authuser=0&hl=en&rclk=1
Health Center,Government hospital,"MV93+543, Dhargalim VP, Goa 403513, India",https://www.google.co.kr/maps/place/Health+Center/data=!4m5!3m4!1s0x3bbf93cf05eb001b:0x70081aa78014923!8m2!3d15.6678886!4d73.852808?authuser=0&hl=en&rclk=1
Health Centre,Hospital,"Unnamed Road, Aldeia de Goa, Bambolim, Goa 403201, India",https://www.google.co.kr/maps/place/Health+Centre/data=!4m5!3m4!1s0x3bbfb9ee29fafe85:0xa60c9bbfb11b1214!8m2!3d15.45503!4d73.845272?authuser=0&hl=en&rclk=1
"Primary Health Centre, Shiroda",Hospital,"82GC+4J8, Karai, Shiroda, Goa 403103, India","https://www.google.co.kr/maps/place/Primary+Health+Centre,+Shiroda/data=!4m5!3m4!1s0x3bbfb1da79647dc3:0x5e5751965ca8dd31!8m2!3d15.3252842!4d74.021575?authuser=0&hl=en&rclk=1"
Garde Clinic,Maternity hospital,"Unnamed Road, Orgao, Goa 403107, India",https://www.google.co.kr/maps/place/Garde+Clinic/data=!4m5!3m4!1s0x3bbfbd54d78ef6ff:0x24f41c5066841ea9!8m2!3d15.5151797!4d73.9608695?authuser=0&hl=en&rclk=1
Private Hospital,Hospital,"CX6Q+WG7, Donshiwado, Bandoda, Goa 403401, India",https://www.google.co.kr/maps/place/Private+Hospital/data=!4m5!3m4!1s0x3bbfbaf72d5e6a29:0x4a865d87c516b9fe!8m2!3d15.4122945!4d73.988795?authuser=0&hl=en&rclk=1
"Primary Health Centre, Quepem",Hospital,"MDR 40, Quepem, Goa 403705, India","https://www.google.co.kr/maps/place/Primary+Health+Centre,+Quepem/data=!4m5!3m4!1s0x3bbfacd7f611dc1f:0x30ccc9515e1e3ff8!8m2!3d15.216448!4d74.078064?authuser=0&hl=en&rclk=1"
Govenment Hospital I D,Hospital,"C38M+W4J, Tisk Usgao, Tisca, Goa 403406, India",https://www.google.co.kr/maps/place/Govenment+Hospital+I+D/data=!4m5!3m4!1s0x3bbfa5a69e6bcf99:0x935e3e7c90c6b2ce!8m2!3d15.4173496!4d74.0827726?authuser=0&hl=en&rclk=1
ESI,Hospital,"9VMF+HJF, Zuarinagar, Sancoale, Goa 403726, India",https://www.google.co.kr/maps/place/ESI/data=!4m5!3m4!1s0x3bbfb83b2887de71:0xeda889ef83bf67e4!8m2!3d15.3839298!4d73.87406?authuser=0&hl=en&rclk=1
Зубной гоа,Hospital,"191, Duler Ground Rd, Dangui Colony, Mapusa, Goa 403507, India",https://www.google.co.kr/maps/place/%D0%97%D1%83%D0%B1%D0%BD%D0%BE%D0%B9+%D0%B3%D0%BE%D0%B0/data=!4m5!3m4!1s0x3bbfeae1c17c2901:0x118188a16084080e!8m2!3d15.5935908!4d73.8141765?authuser=0&hl=en&rclk=1
Primary Health Center,Hospital,"GRGM+HJ3, Alto Porvorim, Penha de França, Goa 403501, India",https://www.google.co.kr/maps/place/Primary+Health+Center/data=!4m5!3m4!1s0x3bbfc0731650a2e5:0x6ea825bbc98afc6!8m2!3d15.526394!4d73.834047?authuser=0&hl=en&rclk=1
ESI,Hospital,"9RXG+PFG, New Vaddem, Mormugao, Goa 403802, India",https://www.google.co.kr/maps/place/ESI/data=!4m5!3m4!1s0x3bbfc7911c4094f7:0x5aa32b8ac6aae71c!8m2!3d15.399301!4d73.826215?authuser=0&hl=en&rclk=1
"Primary Health Centre, Shiroda",Government hospital,"82GC+4RV, Shiroda, Goa 403103, India","https://www.google.co.kr/maps/place/Primary+Health+Centre,+Shiroda/data=!4m5!3m4!1s0x3bbfb1da70392b73:0xa8baa340e37972f3!8m2!3d15.3253612!4d74.0220487?authuser=0&hl=en&rclk=1"
Veterinary hospital,Hospital,"225W+4QF, Chaudi, Canacona, Goa 403702, India",https://www.google.co.kr/maps/place/Veterinary+hospital/data=!4m5!3m4!1s0x3bbe5b0d46f1841b:0x5965ab58aaf800fb!8m2!3d15.0078069!4d74.0469255?authuser=0&hl=en&rclk=1
Saligao Medical Centre,Hospital,"GQXM+9JP, Muddavaddi, Saligao, Goa 403511, India",https://www.google.co.kr/maps/place/Saligao+Medical+Centre/data=!4m5!3m4!1s0x3bbfc1df8c76153f:0x5142cc120d0c93da!8m2!3d15.5484503!4d73.7840863?authuser=0&hl=en&rclk=1
Primary Health Centre,Hospital,"Culsabhatt, Chandor, Goa 403714, India",https://www.google.co.kr/maps/place/Primary+Health+Centre/data=!4m5!3m4!1s0x3bbfad854adeac57:0x1123d260c59bb3c2!8m2!3d15.2580255!4d74.0416932?authuser=0&hl=en&rclk=1
District Disability And Rehabilitation Centre,Hospital,"FV75+9PM, Bambolim, Goa 403108, India",https://www.google.co.kr/maps/place/District+Disability+And+Rehabilitation+Centre/data=!4m5!3m4!1s0x3bbfbf4c9c222cf1:0xddb2996a67d1c892!8m2!3d15.4634729!4d73.8592842?authuser=0&hl=en&rclk=1
Veterinary Hospital,Hospital,"Honda, Pissurlem, Goa, India",https://www.google.co.kr/maps/place/Veterinary+Hospital/data=!4m5!3m4!1s0x3bbfa3b874a38939:0xde76b1f74d25b1c2!8m2!3d15.5451128!4d74.0551814?authuser=0&hl=en&rclk=1
Dr. Madhav Sanzgiri | Best Urologist Near me in Goa,Urologist,"Dona Paula, Room no. 14 ,Ground floor, Manipal Hospitals, Dr E Borges Rd, Panaji, Goa 403004, India",https://www.google.co.kr/maps/place/Dr.+Madhav+Sanzgiri+%7C+Best+Urologist+Near+me+in+Goa/data=!4m5!3m4!1s0x3bbfc1e94df0a337:0x74a3d97d0e0dbfa2!8m2!3d15.4599797!4d73.8134241?authuser=0&hl=en&rclk=1
Dr Sharmad Kudchadkar. Consult urologist and Uro-Oncologist,Hospital,"First Floor, Ashirwad urology hospital Amkay plaza, Malbhat, Margao, Goa 403601, India",https://www.google.co.kr/maps/place/Dr+Sharmad+Kudchadkar.+Consult+urologist+and+Uro-Oncologist/data=!4m5!3m4!1s0x3bbfb3e8c009cc6d:0x481c632b0b7332a8!8m2!3d15.2706106!4d73.964545?authuser=0&hl=en&rclk=1
"Exservicemen Contributory Health Scheme, ECHS Polyclinic Panaji",Hospital,"ECHS P-17, Swami Vivekanand Rd, Panaji, Goa 403001, India","https://www.google.co.kr/maps/place/Exservicemen+Contributory+Health+Scheme,+ECHS+Polyclinic+Panaji/data=!4m5!3m4!1s0x3bbfc08952f6675d:0xb3c3969d2817a789!8m2!3d15.499065!4d73.8249125?authuser=0&hl=en&rclk=1"
ADHAR HOSPITAL,Nursing home,"Bicholim-sankhalim Road- Karapur, Karapur, Goa 403505, India",https://www.google.co.kr/maps/place/ADHAR+HOSPITAL/data=!4m5!3m4!1s0x3bbf967a732630b1:0xba0c5f8fe3b3ad51!8m2!3d15.5758071!4d73.9797106?authuser=0&hl=en&rclk=1
Marie Manor,Hospital,"7WG8+CWM, Seraulim, Goa 403708, India",https://www.google.co.kr/maps/place/Marie+Manor/data=!4m5!3m4!1s0x3bbfb41976b3fce5:0xd3365957742b23cc!8m2!3d15.2760905!4d73.9173106?authuser=0&hl=en&rclk=1
Dr Dhumaskar Mohan Dharma,Doctor,"Dhumasker General Hospital, Tivim, Bardez, Bardez, Goa, 403502, India",https://www.google.co.kr/maps/place/Dr+Dhumaskar+Mohan+Dharma/data=!4m5!3m4!1s0x3bbfeca855555555:0xfd7c99a2372c154b!8m2!3d15.6444128!4d73.8330844?authuser=0&hl=en&rclk=1
Dr Kedar Padte,Doctor,"2nd Floor, Aakash Bhavan, Above Mapusa Urban Co-op Bank, Opp. Mathias Plaza, Panaji, Goa 403001, India",https://www.google.co.kr/maps/place/Dr+Kedar+Padte/data=!4m5!3m4!1s0x3bbfc08e645c34e5:0xf44f6e4864b0c1c8!8m2!3d15.496614!4d73.8233346?authuser=0&hl=en&rclk=1
PHC Pilliem Dharbandoda,Hospital,"C38M+V62, Tisk Usgao, Tisca, Goa 403406, India",https://www.google.co.kr/maps/place/PHC+Pilliem+Dharbandoda/data=!4m5!3m4!1s0x3bbfa5a4203b2a0b:0xec2ae0c187b613dd!8m2!3d15.4171324!4d74.08301?authuser=0&hl=en&rclk=1
Dr. Eugene Rent,Surgical oncologist,"Dr E Borges Rd, Panaji, Goa 403004, India",https://www.google.co.kr/maps/place/Dr.+Eugene+Rent/data=!4m5!3m4!1s0x3bbfc10ef98bd5bf:0x8280657c3b542050!8m2!3d15.4570135!4d73.8088714?authuser=0&hl=en&rclk=1
Shri Aryadurga Ayurveda clinic,Specialized hospital,"Borim, Goa 403401, India",https://www.google.co.kr/maps/place/Shri+Aryadurga+Ayurveda+clinic/data=!4m5!3m4!1s0x3bbfb12db171638f:0x9fe1d3f66724436f!8m2!3d15.3688726!4d74.0129758?authuser=0&hl=en&rclk=1
Parth Labs,Hospital,"Unnamed Road, BEPQUEGAL, Kakoda, Vodlemol Cacora, Goa 403706, India",https://www.google.co.kr/maps/place/Parth+Labs/data=!4m5!3m4!1s0x3bbfad8e90aad6c1:0xdf8f1be155614d6d!8m2!3d15.2602256!4d74.1119688?authuser=0&hl=en&rclk=1
Bhandari Nursing Home,Nursing home,"Behind Pipal High School, Fantainhas, Mala, Panjim, Goa, Patto, Patto, Goa, 403001, India",https://www.google.co.kr/maps/place/Bhandari+Nursing+Home/data=!4m5!3m4!1s0x3bbfc08e645c34e5:0x59180b2837f19df4!8m2!3d15.4955876!4d73.8251581?authuser=0&hl=en&rclk=1
Polyclinic,Medical clinic,"Azad Maidan, Rua Do Ormuz, Opposite Bank Of India, Panaji, Panaji, Goa, 403001, India",https://www.google.co.kr/maps/place/Polyclinic/data=!4m5!3m4!1s0x3bbfc08e645c34e5:0xec878a6ff8e88d1e!8m2!3d15.4955876!4d73.8251581?authuser=0&hl=en&rclk=1
Bhale's Cilinic,Doctor,"Wodakade Alto, Porvorim, Porvorim, Goa, 403517, India",https://www.google.co.kr/maps/place/Bhale's+Cilinic/data=!4m5!3m4!1s0x3bbfc07140000001:0x19624e6215e608b6!8m2!3d15.5209006!4d73.8345548?authuser=0&hl=en&rclk=1
Gracias Clinic,Medical clinic,"Anandi Building, Chaudi, Canacona, Goa 403702, India",https://www.google.co.kr/maps/place/Gracias+Clinic/data=!4m5!3m4!1s0x3bbe5abc7e99416d:0x5b1612794ea1d190!8m2!3d15.0070604!4d74.0479772?authuser=0&hl=en&rclk=1
ESI Dispensary,Medical Center,"91, Industrial Estate, Bicholim, Goa 403529, India",https://www.google.co.kr/maps/place/ESI+Dispensary/data=!4m5!3m4!1s0x3bbf97b3a710da69:0x3280d5e488290c18!8m2!3d15.5826995!4d73.9555194?authuser=0&hl=en&rclk=1
Borkar Nursing Home,Nursing home,"Av. Conceição, Pajifond, Margao, Goa 403601, India",https://www.google.co.kr/maps/place/Borkar+Nursing+Home/data=!4m5!3m4!1s0x3bbfb3e70ddb45bf:0xa633b62b99a10227!8m2!3d15.2793136!4d73.9577261?authuser=0&hl=en&rclk=1
IIT Goa Medical Center Farmagudi,Medical Center,"CX9J+Q7V, Veling, Goa 403404, India",https://www.google.co.kr/maps/place/IIT+Goa+Medical+Center+Farmagudi/data=!4m5!3m4!1s0x3bbfba5678706dad:0xa81d31f7dd28f545!8m2!3d15.4194876!4d73.9806649?authuser=0&hl=en&rclk=1
Dr. Jacob George | Best Radiologist Near me in Goa,Radiologist,"Dona Paula, Room no. 3,Ground floor, Manipal Hospitals, Dr E Borges Rd, Panaji, Goa 403004, India",https://www.google.co.kr/maps/place/Dr.+Jacob+George+%7C+Best+Radiologist+Near+me+in+Goa/data=!4m5!3m4!1s0x3bbfc15e8d5f17ef:0x2f414586fae359e5!8m2!3d15.4603432!4d73.8132658?authuser=0&hl=en&rclk=1
Dr Mrs Seema Diwani Jeevadaya Nursing Home,Hospital,"Jeevodaya Nursing Home, next to HP petrol, Visharbham vadi, Sanvordem, 403706, India",https://www.google.co.kr/maps/place/Dr+Mrs+Seema+Diwani+Jeevadaya+Nursing+Home/data=!4m5!3m4!1s0x3bbfadde7a0330d3:0xe60ca90dad233d5b!8m2!3d15.2690642!4d74.1131288?authuser=0&hl=en&rclk=1
Dr. Gunjan Baijal,Oncologist,"Dona Paula, Room no. 24,Ground floor, Manipal Hospitals, Dr E Borges Rd, Panaji, Goa 403004, India",https://www.google.co.kr/maps/place/Dr.+Gunjan+Baijal/data=!4m5!3m4!1s0x3bbfc17e789f2f3d:0x6700823f3242ecd3!8m2!3d15.46003!4d73.81322?authuser=0&hl=en&rclk=1
Guru Medical,Medical Center,"Near K T C Stand, Curchorem, Curchorem, Goa, 403706, India",https://www.google.co.kr/maps/place/Guru+Medical/data=!4m5!3m4!1s0x3bbfac64f093064d:0x43d5a3a1ab83caf7!8m2!3d15.2605685!4d74.1098876?authuser=0&hl=en&rclk=1
Dr. Shekhar Salkar,Oncologist,"Dona Paula, Room no. 22,Ground floor, Manipal Hospitals, Dr E Borges Rd, Panaji, Goa 403004, India",https://www.google.co.kr/maps/place/Dr.+Shekhar+Salkar/data=!4m5!3m4!1s0x3bbfc126cbc12085:0x601682502b2b717a!8m2!3d15.46015!4d73.81346?authuser=0&hl=en&rclk=1
Samdari,Hospital,"Shree kunthunath Goa Seva Sameeti Balotra road, Samdari, India",https://www.google.co.kr/maps/place/Samdari/data=!4m5!3m4!1s0x3bbfab0632182391:0x6d71d684a53bbb8c!8m2!3d15.2993265!4d74.123996?authuser=0&hl=en&rclk=1
Dr. Bossuet Afonso,Surgeon,"Block B, F-7, 1st Floor, Campal Trade Centre, Behind Military Hospital, Campal, Panaji, Goa 403001, India",https://www.google.co.kr/maps/place/Dr.+Bossuet+Afonso/data=!4m5!3m4!1s0x3bbfc08d4579e74f:0xf4997b88e788a915!8m2!3d15.493636!4d73.81916?authuser=0&hl=en&rclk=1
Kudchadkar Dr Satish D,Doctor,"Shushrushalaya Hospital, P O Box 23, Savordam, Savordam, Vodlemol Cacora, Goa 403706, India",https://www.google.co.kr/maps/place/Kudchadkar+Dr+Satish+D/data=!4m5!3m4!1s0x3bbfac64f093064d:0xb79a1d6e10e29a91!8m2!3d15.2605685!4d74.1098876?authuser=0&hl=en&rclk=1
Goaclinic24x7,Medical clinic,"Mandrem Beach Rd, Junaswada, Pernem, Mandrem, Goa 403527, India",https://www.google.co.kr/maps/place/Goaclinic24x7/data=!4m5!3m4!1s0x3bbfeeefbf928b19:0x15d2f6a562aeb5a0!8m2!3d15.6651526!4d73.7140636?authuser=0&hl=en&rclk=1
Dr. Neelam Borkar obstetrician gynecologist,Women's health clinic,"E 116,, Housing Board Rd, Gogol Housing Board, Margao, Goa 403601, India",https://www.google.co.kr/maps/place/Dr.+Neelam+Borkar+obstetrician+gynecologist/data=!4m5!3m4!1s0x3bbfb22c83b30a51:0x5b128ef1447de074!8m2!3d15.2836819!4d73.990057?authuser=0&hl=en&rclk=1
Dr. Shivani Jain,Obstetrician-gynecologist,"Ultraclinic, 311, Edcon mindspace, Campal, Behind Military Hospital, Panaji, Goa 403001, India",https://www.google.co.kr/maps/place/Dr.+Shivani+Jain/data=!4m5!3m4!1s0x3bbfc17d75314249:0x7fb104aa20fc5fa!8m2!3d15.493246!4d73.819327?authuser=0&hl=en&rclk=1
Dr Brenan & Joanne Tavares,Doctor,"Margao Session Court, Borda, Margao, Goa 403601, India",https://www.google.co.kr/maps/place/Dr+Brenan+%26+Joanne+Tavares/data=!4m5!3m4!1s0x3bbfb31441c8b843:0xff761e3836a1767c!8m2!3d15.2810631!4d73.9582953?authuser=0&hl=en&rclk=1
Government Health Center,Medical Center,"CXPR+79G, Priol, Goa 403115, India",https://www.google.co.kr/maps/place/Government+Health+Center/data=!4m5!3m4!1s0x3bbfbb05b9f7deb7:0x1e7259283655550!8m2!3d15.4356965!4d73.9909565?authuser=0&hl=en&rclk=1
Dr. Brennan Tavares,Obstetrician-gynecologist,"Comba, Nehrunagar, Margao, Goa 403601, India",https://www.google.co.kr/maps/place/Dr.+Brennan+Tavares/data=!4m5!3m4!1s0x3bbfb3d2fffffffd:0x3e6ef8cd27470275!8m2!3d15.2811541!4d73.9582709?authuser=0&hl=en&rclk=1
Naik Dr Vijay R,Doctor,"Manipal Hospital, Dona Paula, Dona Paula, Goa, 403004, India",https://www.google.co.kr/maps/place/Naik+Dr+Vijay+R/data=!4m5!3m4!1s0x3bbfc0ccffffffff:0x23ae3488d1bc3a6f!8m2!3d15.4608185!4d73.8095221?authuser=0&hl=en&rclk=1
Dr. Vaibhav Dukle,Endocrinologist,"Dr. Dukle's Clinics, 219, 2nd floor, Gera Imperium Star, patto, next to Central Library, Panaji, Goa 403001, India",https://www.google.co.kr/maps/place/Dr.+Vaibhav+Dukle/data=!4m5!3m4!1s0x3bbfc14400c80e69:0xa802b7901d686d18!8m2!3d15.494636!4d73.8333948?authuser=0&hl=en&rclk=1
Dr Jawaharlal Henriques,Doctor,"Badem Anjuna, Anjuna, Goa, 403509, India",https://www.google.co.kr/maps/place/Dr+Jawaharlal+Henriques/data=!4m5!3m4!1s0x3bbfe98655555555:0x78081a6d8755b940!8m2!3d15.5809248!4d73.7448437?authuser=0&hl=en&rclk=1
"Pinto Rosario Nursing Home, Hospital Maternidade",Nursing home,"GRX9+V95, Sabnis Valley, Aradi Socorro, Goa 403203, India","https://www.google.co.kr/maps/place/Pinto+Rosario+Nursing+Home,+Hospital+Maternidade/data=!4m5!3m4!1s0x3bbfeaa0003f9b61:0x2e75f8fefccf1910!8m2!3d15.5496258!4d73.818469?authuser=0&hl=en&rclk=1"
Doctor Rahul P.Borker,Doctor,"7XC7+6MW, Malbhat, Margao, Goa 403601, India",https://www.google.co.kr/maps/place/Doctor+Rahul+P.Borker/data=!4m5!3m4!1s0x3bbfb3c15f430d5d:0x8ae8426effda5dbe!8m2!3d15.2706209!4d73.9641945?authuser=0&hl=en&rclk=1
Dr Pawan Rane: Head Neck Cancer & Ear Nose Throat Surgeon,Medical clinic,"f03, Basilios Heights, Above Basilios Gym, St inez Near Caculo Mall, Panaji, Goa 403001, India",https://www.google.co.kr/maps/place/Dr+Pawan+Rane:+Head+Neck+Cancer+%26+Ear+Nose+Throat+Surgeon/data=!4m5!3m4!1s0x3bbfc16ee38fff59:0xa5a3d2609b7a991!8m2!3d15.4887209!4d73.8186205?authuser=0&hl=en&rclk=1
Dr Connie D'Silva,Doctor,"Victor Hospital, Old Station Rd, Malbhat, Margao, Goa 403601, India",https://www.google.co.kr/maps/place/Dr+Connie+D'Silva/data=!4m5!3m4!1s0x3bbfb3fde8c34657:0x8df70b9e81799bee!8m2!3d15.2689652!4d73.9663174?authuser=0&hl=en&rclk=1
Apollo Pharma,Medical Center,"7465+3J6, BEPQUEGAL, Vodlemol Cacora, Goa 403706, India",https://www.google.co.kr/maps/place/Apollo+Pharma/data=!4m5!3m4!1s0x3bbfad053b5f3199:0xf8dd6ccb49bccf46!8m2!3d15.2601618!4d74.109025?authuser=0&hl=en&rclk=1
Dr Deep Bhandare panjim,Orthopedic surgeon,"FRWG+H9F, Near Mahalaxmi Temple, Altinho, Panaji, Goa 403001, India",https://www.google.co.kr/maps/place/Dr+Deep+Bhandare+panjim/data=!4m5!3m4!1s0x3bbfc08e645c34e5:0x2db065b67358619d!8m2!3d15.4964347!4d73.8259279?authuser=0&hl=en&rclk=1
Sheldekar Dr Vishnu V,Doctor,"Sheldekar Nursing Home, Savordam, Savordam, Curchorem, Goa 403706, India",https://www.google.co.kr/maps/place/Sheldekar+Dr+Vishnu+V/data=!4m5!3m4!1s0x3bbfac64f093064d:0x6c1ec2458b97895e!8m2!3d15.2637674!4d74.1066454?authuser=0&hl=en&rclk=1
Infant Jesus Nursing Home,Nursing home,"opposite Alcon hyundai Agalli, Borda, Margao, Goa 403601, India",https://www.google.co.kr/maps/place/Infant+Jesus+Nursing+Home/data=!4m5!3m4!1s0x3bbfb3e9c143a8a7:0x877842243a955f7f!8m2!3d15.2903956!4d73.9772988?authuser=0&hl=en&rclk=1
Dr Panandikar's Neuroclinic and Diagnostic Centre/Dr Gajanan Panandikar,Neurologist,"Vasant Arcade, Office no 1 , first floor, Da Costa Rd, Comba, Margao, Goa 403601, India",https://www.google.co.kr/maps/place/Dr+Panandikar's+Neuroclinic+and+Diagnostic+Centre%2FDr+Gajanan+Panandikar/data=!4m5!3m4!1s0x3bbfb3108dabcdb3:0xa60673a65c9caba3!8m2!3d15.274906!4d73.9553612?authuser=0&hl=en&rclk=1
Krsnaa Diagnostics (District Hospital KARWAR ),Medical diagnostic imaging center,"MG Rd, Naval Base Karwar, Kodibag, Karwar, Karnataka 581301, India",https://www.google.co.kr/maps/place/Krsnaa+Diagnostics+(District+Hospital+KARWAR+)/data=!4m5!3m4!1s0x3bbe60cc03c33ce7:0xf6ebfc4a2258ec3d!8m2!3d14.8172348!4d74.1296079?authuser=0&hl=en&rclk=1
Dr.Anil S. Kakodkar,Doctor,"Curchorem to Sanvordem road, BEPQUEGAL, Vodlemol Cacora, Goa 403706, India",https://www.google.co.kr/maps/place/Dr.Anil+S.+Kakodkar/data=!4m5!3m4!1s0x3bbfac65849c774d:0x580248f742f91204!8m2!3d15.2628938!4d74.1096037?authuser=0&hl=en&rclk=1
Dr Antonio Figueiredo,Doctor,"Isidora, Isidorio Baptista Rd, Margao, Goa 403601, India",https://www.google.co.kr/maps/place/Dr+Antonio+Figueiredo/data=!4m5!3m4!1s0x3bbfb3df01df78ad:0xc7558f5eb1c6cd80!8m2!3d15.2724658!4d73.9625194?authuser=0&hl=en&rclk=1
Sheldekar Nursing Home,Nursing home,"near Preeti Apartments, BEPQUEGAL, Vodlemol Cacora, Goa 403706, India",https://www.google.co.kr/maps/place/Sheldekar+Nursing+Home/data=!4m5!3m4!1s0x3bbfac65fc1e1d05:0x928d4582be158460!8m2!3d15.2636406!4d74.1066724?authuser=0&hl=en&rclk=1
KLES Dr Prabhakar Kore Hospital & MRC,General hospital,"NH Service Road, Basava Circle, Chikodi, Nehru Nagar, Belagavi, Karnataka 590010, India",https://www.google.co.kr/maps/place/KLES+Dr+Prabhakar+Kore+Hospital+%26+MRC/data=!4m5!3m4!1s0x3bbf669850726b3b:0x87cfe20bdbd0abaa!8m2!3d15.8881346!4d74.5196845?authuser=0&hl=en&rclk=1
Cherry Tomato,·₩₩,"Rua De Saudades Road, Pajiifond, behind Hosoicio Govt Hospital, Margao, Goa 403601, India",https://www.google.co.kr/maps/place/Cherry+Tomato/data=!4m5!3m4!1s0x3bbfb404197e20eb:0x3995e1ded9255646!8m2!3d15.2782134!4d73.9610744?authuser=0&hl=en&rclk=1
