Company_Name,Category,Address,Url,Latitude,Longitude,Territory
Hospital,Medical clinic,"600117, Ganganagar Extension, S.Kolathur, Kovilambakkam, Chennai, Tamil Nadu 600117, India",https://www.google.co.kr/maps/place/Hospital/data=!4m5!3m4!1s0x3a525dce24899b0f:0x267bf9394527f231!8m2!3d12.950337!4d80.199197?authuser=0&hl=en&rclk=1,12.950337,80.199197,Tamil Nadu
"Dr. Rela Institute & Medical Centre - Multispeciality Hospital in Chennai, India",Hospital,"#7, CLC Works Rd, Nagappa Nagar, Chromepet, Chennai, Tamil Nadu 600044, India","https://www.google.co.kr/maps/place/Dr.+Rela+Institute+%26+Medical+Centre+-+Multispeciality+Hospital+in+Chennai,+India/data=!4m5!3m4!1s0x3a525f27fc049c1f:0xb4dcb75b95f1fe93!8m2!3d12.9549896!4d80.1385812?authuser=0&hl=en&rclk=1",12.9549896,80.1385812,Tamil Nadu
TOWN CLINIC,Medical clinic,"Q8V8+2XC, Vandayar Colony, Ammapet, Tamil Nadu 614401, India",https://www.google.co.kr/maps/place/TOWN+CLINIC/data=!4m5!3m4!1s0x3baab5b93f94936b:0x95f134620d3d9388!8m2!3d10.7925666!4d79.3174057?authuser=0&hl=en&rclk=1,10.7925666,79.3174057,Tamil Nadu
Endocrine And Speciality Clinic,Medical clinic,"7 4 & 5, 7/4 & 5, 4th Cross St, Govindaswamy Nagar, Raja Annamalai Puram, Chennai, Tamil Nadu 600028, India",https://www.google.co.kr/maps/place/Endocrine+And+Speciality+Clinic/data=!4m5!3m4!1s0x3a5267c8f623d09b:0x7b333f693d6d7adc!8m2!3d13.0265403!4d80.2573158?authuser=0&hl=en&rclk=1,13.0265403,80.2573158,Tamil Nadu
"Apollo Clinic - Velachery, Chennai",Medical clinic,"bus stand, Taramani Road, 46, 7th St, Near Vijayanagar, Velachery, Chennai, Tamil Nadu 600042, India","https://www.google.co.kr/maps/place/Apollo+Clinic+-+Velachery,+Chennai/data=!4m5!3m4!1s0x3a525d84a1e4dbd3:0xede432d81a5c78c!8m2!3d12.9788123!4d80.2252078?authuser=0&hl=en&rclk=1",12.9788123,80.2252078,Tamil Nadu
"ZI Clinic - Skin, Hair & Laser Clinic | Anna Nagar",Hospital,"#7, 1st Floor, A Block, 2nd Avenue, Anna Nagar East, (Opp to Metro, Tamil Nadu 600102, India","https://www.google.co.kr/maps/place/ZI+Clinic+-+Skin,+Hair+%26+Laser+Clinic+%7C+Anna+Nagar/data=!4m5!3m4!1s0x3a52643ad4029719:0x30fcb7e340ace656!8m2!3d13.0844931!4d80.2196661?authuser=0&hl=en&rclk=1",13.0844931,80.2196661,Tamil Nadu
Dr. Mohan's Diabetes Specialities Centre,Diabetes center,"No.9b, Roja Street, Karur Bypass Rd, Annamalai Nagar, Tiruchirappalli, Tamil Nadu 620018, India",https://www.google.co.kr/maps/place/Dr.+Mohan's+Diabetes+Specialities+Centre/data=!4m5!3m4!1s0x3baaf58b3bd9dd39:0x5108b817349679d8!8m2!3d10.8316805!4d78.6854315?authuser=0&hl=en&rclk=1,10.8316805,78.6854315,Tamil Nadu
Amma Mini Clinic,Medical clinic,"RM4C+VHH, T.Krishnapuram, Tamil Nadu 625535, India",https://www.google.co.kr/maps/place/Amma+Mini+Clinic/data=!4m5!3m4!1s0x3b0725a31fbd1435:0xfcf9333a5a9161b8!8m2!3d9.8071848!4d77.6714928?authuser=0&hl=en&rclk=1,9.8071848,77.6714928,Tamil Nadu
Dr. Mohan's Diabetes Specialities Centre,Diabetes center,"No.38, Jayaraj Road Meenakshipuram West Street Land Mark:, near Aravind Eye Hospital, Thoothukudi, Tamil Nadu 628002, India",https://www.google.co.kr/maps/place/Dr.+Mohan's+Diabetes+Specialities+Centre/data=!4m5!3m4!1s0x3b03ef9419727b4d:0x83ed43e807673163!8m2!3d8.8066141!4d78.1389654?authuser=0&hl=en&rclk=1,8.8066141,78.1389654,Tamil Nadu
Tosh Hospital - Orthopedic Center in Chennai,Orthopedic clinic,"72, Ormes Rd, Davidpuram, Kilpauk, Chennai, Tamil Nadu 600010, India",https://www.google.co.kr/maps/place/Tosh+Hospital+-+Orthopedic+Center+in+Chennai/data=!4m5!3m4!1s0x3a5265d7f2d2c3d9:0xdcaa20f8430a56e0!8m2!3d13.0824769!4d80.2431187?authuser=0&hl=en&rclk=1,13.0824769,80.2431187,Tamil Nadu
Gunamani Clinic,Medical clinic,"Solar Pirivu, Solar, Tamil Nadu 638002, India",https://www.google.co.kr/maps/place/Gunamani+Clinic/data=!4m5!3m4!1s0x3ba96586a10671bf:0x15bfee499d7a9d2a!8m2!3d11.3205241!4d77.7507106?authuser=0&hl=en&rclk=1,11.3205241,77.7507106,Tamil Nadu
Apollo Clinic,Medical clinic,"Ground Floor, Tower B, Keeranatham Rd, CHIL SEZ IT Park, Saravanampatti, Coimbatore, Tamil Nadu 641035, India",https://www.google.co.kr/maps/place/Apollo+Clinic/data=!4m5!3m4!1s0x3ba8f7d0735fa495:0x20e02c0ff859341b!8m2!3d11.1023891!4d76.9879553?authuser=0&hl=en&rclk=1,11.1023891,76.9879553,Tamil Nadu
Maruti Clinic,Medical clinic,"maruti clinic,old bus stand, Tamil Nadu, India",https://www.google.co.kr/maps/place/Maruti+Clinic/data=!4m5!3m4!1s0x3bab1b7451c431e5:0xdfab92576d17f61c!8m2!3d11.237402!4d78.865396?authuser=0&hl=en&rclk=1,11.237402,78.865396,Tamil Nadu
Apollo Medical Centre,Medical clinic,"30, 2nd Ave, F Block, Block F, Annanagar East, Chennai, Tamil Nadu 600102, India",https://www.google.co.kr/maps/place/Apollo+Medical+Centre/data=!4m5!3m4!1s0x3a526428a2d77e35:0xf42466a45cf4f3a!8m2!3d13.0847724!4d80.221755?authuser=0&hl=en&rclk=1,13.0847724,80.221755,Tamil Nadu
Guru Hospital,Hospital,"4 /120-F, Pandikovil Ring Road, Mattuthavani Airport High way, Tamil Nadu 625107, India",https://www.google.co.kr/maps/place/Guru+Hospital/data=!4m5!3m4!1s0x3b00c4311e5f7d6d:0x7bd9cedb67c0ed6e!8m2!3d9.94355!4d78.1647561?authuser=0&hl=en&rclk=1,9.94355,78.1647561,Tamil Nadu
Ganga Women and Child Centre,Children's hospital,"2, Cross Cut Rd, Swarnambika Layout, Ram Nagar, Coimbatore, Tamil Nadu 641009, India",https://www.google.co.kr/maps/place/Ganga+Women+and+Child+Centre/data=!4m5!3m4!1s0x3ba85900bfffffff:0xa44825363cadac37!8m2!3d11.0169065!4d76.9592961?authuser=0&hl=en&rclk=1,11.0169065,76.9592961,Tamil Nadu
Aravind Vision Centre - Andippatti,Hospital,"Near State Bank Of India Madurai, Theni Main Rd, Andippatti, Tamil Nadu 625512, India",https://www.google.co.kr/maps/place/Aravind+Vision+Centre+-+Andippatti/data=!4m5!3m4!1s0x3b073f672c614eed:0x91c68ab907c93a70!8m2!3d9.9998018!4d77.6246871?authuser=0&hl=en&rclk=1,9.9998018,77.6246871,Tamil Nadu
Thirumal Clinic,Medical Center,"37, 7th St, Lakshmipuram, Tamil Nadu 625001, India",https://www.google.co.kr/maps/place/Thirumal+Clinic/data=!4m5!3m4!1s0x3b00c59bdc421859:0xddf6b0abdc47181!8m2!3d9.9203889!4d78.1274682?authuser=0&hl=en&rclk=1,9.9203889,78.1274682,Tamil Nadu
AIWO Medical Center,Medical clinic,"No 85, Santhome High Rd, MRC Nagar, Raja Annamalai Puram, Chennai, Tamil Nadu 600028, India",https://www.google.co.kr/maps/place/AIWO+Medical+Center/data=!4m5!3m4!1s0x3a526645d0c2d957:0xf3dc706f614db3cf!8m2!3d13.0193917!4d80.2684116?authuser=0&hl=en&rclk=1,13.0193917,80.2684116,Tamil Nadu
Hospital,Hospital,"C6G4+7C9, Reddiapatti, Tamil Nadu 626118, India",https://www.google.co.kr/maps/place/Hospital/data=!4m5!3m4!1s0x3b013eadb774c04f:0x627af46dded782fc!8m2!3d9.4256594!4d78.2061181?authuser=0&hl=en&rclk=1,9.4256594,78.2061181,Tamil Nadu
Dr. Mohan's Diabetes Specialities Centre,Diabetes center,"2/91, Sri Vaari Shopping Mall, New Bus Stand Rd, Meyyanur, Salem, Tamil Nadu 636004, India",https://www.google.co.kr/maps/place/Dr.+Mohan's+Diabetes+Specialities+Centre/data=!4m5!3m4!1s0x3babf06a6fe70861:0xd85025b292449262!8m2!3d11.668072!4d78.1327069?authuser=0&hl=en&rclk=1,11.668072,78.1327069,Tamil Nadu
SKS Hospital & Postgraduate Medical Institute,General hospital,"23, SKS Hospital Rd, Guptha Nagar, Alagapuram Periyaputhur, Salem, Tamil Nadu 636004, India",https://www.google.co.kr/maps/place/SKS+Hospital+%26+Postgraduate+Medical+Institute/data=!4m5!3m4!1s0x3babf04674a1623f:0x69441a88c4e037fe!8m2!3d11.6702981!4d78.1432241?authuser=0&hl=en&rclk=1,11.6702981,78.1432241,Tamil Nadu
Indian Hospital,Hospital,"1051, Poonamallee High Road, Poonamallee High Road, Chennai, Tamil Nadu 600106, India",https://www.google.co.kr/maps/place/Indian+Hospital/data=!4m5!3m4!1s0x3a52660ad415954f:0x5cd913e64bf8bfbc!8m2!3d13.0790084!4d80.2557033?authuser=0&hl=en&rclk=1,13.0790084,80.2557033,Tamil Nadu
Apollo,General hospital,"CRPJ+R67, Melmaruvathur, Tamil Nadu 603319, India",https://www.google.co.kr/maps/place/Apollo/data=!4m5!3m4!1s0x3a531a026d50df39:0x3de045aae741b5cf!8m2!3d12.4370297!4d79.8305551?authuser=0&hl=en&rclk=1,12.4370297,79.8305551,Tamil Nadu
Seethapathy Clinic & Hospital,Private hospital,"128, Royapettah High Rd, Azad Nagar, Royapettah, Chennai, Tamil Nadu 600014, India",https://www.google.co.kr/maps/place/Seethapathy+Clinic+%26+Hospital/data=!4m5!3m4!1s0x3a52663abc6ee8f1:0x8051147834f74606!8m2!3d13.0488072!4d80.2648789?authuser=0&hl=en&rclk=1,13.0488072,80.2648789,Tamil Nadu
Amma mini clinic,Medical clinic,"M4MC+822, Salem, Tamil Nadu 636005, India",https://www.google.co.kr/maps/place/Amma+mini+clinic/data=!4m5!3m4!1s0x3babf149bdd68daf:0x150ec5db84c8c6fa!8m2!3d11.6832564!4d78.1200266?authuser=0&hl=en&rclk=1,11.6832564,78.1200266,Tamil Nadu
Indian Hospitals Corporation Limited,General hospital,"22, Greams Rd, Thousand Lights East, Thousand Lights, Chennai, Tamil Nadu 600006, India",https://www.google.co.kr/maps/place/Indian+Hospitals+Corporation+Limited/data=!4m5!3m4!1s0x3a5266442944ea53:0x83062871423229ed!8m2!3d13.0576824!4d80.2553425?authuser=0&hl=en&rclk=1,13.0576824,80.2553425,Tamil Nadu
"DARANI CLINIC ,Dr R.T.MANIRAJ & DR.USHAMANIRAJ",Medical clinic,"Anthoniyar Kovil St, Edamalaipatti Pudur, Tamil Nadu 620012, India","https://www.google.co.kr/maps/place/DARANI+CLINIC+,Dr+R.T.MANIRAJ+%26+DR.USHAMANIRAJ/data=!4m5!3m4!1s0x3baaf54dc9ff83b3:0xcfb4fac31249dc99!8m2!3d10.7760672!4d78.6706293?authuser=0&hl=en&rclk=1",10.7760672,78.6706293,Tamil Nadu
Aishwarya Clinic,Hospital,"12, Goodshed Road, Mudaliyar Chathiram, Bells Railway Colony, Mudhaliyar Chathiram, Tiruchirappalli, Tamil Nadu 620001, India",https://www.google.co.kr/maps/place/Aishwarya+Clinic/data=!4m5!3m4!1s0x3baaf51bec8c4345:0xc29b9b3dd674fce8!8m2!3d10.8017067!4d78.6956825?authuser=0&hl=en&rclk=1,10.8017067,78.6956825,Tamil Nadu
Glory surgicals,Surgical center,"11,Thiagaraja nagar, woraiyur, Tiruchirappalli, Tamil Nadu 620003, India",https://www.google.co.kr/maps/place/Glory+surgicals/data=!4m5!3m4!1s0x3baaf597f3085e89:0xb78ea240cad2efe4!8m2!3d10.828039!4d78.6783207?authuser=0&hl=en&rclk=1,10.828039,78.6783207,Tamil Nadu
"Narayana Multispeciality Clinic, Hosur",Medical clinic,"27-1, Thirumala Plaza, Denkanikottai Main Road, Shanthi Nagar East, Hosur, Tamil Nadu 635109, India","https://www.google.co.kr/maps/place/Narayana+Multispeciality+Clinic,+Hosur/data=!4m5!3m4!1s0x3bae70b992561f15:0x250f67e62f4e8b01!8m2!3d12.7264019!4d77.824313?authuser=0&hl=en&rclk=1",12.7264019,77.824313,Tamil Nadu
Sashi Clinic,Medical clinic,"Trichy Trunk Rd, K K Nagar, Viluppuram, Tamil Nadu 605602, India",https://www.google.co.kr/maps/place/Sashi+Clinic/data=!4m5!3m4!1s0x3a53568f9f65b307:0xa2ad288e8a1eef03!8m2!3d11.9285221!4d79.4830102?authuser=0&hl=en&rclk=1,11.9285221,79.4830102,Tamil Nadu
Velmurugan Nature Cure Hospital (Best Naturopathy Hospital in Tamilnadu),Hospital,"175/21/C3 , Golden city Raja nagar 2nd cross, Street, Perambalur, Tamil Nadu 621212, India",https://www.google.co.kr/maps/place/Velmurugan+Nature+Cure+Hospital+(Best+Naturopathy+Hospital+in+Tamilnadu)/data=!4m5!3m4!1s0x3bab1bf2e9b67809:0xab19d01169a54c38!8m2!3d11.2394067!4d78.8868178?authuser=0&hl=en&rclk=1,11.2394067,78.8868178,Tamil Nadu
Medway Hospitals,Hospital,"2, 26, 1st Main Rd, United India Colony, Kodambakkam, Chennai, Tamil Nadu 600024, India",https://www.google.co.kr/maps/place/Medway+Hospitals/data=!4m5!3m4!1s0x3a5266f36d59ee75:0x398bf9f1558236c4!8m2!3d13.0536322!4d80.22752?authuser=0&hl=en&rclk=1,13.0536322,80.22752,Tamil Nadu
TRP Clinic Zone,Hospital,"MS Mani Rd, West Thillai Nagar, Thillai Nagar, Tiruchirappalli, Tamil Nadu 620018, India",https://www.google.co.kr/maps/place/TRP+Clinic+Zone/data=!4m5!3m4!1s0x3baaf5a3138edf8b:0xf6ea3395006689e!8m2!3d10.8259102!4d78.6835271?authuser=0&hl=en&rclk=1,10.8259102,78.6835271,Tamil Nadu
Guna AYUSH Hospital,Doctor,"No. 1 Mariyamman Kovil Street,, Goods Shed Road, Tiruchirappalli, Tamil Nadu 620001, India",https://www.google.co.kr/maps/place/Guna+AYUSH+Hospital/data=!4m5!3m4!1s0x3baaf51bec11a599:0x55e01b981a820b44!8m2!3d10.801544!4d78.695582?authuser=0&hl=en&rclk=1,10.801544,78.695582,Tamil Nadu
Trichy Skin And Laser Clinic,Hospital,"No-53 Victoria Road Near C.S.I.MISSION Hospita, Woraiyur, Tiruchirappalli, Tamil Nadu 620003, India",https://www.google.co.kr/maps/place/Trichy+Skin+And+Laser+Clinic/data=!4m5!3m4!1s0x3baaf5994aa824cd:0x5cf9ef1d68f48687!8m2!3d10.8219963!4d78.6753408?authuser=0&hl=en&rclk=1,10.8219963,78.6753408,Tamil Nadu
Kaveri Hospital,Hospital,"Burkit Rd, T. Nagar, Chennai, Tamil Nadu 600017, India",https://www.google.co.kr/maps/place/Kaveri+Hospital/data=!4m5!3m4!1s0x3a5267aab7c5e7db:0xcb255c818c01cda9!8m2!3d13.0345898!4d80.2334627?authuser=0&hl=en&rclk=1,13.0345898,80.2334627,Tamil Nadu
Dr Devaraj Hospital,Hospital,"98RQ+VHH, Santhur, Tamil Nadu 635206, India",https://www.google.co.kr/maps/place/Dr+Devaraj+Hospital/data=!4m5!3m4!1s0x3bac48f556955b21:0xc216b724fe619b33!8m2!3d12.3921892!4d78.3389709?authuser=0&hl=en&rclk=1,12.3921892,78.3389709,Tamil Nadu
GATEWAY CLINICS & HOSPITALS PVT LTD,Medical clinic,"43, E Periasamy Rd, near eye foundation, R S Puram West, Coimbatore, Tamil Nadu 641002, India",https://www.google.co.kr/maps/place/GATEWAY+CLINICS+%26+HOSPITALS+PVT+LTD/data=!4m5!3m4!1s0x3ba8588d339b0a19:0x591afebe5d3207c5!8m2!3d11.013073!4d76.9492775?authuser=0&hl=en&rclk=1,11.013073,76.9492775,Tamil Nadu
Jogo Health Clinic,Medical clinic,"1/1, 11th Cross St, Shastri Nagar, Adyar, Chennai, Tamil Nadu 600020, India",https://www.google.co.kr/maps/place/Jogo+Health+Clinic/data=!4m5!3m4!1s0x3a5267607e577dcf:0xadced37b5d269357!8m2!3d13.0005763!4d80.2610651?authuser=0&hl=en&rclk=1,13.0005763,80.2610651,Tamil Nadu
Kauvery Hospital,Private hospital,"9/50, Trichy Main Rd, Opp.to Chandra Mahal, M G R Nagar, Seelanaickenpatti, Salem, Tamil Nadu 636201, India",https://www.google.co.kr/maps/place/Kauvery+Hospital/data=!4m5!3m4!1s0x3babefce5942c6ef:0x10c47c95ab959427!8m2!3d11.6290236!4d78.1488717?authuser=0&hl=en&rclk=1,11.6290236,78.1488717,Tamil Nadu
"Deva Clinic, Santhur",Hospital,"98RQ+VHF, Santhur, Tamil Nadu 635206, India","https://www.google.co.kr/maps/place/Deva+Clinic,+Santhur/data=!4m5!3m4!1s0x3bac48f5568f6cd1:0x9eef4be76ea20455!8m2!3d12.3921806!4d78.3389288?authuser=0&hl=en&rclk=1",12.3921806,78.3389288,Tamil Nadu
Dr. Mohan's Diabetes Specialities Centre,Doctor,"No.1, Vilakadi Koil St, Ennaikaran, Kanchipuram, Tamil Nadu 631501, India",https://www.google.co.kr/maps/place/Dr.+Mohan's+Diabetes+Specialities+Centre/data=!4m5!3m4!1s0x3a52c2fa55e98121:0xf8820fb4857cc037!8m2!3d12.8243461!4d79.7038121?authuser=0&hl=en&rclk=1,12.8243461,79.7038121,Tamil Nadu
The Madras Medical Mission Hospital,Hospital,"4-A, Dr, Mogappair, Chennai, Tamil Nadu 600037, India",https://www.google.co.kr/maps/place/The+Madras+Medical+Mission+Hospital/data=!4m5!3m4!1s0x3a5265864b155555:0xb24bc1d5860e3f08!8m2!3d13.0861477!4d80.1873735?authuser=0&hl=en&rclk=1,13.0861477,80.1873735,Tamil Nadu
Aravind Vision Centre - Kariapatti,Hospital,"Pandiyan Nagar, 4th Street 6th Ward Madurai - Arupukottai, Main Road, Kariapatti, Tamil Nadu 626106, India",https://www.google.co.kr/maps/place/Aravind+Vision+Centre+-+Kariapatti/data=!4m5!3m4!1s0x3b012956a680e44b:0x3eecf9175ade97e0!8m2!3d9.6705529!4d78.1018598?authuser=0&hl=en&rclk=1,9.6705529,78.1018598,Tamil Nadu
Saravana Bhava Sathupathe Auto Rotate Image Compress,Doctor,"Senappannallur Rd, Thuraiyur, Tamil Nadu 621010, India",https://www.google.co.kr/maps/place/Saravana+Bhava+Sathupathe+Auto+Rotate+Image+Compress/data=!4m5!3m4!1s0x3bababc87e126013:0x61ecf92a30400760!8m2!3d11.1510085!4d78.5939397?authuser=0&hl=en&rclk=1,11.1510085,78.5939397,Tamil Nadu
KKR ENT Super Speciality Hospital,Otolaryngology clinic,"Plot No 4B/3, 4B/4, 2nd Main Rd, CDN Nagar, MMDA Colony, Maduravoyal, Chennai, Tamil Nadu 600095, India",https://www.google.co.kr/maps/place/KKR+ENT+Super+Speciality+Hospital/data=!4m5!3m4!1s0x3a52614fe299f467:0xf38ded2360adf5fe!8m2!3d13.0642814!4d80.1773962?authuser=0&hl=en&rclk=1,13.0642814,80.1773962,Tamil Nadu
Hindu Mission Hospital,General hospital,"103, Grand Southern Trunk Rd, New Market, Tambaram West, Tambaram, Chennai, Tamil Nadu 600045, India",https://www.google.co.kr/maps/place/Hindu+Mission+Hospital/data=!4m5!3m4!1s0x3a525f6ea331a4c1:0xbc21098dedcb8e8d!8m2!3d12.9236633!4d80.1141179?authuser=0&hl=en&rclk=1,12.9236633,80.1141179,Tamil Nadu
ARC Fertility Hospitals,Fertility clinic,"Shopping Complex, 50, EVR Rd, opp. Govt hospital, Puthur, Thillai Nagar, Tiruchirappalli, Tamil Nadu 620017, India",https://www.google.co.kr/maps/place/ARC+Fertility+Hospitals/data=!4m5!3m4!1s0x3baaf574aaad744b:0xaa12693c6ee89d03!8m2!3d10.8118761!4d78.679191?authuser=0&hl=en&rclk=1,10.8118761,78.679191,Tamil Nadu
Apollo Medical Centre,Medical clinic,"Door No 11, 4, Sivaprakasam St, opposite to Brilliant Tutorial, Pondy Bazaar, Parthasarathi Puram, T. Nagar, Chennai, Tamil Nadu 600017, India",https://www.google.co.kr/maps/place/Apollo+Medical+Centre/data=!4m5!3m4!1s0x3a52664ffdd8fed9:0x66a8e58a396c131e!8m2!3d13.0397774!4d80.237967?authuser=0&hl=en&rclk=1,13.0397774,80.237967,Tamil Nadu
Dr. Mohan's Diabetes Specialities Centre,Doctor,"No 38, 16, Jeyaraj Rd, Meenakshipuram, Thoothukudi, Tamil Nadu 628002, India",https://www.google.co.kr/maps/place/Dr.+Mohan's+Diabetes+Specialities+Centre/data=!4m5!3m4!1s0x3b03ef94199e31af:0x85ed2b1498d622db!8m2!3d8.8055143!4d78.1388065?authuser=0&hl=en&rclk=1,8.8055143,78.1388065,Tamil Nadu
Apollo hospital,Medical Center,"Thuraiyur Main Rd, Thuraiyur, Tamil Nadu 621010, India",https://www.google.co.kr/maps/place/Apollo+hospital/data=!4m5!3m4!1s0x3babab46ae6b46b3:0xbf426ac973887b13!8m2!3d11.1356746!4d78.5916682?authuser=0&hl=en&rclk=1,11.1356746,78.5916682,Tamil Nadu
Vadamalayan Hospitals,Hospital,"Chockikulam, 15/1, Vallabh Bhai Rd, Madurai, Tamil Nadu 625002, India",https://www.google.co.kr/maps/place/Vadamalayan+Hospitals/data=!4m5!3m4!1s0x3b00c5e904ddddfd:0x397a454de5b761af!8m2!3d9.9430192!4d78.1300745?authuser=0&hl=en&rclk=1,9.9430192,78.1300745,Tamil Nadu
K.R.S. Clinic,Medical clinic,"JGV Towers, Manalmedu, Tamil Nadu 609202, India",https://www.google.co.kr/maps/place/K.R.S.+Clinic/data=!4m5!3m4!1s0x3a54d9a35a119bef:0x39dce450a5d44673!8m2!3d11.1965568!4d79.5976015?authuser=0&hl=en&rclk=1,11.1965568,79.5976015,Tamil Nadu
"Gulshan Medicare, Trichi",Medical clinic,"2, C-35, 5th Cross Rd, West Thillai Nagar, Thillai Nagar, Tiruchirappalli, Tamil Nadu 620018, India","https://www.google.co.kr/maps/place/Gulshan+Medicare,+Trichi/data=!4m5!3m4!1s0x3baaf5a24db3f247:0x60f56739a6e19f28!8m2!3d10.8240973!4d78.682121?authuser=0&hl=en&rclk=1",10.8240973,78.682121,Tamil Nadu
Ganga Hospital,General hospital,"46FX+4X3, Sivakami Amman Colony, Vyasarpadi, Chennai, Tamil Nadu 600039, India",https://www.google.co.kr/maps/place/Ganga+Hospital/data=!4m5!3m4!1s0x3a5265a13f4cd249:0x970aa62eee11afe2!8m2!3d13.1227572!4d80.2499191?authuser=0&hl=en&rclk=1,13.1227572,80.2499191,Tamil Nadu
Koradacheery Kannan Clinic - fertility clinic | male fertility | female fertility clinic,Fertility clinic,"Mahadhana St, Kamarajar Salai, Mayiladuthurai, Tamil Nadu 609001, India",https://www.google.co.kr/maps/place/Koradacheery+Kannan+Clinic+-+fertility+clinic+%7C+male+fertility+%7C+female+fertility+clinic/data=!4m5!3m4!1s0x3a5521337d7b2501:0xd916fb1fd1d46c10!8m2!3d11.1018808!4d79.6524507?authuser=0&hl=en&rclk=1,11.1018808,79.6524507,Tamil Nadu
Soundarapandian Bone and Joint Hospital,Hospital,"16, 3rd St, Lapis lagoon, AA Block, Shanthi Colony, Anna Nagar, Chennai, Tamil Nadu 600040, India",https://www.google.co.kr/maps/place/Soundarapandian+Bone+and+Joint+Hospital/data=!4m5!3m4!1s0x3a52642478d3b95d:0xe5f1601b6add63ec!8m2!3d13.0841428!4d80.2156848?authuser=0&hl=en&rclk=1,13.0841428,80.2156848,Tamil Nadu
Apollo Clinic Madipakkam,Medical Center,"74, 1st floor, Medavakkam Main Rd, above Singapore Shop, Bharat Nagar, Madipakkam, Chennai, Tamil Nadu 600091, India",https://www.google.co.kr/maps/place/Apollo+Clinic+Madipakkam/data=!4m5!3m4!1s0x3a525da9f69eab09:0x42d5003d620f5d92!8m2!3d12.9636947!4d80.1875591?authuser=0&hl=en&rclk=1,12.9636947,80.1875591,Tamil Nadu
Dr. M. Ramalingam,Medical clinic,"1054,5, Avinashi Rd, Anna Silai, Gowtham Centre Annexe, Gopalapuram, Coimbatore, Tamil Nadu 641018, India",https://www.google.co.kr/maps/place/Dr.+M.+Ramalingam/data=!4m5!3m4!1s0x3ba859b1d8a68005:0xa3d171208bcb6809!8m2!3d11.0069783!4d76.9758498?authuser=0&hl=en&rclk=1,11.0069783,76.9758498,Tamil Nadu
V.R.CLINIC,Hospital,"Subramania Nagar, Midland Nagar, Salem, Tamil Nadu 636005, India",https://www.google.co.kr/maps/place/V.R.CLINIC/data=!4m5!3m4!1s0x3babf1e7592ac633:0xae526b7763dabd1f!8m2!3d11.6722434!4d78.119397?authuser=0&hl=en&rclk=1,11.6722434,78.119397,Tamil Nadu
Malar homoeo clinic,Hospital,"Sundarraj Nagar, Subramaniyapuram, Sangillyandapuram, Tiruchirappalli, Tamil Nadu 620020, India",https://www.google.co.kr/maps/place/Malar+homoeo+clinic/data=!4m5!3m4!1s0x3baaf558e8dc96f1:0xd29e1e9045b338a4!8m2!3d10.7845487!4d78.7024052?authuser=0&hl=en&rclk=1,10.7845487,78.7024052,Tamil Nadu
Rsv Skin & Laser Centre,Hospital,"No 9, 5, 2nd Cross St, Rajaji Colony, Mahalingapuram, Nungambakkam, Chennai, Tamil Nadu 600034, India",https://www.google.co.kr/maps/place/Rsv+Skin+%26+Laser+Centre/data=!4m5!3m4!1s0x3a52665d0056dcf3:0xab78a812872cadf5!8m2!3d13.055633!4d80.2406258?authuser=0&hl=en&rclk=1,13.055633,80.2406258,Tamil Nadu
Hospital,Government hospital,"Karur Main Road, Pettvai Thalai, Tiruchirappalli, Tamil Nadu 639112, India",https://www.google.co.kr/maps/place/Hospital/data=!4m5!3m4!1s0x3baa5923652fd1f1:0xeb303d636456c285!8m2!3d10.8753049!4d78.6022419?authuser=0&hl=en&rclk=1,10.8753049,78.6022419,Tamil Nadu
Get Well Clinic,Diabetologist,"Pugalur Rd, MGR Nagar, Vengamedu, Tamil Nadu 639006, India",https://www.google.co.kr/maps/place/Get+Well+Clinic/data=!4m5!3m4!1s0x3baa2e4e0a13db97:0x350839cbb39f6715!8m2!3d10.9768414!4d78.0777446?authuser=0&hl=en&rclk=1,10.9768414,78.0777446,Tamil Nadu
Femina Clinic,Medical clinic,"Sathya Moorthy St, Aranmanai Vaasal, Sivaganga, Tamil Nadu 630561, India",https://www.google.co.kr/maps/place/Femina+Clinic/data=!4m5!3m4!1s0x3b00fbdb9840930b:0x10704a24554a41aa!8m2!3d9.8517832!4d78.4852528?authuser=0&hl=en&rclk=1,9.8517832,78.4852528,Tamil Nadu
PSG Hospitals,Hospital,"Avinashi Rd, Peelamedu, Coimbatore, Tamil Nadu 643201, India",https://www.google.co.kr/maps/place/PSG+Hospitals/data=!4m5!3m4!1s0x3ba8ea33f8a26a77:0x3b33e28d10c758de!8m2!3d11.0242762!4d77.0059182?authuser=0&hl=en&rclk=1,11.0242762,77.0059182,Tamil Nadu
PSG Hospitals,Private hospital,"Avinashi Rd, Peelamedu, Coimbatore, Tamil Nadu 641004, India",https://www.google.co.kr/maps/place/PSG+Hospitals/data=!4m5!3m4!1s0x3ba859030ea11999:0xe4e7cf2ff5b622d9!8m2!3d11.0187626!4d77.006959?authuser=0&hl=en&rclk=1,11.0187626,77.006959,Tamil Nadu
Dr. R. Prabhakaran,Medical clinic,"Sannathi St, Srirangam, Thiruvanaikoil, Tiruchirappalli, Tamil Nadu 620005, India",https://www.google.co.kr/maps/place/Dr.+R.+Prabhakaran/data=!4m5!3m4!1s0x3baaf42d2dbbce8b:0x7d5fce4e946e5ce4!8m2!3d10.852893!4d78.7024903?authuser=0&hl=en&rclk=1,10.852893,78.7024903,Tamil Nadu
Rasi Clinic,Medical clinic,"VFXW+PMX, Pettavaithalai, Tamil Nadu 639112, India",https://www.google.co.kr/maps/place/Rasi+Clinic/data=!4m5!3m4!1s0x3baa5b902c3eb02f:0x84bc35c580ac988!8m2!3d10.899353!4d78.4967449?authuser=0&hl=en&rclk=1,10.899353,78.4967449,Tamil Nadu
R.S. Women Child Hospital,Women's health clinic,"Thillai Nagar, Tiruchirappalli, Tamil Nadu 620018, India",https://www.google.co.kr/maps/place/R.S.+Women+Child+Hospital/data=!4m5!3m4!1s0x3baaf5a0d306f69b:0xacf3685308a08f13!8m2!3d10.819015!4d78.685093?authuser=0&hl=en&rclk=1,10.819015,78.685093,Tamil Nadu
Wellkidz Baby Hospital,Hospital,"Denkanikotta Rd, Shanthi Nagar West, Hosur, Tamil Nadu 635109, India",https://www.google.co.kr/maps/place/Wellkidz+Baby+Hospital/data=!4m5!3m4!1s0x3bae70b83c715dcb:0xc19f77c0657abd0a!8m2!3d12.7278451!4d77.8243335?authuser=0&hl=en&rclk=1,12.7278451,77.8243335,Tamil Nadu
apollo,General hospital,"2nd Ave, F Block, Anna Nagar West Extension, Chennai, Tamil Nadu 600101, India",https://www.google.co.kr/maps/place/apollo/data=!4m5!3m4!1s0x3a52640e959a565f:0xe08a6239b8dcf788!8m2!3d13.0951364!4d80.1945358?authuser=0&hl=en&rclk=1,13.0951364,80.1945358,Tamil Nadu
Apollo Speciality Hospitals,Hospital,"80 Feet Rd, KK Nagar, Tamil Nadu 625020, India",https://www.google.co.kr/maps/place/Apollo+Speciality+Hospitals/data=!4m5!3m4!1s0x3b00c5b1a66210eb:0x4702986a03fb4ab4!8m2!3d9.9278643!4d78.1494347?authuser=0&hl=en&rclk=1,9.9278643,78.1494347,Tamil Nadu
apollo hospital information centre,Doctor,"edigar street, Krishnapuram, Ambur, Tamil Nadu 635802, India",https://www.google.co.kr/maps/place/apollo+hospital+information+centre/data=!4m5!3m4!1s0x3bad08fb56823511:0xdf3bbd4bb08335ca!8m2!3d12.7871003!4d78.7138566?authuser=0&hl=en&rclk=1,12.7871003,78.7138566,Tamil Nadu
Vignesh Clinic,General hospital,"Tamil Nadu Housing Board Colony, Gandhigramam, Tamil Nadu 639004, India",https://www.google.co.kr/maps/place/Vignesh+Clinic/data=!4m5!3m4!1s0x3baa2f823bdc771b:0xbab040ab61e2a5a0!8m2!3d10.9468665!4d78.1052646?authuser=0&hl=en&rclk=1,10.9468665,78.1052646,Tamil Nadu
Rahath Hospital,Hospital,"55, 1st Cross Rd, Ganapathy Nagar, Ammayappa Nagar, Tiruchirappalli, Tamil Nadu 620102, India",https://www.google.co.kr/maps/place/Rahath+Hospital/data=!4m5!3m4!1s0x3baaf5791d99a467:0xa8945f6720639d9c!8m2!3d10.8131185!4d78.6644818?authuser=0&hl=en&rclk=1,10.8131185,78.6644818,Tamil Nadu
Government Primary Health Centre Veeramachanpatti,Hospital,"Tamil Nadu 621206, India",https://www.google.co.kr/maps/place/Government+Primary+Health+Centre+Veeramachanpatti/data=!4m5!3m4!1s0x3babacd6a38656d9:0x39e9365600ce4f63!8m2!3d11.1281498!4d78.5252523?authuser=0&hl=en&rclk=1,11.1281498,78.5252523,Tamil Nadu
Itham Physiotherapy clinic,Physical therapy clinic,"Raghavendrapuram 2nd Street The road, opp. to Canara Bank ATM, Srirangam, Tamil Nadu 620006, India",https://www.google.co.kr/maps/place/Itham+Physiotherapy+clinic/data=!4m5!3m4!1s0x3baaf7c38248b99f:0x7e5015c09ceaecc5!8m2!3d10.8572686!4d78.68607?authuser=0&hl=en&rclk=1,10.8572686,78.68607,Tamil Nadu
laxman Piles Clinic,Hospital,"Edumalai Rd, Indira Nagar, Manachanallur, Tamil Nadu 621005, India",https://www.google.co.kr/maps/place/laxman+Piles+Clinic/data=!4m5!3m4!1s0x3baaf7a80dbbaf6d:0xa87ae1f6e8d6f910!8m2!3d10.9167455!4d78.7010846?authuser=0&hl=en&rclk=1,10.9167455,78.7010846,Tamil Nadu
Ganga Hospital,Hospital,"Ganesapuram, Kamaraj Nagar, Namakkal, Tamil Nadu 637001, India",https://www.google.co.kr/maps/place/Ganga+Hospital/data=!4m5!3m4!1s0x3babce933c998b91:0xe3a99ea25d9f5659!8m2!3d11.2173905!4d78.1702228?authuser=0&hl=en&rclk=1,11.2173905,78.1702228,Tamil Nadu
GEM Hospital Coimbatore,Hospital,"45, Pankaja Mills Rd, Palaniappa Nagar, Sowripalayam Pirivu, Ramanathapuram, Tamil Nadu 641045, India",https://www.google.co.kr/maps/place/GEM+Hospital+Coimbatore/data=!4m5!3m4!1s0x3ba85905a88facf7:0xf1d213fbbca5444c!8m2!3d10.9996215!4d76.9954638?authuser=0&hl=en&rclk=1,10.9996215,76.9954638,Tamil Nadu
Manonmani E.N.T. hospital,Hospital,"658C+9R6, Ganesapuram, Kamaraj Nagar, Namakkal, Tamil Nadu 637001, India",https://www.google.co.kr/maps/place/Manonmani+E.N.T.+hospital/data=!4m5!3m4!1s0x3babcf6c4afc0b93:0xde021c71024ac21!8m2!3d11.2159244!4d78.1720011?authuser=0&hl=en&rclk=1,11.2159244,78.1720011,Tamil Nadu
Sri Jayalakshmi Physiotherapy Clinic (physiotherapy clinic in trichy),Physical therapist,"No.17, near KVB Bank, Kumaran Nagar, Tiruchirappalli, Tamil Nadu 620017, India",https://www.google.co.kr/maps/place/Sri+Jayalakshmi+Physiotherapy+Clinic+(physiotherapy+clinic+in+trichy)/data=!4m5!3m4!1s0x3baaf53146f1bf61:0x6364f92c8530c310!8m2!3d10.8141544!4d78.6697535?authuser=0&hl=en&rclk=1,10.8141544,78.6697535,Tamil Nadu
Amruth Siddha & Ayurvedic Clinic,Medical clinic,"45/11, Kodambakkam High Rd, opp. TNSC Bank, near Ayanavaram, Badrikari, Signal, Ayanavaram, Chennai, Tamil Nadu 600023, India",https://www.google.co.kr/maps/place/Amruth+Siddha+%26+Ayurvedic+Clinic/data=!4m5!3m4!1s0x3a5266449e01ca09:0x3c5c50921c25540d!8m2!3d13.0526897!4d80.2450143?authuser=0&hl=en&rclk=1,13.0526897,80.2450143,Tamil Nadu
Nagu Clinic,Hospital,"Chennai - Theni Hwy, Ammapettai, Tamil Nadu 620009, India",https://www.google.co.kr/maps/place/Nagu+Clinic/data=!4m5!3m4!1s0x3baa672b9681d349:0x6eb8914eb56f4f76!8m2!3d10.7277493!4d78.5621831?authuser=0&hl=en&rclk=1,10.7277493,78.5621831,Tamil Nadu
Ganga Cancer Hospital,Hospital,"Chinniyampalayam, Tatabad, Coimbatore, Tamil Nadu 641012, India",https://www.google.co.kr/maps/place/Ganga+Cancer+Hospital/data=!4m5!3m4!1s0x3ba859606fa8a431:0x903279bad78aff59!8m2!3d11.0171789!4d76.9586133?authuser=0&hl=en&rclk=1,11.0171789,76.9586133,Tamil Nadu
Sugam Hospital,General hospital,"349, Thiruvottiyur High Rd, Tiruvottiyur, Chennai, Tamil Nadu 600019, India",https://www.google.co.kr/maps/place/Sugam+Hospital/data=!4m5!3m4!1s0x3a525c7cb4b167e9:0x6ee9ae5b31fb6af1!8m2!3d13.1650006!4d80.303401?authuser=0&hl=en&rclk=1,13.1650006,80.303401,Tamil Nadu
Apollo KH Hospital,Hospital,"Ranipet, Vellore - Chennai Rd, Melvisharam, Tamil Nadu 632509, India",https://www.google.co.kr/maps/place/Apollo+KH+Hospital/data=!4m5!3m4!1s0x3bad366e906e0339:0x3b2eecb133e9052f!8m2!3d12.922348!4d79.275023?authuser=0&hl=en&rclk=1,12.922348,79.275023,Tamil Nadu
Rasi Clinic,Hospital,"66C, Thillai Nagar Rd, Near Jagadha Hospital, Sakthi Mariamman Nagar, Tiruchirappalli, Tamil Nadu 620018, India",https://www.google.co.kr/maps/place/Rasi+Clinic/data=!4m5!3m4!1s0x3baaf5a2bd474f77:0xd9fa68ef177f6941!8m2!3d10.8264235!4d78.6803438?authuser=0&hl=en&rclk=1,10.8264235,78.6803438,Tamil Nadu
Devadoss Hospitals Pvt Ltd,General hospital,"75/1, Alagar Kovil Main Rd, Surveyor Colony, Madurai, Tamil Nadu 625007, India",https://www.google.co.kr/maps/place/Devadoss+Hospitals+Pvt+Ltd/data=!4m5!3m4!1s0x3b00c5d57b9d126f:0x36a1730c4db56734!8m2!3d9.9578582!4d78.1540269?authuser=0&hl=en&rclk=1,9.9578582,78.1540269,Tamil Nadu
Naveen Neuro Clinic Dr.thangaraj,Doctor,"naveen neuro clinic, Thanjavur, Tamil Nadu, India, India",https://www.google.co.kr/maps/place/Naveen+Neuro+Clinic+Dr.thangaraj/data=!4m5!3m4!1s0x3baab8b3f3854b83:0xdc6f44aba0e45060!8m2!3d10.7714991!4d79.1141434?authuser=0&hl=en&rclk=1,10.7714991,79.1141434,Tamil Nadu
Health care clinic,Hospital,"MDR461, Kulumani, Tamil Nadu 639103, India",https://www.google.co.kr/maps/place/Health+care+clinic/data=!4m5!3m4!1s0x3baa5ec57ef7dd95:0xec20f3e41ee24e3d!8m2!3d10.8466229!4d78.5975376?authuser=0&hl=en&rclk=1,10.8466229,78.5975376,Tamil Nadu
"Babu Clinic, Pavithram, Varagur",Private hospital,"49R6+VXH, Pavithiram, Tamil Nadu 637021, India","https://www.google.co.kr/maps/place/Babu+Clinic,+Pavithram,+Varagur/data=!4m5!3m4!1s0x3babb494c7452517:0x81d36bf6bef28a1f!8m2!3d11.1421867!4d78.3624808?authuser=0&hl=en&rclk=1",11.1421867,78.3624808,Tamil Nadu
"RPS Hospitals - Multispeciality Hospital in Chennai, India",Hospital,"65/2, Water Canal Rd, TVS Nagar, Korattur, Chennai, Tamil Nadu 600076, India","https://www.google.co.kr/maps/place/RPS+Hospitals+-+Multispeciality+Hospital+in+Chennai,+India/data=!4m5!3m4!1s0x3a52647c960a55f5:0x422178dfca7bb9e1!8m2!3d13.1208297!4d80.1978374?authuser=0&hl=en&rclk=1",13.1208297,80.1978374,Tamil Nadu
MIOT International,Hospital,"4/112, Mount Poonamallee Rd, Sathya Nagar, Manapakkam, Chennai, Tamil Nadu 600089, India",https://www.google.co.kr/maps/place/MIOT+International/data=!4m5!3m4!1s0x3a5260d2a1750661:0xe3a591bb494f9792!8m2!3d13.0225921!4d80.1863704?authuser=0&hl=en&rclk=1,13.0225921,80.1863704,Tamil Nadu
Neuro One Hospital,Specialized hospital,"55, 1, Karur Bypass Rd, Melachinthamani, Tiruchirappalli, Tamil Nadu 620002, India",https://www.google.co.kr/maps/place/Neuro+One+Hospital/data=!4m5!3m4!1s0x3baaf5b9e1307a8f:0xadf4812bcf32695d!8m2!3d10.8347294!4d78.6907837?authuser=0&hl=en&rclk=1,10.8347294,78.6907837,Tamil Nadu
ESI DISPENSARY BAGALUR,Medical clinic,"1/95, Brahmin St, Bagalur, Tamil Nadu 635103, India",https://www.google.co.kr/maps/place/ESI+DISPENSARY+BAGALUR/data=!4m5!3m4!1s0x3bae75d06634e7f9:0x599fa2fb8b31cf71!8m2!3d12.8314447!4d77.8648553?authuser=0&hl=en&rclk=1,12.8314447,77.8648553,Tamil Nadu
Vijaya Hospital,Private hospital,"11, 80 Feet Road, E.V.R Periyar Salai, West Govindhapuram, Dindigul, Tamil Nadu 624001, India",https://www.google.co.kr/maps/place/Vijaya+Hospital/data=!4m5!3m4!1s0x3b00aa8b1e284e7f:0xfe11d6f3595d9fe2!8m2!3d10.3711841!4d77.9709028?authuser=0&hl=en&rclk=1,10.3711841,77.9709028,Tamil Nadu
Annai Speciality Skin And Laser Clinic,Hospital,"130, Sungu Pettai, Venketwasapuram, Tamil Nadu 621212, India",https://www.google.co.kr/maps/place/Annai+Speciality+Skin+And+Laser+Clinic/data=!4m5!3m4!1s0x3bab1b7ab78239e7:0x4f92c07cb8baa33e!8m2!3d11.2347186!4d78.8726202?authuser=0&hl=en&rclk=1,11.2347186,78.8726202,Tamil Nadu
Atlas Hospitals - Ortho Hospital,Orthopedic surgeon,"34/1-First Cross Karur Road, Bus Stand, near Chathiram, V N Nagar, Tiruchirappalli, Tamil Nadu 620002, India",https://www.google.co.kr/maps/place/Atlas+Hospitals+-+Ortho+Hospital/data=!4m5!3m4!1s0x3baaf5b98d033149:0x1192d621ede1aba0!8m2!3d10.8333669!4d78.6907098?authuser=0&hl=en&rclk=1,10.8333669,78.6907098,Tamil Nadu
natasan hospital,Hospital,"104, Kottai Rd, Thillaipuram, Periyapatti, Tamil Nadu 637001, India",https://www.google.co.kr/maps/place/natasan+hospital/data=!4m5!3m4!1s0x3babcef339870f09:0x1fbd57e8714ac136!8m2!3d11.2201681!4d78.1638736?authuser=0&hl=en&rclk=1,11.2201681,78.1638736,Tamil Nadu
Vadamalayan Hospital (City Centre),Hospital,"77-80, Chinnakadai Street, Chinnakadai Area,South Gate, Madurai, Tamil Nadu 625001, India",https://www.google.co.kr/maps/place/Vadamalayan+Hospital+(City+Centre)/data=!4m5!3m4!1s0x3b00c57861264d09:0x698d36eeba3c1620!8m2!3d9.9117744!4d78.1197023?authuser=0&hl=en&rclk=1,9.9117744,78.1197023,Tamil Nadu
"Annai Hospital Dr.K.Saravanan M.B.B.S,D.ORTHO",Orthopedic surgeon,"106/F, Venkadesapuram, opp. Rajan Petrol Bunk, Perambalur, Tamil Nadu 621212, India","https://www.google.co.kr/maps/place/Annai+Hospital+Dr.K.Saravanan+M.B.B.S,D.ORTHO/data=!4m5!3m4!1s0x3baa55c8395da4cd:0x4566d011de3534e2!8m2!3d11.2351267!4d78.876254?authuser=0&hl=en&rclk=1",11.2351267,78.876254,Tamil Nadu
Deepan Hospital,Private hospital,"50, Bishop Rd, opp. M.A Honda, Puthur, Tennur, Tiruchirappalli, Tamil Nadu 620017, India",https://www.google.co.kr/maps/place/Deepan+Hospital/data=!4m5!3m4!1s0x3baaf50ab1baea03:0xffc7182c90aa707d!8m2!3d10.8157479!4d78.680053?authuser=0&hl=en&rclk=1,10.8157479,78.680053,Tamil Nadu
People Siddha Clinic,Hospital,"Karattampatty, Tiruchirappalli, SH-62, Trichy Thuraiyur Road, Trichy, Tiruchirapalli, Tamil Nadu 621014, India",https://www.google.co.kr/maps/place/People+Siddha+Clinic/data=!4m5!3m4!1s0x3baa544e5245f563:0x832b09661611300e!8m2!3d11.0672287!4d78.6032094?authuser=0&hl=en&rclk=1,11.0672287,78.6032094,Tamil Nadu
Coimbatore Kidney Centre Multi Speciality Hospital - Inpatient,Hospital,"738-B, SH 162, Near Lakshmi Mills, Pudur, Coimbatore, Tamil Nadu 641045, India",https://www.google.co.kr/maps/place/Coimbatore+Kidney+Centre+Multi+Speciality+Hospital+-+Inpatient/data=!4m5!3m4!1s0x3ba859ca161bd36b:0x6da2c8578b50a8ee!8m2!3d11.0096151!4d76.9896037?authuser=0&hl=en&rclk=1,11.0096151,76.9896037,Tamil Nadu
Athma Homeo Care Clinic,Hospital,"NOOR COMPLEX, bus stop, Sakthi Nagar, Pappakurichi Kattur, Tiruchirappalli, Tamil Nadu 620019, India",https://www.google.co.kr/maps/place/Athma+Homeo+Care+Clinic/data=!4m5!3m4!1s0x3baaf341d4b09f75:0x6d9d8b07454a7833!8m2!3d10.7981424!4d78.7518118?authuser=0&hl=en&rclk=1,10.7981424,78.7518118,Tamil Nadu
Kathir hospital,Hospital,"RUKMANI BUS STOP, 101 A, Salai Rd, Woraiyur, Tiruchirappalli, Tamil Nadu 620003, India",https://www.google.co.kr/maps/place/Kathir+hospital/data=!4m5!3m4!1s0x3baaf5e78f44c147:0xbf1304488c599a3b!8m2!3d10.8270955!4d78.6795343?authuser=0&hl=en&rclk=1,10.8270955,78.6795343,Tamil Nadu
Logarasu Office,Doctor,"XH68+GF4, Komangalam, Tamil Nadu 621204, India",https://www.google.co.kr/maps/place/Logarasu+Office/data=!4m5!3m4!1s0x3baa57f4e390fbb3:0x610a241aa4fb0c81!8m2!3d10.9612679!4d78.566212?authuser=0&hl=en&rclk=1,10.9612679,78.566212,Tamil Nadu
Chest Clinic,Pulmonologist,"Srinivasan Complex, 145/74-C, Salai Rd, Annamalai Nagar, Tiruchirappalli, Tamil Nadu 620018, India",https://www.google.co.kr/maps/place/Chest+Clinic/data=!4m5!3m4!1s0x3baaf5a357e5438d:0x8ac1a8ce17165ef9!8m2!3d10.8272929!4d78.685199?authuser=0&hl=en&rclk=1,10.8272929,78.685199,Tamil Nadu
Government primary hospital,Hospital,"2J8Q+RH3, Pulivalam, Tamil Nadu 621006, India",https://www.google.co.kr/maps/place/Government+primary+hospital/data=!4m5!3m4!1s0x3baa572d3c3f3a7b:0xb633b327054fa6dd!8m2!3d11.0170196!4d78.6389341?authuser=0&hl=en&rclk=1,11.0170196,78.6389341,Tamil Nadu
Siddha Clinic,Hospital,"Dhanalakshmi Na, Tiruchirappalli, SH-30, Musiri Thuraiyur Attur Road, Trichy, Tiruchirapalli, Tamil Nadu 621008, India",https://www.google.co.kr/maps/place/Siddha+Clinic/data=!4m5!3m4!1s0x3babab16b1f2ba61:0xc02649621d107832!8m2!3d11.152238!4d78.595267?authuser=0&hl=en&rclk=1,11.152238,78.595267,Tamil Nadu
Vijaya Group of Hospitals,Hospital,"New No:434, Old No:180, NSK Salai Rd, Vadapalani, Chennai, Tamil Nadu 600026, India",https://www.google.co.kr/maps/place/Vijaya+Group+of+Hospitals/data=!4m5!3m4!1s0x3a5266d0fb9230a9:0x7ef99b8ecb885130!8m2!3d13.0496223!4d80.2084482?authuser=0&hl=en&rclk=1,13.0496223,80.2084482,Tamil Nadu
Priya Hospital🏥,Hospital,"RMHX+2RF, Teppakulam, Tamil Nadu 620002, India",https://www.google.co.kr/maps/place/Priya+Hospital%F0%9F%8F%A5/data=!4m5!3m4!1s0x3baaf50483a2c9bb:0xce160938a4cb03af!8m2!3d10.8275642!4d78.699556?authuser=0&hl=en&rclk=1,10.8275642,78.699556,Tamil Nadu
Dr.Rajasekar&Dr.Shanthi Clinic,Hospital,"43WC+4HP, Ethraj Nagar, Ariyalur, Tamil Nadu 621704, India",https://www.google.co.kr/maps/place/Dr.Rajasekar%26Dr.Shanthi+Clinic/data=!4m5!3m4!1s0x3bab212d47652acb:0xf8965bdbfa42560!8m2!3d11.1453496!4d79.0714617?authuser=0&hl=en&rclk=1,11.1453496,79.0714617,Tamil Nadu
"Government hospital,appananallur",Hospital,"29MR+53J, Tamil Nadu 621208, India","https://www.google.co.kr/maps/place/Government+hospital,appananallur/data=!4m5!3m4!1s0x3baa4c03fc6fe62d:0x83b05052c4a2d0cc!8m2!3d11.0329562!4d78.3901431?authuser=0&hl=en&rclk=1",11.0329562,78.3901431,Tamil Nadu
Santosham Chest Hospital,Hospital,"155, Egmore High Rd, Opposite PD Girls High School, Egmore, Chennai, Tamil Nadu 600008, India",https://www.google.co.kr/maps/place/Santosham+Chest+Hospital/data=!4m5!3m4!1s0x3a5267720b46c919:0x5f415218d3006b19!8m2!3d13.074634!4d80.253738?authuser=0&hl=en&rclk=1,13.074634,80.253738,Tamil Nadu
Kurinji Hospital,Private hospital,"Teejay Road, Five Roads, near gujarathi kalyana mandapam, Salem, Tamil Nadu 636016, India",https://www.google.co.kr/maps/place/Kurinji+Hospital/data=!4m5!3m4!1s0x3babf05d15bf3dc1:0x56cfb7067b84ce81!8m2!3d11.6771803!4d78.1353457?authuser=0&hl=en&rclk=1,11.6771803,78.1353457,Tamil Nadu
Goverment Hospital,Hospital,"HQH3+8WW, Mummudi, Tamil Nadu 636112, India",https://www.google.co.kr/maps/place/Goverment+Hospital/data=!4m5!3m4!1s0x3bab71563d313527:0xe22a34206d2f8da0!8m2!3d11.5783605!4d78.7548162?authuser=0&hl=en&rclk=1,11.5783605,78.7548162,Tamil Nadu
MGM Healthcare,Hospital,"No 54, Old, 72, Nelson Manickam Rd, Aminjikarai, Chennai, Tamil Nadu 600029, India",https://www.google.co.kr/maps/place/MGM+Healthcare/data=!4m5!3m4!1s0x3a5267ae643b0ee7:0x9405bf4578941d04!8m2!3d13.0709384!4d80.2218474?authuser=0&hl=en&rclk=1,13.0709384,80.2218474,Tamil Nadu
Sri Ramachandra Hospital,Hospital,"No 24, South Ave, Vasudeva Nagar, Thiruvanmiyur, Chennai, Tamil Nadu 600041, India",https://www.google.co.kr/maps/place/Sri+Ramachandra+Hospital/data=!4m5!3m4!1s0x3a525d5c36a8714f:0x5626e9fae9780211!8m2!3d12.9837309!4d80.257578?authuser=0&hl=en&rclk=1,12.9837309,80.257578,Tamil Nadu
PV Moorthy Hospital,Hospital,"48/2, V.O.C. Road, Anna Nagar,, Tennur, Tiruchirappalli, Tamil Nadu 620017, India",https://www.google.co.kr/maps/place/PV+Moorthy+Hospital/data=!4m5!3m4!1s0x3baaf50156361a09:0x194b009e8a18ffa6!8m2!3d10.8117017!4d78.6971028?authuser=0&hl=en&rclk=1,10.8117017,78.6971028,Tamil Nadu
Dr Kannan Clinic,Hospital,"FJ9X+MPJ, Dindigul, Tamil Nadu 624614, India",https://www.google.co.kr/maps/place/Dr+Kannan+Clinic/data=!4m5!3m4!1s0x3ba9e6ab6ca8cb45:0x6b1ed80b77687b62!8m2!3d10.4692114!4d77.6492791?authuser=0&hl=en&rclk=1,10.4692114,77.6492791,Tamil Nadu
Lalitha Nursing Home,Obstetrician-gynecologist,"No-B2, 10th Cross St, West Thillai Nagar, Thillai Nagar, Tiruchirappalli, Tamil Nadu 620018, India",https://www.google.co.kr/maps/place/Lalitha+Nursing+Home/data=!4m5!3m4!1s0x3baaf5a10e7139a5:0x37975d7934cc17e4!8m2!3d10.820463!4d78.6830296?authuser=0&hl=en&rclk=1,10.820463,78.6830296,Tamil Nadu
Apollo Sugar Clinics & Hospital,Medical clinic,"74, Medavakkam Main Rd, Bharat Nagar, Madipakkam, Chennai, Tamil Nadu 600091, India",https://www.google.co.kr/maps/place/Apollo+Sugar+Clinics+%26+Hospital/data=!4m5!3m4!1s0x3a525de36a00ddb7:0x1eba72eab5606ffe!8m2!3d12.9637066!4d80.1875822?authuser=0&hl=en&rclk=1,12.9637066,80.1875822,Tamil Nadu
Nalam Hospital,Hospital,"158, Ponmalaipatti Rd, Highway Colony, Sundarraj Nagar, Subramaniyapuram, Railway Colony, Tiruchirappalli, Tamil Nadu 620020, India",https://www.google.co.kr/maps/place/Nalam+Hospital/data=!4m5!3m4!1s0x3baaf4d7f024c93d:0x76d6fcba7413f4e4!8m2!3d10.78342!4d78.703102?authuser=0&hl=en&rclk=1,10.78342,78.703102,Tamil Nadu
CGHS Dispensary,Hospital,"6, Kamaraj Salai, May Flower Garden, Raja Annamalai Puram, Chennai, Tamil Nadu 600028, India",https://www.google.co.kr/maps/place/CGHS+Dispensary/data=!4m5!3m4!1s0x3a5267c684f7ffe3:0x333c01bea36e8e4d!8m2!3d13.0214257!4d80.2596971?authuser=0&hl=en&rclk=1,13.0214257,80.2596971,Tamil Nadu
Dr. Jeyanthi Hospital,Private hospital,"17D/2, Gandhi Nagar 1st St, Musiri, Tamil Nadu 621211, India",https://www.google.co.kr/maps/place/Dr.+Jeyanthi+Hospital/data=!4m5!3m4!1s0x3baa4f91e99c20cd:0xf2fd3c9259a0582!8m2!3d10.9532061!4d78.4438419?authuser=0&hl=en&rclk=1,10.9532061,78.4438419,Tamil Nadu
Magaperu Hospital,Hospital,"6H5J+2J6, Perumalpalayam, Tamil Nadu 621008, India",https://www.google.co.kr/maps/place/Magaperu+Hospital/data=!4m5!3m4!1s0x3bababe474861c41:0xe6063954af7a7c09!8m2!3d11.2075344!4d78.5815244?authuser=0&hl=en&rclk=1,11.2075344,78.5815244,Tamil Nadu
"Boys Hostel 1st Year,DSMC&H",Hospital,"Keelakanavai - Siruvachur Rd, Perambalur, Tamil Nadu 621212, India","https://www.google.co.kr/maps/place/Boys+Hostel+1st+Year,DSMC%26H/data=!4m5!3m4!1s0x3bab1ceddb6f9f29:0xdfa6137614f4aef8!8m2!3d11.1970712!4d78.8704161?authuser=0&hl=en&rclk=1",11.1970712,78.8704161,Tamil Nadu
Amruth Ayurvedic & Siddha Clinic,Medical clinic,"11/25, KH Road, Vasantha nagar, Chinna Chembarambakkam, Ayanavaram, Chennai, Tamil Nadu 600023, India",https://www.google.co.kr/maps/place/Amruth+Ayurvedic+%26+Siddha+Clinic/data=!4m5!3m4!1s0x3a5265cf31329eb1:0xd0f3da667100a69e!8m2!3d13.0976474!4d80.2415348?authuser=0&hl=en&rclk=1,13.0976474,80.2415348,Tamil Nadu
Vinola Hospital,Hospital,"SH 30, Udayarpalayam, Thammampatti, Tamil Nadu 636113, India",https://www.google.co.kr/maps/place/Vinola+Hospital/data=!4m5!3m4!1s0x3baba2d01d5bba7f:0x8d86a59077577d77!8m2!3d11.4439954!4d78.4857916?authuser=0&hl=en&rclk=1,11.4439954,78.4857916,Tamil Nadu
Aravinth Hospital,Hospital,"17, rengar sannathi st, Senthamangalam Road, Namakkal, Tamil Nadu 637001, India",https://www.google.co.kr/maps/place/Aravinth+Hospital/data=!4m5!3m4!1s0x3babcef27964075f:0xd0c59153cb8b0526!8m2!3d11.2233029!4d78.1672934?authuser=0&hl=en&rclk=1,11.2233029,78.1672934,Tamil Nadu
Royal Care Hospital,Hospital,"Ukkadam Sungam Bye Pass, L & T, 1/520, Salem - Kochi Hwy, Neelambur, Tamil Nadu 641062, India",https://www.google.co.kr/maps/place/Royal+Care+Hospital/data=!4m5!3m4!1s0x3ba857afe4e47db7:0xa33933ad450744e6!8m2!3d11.059206!4d77.0893964?authuser=0&hl=en&rclk=1,11.059206,77.0893964,Tamil Nadu
KKR ENT CLINIC,Otolaryngologist,"#R-23, #A/A1, Mogappair, N Main Rd, Anna Nagar West Extension, Chennai, Tamil Nadu 600101, India",https://www.google.co.kr/maps/place/KKR+ENT+CLINIC/data=!4m5!3m4!1s0x3a5265b537390c05:0x9659ad099cb59e5!8m2!3d13.0971108!4d80.1953925?authuser=0&hl=en&rclk=1,13.0971108,80.1953925,Tamil Nadu
CSI Mission General Hospital,Hospital,"No-8 Salai Road near St Pauls Church, Woraiyur, Tiruchirappalli, Tamil Nadu 620003, India",https://www.google.co.kr/maps/place/CSI+Mission+General+Hospital/data=!4m5!3m4!1s0x3baaf597aaaaaaab:0x8b46e85ddc11e98!8m2!3d10.823289!4d78.6746988?authuser=0&hl=en&rclk=1,10.823289,78.6746988,Tamil Nadu
ABC Hospital (Best Multi-Speciality Hospital in Trichy | 24hrs Emergency care),General hospital,"1, Annamalai Nagar Main Rd, Woraiyur, Tiruchirappalli, Tamil Nadu 620018, India",https://www.google.co.kr/maps/place/ABC+Hospital+(Best+Multi-Speciality+Hospital+in+Trichy+%7C+24hrs+Emergency+care)/data=!4m5!3m4!1s0x3baaf5bc63682867:0xff616922a7abfba9!8m2!3d10.8309502!4d78.6845835?authuser=0&hl=en&rclk=1,10.8309502,78.6845835,Tamil Nadu
"Maruti Hospital(best hospital in trichy, best multispeciality hospital in trichy, hospitals in trichy)",General hospital,"95, Pattabiraman Salai, Anna Nagar, Tennur, Tiruchirappalli, Tamil Nadu 620017, India","https://www.google.co.kr/maps/place/Maruti+Hospital(best+hospital+in+trichy,+best+multispeciality+hospital+in+trichy,+hospitals+in+trichy)/data=!4m5!3m4!1s0x3baaf50cbbbc1b41:0xdaf03744c69653e2!8m2!3d10.8102221!4d78.6807052?authuser=0&hl=en&rclk=1",10.8102221,78.6807052,Tamil Nadu
"Vetenary Hospitals, Varagur",Government hospital,"48VX+H5C, Varagur, Tamil Nadu 637021, India","https://www.google.co.kr/maps/place/Vetenary+Hospitals,+Varagur/data=!4m5!3m4!1s0x3babb4e5cf771abd:0x1af8be8871daa48e!8m2!3d11.143939!4d78.3479007?authuser=0&hl=en&rclk=1",11.143939,78.3479007,Tamil Nadu
Royal Pearl Hospital,Otolaryngologist,"C-12, 3rd Cross Rd, Thillai Nagar East, West Thillai Nagar, Tennur, Tiruchirappalli, Tamil Nadu 620018, India",https://www.google.co.kr/maps/place/Royal+Pearl+Hospital/data=!4m5!3m4!1s0x3baaf5a30b6f6729:0x770ef27ba35efc4e!8m2!3d10.8253259!4d78.6835677?authuser=0&hl=en&rclk=1,10.8253259,78.6835677,Tamil Nadu
"Fortis Malar Hospital, Adyar, Chennai",General hospital,"No. 52, 1st Main Rd, Gandhi Nagar, Adyar, Chennai, Tamil Nadu 600020, India","https://www.google.co.kr/maps/place/Fortis+Malar+Hospital,+Adyar,+Chennai/data=!4m5!3m4!1s0x3a5267ebca1ef1c9:0x65f09e8a6db91462!8m2!3d13.0091785!4d80.2588349?authuser=0&hl=en&rclk=1",13.0091785,80.2588349,Tamil Nadu
Jeyam Multi Speciality Hosptial (Best Urology | Infertility | Gynecology Hospital in Trichy),General hospital,"No: 7, Tajmahal Salai, Karur Bypass Rd, Annamalai Nagar, Woraiyur, Tiruchirappalli, Tamil Nadu 620018, India",https://www.google.co.kr/maps/place/Jeyam+Multi+Speciality+Hosptial+(Best+Urology+%7C+Infertility+%7C+Gynecology+Hospital+in+Trichy)/data=!4m5!3m4!1s0x3baaf5bb416dbf69:0x1e9f82473a0a7737!8m2!3d10.8290464!4d78.6863907?authuser=0&hl=en&rclk=1,10.8290464,78.6863907,Tamil Nadu
KG Hospital,General hospital,"5, Government Arts College Rd, Opposite Court, Gopalapuram, Coimbatore, Tamil Nadu 641018, India",https://www.google.co.kr/maps/place/KG+Hospital/data=!4m5!3m4!1s0x3ba859a5b5400001:0x90b60ab4fbdd5cb4!8m2!3d11.0002385!4d76.9715681?authuser=0&hl=en&rclk=1,11.0002385,76.9715681,Tamil Nadu
Apollo Medical Centre,Medical Center,"15/42, Gandhi Mandapam Rd, Opposite AMM School, Avvai Colony, Kotturpuram, Chennai, Tamil Nadu 600085, India",https://www.google.co.kr/maps/place/Apollo+Medical+Centre/data=!4m5!3m4!1s0x3a5267a4ee7b1fa3:0xe3c8e1ca1af3004c!8m2!3d13.0201567!4d80.2413827?authuser=0&hl=en&rclk=1,13.0201567,80.2413827,Tamil Nadu
Rajiv Gandhi Government General Hospital,Government hospital,"GH Post Office, 3, Poonamallee High Road, Near Chennai Central, near Park Town, Chennai, Tamil Nadu 600003, India",https://www.google.co.kr/maps/place/Rajiv+Gandhi+Government+General+Hospital/data=!4m5!3m4!1s0x3a5268aabbad9a9f:0xf749acda22be400d!8m2!3d13.081438!4d80.2771945?authuser=0&hl=en&rclk=1,13.081438,80.2771945,Tamil Nadu
Laximi Nursing Hospital,Hospital,"Thathaiyangarpet, Tamil Nadu 621214, India",https://www.google.co.kr/maps/place/Laximi+Nursing+Hospital/data=!4m5!3m4!1s0x3babb2ca98cb8eaf:0x949a840325e860a3!8m2!3d11.1207722!4d78.4520887?authuser=0&hl=en&rclk=1,11.1207722,78.4520887,Tamil Nadu
Dr. Ragunathan Pathma Hospital,Hospital,"54F, NH 67, Kulithalai, Tamil Nadu, India",https://www.google.co.kr/maps/place/Dr.+Ragunathan+Pathma+Hospital/data=!4m5!3m4!1s0x3baa4f63a96662a5:0xe173002069db7503!8m2!3d10.943056!4d78.415256?authuser=0&hl=en&rclk=1,10.943056,78.415256,Tamil Nadu
Tamil Nadu Government Multi Super Speciality Hospital,Government hospital,"Government Medical College Omandurar Government Estate, Anna Salai, Opposite to, Anna Salai, Triplicane, Chennai, Tamil Nadu 600002, India",https://www.google.co.kr/maps/place/Tamil+Nadu+Government+Multi+Super+Speciality+Hospital/data=!4m5!3m4!1s0x3a52661cdfe287e3:0x91c026621c68ec07!8m2!3d13.0692152!4d80.2737472?authuser=0&hl=en&rclk=1,13.0692152,80.2737472,Tamil Nadu
Baby hospital,Hospital,"WP9V+X5C, Samayapuram, Tamil Nadu 621112, India",https://www.google.co.kr/maps/place/Baby+hospital/data=!4m5!3m4!1s0x3baaf7a78585368d:0x5e2d96012e0bb2aa!8m2!3d10.9199322!4d78.7428878?authuser=0&hl=en&rclk=1,10.9199322,78.7428878,Tamil Nadu
"KMCH Hospital, Coimbatore",Hospital,"22RR+W5H, T Nagar, Indira Nagar, Civil Aerodrome Post, Ramanathapuram, Tamil Nadu 641045, India","https://www.google.co.kr/maps/place/KMCH+Hospital,+Coimbatore/data=!4m5!3m4!1s0x3ba8594dc1f80fb7:0x8f01eaeb20a4efcd!8m2!3d11.0423219!4d77.0404926?authuser=0&hl=en&rclk=1",11.0423219,77.0404926,Tamil Nadu
Vellore Hospital,Hospital,"SH 207, Sasthri Nagar, Krishna Nagar, Veerasamy Nagar, Vellore, Tamil Nadu 632001, India",https://www.google.co.kr/maps/place/Vellore+Hospital/data=!4m5!3m4!1s0x3bad38dfe87b0e5b:0x67e1306dbd083711!8m2!3d12.9016354!4d79.1315638?authuser=0&hl=en&rclk=1,12.9016354,79.1315638,Tamil Nadu
Hospital,Hospital,"1, 3rd Main Road, Srinivase Nagar North, Srinivasa Nagar North, Thillai Nagar, Tiruchirappalli, Tamil Nadu 620018, India",https://www.google.co.kr/maps/place/Hospital/data=!4m5!3m4!1s0x3baaf5e08d40674f:0x709047bc33e93ee5!8m2!3d10.8147118!4d78.6676626?authuser=0&hl=en&rclk=1,10.8147118,78.6676626,Tamil Nadu
Geri Care Hospital,Private hospital,"8, Dr Nair Rd, Parthasarathi Puram, T. Nagar, Chennai, Tamil Nadu 600017, India",https://www.google.co.kr/maps/place/Geri+Care+Hospital/data=!4m5!3m4!1s0x3a526791bebeb443:0xda7b1c6ed86b022a!8m2!3d13.0439483!4d80.2406077?authuser=0&hl=en&rclk=1,13.0439483,80.2406077,Tamil Nadu
Saraswathi Hospital,Hospital,"WWV6+65V, Pullambadi, Tamil Nadu 621711, India",https://www.google.co.kr/maps/place/Saraswathi+Hospital/data=!4m5!3m4!1s0x3baaef43c0000007:0x9b72aacd470dfcbe!8m2!3d10.9431108!4d78.9104359?authuser=0&hl=en&rclk=1,10.9431108,78.9104359,Tamil Nadu
Annai Hospital,Hospital,"SH 30, Thuraiyur, Tamil Nadu 621010, India",https://www.google.co.kr/maps/place/Annai+Hospital/data=!4m5!3m4!1s0x3babab167c43dea9:0x8a648b5f67082919!8m2!3d11.1392415!4d78.5915466?authuser=0&hl=en&rclk=1,11.1392415,78.5915466,Tamil Nadu
Apollo Hospital Chennai,Hospital,"Greams Lane, 21, Greams Rd, Thousand Lights, Chennai, Tamil Nadu 600006, India",https://www.google.co.kr/maps/place/Apollo+Hospital+Chennai/data=!4m5!3m4!1s0x3a52666accdfbb59:0x2e0d1b10a5e06d2f!8m2!3d13.0631824!4d80.2515375?authuser=0&hl=en&rclk=1,13.0631824,80.2515375,Tamil Nadu
SVB Clinic,Hospital,"27A, Stamp Vendor St, Super Nagar, Perambalur, Tamil Nadu 621212, India",https://www.google.co.kr/maps/place/SVB+Clinic/data=!4m5!3m4!1s0x3bab1b689be7d769:0x54dc3bcd30fd4354!8m2!3d11.235763!4d78.864761?authuser=0&hl=en&rclk=1,11.235763,78.864761,Tamil Nadu
Annai Hospital,Hospital,"Kadai Veedhi, Samayapuram, Tiruchirappalli, Tamil Nadu 621112, India",https://www.google.co.kr/maps/place/Annai+Hospital/data=!4m5!3m4!1s0x3baaf731da3d6c27:0x56de7c26d37aa731!8m2!3d10.919162!4d78.73992?authuser=0&hl=en&rclk=1,10.919162,78.73992,Tamil Nadu
Government Hospital,Hospital,"4GQR+W8M, Senappanallur, Tamil Nadu 621001, India",https://www.google.co.kr/maps/place/Government+Hospital/data=!4m5!3m4!1s0x3babacc0d6ea8091:0xfd60fecc8615c244!8m2!3d11.1398425!4d78.5407957?authuser=0&hl=en&rclk=1,11.1398425,78.5407957,Tamil Nadu
"Galaxy Chest Multi Specialty Hospital(Chest Specialist, Lung Specialist, Pulmonologist, Pulmonology)",Hospital,"B-35 11th Cross East Road, 9A Cross Rd, Tiruchirappalli, Tamil Nadu 620018, India","https://www.google.co.kr/maps/place/Galaxy+Chest+Multi+Specialty+Hospital(Chest+Specialist,+Lung+Specialist,+Pulmonologist,+Pulmonology)/data=!4m5!3m4!1s0x3baaf5a38af4514d:0x4938761075a730e!8m2!3d10.819282!4d78.6848461?authuser=0&hl=en&rclk=1",10.819282,78.6848461,Tamil Nadu
Niranjan Skin Hospital Dr.Amala,Hospital,"sivakarthick, Street Number 9, Bose Road, Aranmanai Vaasal, Sivaganga, Tamil Nadu 630561, India",https://www.google.co.kr/maps/place/Niranjan+Skin+Hospital+Dr.Amala/data=!4m5!3m4!1s0x3b00fbd83fbcffbd:0xfe4abd64474cd32f!8m2!3d9.8498571!4d78.4900849?authuser=0&hl=en&rclk=1,9.8498571,78.4900849,Tamil Nadu
Ramachandra Clinic,Hospital,"37, Karuneegar St, Paramesh Nagar, Adambakkam, Chennai, Tamil Nadu 600088, India",https://www.google.co.kr/maps/place/Ramachandra+Clinic/data=!4m5!3m4!1s0x3a5267585a118aaf:0xa26e59c1b10851a1!8m2!3d12.9904805!4d80.2010776?authuser=0&hl=en&rclk=1,12.9904805,80.2010776,Tamil Nadu
Mubina Hospital,Hospital,"Sangliandapuram, Sangaliandalpuram, Tiruchirappalli, Tamil Nadu 620001, India",https://www.google.co.kr/maps/place/Mubina+Hospital/data=!4m5!3m4!1s0x3baaf4e1f1b4e091:0x557a0321d102ae79!8m2!3d10.8003537!4d78.7033481?authuser=0&hl=en&rclk=1,10.8003537,78.7033481,Tamil Nadu
govt. Hospital,Hospital,"XGVH+FVF, T.Puthur, Tamil Nadu 621217, India",https://www.google.co.kr/maps/place/govt.+Hospital/data=!4m5!3m4!1s0x3baa51037a5d1dc9:0xe62a6b9f3a24fe03!8m2!3d10.9936822!4d78.5296817?authuser=0&hl=en&rclk=1,10.9936822,78.5296817,Tamil Nadu
Women's hospital,Private hospital,"Akbar Salai, Thuvkudimalai, Tamil Nadu 620022, India",https://www.google.co.kr/maps/place/Women's+hospital/data=!4m5!3m4!1s0x3baa8d2e819fcaab:0xf916d038535f5fd3!8m2!3d10.7708403!4d78.8011739?authuser=0&hl=en&rclk=1,10.7708403,78.8011739,Tamil Nadu
ayurvedha Hospital,Hospital,"WQV8+2GM, Tiruchirappalli, Tamil Nadu 621105, India",https://www.google.co.kr/maps/place/ayurvedha+Hospital/data=!4m5!3m4!1s0x3baaf0a3374073a3:0xa873f77bd72abeba!8m2!3d10.9425928!4d78.7663115?authuser=0&hl=en&rclk=1,10.9425928,78.7663115,Tamil Nadu
Om Sri Bhogar Siddha Clinic,Hospital,"6VP9+C96, Sungu Pettai, Perambalur, Tamil Nadu 621212, India",https://www.google.co.kr/maps/place/Om+Sri+Bhogar+Siddha+Clinic/data=!4m5!3m4!1s0x3bab1b6f65d0f8b1:0x56931be6dc39d89e!8m2!3d11.2360287!4d78.8683753?authuser=0&hl=en&rclk=1,11.2360287,78.8683753,Tamil Nadu
Motherhood Hospital- Trichy,Fertility physician,"C-87, Shastri Rd, North East Extension, Thillai Nagar, Tiruchirappalli, Tamil Nadu 620017, India",https://www.google.co.kr/maps/place/Motherhood+Hospital-+Trichy/data=!4m5!3m4!1s0x3baaf5a45cb57263:0x3677359b305a7c88!8m2!3d10.8244394!4d78.6869436?authuser=0&hl=en&rclk=1,10.8244394,78.6869436,Tamil Nadu
"Seethapathi EVK Clinic, Mylapore",Hospital,"4, Block A, B, C & D St, Dwarka Colony, Mylapore, Chennai, Tamil Nadu 600004, India","https://www.google.co.kr/maps/place/Seethapathi+EVK+Clinic,+Mylapore/data=!4m5!3m4!1s0x3a52662eab7d3feb:0x2c0c07f79791e786!8m2!3d13.0425151!4d80.2709041?authuser=0&hl=en&rclk=1",13.0425151,80.2709041,Tamil Nadu
Apollo Health and Lifestyle Ltd Kottrupuram,Diagnostic center,"No:15, 42, Gandhi Mandapam Rd, Chitra Nagar, Kotturpuram, Chennai, Tamil Nadu 600085, India",https://www.google.co.kr/maps/place/Apollo+Health+and+Lifestyle+Ltd+Kottrupuram/data=!4m5!3m4!1s0x3a5267a4ec1cff5f:0x5ec98f49e8d27bac!8m2!3d13.020161!4d80.241487?authuser=0&hl=en&rclk=1,13.020161,80.241487,Tamil Nadu
KMCH,Hospital,"2XQF+P37, Sridevi Nagar, Ganapathypudur, Coimbatore, Tamil Nadu 641006, India",https://www.google.co.kr/maps/place/KMCH/data=!4m5!3m4!1s0x3ba8595bc9df2d81:0x1185d2cef80377eb!8m2!3d11.039298!4d76.9726872?authuser=0&hl=en&rclk=1,11.039298,76.9726872,Tamil Nadu
Thozhuthur Government Hospital (Arasu Maruthuvamanai),Government hospital,"Attur Road, Thozhuthur, Tamil Nadu 606303, India",https://www.google.co.kr/maps/place/Thozhuthur+Government+Hospital+(Arasu+Maruthuvamanai)/data=!4m5!3m4!1s0x3bab15debf0452fb:0x451b07264786c0c4!8m2!3d11.4120527!4d78.992241?authuser=0&hl=en&rclk=1,11.4120527,78.992241,Tamil Nadu
SeaHorse hospital,Hospital,"McDonalds Rd, Cantonment, Tiruchirappalli, Tamil Nadu 620001, India",https://www.google.co.kr/maps/place/SeaHorse+hospital/data=!4m5!3m4!1s0x3baaf513317a36b3:0xee6b94a8d99702e3!8m2!3d10.8018105!4d78.6799159?authuser=0&hl=en&rclk=1,10.8018105,78.6799159,Tamil Nadu
Parvathy Hospital,Hospital,"241, Near MIT Bridge, Grand Southern Trunk Rd, Chromepet, Chennai, Tamil Nadu 600047, India",https://www.google.co.kr/maps/place/Parvathy+Hospital/data=!4m5!3m4!1s0x3a525fa94d5767af:0xf33301ae5af5df63!8m2!3d12.9460838!4d80.1366938?authuser=0&hl=en&rclk=1,12.9460838,80.1366938,Tamil Nadu
Dr Annie Flora G,Surgeon,"Apollo Cosmetic Clinics MRC Nagar, Sathyadev Ave, MRC Nagar, Raja Annamalai Puram, Chennai, Tamil Nadu 600028, India",https://www.google.co.kr/maps/place/Dr+Annie+Flora+G/data=!4m5!3m4!1s0x3a526785f5f9eadd:0x94e9278b2c80571e!8m2!3d13.018141!4d80.272552?authuser=0&hl=en&rclk=1,13.018141,80.272552,Tamil Nadu
SIMS Hospital,Private hospital,"Metro Station, No.1, Jawaharlal Nehru Rd, next to Vadapalani, Landmark:, Vadapalani, Chennai, Tamil Nadu 600026, India",https://www.google.co.kr/maps/place/SIMS+Hospital/data=!4m5!3m4!1s0x3a5266ea2747db13:0x2ffbe4fed8d74bd2!8m2!3d13.0516589!4d80.2112937?authuser=0&hl=en&rclk=1,13.0516589,80.2112937,Tamil Nadu
Urology & Andrology Clinic,Urologist,"1054, Avinashi Rd, Anna Silai, P N Palayam, Tamil Nadu 641018, India",https://www.google.co.kr/maps/place/Urology+%26+Andrology+Clinic/data=!4m5!3m4!1s0x3ba859b1c6b0b26b:0x39a6556a3430b50a!8m2!3d11.0066473!4d76.9758941?authuser=0&hl=en&rclk=1,11.0066473,76.9758941,Tamil Nadu
Suguna Hospital,Hospital,"Salai Rd, Thillai Nagar East, Thillai Nagar, Tiruchirappalli, Tamil Nadu 620003, India",https://www.google.co.kr/maps/place/Suguna+Hospital/data=!4m5!3m4!1s0x3baaf5a344dd9577:0x296744fe6354bd09!8m2!3d10.8269152!4d78.6844499?authuser=0&hl=en&rclk=1,10.8269152,78.6844499,Tamil Nadu
Government Mental Hospital,Hospital,"No. 112, Medavakkam Tank Rd, Venkatesapuram Colony Extension, Kilpauk, Chennai, Tamil Nadu 600010, India",https://www.google.co.kr/maps/place/Government+Mental+Hospital/data=!4m5!3m4!1s0x3a5265d0560f9eed:0xae7ab67fa7d4254b!8m2!3d13.0896139!4d80.240878?authuser=0&hl=en&rclk=1,13.0896139,80.240878,Tamil Nadu
MOTC Hospital - Previously Maxcare Hospital,Hospital,"12, Annamalai Nagar Main Rd, Thillai Nagar East, Annamalai Nagar, Woraiyur, Tiruchirappalli, Tamil Nadu 620018, India",https://www.google.co.kr/maps/place/MOTC+Hospital+-+Previously+Maxcare+Hospital/data=!4m5!3m4!1s0x3baaf5bcac94349b:0xfa1f888800eb1295!8m2!3d10.8279219!4d78.6848299?authuser=0&hl=en&rclk=1,10.8279219,78.6848299,Tamil Nadu
Fortis Hospital Vadapalani,Hospital,"23, 1, Arcot Rd, Ottagapalayam, Kannika Puram, Vadapalani, Chennai, Tamil Nadu 600026, India",https://www.google.co.kr/maps/place/Fortis+Hospital+Vadapalani/data=!4m5!3m4!1s0x3a5266c49dcec2bd:0x8e79c9721a9cdd42!8m2!3d13.047391!4d80.2042989?authuser=0&hl=en&rclk=1,13.047391,80.2042989,Tamil Nadu
Cmc,Hospital,"Vellore - Thoothukudi Hwy, Vasanthapuram, Balaji Nagar, Vellore, Tamil Nadu 632004, India",https://www.google.co.kr/maps/place/Cmc/data=!4m5!3m4!1s0x3bad38e9e3a5ef13:0x5a6cb1a02f0423e1!8m2!3d12.9165167!4d79.1324986?authuser=0&hl=en&rclk=1,12.9165167,79.1324986,Tamil Nadu
Q Med Hospital Private Limited,Hospital,"25/Officers Colony Road, Renganathapuram, Puthur., Opposite to Government Hospital, Near to Fathima Church., phone 0431 4200711, 0431 4200911., Tiruchirappalli, Tamil Nadu 620017, India",https://www.google.co.kr/maps/place/Q+Med+Hospital+Private+Limited/data=!4m5!3m4!1s0x3baaf57528a94acd:0xf48dfad9d0305e3c!8m2!3d10.8139874!4d78.6789881?authuser=0&hl=en&rclk=1,10.8139874,78.6789881,Tamil Nadu
Santha Hospital,Hospital,"VFXV+WR3, Pettavaithalai, Tamil Nadu 639112, India",https://www.google.co.kr/maps/place/Santha+Hospital/data=!4m5!3m4!1s0x3baa5adf72dfd3a1:0x8c3d7398b9564b8d!8m2!3d10.8997736!4d78.4945407?authuser=0&hl=en&rclk=1,10.8997736,78.4945407,Tamil Nadu
SAM Hospital,Hospital,"Thillai Nagar Main Rd, Srinivasapuram, Thillai Nagar, Tiruchirappalli, Tamil Nadu 620018, India",https://www.google.co.kr/maps/place/SAM+Hospital/data=!4m5!3m4!1s0x3baaf5a0e6f6fec3:0x77b08f0ab93d4e09!8m2!3d10.8189452!4d78.6836828?authuser=0&hl=en&rclk=1,10.8189452,78.6836828,Tamil Nadu
DR.KAMAKSHI MEMORIAL HOSPITALS,Hospital,"1, 200 Feet Radial Rd, Dandeeswarar Nagar, Rose Avenue, Pallikaranai, Chennai, Tamil Nadu 600100, India",https://www.google.co.kr/maps/place/DR.KAMAKSHI+MEMORIAL+HOSPITALS/data=!4m5!3m4!1s0x3a525dc9fa00ce73:0xa1d64b4ac0d7b08b!8m2!3d12.9490397!4d80.2090416?authuser=0&hl=en&rclk=1,12.9490397,80.2090416,Tamil Nadu
EZHIL HOSPITAL,Hospital,"No.22, M.P, MP Kovil St, Ezhilagam, Ethraj Nagar, Ariyalur, Tamil Nadu 621704, India",https://www.google.co.kr/maps/place/EZHIL+HOSPITAL/data=!4m5!3m4!1s0x3baadf7b63718975:0x60c2292bcddf6142!8m2!3d11.1367704!4d79.0738207?authuser=0&hl=en&rclk=1,11.1367704,79.0738207,Tamil Nadu
Sri Ramachandra Hospital,Hospital,"160, Near New Medicals Centre, Bussy Street, Puducherry, 605001, India",https://www.google.co.kr/maps/place/Sri+Ramachandra+Hospital/data=!4m5!3m4!1s0x3a536180f68d905f:0xc6b3975330a9c2a4!8m2!3d11.92954!4d79.82785?authuser=0&hl=en&rclk=1,11.92954,79.82785,Tamil Nadu
ARAVIND HOSPITAL,Hospital,"Pattanam Rd, Housing Board, Rasipuram, Tamil Nadu 637408, India",https://www.google.co.kr/maps/place/ARAVIND+HOSPITAL/data=!4m5!3m4!1s0x3babc20796ffbe3f:0xaa398dbc72cc4595!8m2!3d11.4644775!4d78.1926424?authuser=0&hl=en&rclk=1,11.4644775,78.1926424,Tamil Nadu
Government Head Quarters Hospital - Namakkal,Government hospital,"Mohanur - Namakkal Rd, Thillaipuram, Namakkal, Tamil Nadu 637001, India",https://www.google.co.kr/maps/place/Government+Head+Quarters+Hospital+-+Namakkal/data=!4m5!3m4!1s0x3babce928a1b66ff:0x6af719ec98bed556!8m2!3d11.2168195!4d78.1685255?authuser=0&hl=en&rclk=1,11.2168195,78.1685255,Tamil Nadu
Kauvery Hospital - Cantonment,Private hospital,"6, Royal Rd, Cantonment, Tiruchirappalli, Tamil Nadu 620001, India",https://www.google.co.kr/maps/place/Kauvery+Hospital+-+Cantonment/data=!4m5!3m4!1s0x3baaf56d21b8db55:0x7186b48a8dfcf979!8m2!3d10.8022986!4d78.6801383?authuser=0&hl=en&rclk=1,10.8022986,78.6801383,Tamil Nadu
KVS Hospital,Hospital,"Jayankondam Road, Valajanagaram, Ariyalur, Tamil Nadu 621704, India",https://www.google.co.kr/maps/place/KVS+Hospital/data=!4m5!3m4!1s0x3baadf4186cdb3ab:0x9b4ac7b358567dcc!8m2!3d11.126286!4d79.089557?authuser=0&hl=en&rclk=1,11.126286,79.089557,Tamil Nadu
GOVT.HOSPITAL. GANGAVALLI,Hospital,"9/458A, Attur Rd, Gangavalli, Tamil Nadu 636105, India",https://www.google.co.kr/maps/place/GOVT.HOSPITAL.+GANGAVALLI/data=!4m5!3m4!1s0x3bab9fc28f336a31:0x9f050c50ef00615f!8m2!3d11.5069295!4d78.6430714?authuser=0&hl=en&rclk=1,11.5069295,78.6430714,Tamil Nadu
Smt. T.K. Lakshmi Ammal and Smt. T.K. Alamelu Ammal Sankara Nethralaya- Vision Enhancement Clinic,Rehabilitation center,"New No. 39, old, no. 19, 1st Main Rd E, Shenoy Nagar, Chennai, Tamil Nadu 600030, India",https://www.google.co.kr/maps/place/Smt.+T.K.+Lakshmi+Ammal+and+Smt.+T.K.+Alamelu+Ammal+Sankara+Nethralaya-+Vision+Enhancement+Clinic/data=!4m5!3m4!1s0x3a526681819b8f65:0x68f6615324d0cc28!8m2!3d13.0777925!4d80.2268458?authuser=0&hl=en&rclk=1,13.0777925,80.2268458,Tamil Nadu
Rakshith Hospital,General hospital,"Sri Sai Square, 153, Arcot Rd, Valasaravakkam, Chennai, Tamil Nadu 600087, India",https://www.google.co.kr/maps/place/Rakshith+Hospital/data=!4m5!3m4!1s0x3a52612deaaaaaab:0x7dace72f9cd5e1d0!8m2!3d13.0424706!4d80.1775086?authuser=0&hl=en&rclk=1,13.0424706,80.1775086,Tamil Nadu
Dr.Ramanan LUNG CLINIC,Pulmonologist,"8, V.N NAGAR main road, Karur Main Rd, near Atlas Hospital, Chinthamani, Tiruchirappalli, Tamil Nadu 620002, India",https://www.google.co.kr/maps/place/Dr.Ramanan+LUNG+CLINIC/data=!4m5!3m4!1s0x3baaf5b7574d6191:0x7d4785f207834da4!8m2!3d10.8324987!4d78.6910155?authuser=0&hl=en&rclk=1,10.8324987,78.6910155,Tamil Nadu
Nutrition India,Doctor,"Thuraiyur, Tamil Nadu 621010, India",https://www.google.co.kr/maps/place/Nutrition+India/data=!4m5!3m4!1s0x3bababed348b3857:0xbda63491f0074941!8m2!3d11.1411685!4d78.5879218?authuser=0&hl=en&rclk=1,11.1411685,78.5879218,Tamil Nadu
"Hospital Annexe, CMC",Hospital,"W4FP+PJR, Vellore, Tamil Nadu 632004, India","https://www.google.co.kr/maps/place/Hospital+Annexe,+CMC/data=!4m5!3m4!1s0x3bad3894bf57511f:0x42ef8094373a392d!8m2!3d12.9243698!4d79.136529?authuser=0&hl=en&rclk=1",12.9243698,79.136529,Tamil Nadu
Government Hospital,Hospital,"8W89+2GM, Perambalur, Tamil Nadu 621115, India",https://www.google.co.kr/maps/place/Government+Hospital/data=!4m5!3m4!1s0x3bab1a07f30d5bef:0xad1961e153c58062!8m2!3d11.3150881!4d78.9187891?authuser=0&hl=en&rclk=1,11.3150881,78.9187891,Tamil Nadu
Cmc Hospital,Hospital,"4, Thiruvalluvar Salai, Raghavendra Nagar, Nesapakkam, Chennai, Tamil Nadu 600083, India",https://www.google.co.kr/maps/place/Cmc+Hospital/data=!4m5!3m4!1s0x3a5266d4947dd407:0x7dee4a8dcf04a!8m2!3d13.0379546!4d80.189227?authuser=0&hl=en&rclk=1,13.0379546,80.189227,Tamil Nadu
Trichy Fetal Medicine Centre & Fertility Centre,Fertility clinic,"MRC Complex, D17, 7th Cross Rd E, Thillai Nagar, Tiruchirappalli, Tamil Nadu 620018, India",https://www.google.co.kr/maps/place/Trichy+Fetal+Medicine+Centre+%26+Fertility+Centre/data=!4m5!3m4!1s0x3baaf5a400e45131:0x543a313745a413a7!8m2!3d10.82254!4d78.6853481?authuser=0&hl=en&rclk=1,10.82254,78.6853481,Tamil Nadu
CHILDRENS HOSPITAL,Hospital,"4HQR+4JW, Thuraiyur, Tamil Nadu 621010, India",https://www.google.co.kr/maps/place/CHILDRENS+HOSPITAL/data=!4m5!3m4!1s0x3babab3852a6de91:0x85e53e240facc407!8m2!3d11.1378742!4d78.5915716?authuser=0&hl=en&rclk=1,11.1378742,78.5915716,Tamil Nadu
Jeyam Nursing home,Maternity hospital,"Maternity hospital on Thiruthanthoni road, Thiru Thanthondri Temple St, Woraiyur, Tiruchirappalli, Tamil Nadu 620003, India",https://www.google.co.kr/maps/place/Jeyam+Nursing+home/data=!4m5!3m4!1s0x3baaf597adb1cd03:0x99454a081dd58d4e!8m2!3d10.8301025!4d78.6773121?authuser=0&hl=en&rclk=1,10.8301025,78.6773121,Tamil Nadu
kumaran clinic & Nursing Home,Hospital,"5H2V+2XC, Thuraiyur, Tamil Nadu 621010, India",https://www.google.co.kr/maps/place/kumaran+clinic+%26+Nursing+Home/data=!4m5!3m4!1s0x3babab1686c690e1:0xaba8211e11def220!8m2!3d11.150069!4d78.5948858?authuser=0&hl=en&rclk=1,11.150069,78.5948858,Tamil Nadu
Hospital,Hospital,"XR27+FM6, Tiruchirappalli, Tamil Nadu 621712, India",https://www.google.co.kr/maps/place/Hospital/data=!4m5!3m4!1s0x3baaf074e964245b:0x5ec900c85c4c8b22!8m2!3d10.9511711!4d78.8141514?authuser=0&hl=en&rclk=1,10.9511711,78.8141514,Tamil Nadu
NR Hospital,Hospital,"Market Rd, near old Post Office, Thuraiyur, Tamil Nadu 621010, India",https://www.google.co.kr/maps/place/NR+Hospital/data=!4m5!3m4!1s0x3babab16934cf169:0x4d13a274cccfc630!8m2!3d11.1508506!4d78.5958816?authuser=0&hl=en&rclk=1,11.1508506,78.5958816,Tamil Nadu
"trichy Govt hospital Tiruchirappalli, Tamil Nadu",Hospital,"Pedestrian Overpass, Lalgudi, Tamil Nadu 621601, India","https://www.google.co.kr/maps/place/trichy+Govt+hospital+Tiruchirappalli,+Tamil+Nadu/data=!4m5!3m4!1s0x3baaf18d361ad841:0x26fb8f2febb40317!8m2!3d10.8756432!4d78.8152099?authuser=0&hl=en&rclk=1",10.8756432,78.8152099,Tamil Nadu
Edumalai Government Hospital,Hospital,"MDR371, Tamil Nadu 621007, India",https://www.google.co.kr/maps/place/Edumalai+Government+Hospital/data=!4m5!3m4!1s0x3baaff386a0635b3:0xa8a610602e9fe738!8m2!3d11.0506267!4d78.7303213?authuser=0&hl=en&rclk=1,11.0506267,78.7303213,Tamil Nadu
CETHAR HOSPITALS,General hospital,"No-C-108 Fort Station Road, 5th Cross Rd, Thillai Nagar, Tiruchirappalli, Tamil Nadu 620018, India",https://www.google.co.kr/maps/place/CETHAR+HOSPITALS/data=!4m5!3m4!1s0x3baaf5a396694093:0x3b05fbdb469bf1de!8m2!3d10.8240522!4d78.6843452?authuser=0&hl=en&rclk=1,10.8240522,78.6843452,Tamil Nadu
Government Hospital,Hospital,"9V56+JMG, Perambalur, Tamil Nadu 621116, India",https://www.google.co.kr/maps/place/Government+Hospital/data=!4m5!3m4!1s0x3bab11b544a3abf5:0xd1426a31e86a89!8m2!3d11.3590737!4d78.8616962?authuser=0&hl=en&rclk=1,11.3590737,78.8616962,Tamil Nadu
divyapriya hospital,Hospital,"5H2X+56X, Kuttakkarai, Thuraiyur, Tamil Nadu 621010, India",https://www.google.co.kr/maps/place/divyapriya+hospital/data=!4m5!3m4!1s0x3babab1974b693b1:0x74057e25ffbfa3af!8m2!3d11.150486!4d78.5981175?authuser=0&hl=en&rclk=1,11.150486,78.5981175,Tamil Nadu
MADHAVAN HOSPITAL,Hospital,"5H2V+QQH, Thuraiyur, Tamil Nadu 621010, India",https://www.google.co.kr/maps/place/MADHAVAN+HOSPITAL/data=!4m5!3m4!1s0x3babab16a80386ab:0xdb3bebe7d77c8b5!8m2!3d11.1519315!4d78.5944926?authuser=0&hl=en&rclk=1,11.1519315,78.5944926,Tamil Nadu
"Govt Hospital, krishnapuram",Hospital,"9QPQ+F6R, Venganur, Tamil Nadu 621116, India","https://www.google.co.kr/maps/place/Govt+Hospital,+krishnapuram/data=!4m5!3m4!1s0x3bab0f1a43782479:0xb2155faca4507921!8m2!3d11.3862254!4d78.7880062?authuser=0&hl=en&rclk=1",11.3862254,78.7880062,Tamil Nadu
M.S hospital - obstetrician / Infertility / Genetic Counselling Center,Specialized hospital,"Butterworth Rd, Tiruchirappalli, Tamil Nadu 620002, India",https://www.google.co.kr/maps/place/M.S+hospital+-+obstetrician+%2F+Infertility+%2F+Genetic+Counselling+Center/data=!4m5!3m4!1s0x3baaf5b1870c0e6f:0xaa5bcd5e8f41018a!8m2!3d10.8305342!4d78.6964904?authuser=0&hl=en&rclk=1,10.8305342,78.6964904,Tamil Nadu
"Divisional Railway Hospital, Golden Rock",Hospital,"QPMG+R47, Railway Colony, Tiruchirappalli, Tamil Nadu 620004, India","https://www.google.co.kr/maps/place/Divisional+Railway+Hospital,+Golden+Rock/data=!4m5!3m4!1s0x3baaf4b806ff405f:0x5634a3699ea20636!8m2!3d10.7845469!4d78.7253012?authuser=0&hl=en&rclk=1",10.7845469,78.7253012,Tamil Nadu
CTS Speciality Clinic - Tiruvannamalai,Orthopedic surgeon,"1443-C, Kanji - Tiruvannamalai Rd, Kubera Nagar, Vengikkal, Tiruvannamalai, Tamil Nadu 606604, India",https://www.google.co.kr/maps/place/CTS+Speciality+Clinic+-+Tiruvannamalai/data=!4m5!3m4!1s0x3bacc15dddb28cf5:0x3ada4ba4ca952d87!8m2!3d12.2564913!4d79.0584281?authuser=0&hl=en&rclk=1,12.2564913,79.0584281,Tamil Nadu
Apollo Hospital,Hospital,"Bypass Road, Mahalakshmi Nagar, Palpannai, Tamil Nadu, India",https://www.google.co.kr/maps/place/Apollo+Hospital/data=!4m5!3m4!1s0x3baaf543796ce4cb:0xf5ea5b69357738f8!8m2!3d10.8079042!4d78.7093556?authuser=0&hl=en&rclk=1,10.8079042,78.7093556,Tamil Nadu
Government Hospital,Hospital,"pallakadu road ,poolambadi, Tamil Nadu 621110, India",https://www.google.co.kr/maps/place/Government+Hospital/data=!4m5!3m4!1s0x3bab0bce85a48f4b:0x5f186f53ae31e983!8m2!3d11.4113376!4d78.708533?authuser=0&hl=en&rclk=1,11.4113376,78.708533,Tamil Nadu
HM HOSPITAL,Hospital,"Ricemill St, Tamil Nadu 621004, India",https://www.google.co.kr/maps/place/HM+HOSPITAL/data=!4m5!3m4!1s0x3baa555558a3fa19:0x8b4b201afb695df5!8m2!3d11.1261438!4d78.6568695?authuser=0&hl=en&rclk=1,11.1261438,78.6568695,Tamil Nadu
Chengalpattu Government Hospital,Hospital,"SH58, Anna Nagar, Chengalpattu, Tamil Nadu 603001, India",https://www.google.co.kr/maps/place/Chengalpattu+Government+Hospital/data=!4m5!3m4!1s0x3a52fc41d2132b3f:0x3044fbb60ed0bdff!8m2!3d12.6839954!4d79.9833484?authuser=0&hl=en&rclk=1,12.6839954,79.9833484,Tamil Nadu
Gov. Hospital,Hospital,"9R2V+W39, Brumadesam, Tamil Nadu 621116, India",https://www.google.co.kr/maps/place/Gov.+Hospital/data=!4m5!3m4!1s0x3bab1157e4750717:0xf44f3df39ef7fa57!8m2!3d11.3522894!4d78.8427256?authuser=0&hl=en&rclk=1,11.3522894,78.8427256,Tamil Nadu
Dhanalakshmi Hospital,Hospital,"Perambalur, Sungu Pettai, Perambalur, Tamil Nadu 621212, India",https://www.google.co.kr/maps/place/Dhanalakshmi+Hospital/data=!4m5!3m4!1s0x3bab1b79c96e7ccd:0x723a75c4c448a885!8m2!3d11.2347528!4d78.8803074?authuser=0&hl=en&rclk=1,11.2347528,78.8803074,Tamil Nadu
Doctors Diagonostic Centre மருத்துவர்கள் கண்டறியும் இடம்,Diagnostic center,"123, Puthur High Rd, Tennur, Tiruchirappalli, Tamil Nadu 620018, India",https://www.google.co.kr/maps/place/Doctors+Diagonostic+Centre+%E0%AE%AE%E0%AE%B0%E0%AF%81%E0%AE%A4%E0%AF%8D%E0%AE%A4%E0%AF%81%E0%AE%B5%E0%AE%B0%E0%AF%8D%E0%AE%95%E0%AE%B3%E0%AF%8D+%E0%AE%95%E0%AE%A3%E0%AF%8D%E0%AE%9F%E0%AE%B1%E0%AE%BF%E0%AE%AF%E0%AF%81%E0%AE%AE%E0%AF%8D+%E0%AE%87%E0%AE%9F%E0%AE%AE%E0%AF%8D/data=!4m5!3m4!1s0x3baaf57500000001:0x8d05c05a980b4e89!8m2!3d10.8204372!4d78.6765618?authuser=0&hl=en&rclk=1,10.8204372,78.6765618,Tamil Nadu
RHEUMATIC CARE CENTRE,Rheumatologist,"12/69, Pattabiraman Salai, Anna Nagar, Tennur, Tiruchirappalli, Tamil Nadu 620017, India",https://www.google.co.kr/maps/place/RHEUMATIC+CARE+CENTRE/data=!4m5!3m4!1s0x3baaf50a8d9e17e7:0x13225e2608766a16!8m2!3d10.815391!4d78.6817642?authuser=0&hl=en&rclk=1,10.815391,78.6817642,Tamil Nadu
Cardiac surgeon,Heart hospital,"No. 154, Fortis hospital, 9, Bannerghatta Main Rd, Bengaluru, Karnataka 560076, India",https://www.google.co.kr/maps/place/Cardiac+surgeon/data=!4m5!3m4!1s0x3bae6beb2cd2f39b:0x35744c00f0337ccd!8m2!3d12.8947684!4d77.5986151?authuser=0&hl=en&rclk=1,12.8947684,77.5986151,Tamil Nadu
Miot International,Diagnostic center,"JCQH+724, Korlagunta, Tirupati, Andhra Pradesh 517501, India",https://www.google.co.kr/maps/place/Miot+International/data=!4m5!3m4!1s0x3a4d4baa50ebfb13:0xe80282cd76732bdf!8m2!3d13.6381365!4d79.4275763?authuser=0&hl=en&rclk=1,13.6381365,79.4275763,Tamil Nadu
Chellammal Manpaanai Samayal,·₩₩,"28, Officers Colony Road, opp. Government Hospital, Puthur, Tennur, Tiruchirappalli, Tamil Nadu 620017, India",https://www.google.co.kr/maps/place/Chellammal+Manpaanai+Samayal/data=!4m5!3m4!1s0x3baaf574d6e5354d:0xfc9666232b07cdef!8m2!3d10.8136651!4d78.6791273?authuser=0&hl=en&rclk=1,10.8136651,78.6791273,Tamil Nadu
