Company_Name,Category,Address,Url,latitude,longtitude
Dr Chetana Naik Ear Nose Throat & Vertigo Clinic,Medical clinic,"F58,First floor, Vikrant building (lll), above SBI bank, Malbhat, Margao, Goa 403601, India",https://www.google.co.kr/maps/place/Dr+Chetana+Naik+Ear+Nose+Throat+%26+Vertigo+Clinic/data=!4m5!3m4!1s0x3bbfb3013cbd7031:0x16ba2834cd585ab5!8m2!3d15.2703247!4d73.9637848?authuser=0&hl=en&rclk=1,15.2703247,73.9637848
Manipal Hospitals Goa,Private hospital,"Panaji, Dr E Borges Rd, Dona Paula, Goa 403004, India",https://www.google.co.kr/maps/place/Manipal+Hospitals+Goa/data=!4m5!3m4!1s0x3bbfc0cb6f59b763:0x5fef15ef316a7759!8m2!3d15.4600059!4d73.813462?authuser=0&hl=en&rclk=1,15.4600059,73.813462
Polyclinic,Medical clinic,"Azad Maidan, Rua Do Ormuz, Opposite Bank Of India, Panaji, Panaji, Goa, 403001, India",https://www.google.co.kr/maps/place/Polyclinic/data=!4m5!3m4!1s0x3bbfc08e645c34e5:0xec878a6ff8e88d1e!8m2!3d15.4955876!4d73.8251581?authuser=0&hl=en&rclk=1,15.4955876,73.8251581
Navchaitanya madkaikar clinic old goa,Medical clinic,"H.NO 290/1 ASHIYANA, behind BOM JESUS CHURCH, ELLLA, Goa Velha, Goa 403402, India",https://www.google.co.kr/maps/place/Navchaitanya+madkaikar+clinic+old+goa/data=!4m5!3m4!1s0x3bbfbf75c7044ec3:0x627e3cb07d3dc7d2!8m2!3d15.4995664!4d73.9124987?authuser=0&hl=en&rclk=1,15.4995664,73.9124987
Gracias Clinic,Medical clinic,"Anandi Building, Chaudi, Canacona, Goa 403702, India",https://www.google.co.kr/maps/place/Gracias+Clinic/data=!4m5!3m4!1s0x3bbe5abc7e99416d:0x5b1612794ea1d190!8m2!3d15.0070604!4d74.0479772?authuser=0&hl=en&rclk=1,15.0070604,74.0479772
Dr Subhash Shikre Clinic,Free clinic,"Panaji, Goa 403001, India",https://www.google.co.kr/maps/place/Dr+Subhash+Shikre+Clinic/data=!4m5!3m4!1s0x3bbfc1d7454f916d:0xbb4098997e8a6459!8m2!3d15.4905463!4d73.8325372?authuser=0&hl=en&rclk=1,15.4905463,73.8325372
Panjim Multispeciality Clinic,Gynecologist,"S-3, 2nd Floor, Above Crossword Book Store, Landscape Excelsior Building Opposite Kala Academy Exit Gate, No. 1, Dayanand Bandodkar Marg, Campal, Panaji, Goa 403001, India",https://www.google.co.kr/maps/place/Panjim+Multispeciality+Clinic/data=!4m5!3m4!1s0x3bbfc16ea36eb807:0x9492799fa9a52e8a!8m2!3d15.4926341!4d73.817775?authuser=0&hl=en&rclk=1,15.4926341,73.817775
Klink Jana,Medical clinic,"102, Pasheco Complex, Margao, Margao, next to Popular High School, Goa, 403601, India",https://www.google.co.kr/maps/place/Klink+Jana/data=!4m5!3m4!1s0x3bbfb3e9c143a8a7:0x4367135a4f52f4bb!8m2!3d15.2743352!4d73.956091?authuser=0&hl=en&rclk=1,15.2743352,73.956091
AUMEO CLINIC,Medical clinic,"Shop no 03, Bhanav Apartments, Dr P Shivgaonkar Rd, Near Mahalaxmi Temple, Altinho, Panaji, Goa 403001, India",https://www.google.co.kr/maps/place/AUMEO+CLINIC/data=!4m5!3m4!1s0x3bbfc08ebe4f22fd:0x2b0f663dfe8327a4!8m2!3d15.4967145!4d73.8259853?authuser=0&hl=en&rclk=1,15.4967145,73.8259853
Victor Hospital,General hospital,"Old Station Rd, near Carmelite Monastery, Malbhat, Margao, Goa 403601, India",https://www.google.co.kr/maps/place/Victor+Hospital/data=!4m5!3m4!1s0x3bbfb3c6c5c4520d:0xa4045e195fdd67b3!8m2!3d15.2689598!4d73.9663188?authuser=0&hl=en&rclk=1,15.2689598,73.9663188
Divine Medical Center,Travel clinic,"S1, S2&S5, 2nd FLR,, Kamat Commercial,, near Hari Mandir, Margao, Goa 403601, India",https://www.google.co.kr/maps/place/Divine+Medical+Center/data=!4m5!3m4!1s0x3bbfb3c230981245:0xf4b37b8fc73dbcf8!8m2!3d15.2714667!4d73.9617392?authuser=0&hl=en&rclk=1,15.2714667,73.9617392
Modern Clinic,Medical clinic,"Near Aldona Taxi Stand, Mapusa, Mapusa, Goa, 403507, India",https://www.google.co.kr/maps/place/Modern+Clinic/data=!4m5!3m4!1s0x3bbfeae2fae1f7d9:0x6d4b0f540391957!8m2!3d15.5920368!4d73.808983?authuser=0&hl=en&rclk=1,15.5920368,73.808983
Pai Hospital,Women's health clinic,"Pai Hospital, Vaddem, Vasco da Gama, Goa 403802, India",https://www.google.co.kr/maps/place/Pai+Hospital/data=!4m5!3m4!1s0x3bbfc791fa1643e5:0xc6fbe85cb7ff3642!8m2!3d15.3974905!4d73.8294358?authuser=0&hl=en&rclk=1,15.3974905,73.8294358
Devki Clinic,Medical clinic,"InezChurch, Infront of Gomant Press, Meera Building, 1st Floor, St Inez Rd, Panaji, Goa 403001, India",https://www.google.co.kr/maps/place/Devki+Clinic/data=!4m5!3m4!1s0x3bbfc08e645c34e5:0x8957dc8e4021313b!8m2!3d15.4917226!4d73.8206727?authuser=0&hl=en&rclk=1,15.4917226,73.8206727
"Pain clinic Of India Pvt Ltd, Padma Clinic, Goa branch",Medical clinic,"Padma Spine and Pain Clinic, above Caro Comfort, Malbhat, Margao, Goa 403601, India","https://www.google.co.kr/maps/place/Pain+clinic+Of+India+Pvt+Ltd,+Padma+Clinic,+Goa+branch/data=!4m5!3m4!1s0x3bbfb3e825e83695:0x1a6a8fb3a80e2b05!8m2!3d15.270121!4d73.965409?authuser=0&hl=en&rclk=1",15.270121,73.965409
Bhobe Clinic,Medical clinic,"B-107, Saldanha Towers, Duler-Marna-Siolim Rd, Dangui Colony, Altinho, Mapusa, Goa 403507, India",https://www.google.co.kr/maps/place/Bhobe+Clinic/data=!4m5!3m4!1s0x3bbfeae1e8b5d1a3:0xc7934895bbe74cda!8m2!3d15.593838!4d73.813622?authuser=0&hl=en&rclk=1,15.593838,73.813622
Ponda Clinic,Medical clinic,"336, Dulapi, Corlim, Corlim, Goa, 403110, India",https://www.google.co.kr/maps/place/Ponda+Clinic/data=!4m5!3m4!1s0x3bbfbe8300000001:0xc46d07ae317a1fa3!8m2!3d15.5040835!4d73.9330429?authuser=0&hl=en&rclk=1,15.5040835,73.9330429
Dr Mahendra Kare Clinic,Doctor,"2C, 2nd Floor, Arjuntree One Appartment, Nr BSNL Telephone Exchange, Comba, Margao, Goa 403601, India",https://www.google.co.kr/maps/place/Dr+Mahendra+Kare+Clinic/data=!4m5!3m4!1s0x3bbfb3e99a3e3a31:0x512a8e6f9709507b!8m2!3d15.2722122!4d73.9555028?authuser=0&hl=en&rclk=1,15.2722122,73.9555028
Health Care Clinic,Medical clinic,"F12, Rizimplaza, Near Fish Market, Morod, Mapusa, Goa, 403507, India",https://www.google.co.kr/maps/place/Health+Care+Clinic/data=!4m5!3m4!1s0x3bbfeae69e615e1d:0x95a1ce365b705a5f!8m2!3d15.587164!4d73.812665?authuser=0&hl=en&rclk=1,15.587164,73.812665
Dr Milind Colvalcar's Mapusa Clinic Medical Centre,Hospital,"High School, near St. Brittos, Dangui Colony, Mapusa, Goa 403507, India",https://www.google.co.kr/maps/place/Dr+Milind+Colvalcar's+Mapusa+Clinic+Medical+Centre/data=!4m5!3m4!1s0x3bbfeae229d521cd:0x6d04665be1ab4fad!8m2!3d15.5920059!4d73.8121629?authuser=0&hl=en&rclk=1,15.5920059,73.8121629
Ayurclinic Goa,Ayurvedic clinic,"Baga Creek, Between ""Royal Goan Beach Club"" and ""Lila Café"", Arpora, Calangute,Goa, Goa 403521, India",https://www.google.co.kr/maps/place/Ayurclinic+Goa/data=!4m5!3m4!1s0x3bbfea21d62a4623:0x618e5741403001!8m2!3d15.5680602!4d73.7525427?authuser=0&hl=en&rclk=1,15.5680602,73.7525427
Goaclinic24x7,Medical clinic,"Mandrem Beach Rd, Junaswada, Pernem, Mandrem, Goa 403527, India",https://www.google.co.kr/maps/place/Goaclinic24x7/data=!4m5!3m4!1s0x3bbfeeefbf928b19:0x15d2f6a562aeb5a0!8m2!3d15.6651526!4d73.7140636?authuser=0&hl=en&rclk=1,15.6651526,73.7140636
Goa Pain Clinic,Pain control clinic,"PERPETUA B,NEAR DR.RITA'S CLINIC,NH17 ROAD PORVORIM, near ALCONHYUNDAI SHOWROOM, Goa 403501, India",https://www.google.co.kr/maps/place/Goa+Pain+Clinic/data=!4m5!3m4!1s0x3bbfc01f217ba1a9:0xe73bf1f0933dc2e!8m2!3d15.5447156!4d73.8206692?authuser=0&hl=en&rclk=1,15.5447156,73.8206692
Dr.pooja gupta gynecologist clinic,Abortion clinic,"Javed khan havecim shirvodem house no 9, Goa 403601, India",https://www.google.co.kr/maps/place/Dr.pooja+gupta+gynecologist+clinic/data=!4m5!3m4!1s0x3bbfb375e22a9773:0x9ccb401098528e2!8m2!3d15.2638917!4d73.9587593?authuser=0&hl=en&rclk=1,15.2638917,73.9587593
Sapna Clinic,Medical clinic,"Sapana Clinic, House No.149, Alto - Dabolim, Bogmalo, Junction, Dabolim, Goa 403801, India",https://www.google.co.kr/maps/place/Sapna+Clinic/data=!4m5!3m4!1s0x3bbfb962ef835b15:0xf51cc5de6d66f33b!8m2!3d15.388422!4d73.8481902?authuser=0&hl=en&rclk=1,15.388422,73.8481902
"Dr Prakash Verekar Acupuncture Goa , Clinic Tato",Acupuncture clinic,"Prudential Palms, Clinic Tato Shop no 12, Chogm Rd, Alto Porvorim, Goa, 403501, India","https://www.google.co.kr/maps/place/Dr+Prakash+Verekar+Acupuncture+Goa+,+Clinic+Tato/data=!4m5!3m4!1s0x3bbfc01650e37f49:0x45780429fa78fb51!8m2!3d15.5349536!4d73.8208207?authuser=0&hl=en&rclk=1",15.5349536,73.8208207
Bone and Body Clinic Goa,Physical therapy clinic,"263, Ponsulem, Canacona, Goa 403702, India",https://www.google.co.kr/maps/place/Bone+and+Body+Clinic+Goa/data=!4m5!3m4!1s0x3bbe5ab8d7ce63a3:0x1dd16a11e1d7a768!8m2!3d15.0015205!4d74.0470603?authuser=0&hl=en&rclk=1,15.0015205,74.0470603
Aumeo Clinic,Medical clinic,"105-Durga Chambers, 1st Floor - Above World of Titan, 001, 18th June Rd, near Bombay Bazaar, Panaji, Goa PIN 403, India",https://www.google.co.kr/maps/place/Aumeo+Clinic/data=!4m5!3m4!1s0x3bbfc08c31dae485:0xe3a9f4c2c43356b!8m2!3d15.4964075!4d73.823489?authuser=0&hl=en&rclk=1,15.4964075,73.823489
Dr.Pradeep Health Clinic,Medical clinic,"HQXC+J2P, Bouta Waddo, Assagao, Goa 403507, India",https://www.google.co.kr/maps/place/Dr.Pradeep+Health+Clinic/data=!4m5!3m4!1s0x3bbfebc9c637d7a5:0xf01d94f4461986c!8m2!3d15.5990758!4d73.7700699?authuser=0&hl=en&rclk=1,15.5990758,73.7700699
Good Shepherd Healthcare,Medical clinic,"218, Gera Imperium Grand, patto, near Krishnadas Shama State Central Library, Panaji, Goa 403001, India",https://www.google.co.kr/maps/place/Good+Shepherd+Healthcare/data=!4m5!3m4!1s0x3bbfc084e9148549:0x77e3d38e297dea!8m2!3d15.4950354!4d73.8337972?authuser=0&hl=en&rclk=1,15.4950354,73.8337972
Zuari Clinic,Medical clinic,"MPQ6+249, Arambol, Goa 403519, India",https://www.google.co.kr/maps/place/Zuari+Clinic/data=!4m5!3m4!1s0x3bbfefcf56d3f5c3:0x3d4a1be90ac7dde7!8m2!3d15.6875315!4d73.7103512?authuser=0&hl=en&rclk=1,15.6875315,73.7103512
Arya Clinic,Medical clinic,"Ag-5, Casa Immaculada, Opposite Chiky Chowky, Panaji, Panaji, Goa, 403001, India",https://www.google.co.kr/maps/place/Arya+Clinic/data=!4m5!3m4!1s0x3bbfc08e645c34e5:0xcf2eee9259425131!8m2!3d15.4955876!4d73.8251581?authuser=0&hl=en&rclk=1,15.4955876,73.8251581
Dr Belani's Blue Shield Medical Clinic,Walk-in clinic,"1st Floor, Crossroads Avenue, Commercial Plaza, Margao Bypass, Arlem, Margao, Goa 403602, India",https://www.google.co.kr/maps/place/Dr+Belani's+Blue+Shield+Medical+Clinic/data=!4m5!3m4!1s0x3bbfb17b059528d3:0x52c88bb6ac26be10!8m2!3d15.2962832!4d73.973726?authuser=0&hl=en&rclk=1,15.2962832,73.973726
St Joseph's Clinic,Medical clinic,"Piedada Building, Sao Jose de Areal, Goa 403709, India",https://www.google.co.kr/maps/place/St+Joseph's+Clinic/data=!4m5!3m4!1s0x3bbfb2662eece553:0xb49467dc242a3c77!8m2!3d15.2565607!4d74.009917?authuser=0&hl=en&rclk=1,15.2565607,74.009917
Sushrutzi Dr Dhulapkar's Hospital,Private hospital,"Ponda - Panaji Rd, behind Indian Overseas Bank, Carambolim, Corlim, Goa 403110, India",https://www.google.co.kr/maps/place/Sushrutzi+Dr+Dhulapkar's+Hospital/data=!4m5!3m4!1s0x3bbfbe9c46957c8f:0x9a3b499da4b42900!8m2!3d15.4972637!4d73.9320968?authuser=0&hl=en&rclk=1,15.4972637,73.9320968
Nirmal clinic,Medical clinic,"Chase Chamber, 2nd, Opp. Hotel Lapaz Gardens, Vaddem, Vasco da Gama, Goa 403802, India",https://www.google.co.kr/maps/place/Nirmal+clinic/data=!4m5!3m4!1s0x3bbfc74b399b769b:0x8880a4eead26d427!8m2!3d15.3975711!4d73.8143348?authuser=0&hl=en&rclk=1,15.3975711,73.8143348
Medical Clinic,Medical clinic,"119, Querim–Arambol–Agarwada Rd, Mandrem, Goa 403527, India",https://www.google.co.kr/maps/place/Medical+Clinic/data=!4m5!3m4!1s0x3bbfeeed28f17861:0x89e1fa6fec2586a0!8m2!3d15.6647744!4d73.7236302?authuser=0&hl=en&rclk=1,15.6647744,73.7236302
Dr. Batra's Positive Health Clinic Private Limited,Medical clinic,"Isidore Baptista Road, Pajifond, Gurusai Plaza, 1st floor,Above Woodland Showroom, Goa, 403601, India",https://www.google.co.kr/maps/place/Dr.+Batra's+Positive+Health+Clinic+Private+Limited/data=!4m5!3m4!1s0x3bbfb3c3b2624da5:0xe320e9272ca85241!8m2!3d15.272629!4d73.962627?authuser=0&hl=en&rclk=1,15.272629,73.962627
Acupuncture and Matrix Clinic Goa,Acupuncture clinic,"Pramila Apartments, behind Chodankar Hospital, Alto Porvorim, Penha de França, Goa 403521, India",https://www.google.co.kr/maps/place/Acupuncture+and+Matrix+Clinic+Goa/data=!4m5!3m4!1s0x3bbfc01323a1d163:0xcf4ff36b5aa467ee!8m2!3d15.5286433!4d73.8266676?authuser=0&hl=en&rclk=1,15.5286433,73.8266676
A. V. Da Costa Memorial Clinic,General hospital,"Near Nehru Stadium, Fatorda, Goa 403602, India",https://www.google.co.kr/maps/place/A.+V.+Da+Costa+Memorial+Clinic/data=!4m5!3m4!1s0x3bbfb160f4ce1e57:0xd8eab723a7d359c6!8m2!3d15.2905285!4d73.9609912?authuser=0&hl=en&rclk=1,15.2905285,73.9609912
Ashirwad Clinic,Walk-in clinic,"Block A first floor Ashirwad Residency Pazentar Cortalim, Cortalim, Goa 403710, India",https://www.google.co.kr/maps/place/Ashirwad+Clinic/data=!4m5!3m4!1s0x3bbfb9257134cfa1:0x5bd447e18af21ef!8m2!3d15.3916236!4d73.9178079?authuser=0&hl=en&rclk=1,15.3916236,73.9178079
Healthway Hospital Old Goa,Hospital,"FWP6+85C, Bainguinim, Goa 403110, India",https://www.google.co.kr/maps/place/Healthway+Hospital+Old+Goa/data=!4m5!3m4!1s0x3bbfbf3ae6d3c6d1:0xe0f6c6e95d47b012!8m2!3d15.4858064!4d73.9103819?authuser=0&hl=en&rclk=1,15.4858064,73.9103819
5 elements clinic,Medical clinic,"First Floor ,Palolem-Agonda y junction, opposite Premdutta Wine Shop, Goa 403702, India",https://www.google.co.kr/maps/place/5+elements+clinic/data=!4m5!3m4!1s0x3bbe5aad035d5e0f:0xca1acbe4cd3019fb!8m2!3d15.01121!4d74.0320173?authuser=0&hl=en&rclk=1,15.01121,74.0320173
Diet Clinic,Medical clinic,"Shop No. 23, Pai Bhawan, St Inez Rd, Tonca, Miramar, Panaji, Goa 403001, India",https://www.google.co.kr/maps/place/Diet+Clinic/data=!4m5!3m4!1s0x3bbfc0c1fdfe1b3b:0xcc5a9d4d71c3d113!8m2!3d15.4807015!4d73.8130678?authuser=0&hl=en&rclk=1,15.4807015,73.8130678
Modern Clinic,Medical clinic,"Market Rd, Opposite Urban Co-Operative Bank, Angod, Mapusa, Goa, 403507, India",https://www.google.co.kr/maps/place/Modern+Clinic/data=!4m5!3m4!1s0x3bbfeae152786f11:0xcbc07cdfcead88b3!8m2!3d15.5890872!4d73.8132192?authuser=0&hl=en&rclk=1,15.5890872,73.8132192
Healthway Hospitals Goa,Hospital,"Plot No 132/1 (Part), Ella Village, Kadamba Plateau, Goa Velha, Goa 403402, India",https://www.google.co.kr/maps/place/Healthway+Hospitals+Goa/data=!4m5!3m4!1s0x3bbfbec0603bc0cb:0xf20292b81bd11b89!8m2!3d15.4856164!4d73.9111814?authuser=0&hl=en&rclk=1,15.4856164,73.9111814
"RichFeel Trichology Center - Best Hair Transplant & Hair Loss, Hair Fall Treatment in Goa (Laser Facial Hair Removal)",Medical Center,"Dempo Vision, La Campala Colony, Miramar, near Magsons Supercenter, Panaji, Goa 403001, India","https://www.google.co.kr/maps/place/RichFeel+Trichology+Center+-+Best+Hair+Transplant+%26+Hair+Loss,+Hair+Fall+Treatment+in+Goa+(Laser+Facial+Hair+Removal)/data=!4m5!3m4!1s0x3bbfc0ec0d7fa44d:0xdfad64e35a4807d3!8m2!3d15.487385!4d73.813793?authuser=0&hl=en&rclk=1",15.487385,73.813793
Spectrum Eye And Ent Clinic,Medical clinic,"basilios heights, st.inez, above basilios gym, Panaji, Goa, India",https://www.google.co.kr/maps/place/Spectrum+Eye+And+Ent+Clinic/data=!4m5!3m4!1s0x3bbfc093367355f1:0x605a42a6ae847505!8m2!3d15.488566!4d73.8187711?authuser=0&hl=en&rclk=1,15.488566,73.8187711
Dr A P Bandodkar Pain Healing Center,Pain management physician,"F-15, Near Big G Shopping Mall, Chamundi Apartments, Malbhat, Margao, Goa 403601, India",https://www.google.co.kr/maps/place/Dr+A+P+Bandodkar+Pain+Healing+Center/data=!4m5!3m4!1s0x3be7c81e94a31397:0x45f030b0f5cf614d!8m2!3d15.27186!4d73.9631?authuser=0&hl=en&rclk=1,15.27186,73.9631
Dr. Sanjay Khope,Doctor,"7XF6+V9G, Pajifond, Margao, Goa 403601, India",https://www.google.co.kr/maps/place/Dr.+Sanjay+Khope/data=!4m5!3m4!1s0x3bbfb327731f3297:0x5e4d71fb9ffcd8b8!8m2!3d15.2746946!4d73.9609634?authuser=0&hl=en&rclk=1,15.2746946,73.9609634
Madhavbaug Clinic - Panjim,Heart hospital,"Zarina towers, 2nd flr C block, St Inez, Panjim -, 403001, near Dr Lal Path lab, Panaji, Goa 403001, India",https://www.google.co.kr/maps/place/Madhavbaug+Clinic+-+Panjim/data=!4m5!3m4!1s0x3bbfc0937a6376f1:0x7bc4f5a6d1f2bbfd!8m2!3d15.4878226!4d73.8215918?authuser=0&hl=en&rclk=1,15.4878226,73.8215918
SHON Hijama Centre,Medical clinic,"Patto Centre Building, Shop No- 13, KTC bus stand, Patto Centre, Panaji, Goa 403501, India",https://www.google.co.kr/maps/place/SHON+Hijama+Centre/data=!4m5!3m4!1s0x3bbfc1748ce3a061:0xad86cd1a3e51f74e!8m2!3d15.4969429!4d73.8356519?authuser=0&hl=en&rclk=1,15.4969429,73.8356519
Navjeevan Clinic & Physiotherapy Center,Medical clinic,"Duler Ground Rd, Near Cine Alankar, Mapusa, Goa, 403507, India",https://www.google.co.kr/maps/place/Navjeevan+Clinic+%26+Physiotherapy+Center/data=!4m5!3m4!1s0x3bbfeae11206cf97:0x402eb7bcfb6dc78f!8m2!3d15.591113!4d73.814311?authuser=0&hl=en&rclk=1,15.591113,73.814311
Sofiya Clinic Mandrem,Hospital,"H No.-248(5), Madhalamaj Sofia clinic, Querim–Arambol–Agarwada Road, Mandrem, Goa 403527, India",https://www.google.co.kr/maps/place/Sofiya+Clinic+Mandrem/data=!4m5!3m4!1s0x3bbfeef20d953577:0xdc66be0d5c3de9ac!8m2!3d15.6677013!4d73.7195511?authuser=0&hl=en&rclk=1,15.6677013,73.7195511
Healthway Clinic,Medical clinic,"Margao Bypass, Borda, Margao, Goa 403601, India",https://www.google.co.kr/maps/place/Healthway+Clinic/data=!4m5!3m4!1s0x3bbfb3dd8faf524b:0x20da9060062edd0f!8m2!3d15.279733!4d73.9600648?authuser=0&hl=en&rclk=1,15.279733,73.9600648
Dr. Kusha Memorial Clinic And Dispensary,Medical clinic,"Suyog Residency, St Joaquim Road, Swami Vivekanand Society, Borda, Margao, Goa 403602, St Joaquim Road, Swami Vivekanand Society, Borda, Margao, Goa 403602, India",https://www.google.co.kr/maps/place/Dr.+Kusha+Memorial+Clinic+And+Dispensary/data=!4m5!3m4!1s0x3bbfb3d6999c6291:0xd0d46b91726b1c8c!8m2!3d15.284647!4d73.9765554?authuser=0&hl=en&rclk=1,15.284647,73.9765554
Goa Shipyard Clinic,Medical clinic,"Next, To Desterro Church Vasco, Vasco, Goa, 403802, India",https://www.google.co.kr/maps/place/Goa+Shipyard+Clinic/data=!4m5!3m4!1s0x3bbfc65454cf7065:0xdd2eb3be7e4a6223!8m2!3d15.4084064!4d73.791646?authuser=0&hl=en&rclk=1,15.4084064,73.791646
Dr. Joline's Clinic,Doctor,"opp. Jade Blue, Murida, Fatorda, Margao, Goa 403602, India",https://www.google.co.kr/maps/place/Dr.+Joline's+Clinic/data=!4m5!3m4!1s0x3bbfb162c27f3291:0x8b6eb66552acbef5!8m2!3d15.289888!4d73.9697511?authuser=0&hl=en&rclk=1,15.289888,73.9697511
Dr Kedar Padte,Doctor,"2nd Floor, Aakash Bhavan, Above Mapusa Urban Co-op Bank, Opp. Mathias Plaza, Panaji, Goa 403001, India",https://www.google.co.kr/maps/place/Dr+Kedar+Padte/data=!4m5!3m4!1s0x3bbfc08e645c34e5:0xf44f6e4864b0c1c8!8m2!3d15.496614!4d73.8233346?authuser=0&hl=en&rclk=1,15.496614,73.8233346
Adolescent Health Clinic,Medical Center,"Vagator Beach Rd, Deul Wado, Vagator, Goa, 403509, India",https://www.google.co.kr/maps/place/Adolescent+Health+Clinic/data=!4m5!3m4!1s0x3bbfe97cec347651:0x757f43522318e88c!8m2!3d15.5987789!4d73.7436888?authuser=0&hl=en&rclk=1,15.5987789,73.7436888
Dr.Mallya's Child Care Clinic,Medical clinic,"Kurtarkar Arcade, opposite Children's Park, Kazi Wada, Ponda, Goa 403401, India",https://www.google.co.kr/maps/place/Dr.Mallya's+Child+Care+Clinic/data=!4m5!3m4!1s0x3bbfba9573de1161:0x302bbac347d05bb1!8m2!3d15.4002572!4d74.0050217?authuser=0&hl=en&rclk=1,15.4002572,74.0050217
Dr. Neelam Borkar obstetrician gynecologist,Women's health clinic,"E 116,, Housing Board Rd, Gogol Housing Board, Margao, Goa 403601, India",https://www.google.co.kr/maps/place/Dr.+Neelam+Borkar+obstetrician+gynecologist/data=!4m5!3m4!1s0x3bbfb22c83b30a51:0x5b128ef1447de074!8m2!3d15.2836819!4d73.990057?authuser=0&hl=en&rclk=1,15.2836819,73.990057
Dr. Desai's Clinic,Medical clinic,"Pasaydan, Ground floor, St Joaquim Road, near CD Flower Valley, Borda, Margao, Goa 403602, India",https://www.google.co.kr/maps/place/Dr.+Desai's+Clinic/data=!4m5!3m4!1s0x3bbfb3d69cda974f:0x6745bd3474e7810c!8m2!3d15.2814235!4d73.9706056?authuser=0&hl=en&rclk=1,15.2814235,73.9706056
Galaxy Hospital Mapusa Goa,Private hospital,"JR47+86M, Mapusa, Goa 403519, India",https://www.google.co.kr/maps/place/Galaxy+Hospital+Mapusa+Goa/data=!4m5!3m4!1s0x3bbfeb19fda362a9:0xded12d6f905c6f2!8m2!3d15.6058396!4d73.813057?authuser=0&hl=en&rclk=1,15.6058396,73.813057
Dr. Priyanka Kamat Dhakankar Child & New Born Clinic,Medical clinic,"7474+GH6, Vodlemol Cacora, Goa 403706, India",https://www.google.co.kr/maps/place/Dr.+Priyanka+Kamat+Dhakankar+Child+%26+New+Born+Clinic/data=!4m5!3m4!1s0x3bbfad5d7131aaab:0x1567f9b56e5db465!8m2!3d15.263791!4d74.1063948?authuser=0&hl=en&rclk=1,15.263791,74.1063948
Homeocare clinic,Medical clinic,"Gs5, Quepem, Goa 403705, India",https://www.google.co.kr/maps/place/Homeocare+clinic/data=!4m5!3m4!1s0x3bbfad5d3d8e4897:0xb85b486967566f8a!8m2!3d15.2281854!4d74.0646984?authuser=0&hl=en&rclk=1,15.2281854,74.0646984
Healthcare Clinic,Doctor,"Models Mystic, opposite petrol pump, Caranzalem, Panaji, Goa 403002, India",https://www.google.co.kr/maps/place/Healthcare+Clinic/data=!4m5!3m4!1s0x3bbfc1f7bab767e5:0xbd4895d0956e5025!8m2!3d15.4673667!4d73.8213213?authuser=0&hl=en&rclk=1,15.4673667,73.8213213
Diya Skin Care Clinic,Medical clinic,"Khadpabandh, Ponda, Goa 403401, India",https://www.google.co.kr/maps/place/Diya+Skin+Care+Clinic/data=!4m5!3m4!1s0x3bbfba95ab4d12db:0x318d1c8c3ddf1bc4!8m2!3d15.40102!4d74.003579?authuser=0&hl=en&rclk=1,15.40102,74.003579
Ayur Clinc,Medical clinic,"MDR 18, Mandrem, Goa 403512, India",https://www.google.co.kr/maps/place/Ayur+Clinc/data=!4m5!3m4!1s0x3bbfefd484620fe9:0x969ca1dc41ad9dd8!8m2!3d15.6616207!4d73.7368524?authuser=0&hl=en&rclk=1,15.6616207,73.7368524
Dhulapkar' Medical Clinic,Medical Center,"FWWJ+QPQ, Carambolim, Corlim, Goa 403110, India",https://www.google.co.kr/maps/place/Dhulapkar'+Medical+Clinic/data=!4m5!3m4!1s0x3bbfbe9c40bf1fff:0x682eeab3af6c1e1e!8m2!3d15.49697!4d73.9318661?authuser=0&hl=en&rclk=1,15.49697,73.9318661
Ved Ayurved Bhavan Ayurvedic Clinic And Panchakarma Center Goa India,Hospital,"A-3, HILL TOP APARTMENT,NEAR GAURI PETROL PUMP,TEEN BUILDING.PORVORIM., Edapally - Panvel Highway, Alto Porvorim, Penha de França, Goa 403521, India",https://www.google.co.kr/maps/place/Ved+Ayurved+Bhavan+Ayurvedic+Clinic+And+Panchakarma+Center+Goa+India/data=!4m5!3m4!1s0x3bbfc06e75ec71ad:0x7f38b7cf60afd7fe!8m2!3d15.5195571!4d73.828935?authuser=0&hl=en&rclk=1,15.5195571,73.828935
Biswas Clinic,Medical clinic,"Kamath Complex 'A', Opp Sitara Motors, Colmorod, Navelim Road, Edapally - Panvel Hwy, Margao, Goa 403601, India",https://www.google.co.kr/maps/place/Biswas+Clinic/data=!4m5!3m4!1s0x3bbfb3befe5f6023:0x3b5a7ac2d3387040!8m2!3d15.283086!4d73.958521?authuser=0&hl=en&rclk=1,15.283086,73.958521
Dr. Amala Kamat Clinic,Medical clinic,"1st Floor, Ashok Building, Jose Inacio Loyala Road, Margao, Goa 403601, India",https://www.google.co.kr/maps/place/Dr.+Amala+Kamat+Clinic/data=!4m5!3m4!1s0x3bbfb3e9c143a8a7:0x70cb1ef699e82a5f!8m2!3d15.2716801!4d73.9585809?authuser=0&hl=en&rclk=1,15.2716801,73.9585809
Dr Mohinaz A. Kandolkar,Medical clinic,"Dr Tar Building, below Dr Tars Dental clinic,ground floor. Near Court circle, Dangui Colony, Mapusa, Goa 403519, India",https://www.google.co.kr/maps/place/Dr+Mohinaz+A.+Kandolkar/data=!4m5!3m4!1s0x3bbfeae1c3ccd527:0x5eeb2fb4eb7a6d89!8m2!3d15.5936583!4d73.814153?authuser=0&hl=en&rclk=1,15.5936583,73.814153
Zuari Clinic,Doctor,"Ansabhat Rd, near Police Station, Mapusa, Goa 403507, India",https://www.google.co.kr/maps/place/Zuari+Clinic/data=!4m5!3m4!1s0x3bbfeae2fae1f7d9:0xc2f6e63fba710b89!8m2!3d15.5916147!4d73.808004?authuser=0&hl=en&rclk=1,15.5916147,73.808004
TLC Clinic (Dr. Trisha's Laser and Cosmetology Clinic),Medical clinic,"Danika Residency, RH 10, Phase 1 Near Florida Gardens Colva - Benaulim Road, Grande Vanelim, Colva, Goa 403708, India",https://www.google.co.kr/maps/place/TLC+Clinic+(Dr.+Trisha's+Laser+and+Cosmetology+Clinic)/data=!4m5!3m4!1s0x3bbfb5022e5a1f21:0xd0e77e61c16e9f39!8m2!3d15.2717255!4d73.9282897?authuser=0&hl=en&rclk=1,15.2717255,73.9282897
"ULTRA CLINIC, Ultrasound Centre, Panaji",Medical diagnostic imaging center,"311, Edcon Mindspace, Campal, Panaji, Goa 403001, India","https://www.google.co.kr/maps/place/ULTRA+CLINIC,+Ultrasound+Centre,+Panaji/data=!4m5!3m4!1s0x3bbfc08d5bb148dd:0x296f2e5b5aa99dcf!8m2!3d15.493246!4d73.819327?authuser=0&hl=en&rclk=1",15.493246,73.819327
Sai Clinic,Doctor,"BB Borkar Road, Porvorim, Penha de França, Goa 403521, India",https://www.google.co.kr/maps/place/Sai+Clinic/data=!4m5!3m4!1s0x3bbfc00d137ae917:0xf76f2110b5ada7d5!8m2!3d15.5296063!4d73.8317587?authuser=0&hl=en&rclk=1,15.5296063,73.8317587
Dr Bhumika Clinic,Hospital,"99, Mapusa - Duler - Camurlim Rd, Cunchelim, Mapusa, Goa 403517, India",https://www.google.co.kr/maps/place/Dr+Bhumika+Clinic/data=!4m5!3m4!1s0x3bbfeb112af2e479:0x953bbf032264df3!8m2!3d15.6088055!4d73.8123508?authuser=0&hl=en&rclk=1,15.6088055,73.8123508
Goa Healthcare,Medical Center,"1st Floor, GIDC Administrative Building, Verna Industrial Estate, Verna, Goa 403722, India",https://www.google.co.kr/maps/place/Goa+Healthcare/data=!4m5!3m4!1s0x3bbfb704dbf4188d:0x7779c840a8ff9cfa!8m2!3d15.3696616!4d73.9349964?authuser=0&hl=en&rclk=1,15.3696616,73.9349964
Vasco Clinic Dr Nagarsekar U,Hospital,"B Block, Kossambe Building, Sw Path, Vasco, Vasco, Goa, 403802, India",https://www.google.co.kr/maps/place/Vasco+Clinic+Dr+Nagarsekar+U/data=!4m5!3m4!1s0x3bbfc65454cf7065:0x2946c67a62db2c14!8m2!3d15.4084064!4d73.791646?authuser=0&hl=en&rclk=1,15.4084064,73.791646
Mapusa Clinic and Research centre,Hospital,"191, Duler Ground Rd, Dangui Colony, Mapusa, Goa 403507, India",https://www.google.co.kr/maps/place/Mapusa+Clinic+and+Research+centre/data=!4m5!3m4!1s0x3bbfeae3d4e9adab:0xb0b0e3ee2acd8b88!8m2!3d15.5915857!4d73.8122564?authuser=0&hl=en&rclk=1,15.5915857,73.8122564
Dr Verekar Hospital,Doctor,"Asha Bunglow, Shantinagar ; Ponda, Opposite Shubada's Boutique, Ponda, Goa, 403401, India",https://www.google.co.kr/maps/place/Dr+Verekar+Hospital/data=!4m5!3m4!1s0x3bbfbab93667b5d1:0xd6ab7ea32a8e1aa1!8m2!3d15.4007739!4d74.0128556?authuser=0&hl=en&rclk=1,15.4007739,74.0128556
Supravi Chest Centre,Hospital,"7XC5+6R2, Sanscar Society, Margao, Goa 403601, India",https://www.google.co.kr/maps/place/Supravi+Chest+Centre/data=!4m5!3m4!1s0x3bbfb3c2007d09e3:0x30301f63df7a9ae5!8m2!3d15.2705031!4d73.9595284?authuser=0&hl=en&rclk=1,15.2705031,73.9595284
"Bone, Joint & Spine Clinic",Orthopedic clinic,"105, Kamat Center, D B Marg, Panaji market, Panaji, Goa 403001, India","https://www.google.co.kr/maps/place/Bone,+Joint+%26+Spine+Clinic/data=!4m5!3m4!1s0x3bbfc08bbdd46b07:0x59bc951940571104!8m2!3d15.50027!4d73.822493?authuser=0&hl=en&rclk=1",15.50027,73.822493
Dr.kepkar's Clinic Margao,Doctor,"sapana chambers building, behind Grace church, Margao, India",https://www.google.co.kr/maps/place/Dr.kepkar's+Clinic+Margao/data=!4m5!3m4!1s0x3bbfb3c2a7e42e13:0x703d42d1fd660df9!8m2!3d15.2739107!4d73.9599296?authuser=0&hl=en&rclk=1,15.2739107,73.9599296
Dr. Elvis' Clinic,Medical clinic,"Dabolim - Cavelossim Rd, Vanelim, Goa 403708, India",https://www.google.co.kr/maps/place/Dr.+Elvis'+Clinic/data=!4m5!3m4!1s0x3bbfb40467835501:0x5970daf34628dc1d!8m2!3d15.2780816!4d73.927559?authuser=0&hl=en&rclk=1,15.2780816,73.927559
Dr. Abhijit's Fetal Medicine and Fertility Centre,Obstetrician-gynecologist,"GVM Primary School, Ground Floor, Prince's Heritage Building Opposite, Old bus stand, Ponda, Goa 403401, India",https://www.google.co.kr/maps/place/Dr.+Abhijit's+Fetal+Medicine+and+Fertility+Centre/data=!4m5!3m4!1s0x3bbfba9455c9b7b9:0x4a5fa3c51131583f!8m2!3d15.400847!4d74.003112?authuser=0&hl=en&rclk=1,15.400847,74.003112
The Skin Clinic,Doctor,"HRR4+8PJ, Mapusa, Goa 403519, India",https://www.google.co.kr/maps/place/The+Skin+Clinic/data=!4m5!3m4!1s0x3bbfebe2a3568f79:0xf52f01d3e1a294bb!8m2!3d15.5908411!4d73.8067519?authuser=0&hl=en&rclk=1,15.5908411,73.8067519
Dr. Tito's Health Care Centre,Medical Center,"Holiday St, opp. Calangute, Gauro Vaddo, Calangute, Goa 403516, India",https://www.google.co.kr/maps/place/Dr.+Tito's+Health+Care+Centre/data=!4m5!3m4!1s0x3bbfc1578b783877:0x8a1ac2c7c4d06ef7!8m2!3d15.534493!4d73.7604439?authuser=0&hl=en&rclk=1,15.534493,73.7604439
Vision Hospital,Hospital,"Duler Ground Rd, Karaswada, Mapusa, Goa 403507, India",https://www.google.co.kr/maps/place/Vision+Hospital/data=!4m5!3m4!1s0x3bbfeb22e915b243:0xe169c686ad111a19!8m2!3d15.6045829!4d73.8203984?authuser=0&hl=en&rclk=1,15.6045829,73.8203984
"Dr. Kedar's Maternity, Infertility & Surgical Hospital",Hospital,"Electricity Colony, Altinho, Panaji, Goa 403001, India","https://www.google.co.kr/maps/place/Dr.+Kedar's+Maternity,+Infertility+%26+Surgical+Hospital/data=!4m5!3m4!1s0x3bbfc08c3a7f0c03:0xa75f17bfa89f555e!8m2!3d15.4874659!4d73.8242621?authuser=0&hl=en&rclk=1",15.4874659,73.8242621
Healthway Hospital,Hospital,"Rua Armada Portuguesa, Mala, Fantainhas, Altinho, near People's High School, Panaji, Goa 403001, India",https://www.google.co.kr/maps/place/Healthway+Hospital/data=!4m5!3m4!1s0x3bbfc0854a4ea0d7:0x6b321ec0897e1f68!8m2!3d15.4941205!4d73.8310719?authuser=0&hl=en&rclk=1,15.4941205,73.8310719
Dhakankar Clinic,Doctor,"SH-6 Shree Plaza Buildings, Comba, Margao, Goa 403601, India",https://www.google.co.kr/maps/place/Dhakankar+Clinic/data=!4m5!3m4!1s0x3bbfb31498b933dd:0xe1e3a9f52d3e681b!8m2!3d15.2740613!4d73.9537399?authuser=0&hl=en&rclk=1,15.2740613,73.9537399
Gracias Maternity Hospital,Hospital,"M Menezes Rd, near Police Station, Comba, Margao, Goa 403601, India",https://www.google.co.kr/maps/place/Gracias+Maternity+Hospital/data=!4m5!3m4!1s0x3bbfb3e9c143a8a7:0xf366bbcf0e22ed27!8m2!3d15.2737608!4d73.9564021?authuser=0&hl=en&rclk=1,15.2737608,73.9564021
Madhavbaug Goa Margao Clinic,Heart hospital,"T2/B, ROSEWOOD, AMRUTNAGAR, Margao – Curtorim - Macasana Rd, opp. CRISTO HALL, Gogol, Margao, Goa 403601, India",https://www.google.co.kr/maps/place/Madhavbaug+Goa+Margao+Clinic/data=!4m5!3m4!1s0x3bbfb3e822ccd07b:0x627a06c6ad575bc1!8m2!3d15.2929341!4d73.9870324?authuser=0&hl=en&rclk=1,15.2929341,73.9870324
"Ponda IVF Clinic, Infertility & Endoscopy Center, Kamat Nursing Home, Goa, India",Hospital,"Upper Bazaar, Shanti Nagar, Ponda, Goa 403401, India","https://www.google.co.kr/maps/place/Ponda+IVF+Clinic,+Infertility+%26+Endoscopy+Center,+Kamat+Nursing+Home,+Goa,+India/data=!4m5!3m4!1s0x3bbfbabe8dc91e49:0x12d42f0f6de51491!8m2!3d15.4001348!4d74.0098581?authuser=0&hl=en&rclk=1",15.4001348,74.0098581
"Dr. Vijeta R Jambaulikar Ear, Nose, Throat (ENT) Voice & Swallowing Clinic",Otolaryngologist,"OF- 215, second floor, Costa Towers, Varde Valaulikar Rd, Margao, Goa 403601, India","https://www.google.co.kr/maps/place/Dr.+Vijeta+R+Jambaulikar+Ear,+Nose,+Throat+(ENT)+Voice+%26+Swallowing+Clinic/data=!4m5!3m4!1s0x3bbfb3e4f7a9a59f:0x9412ea76cdf95a97!8m2!3d15.2754057!4d73.9591819?authuser=0&hl=en&rclk=1",15.2754057,73.9591819
Dental Clinic,Hospital,"Panaji - Farmagudi - Margao Hwy Bypass Rd, Bainguinim, Goa 403110, India",https://www.google.co.kr/maps/place/Dental+Clinic/data=!4m5!3m4!1s0x3bbfbec20522db19:0x37f0843031f10669!8m2!3d15.4872391!4d73.9059949?authuser=0&hl=en&rclk=1,15.4872391,73.9059949
Dr Lanfredo Da Costa,Doctor,"Ascanio Da Costa Road, Margao, Goa, 403601, India",https://www.google.co.kr/maps/place/Dr+Lanfredo+Da+Costa/data=!4m5!3m4!1s0x3bbfb3e89c82d423:0xc8e64dce742f5860!8m2!3d15.2753829!4d73.9556814?authuser=0&hl=en&rclk=1,15.2753829,73.9556814
Kerkar Hospital,Hospital,"Martires Dias Rd, Near St. Sebastian Church, Aquem, Margao, Goa 403601, India",https://www.google.co.kr/maps/place/Kerkar+Hospital/data=!4m5!3m4!1s0x3bbfb3b35ba04b57:0x349642a7648221f5!8m2!3d15.2739438!4d73.9731708?authuser=0&hl=en&rclk=1,15.2739438,73.9731708
Insight The Eye Care Clinic Dr. Ryan Costa,Medical clinic,"Abade Faria Rd, Comba, Pajifond, Margao, Goa 403601, India",https://www.google.co.kr/maps/place/Insight+The+Eye+Care+Clinic+Dr.+Ryan+Costa/data=!4m5!3m4!1s0x3bbfb33218d2ed7d:0x73db7a1a8bd4e30!8m2!3d15.2768502!4d73.9568372?authuser=0&hl=en&rclk=1,15.2768502,73.9568372
Dr Rufino Monteiro clinic,Doctor,"Kamat Grand, Shop No. 111, 1st Floor, Behind Caculo mall, St Inez Rd, Panaji, Goa 403001, India",https://www.google.co.kr/maps/place/Dr+Rufino+Monteiro+clinic/data=!4m5!3m4!1s0x3bbfc0c3bfffffff:0x5d91267f2d719de3!8m2!3d15.4860336!4d73.8179517?authuser=0&hl=en&rclk=1,15.4860336,73.8179517
Dr. Samina I Khan's Clinic,Psychiatrist,"Behind Kiran Enterprises Next to Lawande Hospital, near Powerhouse junction, Aquem, Margao, Goa 403601, India",https://www.google.co.kr/maps/place/Dr.+Samina+I+Khan's+Clinic/data=!4m5!3m4!1s0x3bbfb3051478bdfb:0xb9de37641d7fc749!8m2!3d15.2745732!4d73.97797?authuser=0&hl=en&rclk=1,15.2745732,73.97797
Dr Priyanka's Child And Newborn Clinic,Pediatrician,"Shree Plaza 2nd floor 202, next to Damodar High School, Comba, Margao, Goa 403601, India",https://www.google.co.kr/maps/place/Dr+Priyanka's+Child+And+Newborn+Clinic/data=!4m5!3m4!1s0x3bbfb3f5399f69c3:0x9b2811ca112eb479!8m2!3d15.2739444!4d73.9536738?authuser=0&hl=en&rclk=1,15.2739444,73.9536738
Kudchadkar Dr Satish D,Doctor,"Shushrushalaya Hospital, P O Box 23, Savordam, Savordam, Vodlemol Cacora, Goa 403706, India",https://www.google.co.kr/maps/place/Kudchadkar+Dr+Satish+D/data=!4m5!3m4!1s0x3bbfac64f093064d:0xb79a1d6e10e29a91!8m2!3d15.2605685!4d74.1098876?authuser=0&hl=en&rclk=1,15.2605685,74.1098876
Cutis Skin Clinic By Dr Vikas Panvelkar,Hospital,"Caetano de Albuquerque Rd, Near Municipal Market, Panaji, Goa 403001, India",https://www.google.co.kr/maps/place/Cutis+Skin+Clinic+By+Dr+Vikas+Panvelkar/data=!4m5!3m4!1s0x3bbfc08c71462feb:0x917257e0d77b8324!8m2!3d15.4982804!4d73.8223406?authuser=0&hl=en&rclk=1,15.4982804,73.8223406
Omkar X-Ray Clinic,Medical clinic,"1st Floor, Anna Felicia, Custobio Thinho Road Comba, Madgaon, Madgaon, Goa, 403601, India",https://www.google.co.kr/maps/place/Omkar+X-Ray+Clinic/data=!4m5!3m4!1s0x3bbfb3e7cd956ce3:0x77cbf18a98da6867!8m2!3d15.2766041!4d73.9568228?authuser=0&hl=en&rclk=1,15.2766041,73.9568228
Orthocare X-Ray & Clinic,Medical clinic,"B-1, Upper Ground Floor, NS Golden Heights, Pajifond, near BPS Club, Margao, Goa 403601, India",https://www.google.co.kr/maps/place/Orthocare+X-Ray+%26+Clinic/data=!4m5!3m4!1s0x3bbfb3dcd5001e27:0x5fd881565e2cf150!8m2!3d15.2764071!4d73.9626163?authuser=0&hl=en&rclk=1,15.2764071,73.9626163
Kudchadkar Hospital,Hospital,"Navelim, Margao, Salcete, Navelim, Goa, 403601, India",https://www.google.co.kr/maps/place/Kudchadkar+Hospital/data=!4m5!3m4!1s0x3bbfb3e9c143a8a7:0xeb41464eb41b6b9c!8m2!3d15.2720578!4d73.9582541?authuser=0&hl=en&rclk=1,15.2720578,73.9582541
Kaisare Dr Ulhas S,Doctor,"1st Floor, Shivram Apartment, Dr A B Road, Near Mahalaxmi Temple, Panaji, Goa 403001, India",https://www.google.co.kr/maps/place/Kaisare+Dr+Ulhas+S/data=!4m5!3m4!1s0x3bbfc08e645c34e5:0x7a3d49c89e3b8204!8m2!3d15.496415!4d73.8258873?authuser=0&hl=en&rclk=1,15.496415,73.8258873
Primary Hospital,Hospital,"Mazorda Calata Nuvem Mazorda, Aquem, Aquem, Goa, 403601, India",https://www.google.co.kr/maps/place/Primary+Hospital/data=!4m5!3m4!1s0x3bbfb3b35ba04b57:0x990259674b1faf73!8m2!3d15.2601!4d73.982?authuser=0&hl=en&rclk=1,15.2601,73.982
Global Health Centre,Diagnostic center,"Opposite Shri Shantadurga Temple Calangute Beside Kris Resort Sai Savita building , shop no . 03 Naikawaddo, Calangute, Goa 403516, India",https://www.google.co.kr/maps/place/Global+Health+Centre/data=!4m5!3m4!1s0x3bbfebbc0d6a1f23:0xdba66f02c18c7abd!8m2!3d15.5461577!4d73.7653141?authuser=0&hl=en&rclk=1,15.5461577,73.7653141
Pereira medical and research mapusa L,Hospital,"8/3, Anjuna Mapusa Rd, Khorlim, Mapusa, Goa 403507, India",https://www.google.co.kr/maps/place/Pereira+medical+and+research+mapusa+L/data=!4m5!3m4!1s0x3bbfeafdc3d3ae9f:0x986dd72d8f048a78!8m2!3d15.5928213!4d73.8026393?authuser=0&hl=en&rclk=1,15.5928213,73.8026393
Sinai Clinic & Hospital,Hospital,"Vasant Arcade, 1st Floor, near Popular High School, Comba, Margao, Goa 403601, India",https://www.google.co.kr/maps/place/Sinai+Clinic+%26+Hospital/data=!4m5!3m4!1s0x3bbfb3e890a88651:0xc2ffa03a7735430a!8m2!3d15.274906!4d73.9553612?authuser=0&hl=en&rclk=1,15.274906,73.9553612
Snehal Piles Clinic,Doctor,"Singbal Building, First Floor, Opp. Almeida School, Khadapabandh Main Rd, Ponda, Goa 403401, India",https://www.google.co.kr/maps/place/Snehal+Piles+Clinic/data=!4m5!3m4!1s0x3bbfba9452a19c83:0x5e374c9b5e339265!8m2!3d15.4005542!4d74.0033587?authuser=0&hl=en&rclk=1,15.4005542,74.0033587
Dr Shradha Clinic,Doctor,"9WQC+F7X, Quelossim, Goa 403710, India",https://www.google.co.kr/maps/place/Dr+Shradha+Clinic/data=!4m5!3m4!1s0x3bbfb9ef0f0a29ab:0xf34ae4f5f627be76!8m2!3d15.3887299!4d73.920744?authuser=0&hl=en&rclk=1,15.3887299,73.920744
DESAI'S CLiNiC,Hospital,"9RQX+5WF, Dabolim, Goa 403801, India",https://www.google.co.kr/maps/place/DESAI'S+CLiNiC/data=!4m5!3m4!1s0x3bbfb9dfac02caf5:0xe6e06c6110a30b46!8m2!3d15.3879398!4d73.8497952?authuser=0&hl=en&rclk=1,15.3879398,73.8497952
Shree Clinic,Medical Center,"F/B, Padmashree Apartment, Khadpabandh, Ponda, Ponda, Goa, 403401, India",https://www.google.co.kr/maps/place/Shree+Clinic/data=!4m5!3m4!1s0x3bbfba939aaaaaab:0x2d3e0d8f0d432bee!8m2!3d15.4003446!4d73.9998982?authuser=0&hl=en&rclk=1,15.4003446,73.9998982
Bosio Hospital,Private hospital,"Football Ground, Pintos Waddo, Pilerne - Candolim Rd, opposite Montero, Candolim, Goa 403515, India",https://www.google.co.kr/maps/place/Bosio+Hospital/data=!4m5!3m4!1s0x3bbfeca855555555:0x9728e3374f476a15!8m2!3d15.5199136!4d73.7708411?authuser=0&hl=en&rclk=1,15.5199136,73.7708411
VITANOVA Homeopathic Clinics-[Margao],Doctor,"Vasant Arcade, Da Costa Rd, Comba, Margao, Goa 403601, India",https://www.google.co.kr/maps/place/VITANOVA+Homeopathic+Clinics-%5BMargao%5D/data=!4m5!3m4!1s0x3bbfb3e89711824b:0x401e1a8814a6af!8m2!3d15.2747256!4d73.955133?authuser=0&hl=en&rclk=1,15.2747256,73.955133
Dr. Deepak Lotliker's Clinic,Family practice physician,"Lotlikar Building, Near bridge, Quepem, Goa 403705, India",https://www.google.co.kr/maps/place/Dr.+Deepak+Lotliker's+Clinic/data=!4m5!3m4!1s0x3bbfac65dee5984b:0x17b69f7d27e2f5f1!8m2!3d15.2143477!4d74.0718187?authuser=0&hl=en&rclk=1,15.2143477,74.0718187
Dr. Kolwalkar's Galaxy Hospital,General hospital,"Mapusa - Duler - Camurlim Rd, Near S.P.G. Hall/Severina Gardens, Xelpem, Duler, Mapusa, Goa 403507, India",https://www.google.co.kr/maps/place/Dr.+Kolwalkar's+Galaxy+Hospital/data=!4m5!3m4!1s0x3bbfeaf00b389901:0x2b85b8c4097e287a!8m2!3d15.6059007!4d73.8132884?authuser=0&hl=en&rclk=1,15.6059007,73.8132884
Aster Hospital,Hospital,"Chapel Road, next to Holy Spirit Church, Monte Hill, Margao, Goa 403601, India",https://www.google.co.kr/maps/place/Aster+Hospital/data=!4m5!3m4!1s0x3bbfb3ddc6a66fc3:0x76fae81493bff940!8m2!3d15.2808348!4d73.9614898?authuser=0&hl=en&rclk=1,15.2808348,73.9614898
Apna Clinic,Hospital,"Electricity Department, Opposite, Near Masjid, Zuarinagar, Birla, Goa, India",https://www.google.co.kr/maps/place/Apna+Clinic/data=!4m5!3m4!1s0x3bbfb82f3bdf5419:0xebac322a262e4203!8m2!3d15.3789077!4d73.8790287?authuser=0&hl=en&rclk=1,15.3789077,73.8790287
Dr Milagres A Fernandes Clinic,Doctor,"Leolina Building, Quepem, Quepem, Goa, 403705, India",https://www.google.co.kr/maps/place/Dr+Milagres+A+Fernandes+Clinic/data=!4m5!3m4!1s0x3bbfad26ffffffff:0x67691d44f6611fed!8m2!3d15.2190577!4d74.0740729?authuser=0&hl=en&rclk=1,15.2190577,74.0740729
Global Health Centre,Doctor,"Calangute Candolim Sinquerim Rd, Gauravaddo, Calangute, Goa 403516, India",https://www.google.co.kr/maps/place/Global+Health+Centre/data=!4m5!3m4!1s0x3bbfc19e9ef94779:0x2be7b6d2a8106352!8m2!3d15.5294987!4d73.7648634?authuser=0&hl=en&rclk=1,15.5294987,73.7648634
Panjim health care,Hospital,"NH748, Bambolim, Goa 403001, India",https://www.google.co.kr/maps/place/Panjim+health+care/data=!4m5!3m4!1s0x3bbfbf62df200a29:0x2c851d13e98aa971!8m2!3d15.4967891!4d73.8601683?authuser=0&hl=en&rclk=1,15.4967891,73.8601683
Shanti Health Service,Occupational health service,"Tar's Polyclinic, 1st Floor, Opp. Duler Football Ground, Duler, Mapusa, North Goa, Mapusa, Goa 403526, India",https://www.google.co.kr/maps/place/Shanti+Health+Service/data=!4m5!3m4!1s0x3bbfeb1efdd63a6d:0xac69a5a38e1df7a5!8m2!3d15.597954!4d73.815287?authuser=0&hl=en&rclk=1,15.597954,73.815287
"Anand Clinic, Dr Anil G Redkar",Medical clinic,"7X9Q+XRJ, Gogol Housing Board, Davorlim, Goa 403601, India","https://www.google.co.kr/maps/place/Anand+Clinic,+Dr+Anil+G+Redkar/data=!4m5!3m4!1s0x3bbfb3e386982e09:0xc641f43e3292b96c!8m2!3d15.2699539!4d73.9895122?authuser=0&hl=en&rclk=1",15.2699539,73.9895122
Chodankar Hospital,General hospital,"Porvorim,, Penha de França, Goa, India",https://www.google.co.kr/maps/place/Chodankar+Hospital/data=!4m5!3m4!1s0x3bbfc01373a82d23:0x1a647d4fe8b20d3c!8m2!3d15.529723!4d73.825582?authuser=0&hl=en&rclk=1,15.529723,73.825582
"Dr. Laxmikant Naik, ENT",Otolaryngology clinic,"92Q3+WCR, Yashwant Nagar, Queula, Goa 403401, India","https://www.google.co.kr/maps/place/Dr.+Laxmikant+Naik,+ENT/data=!4m5!3m4!1s0x3bbfba99003d1d0d:0x99a4da5c30c1e3aa!8m2!3d15.3898587!4d74.003517?authuser=0&hl=en&rclk=1",15.3898587,74.003517
Gauns Child Care Hospital,Children's hospital,"Balkrishna Bhosale Marg, Dangui Colony, Mapusa, near Xavier Dangui College, Goa, 403507, India",https://www.google.co.kr/maps/place/Gauns+Child+Care+Hospital/data=!4m5!3m4!1s0x3bbfeb1bfc47067b:0x42423cf4fd229fe5!8m2!3d15.6001292!4d73.8112041?authuser=0&hl=en&rclk=1,15.6001292,73.8112041
Dr Rebello Hospital,Hospital,"7XQ3+7QR, Madel, Margao, Goa 403601, India",https://www.google.co.kr/maps/place/Dr+Rebello+Hospital/data=!4m5!3m4!1s0x3bbfb3e9c143a8a7:0x9ad0e5345e72ecf!8m2!3d15.2882281!4d73.9543903?authuser=0&hl=en&rclk=1,15.2882281,73.9543903
Sanjeevni Hospital,Hospital,"House No 43/1, Punyace, Teoluz Garden, Alto Chicalim, Beyond Cortege Hospital, Alto Chicalim, Goa, 403802, India",https://www.google.co.kr/maps/place/Sanjeevni+Hospital/data=!4m5!3m4!1s0x3bbfc785eaaaaaab:0x66a7b30477fcb74!8m2!3d15.3939426!4d73.8068503?authuser=0&hl=en&rclk=1,15.3939426,73.8068503
Dr Kudchadkar Megha D,Doctor,"2nd Floor, Geetanjali Apartment, Pontemol, Pontemol, Vodlemol Cacora, Goa 403706, India",https://www.google.co.kr/maps/place/Dr+Kudchadkar+Megha+D/data=!4m5!3m4!1s0x3bbfac64f093064d:0xf09979124a83f2fb!8m2!3d15.2605685!4d74.1098876?authuser=0&hl=en&rclk=1,15.2605685,74.1098876
St. Anthony's Hospital,Private hospital,"Petrol Pump, Zorin, near Anjuna, Anjuna, Goa 403509, India",https://www.google.co.kr/maps/place/St.+Anthony's+Hospital/data=!4m5!3m4!1s0x3bbfebd79ccbac43:0xe29458d29f4af85b!8m2!3d15.6004349!4d73.7506254?authuser=0&hl=en&rclk=1,15.6004349,73.7506254
Kakode's Skin Clinic,Doctor,"First floor, Anantdhara, next to Raymond showroom, Margao, Goa 403601, India",https://www.google.co.kr/maps/place/Kakode's+Skin+Clinic/data=!4m5!3m4!1s0x3bbfb3e9c143a8a7:0x1eeaf8438afa3d3d!8m2!3d15.2726427!4d73.9612719?authuser=0&hl=en&rclk=1,15.2726427,73.9612719
Nagarsenkar's Classic Hospital,Hospital,"Malbhat, Margao, Goa 403601, India",https://www.google.co.kr/maps/place/Nagarsenkar's+Classic+Hospital/data=!4m5!3m4!1s0x3bbfb3c6b6f12adb:0xfa0d0e4c8d9e7ff6!8m2!3d15.269592!4d73.965776?authuser=0&hl=en&rclk=1,15.269592,73.965776
Sheldekar Dr Vishnu V,Doctor,"Sheldekar Nursing Home, Savordam, Savordam, Curchorem, Goa 403706, India",https://www.google.co.kr/maps/place/Sheldekar+Dr+Vishnu+V/data=!4m5!3m4!1s0x3bbfac64f093064d:0x6c1ec2458b97895e!8m2!3d15.2637674!4d74.1066454?authuser=0&hl=en&rclk=1,15.2637674,74.1066454
Savaikar Hospital,Private hospital,"Warkhandem, Ponda, Goa 403401, India",https://www.google.co.kr/maps/place/Savaikar+Hospital/data=!4m5!3m4!1s0x3bbfbaead6555551:0xc70de1e127d52949!8m2!3d15.4032181!4d74.0049443?authuser=0&hl=en&rclk=1,15.4032181,74.0049443
Kudchadkar Dr Shamin S,Doctor,"Emerald Towers, 105, MG Road, St. Inez, Panaji, Goa 403001, India",https://www.google.co.kr/maps/place/Kudchadkar+Dr+Shamin+S/data=!4m5!3m4!1s0x3bbfc08e645c34e5:0x8bf34160b4fa3ed5!8m2!3d15.4942215!4d73.8210553?authuser=0&hl=en&rclk=1,15.4942215,73.8210553
Goa Robotic Surgery Centre,Hospital,"Urban Co-op Bank, 2nd Floor, Aakash Bhavan, Above Mapusa, opp. Mathias Plaza, Panaji, Goa 403001, India",https://www.google.co.kr/maps/place/Goa+Robotic+Surgery+Centre/data=!4m5!3m4!1s0x3bbfc1f846857447:0xb624c7b13d48d455!8m2!3d15.4967374!4d73.8236188?authuser=0&hl=en&rclk=1,15.4967374,73.8236188
Dr. Suvarna Naik's Clinic,Pediatrician,"Shop no 2, Perrys arcade, near sharda classic restaurant, Fatorda, Margao, Goa 403601, India",https://www.google.co.kr/maps/place/Dr.+Suvarna+Naik's+Clinic/data=!4m5!3m4!1s0x3bbfb16181a24717:0xfe745266809464bb!8m2!3d15.2903465!4d73.9648046?authuser=0&hl=en&rclk=1,15.2903465,73.9648046
Ashirwad Urology and Laparoscopy hospital,Hospital,"1st Floor Amkay Plaza opp. Vikrant Bldg, nr. Hemmady Regency, Malbhat, Margao, Goa 403601, India",https://www.google.co.kr/maps/place/Ashirwad+Urology+and+Laparoscopy+hospital/data=!4m5!3m4!1s0x3bbfb3c1579ebe27:0xae8062ac3553ca47!8m2!3d15.2706106!4d73.964545?authuser=0&hl=en&rclk=1,15.2706106,73.964545
"KB SPARC - Dr. Ketan Bhatikar, Physio.",Physical therapy clinic,"Tisk-Ponda, Goa Tarangan, near civil court, Ponda, Goa 403401, India","https://www.google.co.kr/maps/place/KB+SPARC+-+Dr.+Ketan+Bhatikar,+Physio./data=!4m5!3m4!1s0x3bbfba90aaac2d71:0x34bb78d67d564299!8m2!3d15.3925884!4d74.0006049?authuser=0&hl=en&rclk=1",15.3925884,74.0006049
Melba Skin Care Clinic,Doctor,"Dream Center, Butica, Navelim, Goa 403707, India",https://www.google.co.kr/maps/place/Melba+Skin+Care+Clinic/data=!4m5!3m4!1s0x3bbfb3b695aaff4f:0xfa3d526f2141ca1f!8m2!3d15.2560861!4d73.9665103?authuser=0&hl=en&rclk=1,15.2560861,73.9665103
ESI Dispensary,Medical clinic,"D-114, industrial estate, Bicholim, Goa, India",https://www.google.co.kr/maps/place/ESI+Dispensary/data=!4m5!3m4!1s0x3bbf97e31c32c7b7:0xd2667e182aebeeb3!8m2!3d15.5889192!4d73.9653715?authuser=0&hl=en&rclk=1,15.5889192,73.9653715
"Department of Laboratory Medicine, Manipal Hospital Goa",Medical laboratory,"Dona Paula, Dr E Borges Rd, Panaji, Goa 403004, India","https://www.google.co.kr/maps/place/Department+of+Laboratory+Medicine,+Manipal+Hospital+Goa/data=!4m5!3m4!1s0x3bbfc0cb693220a9:0x52c04817a196b520!8m2!3d15.4600163!4d73.8134777?authuser=0&hl=en&rclk=1",15.4600163,73.8134777
E S I Dispensary,Medical clinic,"1st Floor, Commerce Centre, Ponda, Ponda, Goa, 403401, India",https://www.google.co.kr/maps/place/E+S+I+Dispensary/data=!4m5!3m4!1s0x3bbfbab93667b5d1:0x15144a33bd40b3ff!8m2!3d15.4011076!4d74.0130144?authuser=0&hl=en&rclk=1,15.4011076,74.0130144
Dr Dev's Children Hospital,Hospital,"Kaziwada, Ponda, Ponda, Goa 403401, India",https://www.google.co.kr/maps/place/Dr+Dev's+Children+Hospital/data=!4m5!3m4!1s0x3bbfbab93667b5d1:0x330b97c6728799af!8m2!3d15.4009198!4d74.0052416?authuser=0&hl=en&rclk=1,15.4009198,74.0052416
Royal Hospital,General hospital,"Aquem ,Margao, Goa( South ), Off Power House Road, Margao, Goa 403601, India",https://www.google.co.kr/maps/place/Royal+Hospital/data=!4m5!3m4!1s0x3bbfb3c8b21a84a1:0xbcabb344e6f8eaf9!8m2!3d15.2708414!4d73.9720919?authuser=0&hl=en&rclk=1,15.2708414,73.9720919
Dr Verma Health Centre,Doctor,"F 2, Pedro Martina (Near Over the Flame Restaurant), Near Mario Gallery Gauravaddo, Candolim, Main road, Calangute, Goa 403515, India",https://www.google.co.kr/maps/place/Dr+Verma+Health+Centre/data=!4m5!3m4!1s0x3bbfc1111642d78d:0x3577260270bdacc3!8m2!3d15.530245!4d73.7645449?authuser=0&hl=en&rclk=1,15.530245,73.7645449
BONE AND BODY CLINIC,Hospital,"263, Ponsulem, Canacona, Goa 403702, India",https://www.google.co.kr/maps/place/BONE+AND+BODY+CLINIC/data=!4m5!3m4!1s0x3bbe5b4b258e5af3:0x2455a13369c08aff!8m2!3d15.0014774!4d74.0470215?authuser=0&hl=en&rclk=1,15.0014774,74.0470215
Paes Medical Clinic,Doctor,"Sonarwaddo, Raia, Goa 403720, India",https://www.google.co.kr/maps/place/Paes+Medical+Clinic/data=!4m5!3m4!1s0x3bbfb1d8a28163b1:0xbeccb338cc5bc878!8m2!3d15.3117667!4d73.9957057?authuser=0&hl=en&rclk=1,15.3117667,73.9957057
Criticare Hospital,Private hospital,"2nd Floor, Campal, opp. Parade Ground, Panaji, Goa 403002, India",https://www.google.co.kr/maps/place/Criticare+Hospital/data=!4m5!3m4!1s0x3bbfc0ecf4c41749:0xf4f1bd2b6bcc6734!8m2!3d15.4885683!4d73.8155068?authuser=0&hl=en&rclk=1,15.4885683,73.8155068
Laxmi Clinic,Doctor,"MP8C+HQ6, Mandrem, Goa 403519, India",https://www.google.co.kr/maps/place/Laxmi+Clinic/data=!4m5!3m4!1s0x3bbfef09e3e9ca5f:0x924bd1e11ace394c!8m2!3d15.6664224!4d73.7218757?authuser=0&hl=en&rclk=1,15.6664224,73.7218757
Piles cure Center,Doctor,"Quepem - Curchorem Rd, BANSAI, Kakoda, Vodlemol Cacora, Goa 403706, India",https://www.google.co.kr/maps/place/Piles+cure+Center/data=!4m5!3m4!1s0x3bbfadcf01e946b1:0x39263b103e0c98af!8m2!3d15.2572531!4d74.1045411?authuser=0&hl=en&rclk=1,15.2572531,74.1045411
Dr Ketan H Prabhudesai,Doctor,"Kassim Building, Near Railway Station Girchorem, Curchorem, Curchorem, Goa, 403706, India",https://www.google.co.kr/maps/place/Dr+Ketan+H+Prabhudesai/data=!4m5!3m4!1s0x3bbfac64f093064d:0x8c4008c720aac832!8m2!3d15.2636587!4d74.1080294?authuser=0&hl=en&rclk=1,15.2636587,74.1080294
Noble Hospital,Hospital,"Near St.Joaquim Chapel, Borda, Margao, Goa 403602, India",https://www.google.co.kr/maps/place/Noble+Hospital/data=!4m5!3m4!1s0x3bbfb33754386479:0x2a2a03897a057eb!8m2!3d15.2831368!4d73.9690485?authuser=0&hl=en&rclk=1,15.2831368,73.9690485
Dr Madkaikar Jayashree Sandesh,Doctor,"Near Dr.Bandodkars clinic, Khadpabandh, Ponda, Goa 403401, India",https://www.google.co.kr/maps/place/Dr+Madkaikar+Jayashree+Sandesh/data=!4m5!3m4!1s0x3bbfbab93667b5d1:0xad670b9bd3aec731!8m2!3d15.4007739!4d74.0128556?authuser=0&hl=en&rclk=1,15.4007739,74.0128556
Platicare Hospital,Hospital,"near ID hospital, Kurtarkar Nagari, Ponda, Goa 403401, India",https://www.google.co.kr/maps/place/Platicare+Hospital/data=!4m5!3m4!1s0x3bbfba9817f8ac8b:0x89bc7f1933d29bf7!8m2!3d15.3921919!4d74.0051511?authuser=0&hl=en&rclk=1,15.3921919,74.0051511
Dr. Laxmi's Ayurvedic Health Clinic,Doctor,"House No 64/1, Shantai, Assagao, Bardez, Mapusa, Goa 403507, India",https://www.google.co.kr/maps/place/Dr.+Laxmi's+Ayurvedic+Health+Clinic/data=!4m5!3m4!1s0x3bbfebaa00efb9f7:0x8c267744722ec985!8m2!3d15.5986469!4d73.7947367?authuser=0&hl=en&rclk=1,15.5986469,73.7947367
Grace Intensive Cardiac Care Centre,Private hospital,"Opp.B.P.S. Club, Behind Asro Housing Society, Pajifond, Margao, Goa 403601, India",https://www.google.co.kr/maps/place/Grace+Intensive+Cardiac+Care+Centre/data=!4m5!3m4!1s0x3bbfb3e9c143a8a7:0xee2d01bd1c597a90!8m2!3d15.2770035!4d73.9604779?authuser=0&hl=en&rclk=1,15.2770035,73.9604779
Health Clinic,Medical Center,"JQJG+M8G, Oxel, Goa 403517, India",https://www.google.co.kr/maps/place/Health+Clinic/data=!4m5!3m4!1s0x3bbfeb8bf53d1ac5:0x948e042e85ca6571!8m2!3d15.6316927!4d73.7758152?authuser=0&hl=en&rclk=1,15.6316927,73.7758152
GOA MEDICAL COLLEGE HOSPITAL,Hospital,"Unnamed Road, St Cruz, Goa 403108, India",https://www.google.co.kr/maps/place/GOA+MEDICAL+COLLEGE+HOSPITAL/data=!4m5!3m4!1s0x3bbfbfee190bacb5:0x496cf62dd5cf8353!8m2!3d15.4628217!4d73.857458?authuser=0&hl=en&rclk=1,15.4628217,73.857458
Dr. Lawande's Hospital,Maternity hospital,"St Joseph Rd, Aquem Alto, Margao, Goa 403601, India",https://www.google.co.kr/maps/place/Dr.+Lawande's+Hospital/data=!4m5!3m4!1s0x3bbfb3cc16578bbf:0xe005396118236baa!8m2!3d15.2747342!4d73.9779022?authuser=0&hl=en&rclk=1,15.2747342,73.9779022
Aditya Minimal Access Surgical Clinic,Doctor,"Aditya Minimal Access Surgical Clinic3rd Floor Karmallys Glass Tower, India",https://www.google.co.kr/maps/place/Aditya+Minimal+Access+Surgical+Clinic/data=!4m5!3m4!1s0x3bbfc090455ad635:0x27341252353ed26a!8m2!3d15.491349!4d73.827982?authuser=0&hl=en&rclk=1,15.491349,73.827982
Dr. Nallam Health Care,Hospital,"HQM5+RVR, Anjuna, Goa 403519, India",https://www.google.co.kr/maps/place/Dr.+Nallam+Health+Care/data=!4m5!3m4!1s0x3bbfea31fe3f984d:0x9553e83a9a28c5e2!8m2!3d15.5846241!4d73.7596401?authuser=0&hl=en&rclk=1,15.5846241,73.7596401
Mother Care Hospital,Hospital,"St Joaquim Road, near St. Joaquim Chapel, Borda, Margao, Goa 403601, India",https://www.google.co.kr/maps/place/Mother+Care+Hospital/data=!4m5!3m4!1s0x3bbfb3d42848c99b:0x40bb0eba99e532fc!8m2!3d15.2816838!4d73.9640248?authuser=0&hl=en&rclk=1,15.2816838,73.9640248
ANANT HEALTH CARE.,Doctor,"Margao-Chandor-Curchorem Rd, Collos, Chandor, Goa 403714, India",https://www.google.co.kr/maps/place/ANANT+HEALTH+CARE./data=!4m5!3m4!1s0x3bbfad91acde884d:0x525ea77eeaf473aa!8m2!3d15.2623411!4d74.044167?authuser=0&hl=en&rclk=1,15.2623411,74.044167
Revora Health Centre,Hospital,"MV92+7X4, Bardez, Goa 403513, India",https://www.google.co.kr/maps/place/Revora+Health+Centre/data=!4m5!3m4!1s0x3bbf93379913e5ff:0xad9f287718cbea30!8m2!3d15.6681463!4d73.8524536?authuser=0&hl=en&rclk=1,15.6681463,73.8524536
DR. TOSHA'S LAB & MEDICAL CENTRE,Medical Center,"373, DB Marg, Miramar, Panaji, Goa 403001, India",https://www.google.co.kr/maps/place/DR.+TOSHA'S+LAB+%26+MEDICAL+CENTRE/data=!4m5!3m4!1s0x3bbfc0c5c9a190cd:0x73636657f7fb374b!8m2!3d15.4875625!4d73.812668?authuser=0&hl=en&rclk=1,15.4875625,73.812668
Sushrusha Nursing Home,Hospital,"Sushrusha Nursing Home , Warkhan, near Shri Maruti Temple, Ponda, Goa 403401, India",https://www.google.co.kr/maps/place/Sushrusha+Nursing+Home/data=!4m5!3m4!1s0x3bbfbaeb29455555:0x6515371c3cbe943b!8m2!3d15.4049611!4d74.0043849?authuser=0&hl=en&rclk=1,15.4049611,74.0043849
Raikar Eye Care,Ophthalmologist,"Arjuntree One, 1-f, first floor, behind BSNL Telephone exchange, Comba, Margao, Goa 403601, India",https://www.google.co.kr/maps/place/Raikar+Eye+Care/data=!4m5!3m4!1s0x3bbfb39d95d922c1:0x2202403a91ba7c6c!8m2!3d15.2720655!4d73.95544?authuser=0&hl=en&rclk=1,15.2720655,73.95544
Magnum Diagnostics,Diagnostic center,"Malsa Krupa, Off Eastern Express highway, Power Hosue, Aquem, Margao, Goa 403601, India",https://www.google.co.kr/maps/place/Magnum+Diagnostics/data=!4m5!3m4!1s0x3bbfb3cc553ffb17:0x1bfcb579057d0eb8!8m2!3d15.2745765!4d73.9799702?authuser=0&hl=en&rclk=1,15.2745765,73.9799702
Dr.Antonio Gonsalves,Doctor,"Cabesa Road, Cabesa Ward, St Cruz, Goa 403202, India",https://www.google.co.kr/maps/place/Dr.Antonio+Gonsalves/data=!4m5!3m4!1s0x3bbfbfdfe5253ce3:0x43f13ef5fe34984d!8m2!3d15.4686136!4d73.848299?authuser=0&hl=en&rclk=1,15.4686136,73.848299
"ManoVed centre for Psychological testing, counseling and psychotherapy",Mental health clinic,"Kurtarkar Commercial Arcade, G-16, Ponda, Goa 403401, India","https://www.google.co.kr/maps/place/ManoVed+centre+for+Psychological+testing,+counseling+and+psychotherapy/data=!4m5!3m4!1s0x3bbfbb6bdba3e265:0xcfef123dd6505810!8m2!3d15.4021352!4d74.0051839?authuser=0&hl=en&rclk=1",15.4021352,74.0051839
Dr Antonio Figueiredo,Doctor,"Isidora, Isidorio Baptista Rd, Margao, Goa 403601, India",https://www.google.co.kr/maps/place/Dr+Antonio+Figueiredo/data=!4m5!3m4!1s0x3bbfb3df01df78ad:0xc7558f5eb1c6cd80!8m2!3d15.2724658!4d73.9625194?authuser=0&hl=en&rclk=1,15.2724658,73.9625194
Yashodan Hospital,Maternity hospital,"7XGH+5QH, Aquem Alto, Margao, Goa 403601, India",https://www.google.co.kr/maps/place/Yashodan+Hospital/data=!4m5!3m4!1s0x3bbfb3cda50c47e7:0x76aa11cbeb4a6a9d!8m2!3d15.2754423!4d73.9794821?authuser=0&hl=en&rclk=1,15.2754423,73.9794821
Shri Kamaxidevi Homoeopathic Hospital,Hospital,"829H+WPG, Shiroda, Goa 403103, India",https://www.google.co.kr/maps/place/Shri+Kamaxidevi+Homoeopathic+Hospital/data=!4m5!3m4!1s0x3bbfb1df5caede4b:0x97df1b6f0b3d65c!8m2!3d15.319822!4d74.0293127?authuser=0&hl=en&rclk=1,15.319822,74.0293127
Dr Shanta's Homoeopathic Clinic,Doctor,"SH 6, Kakoda, Vodlemol Cacora, Goa 403706, India",https://www.google.co.kr/maps/place/Dr+Shanta's+Homoeopathic+Clinic/data=!4m5!3m4!1s0x3bbfad941372c48b:0x8b185f878d861a1f!8m2!3d15.256397!4d74.1125597?authuser=0&hl=en&rclk=1,15.256397,74.1125597
Orthopaedic Surgeon North Goa,Hospital,"Vision Hospital, Duler Ground Rd, Karaswada, Mapusa, Goa 403507, India",https://www.google.co.kr/maps/place/Orthopaedic+Surgeon+North+Goa/data=!4m5!3m4!1s0x3bbfeb1395a35049:0x27cd3f9839d9b841!8m2!3d15.6047372!4d73.8202284?authuser=0&hl=en&rclk=1,15.6047372,73.8202284
Dr.Anil S. Kakodkar,Doctor,"Curchorem to Sanvordem road, BEPQUEGAL, Vodlemol Cacora, Goa 403706, India",https://www.google.co.kr/maps/place/Dr.Anil+S.+Kakodkar/data=!4m5!3m4!1s0x3bbfac65849c774d:0x580248f742f91204!8m2!3d15.2628938!4d74.1096037?authuser=0&hl=en&rclk=1,15.2628938,74.1096037
Sonu Kamat Hospital,Hospital,"Kamat Hospital, Savordam Savordam, Vodlemol Cacora, Goa 403706, India",https://www.google.co.kr/maps/place/Sonu+Kamat+Hospital/data=!4m5!3m4!1s0x3bbfac7b2e851945:0x23f1422e6ac099c8!8m2!3d15.2611557!4d74.1125367?authuser=0&hl=en&rclk=1,15.2611557,74.1125367
Trimurti General Hospital,Hospital,"Las Palmas Housing Estate, Margao Bypass, Margao, Goa 403601, India",https://www.google.co.kr/maps/place/Trimurti+General+Hospital/data=!4m5!3m4!1s0x3bbfb3e9c143a8a7:0x72724dc8b9767266!8m2!3d15.2866906!4d73.9773997?authuser=0&hl=en&rclk=1,15.2866906,73.9773997
Vintage Hospital,Hospital,"Agakhan Street, Pajifond, Margao, Goa 403601, India",https://www.google.co.kr/maps/place/Vintage+Hospital/data=!4m5!3m4!1s0x3bbfb3c307558d1d:0xac9fa9e11d64641d!8m2!3d15.2734131!4d73.9628168?authuser=0&hl=en&rclk=1,15.2734131,73.9628168
Dr Nadkarni Madhu Sudhan M,Doctor,"Shreecha, Pontemol, Near Figueredo Ground, Pontemol, Vodlemol Cacora, Goa 403706, India",https://www.google.co.kr/maps/place/Dr+Nadkarni+Madhu+Sudhan+M/data=!4m5!3m4!1s0x3bbfac64f093064d:0xb08ea862ba136ddb!8m2!3d15.2605685!4d74.1098876?authuser=0&hl=en&rclk=1,15.2605685,74.1098876
Suburban Diagnostics - Navelim,Pathologist,"L&L Mascarenhas Heritage Building, Opposite Rosary church Ratwaddo Road, Navelim, Goa 403707, India",https://www.google.co.kr/maps/place/Suburban+Diagnostics+-+Navelim/data=!4m5!3m4!1s0x3bbfb3bb88033b27:0x7d16d837bc1b07b9!8m2!3d15.2572909!4d73.965452?authuser=0&hl=en&rclk=1,15.2572909,73.965452
Sanghi Medical Centre,Medical diagnostic imaging center,"Alcon Chambers, Panaji, Goa 403001, India",https://www.google.co.kr/maps/place/Sanghi+Medical+Centre/data=!4m5!3m4!1s0x3bbfc08bc10addb3:0x65b8457159c8a36c!8m2!3d15.5003443!4d73.8230623?authuser=0&hl=en&rclk=1,15.5003443,73.8230623
Singbal Hospital,Hospital,"C222+6X6, Friends Colony, Khadpabandh, Ponda, Goa 403401, India",https://www.google.co.kr/maps/place/Singbal+Hospital/data=!4m5!3m4!1s0x3bbfba945cb445df:0x42a0848cb98e8d13!8m2!3d15.4005408!4d74.0023891?authuser=0&hl=en&rclk=1,15.4005408,74.0023891
Buvaji Private Hospital,Hospital,"Railway Station Rd, BEPQUEGAL, Vodlemol Cacora, Goa 403706, India",https://www.google.co.kr/maps/place/Buvaji+Private+Hospital/data=!4m5!3m4!1s0x3bbfac6592bc1a57:0x477239248884f7e!8m2!3d15.263312!4d74.1079183?authuser=0&hl=en&rclk=1,15.263312,74.1079183
Tulshi Clinic,Occupational medical physician,"944F+MPW, Codli, Goa 403406, India",https://www.google.co.kr/maps/place/Tulshi+Clinic/data=!4m5!3m4!1s0x3bbfa9b2b5aefb75:0x8ad923cd8bf08e72!8m2!3d15.356748!4d74.1243151?authuser=0&hl=en&rclk=1,15.356748,74.1243151
Easy Hear Clinic - Goa Madgaon,Hearing aid store,"Hemmady Regency, 121, near sbi bank, Malbhat, Margao, Goa 403601, India",https://www.google.co.kr/maps/place/Easy+Hear+Clinic+-+Goa+Madgaon/data=!4m5!3m4!1s0x3bbfb3bbaf0c1539:0x15bf96c3621981df!8m2!3d15.2706005!4d73.9641224?authuser=0&hl=en&rclk=1,15.2706005,73.9641224
Hospicio District Hospital,Hospital,"Fr Agnel Institute Of Commerce, Road, Monte Hill, Margao, Goa 403601, India",https://www.google.co.kr/maps/place/Hospicio+District+Hospital/data=!4m5!3m4!1s0x3bbfb3e9c143a8a7:0x8bf1f135de9f2098!8m2!3d15.2787552!4d73.9606063?authuser=0&hl=en&rclk=1,15.2787552,73.9606063
Physionation,Physical therapy clinic,"Pontemol Rd, Kakoda, Vodlemol Cacora, Goa 403706, India",https://www.google.co.kr/maps/place/Physionation/data=!4m5!3m4!1s0x3bbfade4002b3f5d:0x56ba2f9e07006804!8m2!3d15.2581641!4d74.1127348?authuser=0&hl=en&rclk=1,15.2581641,74.1127348
Dr K Ramanand Kamath,Doctor,"Damodar Nursing Home, Paroda, Gudi, Quepem, Quepem, Goa, 403705, India",https://www.google.co.kr/maps/place/Dr+K+Ramanand+Kamath/data=!4m5!3m4!1s0x3bbfad26ffffffff:0xb793e26fc178ec37!8m2!3d15.2190577!4d74.0740729?authuser=0&hl=en&rclk=1,15.2190577,74.0740729
SKHMC,Hospital,"829H+WQW, Shiroda, Goa 403103, India",https://www.google.co.kr/maps/place/SKHMC/data=!4m5!3m4!1s0x3bbfb1ac19317e83:0x2d13374185d68d41!8m2!3d15.3198606!4d74.029457?authuser=0&hl=en&rclk=1,15.3198606,74.029457
My Eye Institute,Hospital,"NH-17, Gounloy, Nuvem, Salcete, Goa, 403604, India",https://www.google.co.kr/maps/place/My+Eye+Institute/data=!4m5!3m4!1s0x3bbfb12c8bba6a85:0x2f29872bd6fa7fe0!8m2!3d15.3244496!4d73.9388355?authuser=0&hl=en&rclk=1,15.3244496,73.9388355
Sunshine Hospital,Hospital,"NH 66, Cupangale Society, Margao, Goa 403707, India",https://www.google.co.kr/maps/place/Sunshine+Hospital/data=!4m5!3m4!1s0x3bbfb3bf9439efe1:0x836b31a3d623a8c7!8m2!3d15.2904237!4d73.9773551?authuser=0&hl=en&rclk=1,15.2904237,73.9773551
E S I Hospital,General hospital,"Near R P Stadium, Aquem, Margao, Goa, 403601, India",https://www.google.co.kr/maps/place/E+S+I+Hospital/data=!4m5!3m4!1s0x3bbfb3b35ba04b57:0xa264018761c5e951!8m2!3d15.2601!4d73.982?authuser=0&hl=en&rclk=1,15.2601,73.982
Dr Kulkarni Eye Clinic And Hospital,Hospital,"Sapna Plaza, A D Costa Road, Behind Grace Hospital, Margao, Margao, Goa, 403601, India",https://www.google.co.kr/maps/place/Dr+Kulkarni+Eye+Clinic+And+Hospital/data=!4m5!3m4!1s0x3bbfb3e9c143a8a7:0xc4dff0750f677145!8m2!3d15.2744364!4d73.9605629?authuser=0&hl=en&rclk=1,15.2744364,73.9605629
Manipal Hospital Information Centre,Health consultant,"DU5, Upper Ground Floor, Suvidha Complex, Opposite Tilak Maidan, Vasco da Gama, Goa 403802, India",https://www.google.co.kr/maps/place/Manipal+Hospital+Information+Centre/data=!4m5!3m4!1s0x3bbfc7bcc7b937d5:0x4a2d44e9adf7cb1a!8m2!3d15.400712!4d73.814086?authuser=0&hl=en&rclk=1,15.400712,73.814086
Dr Shweta Khandeparkar's Eye Care Clinic,Ophthalmologist,"Yashodhan, Varkhande, Khadpabandh, Ponda, Goa 403401, India",https://www.google.co.kr/maps/place/Dr+Shweta+Khandeparkar's+Eye+Care+Clinic/data=!4m5!3m4!1s0x3bbfbaeaafce9d09:0x62f6c852aae6dae3!8m2!3d15.4049297!4d74.0058212?authuser=0&hl=en&rclk=1,15.4049297,74.0058212
Shuddhi Clinic By Guru Manish Ji - Best Ayurveda Doctor & Ayurvedic Treatment,Ayurvedic clinic,"H.No 882, Ground Floor, Sriyash, near Sanjay School, Pundalik Nagar, Porvorim, Goa 403521, India",https://www.google.co.kr/maps/place/Shuddhi+Clinic+By+Guru+Manish+Ji+-+Best+Ayurveda+Doctor+%26+Ayurvedic+Treatment/data=!4m5!3m4!1s0x3bbf951eaad4530d:0xf91a31c369aec866!8m2!3d15.5206804!4d73.831612?authuser=0&hl=en&rclk=1,15.5206804,73.831612
Usgaonkers Children Hospital,Hospital,"Sadar, Khadpabandh, Ponda, Goa 403401, India",https://www.google.co.kr/maps/place/Usgaonkers+Children+Hospital/data=!4m5!3m4!1s0x3bbfba968fd31293:0xe7dcdc5734873fb!8m2!3d15.397648!4d74.0027675?authuser=0&hl=en&rclk=1,15.397648,74.0027675
Dr Narayan Yeshwant Naik Dental Clinic,Doctor,"1st Floor, Rangavi, Margao, Near Municipality, Margao, Goa, 403601, India",https://www.google.co.kr/maps/place/Dr+Narayan+Yeshwant+Naik+Dental+Clinic/data=!4m5!3m4!1s0x3bbfb3e9c143a8a7:0xd509634dda681aee!8m2!3d15.2720578!4d73.9582541?authuser=0&hl=en&rclk=1,15.2720578,73.9582541
V.M. Salgaocar Hospital,Hospital,"Off. Airport Road, Chicalim, Vasco da Gama, Goa 403711, India",https://www.google.co.kr/maps/place/V.M.+Salgaocar+Hospital/data=!4m5!3m4!1s0x3bbfc749e2781321:0xb3ec11b1f42b97c8!8m2!3d15.394733!4d73.8368418?authuser=0&hl=en&rclk=1,15.394733,73.8368418
Lotus Nature Cure,,"Behind Orlim Post Offica, near Vittal Temple, Orlim, Goa 403724, India",https://www.google.co.kr/maps/place/Lotus+Nature+Cure/data=!4m5!3m4!1s0x3bbfb36f56768877:0x3e5b7dcb893a1d4f!8m2!3d15.2244782!4d73.9477994?authuser=0&hl=en&rclk=1,15.2244782,73.9477994
Apollo Victor Hospital Clinic,Freight forwarding service,"Velho Building, Dr RS Rd, Opposite Municipal Garden, Altinho, Panaji, Goa 403001, India",https://www.google.co.kr/maps/place/Apollo+Victor+Hospital+Clinic/data=!4m5!3m4!1s0x3bbfc088b8fd215f:0xe6b8a143274f2a60!8m2!3d15.5000969!4d73.828847?authuser=0&hl=en&rclk=1,15.5000969,73.828847
Doctor Rahul P.Borker,Doctor,"7XC7+6MW, Malbhat, Margao, Goa 403601, India",https://www.google.co.kr/maps/place/Doctor+Rahul+P.Borker/data=!4m5!3m4!1s0x3bbfb3c15f430d5d:0x8ae8426effda5dbe!8m2!3d15.2706209!4d73.9641945?authuser=0&hl=en&rclk=1,15.2706209,73.9641945
Our Lady Of Grace Maternity Clinic,Hospital,"HWQX+X3X, Bicholim, Goa 403504, India",https://www.google.co.kr/maps/place/Our+Lady+Of+Grace+Maternity+Clinic/data=!4m5!3m4!1s0x3bbf9671d62ab74b:0xb85661b7b171269f!8m2!3d15.5899804!4d73.9477469?authuser=0&hl=en&rclk=1,15.5899804,73.9477469
Kamat Criticare & Research Centre/ Horizon Hospital,Private hospital,"Pajifond, Agakhan Street - Rua Da Saudades, Isidorio Baptista Rd, Next to Isadoro, Margao, Goa 403601, India",https://www.google.co.kr/maps/place/Kamat+Criticare+%26+Research+Centre%2F+Horizon+Hospital/data=!4m5!3m4!1s0x3bbfb3c307ab23c1:0xaeea6cc1fc84ad16!8m2!3d15.2735923!4d73.9630284?authuser=0&hl=en&rclk=1,15.2735923,73.9630284
Dr. Eugene Rent,Surgical oncologist,"Dr E Borges Rd, Panaji, Goa 403004, India",https://www.google.co.kr/maps/place/Dr.+Eugene+Rent/data=!4m5!3m4!1s0x3bbfc10ef98bd5bf:0x8280657c3b542050!8m2!3d15.4570135!4d73.8088714?authuser=0&hl=en&rclk=1,15.4570135,73.8088714
Dr Basil Yuri Eye Clinic,Ophthalmologist,"1st Floor, Costa Pereira Building, Opposite Municipal Garden, Margao, Goa 403601, India",https://www.google.co.kr/maps/place/Dr+Basil+Yuri+Eye+Clinic/data=!4m5!3m4!1s0x3bbfb3e9c143a8a7:0xf397a61a5cdf0e13!8m2!3d15.2726443!4d73.9577106?authuser=0&hl=en&rclk=1,15.2726443,73.9577106
Klinik Jana OHC & Goa Allergy,Doctor,"102 Pacheco complex, opp Bandhan Bank, behind police station, Comba, Margao, Goa, India",https://www.google.co.kr/maps/place/Klinik+Jana+OHC+%26+Goa+Allergy/data=!4m5!3m4!1s0x3bbfb3e88cc771a7:0x66a953ff7f0be432!8m2!3d15.2743966!4d73.9561138?authuser=0&hl=en&rclk=1,15.2743966,73.9561138
Hearing Wellness Clinic - Goa,Hearing aid store,"co operative housing society Ltd, Sapna Terraces, #S18, Swatantra Path, Vasco da Gama, Goa 403802, India",https://www.google.co.kr/maps/place/Hearing+Wellness+Clinic+-+Goa/data=!4m5!3m4!1s0x3bbfc728a5858181:0x7a8c432fa73ec137!8m2!3d15.3982533!4d73.8165715?authuser=0&hl=en&rclk=1,15.3982533,73.8165715
Paulino Gracias Flora Reena Soares,Doctor,"1st Floor, Malawi House Fontainhas, Margao, Next To Police Station, Margao, Goa, 403601, India",https://www.google.co.kr/maps/place/Paulino+Gracias+Flora+Reena+Soares/data=!4m5!3m4!1s0x3bbfb3e9c143a8a7:0x8230e1ee6bac0450!8m2!3d15.2720578!4d73.9582541?authuser=0&hl=en&rclk=1,15.2720578,73.9582541
Dr Diwani Seema T,Doctor,"Jeevodaya Nursing Home, Sanvordem, Goa 403706, India",https://www.google.co.kr/maps/place/Dr+Diwani+Seema+T/data=!4m5!3m4!1s0x3bbfac5e09f955fd:0x9160e4cde202800!8m2!3d15.2691104!4d74.1131784?authuser=0&hl=en&rclk=1,15.2691104,74.1131784
Dr Sunny kamat's ORTHOPAEDIC & SPINE CARE CLINIC,Orthopedic surgeon,"14B, Cross Road Elite Court, Eastern Express Bypass Road, below Kitchen On Top Restaurant, Margao, Goa 403602, India",https://www.google.co.kr/maps/place/Dr+Sunny+kamat's+ORTHOPAEDIC+%26+SPINE+CARE+CLINIC/data=!4m5!3m4!1s0x3bbfb1d3422eb245:0x1d0a1b04d78877e3!8m2!3d15.2973116!4d73.9729652?authuser=0&hl=en&rclk=1,15.2973116,73.9729652
Care Goa,Medical Center,"S-19, Ground Floor, Chase Chambers, Swatantra Path, Vaddem, Vasco da Gama, Goa 403802, India",https://www.google.co.kr/maps/place/Care+Goa/data=!4m5!3m4!1s0x3bbfc7bc415ad6af:0x751b9ea7c9a427a7!8m2!3d15.3975956!4d73.8142804?authuser=0&hl=en&rclk=1,15.3975956,73.8142804
Suburban Diagnostics Ponda,Diagnostic center,"G-10, Ground floor, opposite Ponda Fire station, Warkhandem, Ponda, Goa 403401, India",https://www.google.co.kr/maps/place/Suburban+Diagnostics+Ponda/data=!4m5!3m4!1s0x3bbfbabe1f48b93b:0x7ef793a8e55ebc99!8m2!3d15.4024568!4d74.0032595?authuser=0&hl=en&rclk=1,15.4024568,74.0032595
Dr Thshal Laboratory,Diagnostic center,"373, Dr Toshas Laboratories, Miramar, D B Marg, Panaji, opposite Syndicate Bank, Goa, 403001, India",https://www.google.co.kr/maps/place/Dr+Thshal+Laboratory/data=!4m5!3m4!1s0x3bbfc0c515555555:0xc466a6efaf7cbc2d!8m2!3d15.4706389!4d73.8080869?authuser=0&hl=en&rclk=1,15.4706389,73.8080869
Pet Care Clinic,Doctor,"Benaulim Beach Rd, Benaulim, Goa 403716, India",https://www.google.co.kr/maps/place/Pet+Care+Clinic/data=!4m5!3m4!1s0x3bbfb38aa197445f:0x597640b2a177a583!8m2!3d15.2616689!4d73.9362767?authuser=0&hl=en&rclk=1,15.2616689,73.9362767
Kakodkar Dr Atchut,Doctor,"1st Floor, Muncipal Market, Muncipal Market, Vodlemol Cacora, Goa 403706, India",https://www.google.co.kr/maps/place/Kakodkar+Dr+Atchut/data=!4m5!3m4!1s0x3bbfac64f093064d:0xa6a6842dca5d6dc0!8m2!3d15.2634375!4d74.10883?authuser=0&hl=en&rclk=1,15.2634375,74.10883
Dr Archana' s clinic ( AYURVEDA) GOA,Ayurvedic clinic,"Shop no. 6 , Haroon Greenfield Davarlim rd, mugali, Margao, Goa 403709, India",https://www.google.co.kr/maps/place/Dr+Archana'+s+clinic+(+AYURVEDA)+GOA/data=!4m5!3m4!1s0x3bbfb3c776ca3bdd:0x1abe5211ffb4822b!8m2!3d15.2717468!4d73.9992456?authuser=0&hl=en&rclk=1,15.2717468,73.9992456
Dr Kuheli Bhattacharya,Ophthalmologist,"Spectrum clinic, first floor Basilio's heights, St Inez, Panaji, Goa 403001, India",https://www.google.co.kr/maps/place/Dr+Kuheli+Bhattacharya/data=!4m5!3m4!1s0x3bbfc09299f619b7:0xb5f4c75555a3d6b3!8m2!3d15.4887528!4d73.8185643?authuser=0&hl=en&rclk=1,15.4887528,73.8185643
Suburban Diagnostics - Quepem,Diagnostic center,"Angelica Arcade, Shop no. DGS -5 / 174, Main Market, near Blue Dart Courier Service, Quepem, Goa 403705, India",https://www.google.co.kr/maps/place/Suburban+Diagnostics+-+Quepem/data=!4m5!3m4!1s0x3bbfad6aeda6d16d:0x116263e5fe15d2c1!8m2!3d15.2280608!4d74.064698?authuser=0&hl=en&rclk=1,15.2280608,74.064698
Dr Gopinath Sawkar LaxmibaiMaternity & Surgical.,Doctor,"churchorim-ponda road Goa, India, India",https://www.google.co.kr/maps/place/Dr+Gopinath+Sawkar+LaxmibaiMaternity+%26+Surgical./data=!4m5!3m4!1s0x3bbfb03819ea4073:0xef76ceff40ca2eda!8m2!3d15.3483006!4d74.0076965?authuser=0&hl=en&rclk=1,15.3483006,74.0076965
Divine Medical Center,Medical Center,"SH 5, Tembim, Raia, Goa 403718, India",https://www.google.co.kr/maps/place/Divine+Medical+Center/data=!4m5!3m4!1s0x3bbfb1aed0622769:0x8e6f4d4e56a5de96!8m2!3d15.3269823!4d73.989617?authuser=0&hl=en&rclk=1,15.3269823,73.989617
Diet Dr Clinic- Powered by Harpreet Pasricha Panjim Goa,Nutritionist,"Pai Bhavan, Shop 23, near Corporation bank, Tonca, Panaji, Goa 403002, India",https://www.google.co.kr/maps/place/Diet+Dr+Clinic-+Powered+by+Harpreet+Pasricha+Panjim+Goa/data=!4m5!3m4!1s0x3bbfc0c17a7e33e9:0xddae737389d3737f!8m2!3d15.4808702!4d73.812889?authuser=0&hl=en&rclk=1,15.4808702,73.812889
Suburban Diagnostics,Pathologist,"Costa Factory Road, opp. Saint Anthony Chapel, Aquem Alto, Margao, Goa 403601, India",https://www.google.co.kr/maps/place/Suburban+Diagnostics/data=!4m5!3m4!1s0x3bbfb3cebb961abd:0xba687dac74df546b!8m2!3d15.2725598!4d73.9761557?authuser=0&hl=en&rclk=1,15.2725598,73.9761557
Manipal Hospitals Information Centre,Health consultant,"A304 Pereira Plaza, Opposite Hospicio Hospital, Margoa, Goa 403601, India",https://www.google.co.kr/maps/place/Manipal+Hospitals+Information+Centre/data=!4m5!3m4!1s0x3bbfb3dd96d61527:0x5481c832fb623406!8m2!3d15.279819!4d73.960624?authuser=0&hl=en&rclk=1,15.279819,73.960624
Dr neeraj borkar,Gynecologist,"Abade Faria Rd, Margao, Goa 403601, India",https://www.google.co.kr/maps/place/Dr+neeraj+borkar/data=!4m5!3m4!1s0x3bbfb34761812b51:0x3f8ac6b24ca14ca4!8m2!3d15.2649163!4d73.9540571?authuser=0&hl=en&rclk=1,15.2649163,73.9540571
Chodankar Ortho Care,Hospital,"92X5+PC8, Kazi Waza, Ponda, Goa 403401, India",https://www.google.co.kr/maps/place/Chodankar+Ortho+Care/data=!4m5!3m4!1s0x3bbfbb6660937cef:0x90bfef0cb42f8c58!8m2!3d15.3992837!4d74.0085787?authuser=0&hl=en&rclk=1,15.3992837,74.0085787
Healthy Healing Center Goa :: Dr Shikha Aggarwal,Family practice physician,"57, Chogm Rd, Sangolda, Goa 403511, India",https://www.google.co.kr/maps/place/Healthy+Healing+Center+Goa+::+Dr+Shikha+Aggarwal/data=!4m5!3m4!1s0x3bbfc02859aca44b:0x9eaa528f5fb6551c!8m2!3d15.5458602!4d73.8043741?authuser=0&hl=en&rclk=1,15.5458602,73.8043741
Diet Dr Clinic by Harpreet Pasricha Mapusa,Nutritionist,"Office no 4, Golden nest, opposite Vision Hospital, Mapusa, Goa 403507, India",https://www.google.co.kr/maps/place/Diet+Dr+Clinic+by+Harpreet+Pasricha+Mapusa/data=!4m5!3m4!1s0x3bbfeb228d0b9a39:0x998418bd194d4375!8m2!3d15.604218!4d73.819686?authuser=0&hl=en&rclk=1,15.604218,73.819686
Elite reflections cosmetic surgery clinic - Goa | Dr. Peter S Da Cruz,Plastic surgery clinic,"Office no 301, 3rd floor, Raghunath Esquire, Above Mario gallery, behind BPS Club, Pajifond, Margao, 403601, India",https://www.google.co.kr/maps/place/Elite+reflections+cosmetic+surgery+clinic+-+Goa+%7C+Dr.+Peter+S+Da+Cruz/data=!4m5!3m4!1s0x3bbfb351c19d376f:0x478fcd31aef4d20b!8m2!3d15.2760371!4d73.963316?authuser=0&hl=en&rclk=1,15.2760371,73.963316
"Lifecell International Pvt Ltd, Goa",Pregnancy care center,"Panditwada, Ponda, Goa 403401, India","https://www.google.co.kr/maps/place/Lifecell+International+Pvt+Ltd,+Goa/data=!4m5!3m4!1s0x3bbfbbdac1e86301:0x5e2186978fca3f42!8m2!3d15.4039302!4d74.0071032?authuser=0&hl=en&rclk=1",15.4039302,74.0071032
Vision Hospital Emergency Ward,Hospital,"JR3C+X4C, Karaswada, Mapusa, Goa 403519, India",https://www.google.co.kr/maps/place/Vision+Hospital+Emergency+Ward/data=!4m5!3m4!1s0x3bbfebc75f70b9e1:0xe362bc4045e3c761!8m2!3d15.6049442!4d73.8202805?authuser=0&hl=en&rclk=1,15.6049442,73.8202805
Paarth Diagnostic Lab &Occupational Health Centre,Diagnostic center,"opp. Kamat Hospital, Vodlemol Cacora, Goa 403706, India",https://www.google.co.kr/maps/place/Paarth+Diagnostic+Lab+%26Occupational+Health+Centre/data=!4m5!3m4!1s0x3bbfac64cb483cff:0xe64f989bc6c95207!8m2!3d15.2604071!4d74.1122112?authuser=0&hl=en&rclk=1,15.2604071,74.1122112
"Diet Dr Clinic Powered by Harpreet Pasricha , Margao Goa",Nutritionist,"Shop No. G4, Bldg. A Green Acres,, V.P. Sernabatim, Colva – Salcete, Colva, Goa 403708, India","https://www.google.co.kr/maps/place/Diet+Dr+Clinic+Powered+by+Harpreet+Pasricha+,+Margao+Goa/data=!4m5!3m4!1s0x3bbfb40441dee1b5:0xff0fbb6b534661f8!8m2!3d15.2778556!4d73.9284044?authuser=0&hl=en&rclk=1",15.2778556,73.9284044
DR. AMEYA VELINGKER,Orthopedic surgeon,"G-24, G-25, G-26 FERREIRA GARDEN, Margao – Curtorim - Macasana Rd, Near Chowgule College, Gogol, Borda, Margao, Goa 403601, India",https://www.google.co.kr/maps/place/DR.+AMEYA+VELINGKER/data=!4m5!3m4!1s0x3bbfb3d5687c1815:0x79a69b789c5365fe!8m2!3d15.2881158!4d73.9816944?authuser=0&hl=en&rclk=1,15.2881158,73.9816944
ESI Hospital,Hospital,"7X88+R6M, Sanscar Society, Margao, Goa 403707, India",https://www.google.co.kr/maps/place/ESI+Hospital/data=!4m5!3m4!1s0x3bbfb3c733f0f517:0xe3c99e392a2a0f47!8m2!3d15.267085!4d73.9655416?authuser=0&hl=en&rclk=1,15.267085,73.9655416
Diet Dr Clinic,Nutritionist,"30/2 Bungalow Oasis (Ground Floor, behind MO Goa, Jairam Nagar, Dabolim, Goa 403801, India",https://www.google.co.kr/maps/place/Diet+Dr+Clinic/data=!4m5!3m4!1s0x3bbfb86d5c38e605:0xc8f32a7e6049ef0!8m2!3d15.394222!4d73.8543426?authuser=0&hl=en&rclk=1,15.394222,73.8543426
Buvaji Dr Vinayak Gundunath,Obstetrician-gynecologist,"Savordam, Near Railway Station, Savordam, Curchorem, Goa 403706, India",https://www.google.co.kr/maps/place/Buvaji+Dr+Vinayak+Gundunath/data=!4m5!3m4!1s0x3bbfac64f093064d:0xf93e6ee1e071a1ea!8m2!3d15.2633185!4d74.1079167?authuser=0&hl=en&rclk=1,15.2633185,74.1079167
Goa Medical Travel,Optometrist,"Goa Chamber of Commerce and Industry Building, Verna Salcete, Verna, Goa 403733, India",https://www.google.co.kr/maps/place/Goa+Medical+Travel/data=!4m5!3m4!1s0x3bbfb73153c92bdf:0x97ece9415b5211c6!8m2!3d15.347326!4d73.929586?authuser=0&hl=en&rclk=1,15.347326,73.929586
Dr Pradnya Kakodkar,Cardiologist,"Cine Prashant Rd, BEPQUEGAL, Vodlemol Cacora, Goa 403706, India",https://www.google.co.kr/maps/place/Dr+Pradnya+Kakodkar/data=!4m5!3m4!1s0x3bbfad0b454e6edd:0xbe0aa11e9f987d4e!8m2!3d15.2604905!4d74.1083702?authuser=0&hl=en&rclk=1,15.2604905,74.1083702
Evolve Homoeopathic Clinic,Health consultant,"Office No. 3, 1st Floor Our Lady of Snows Church Building, Margao - Ponda Hwy, Raia, Goa 403720, India",https://www.google.co.kr/maps/place/Evolve+Homoeopathic+Clinic/data=!4m5!3m4!1s0x3bbfb1a0658e5de1:0x795b053353534701!8m2!3d15.3139525!4d73.9841353?authuser=0&hl=en&rclk=1,15.3139525,73.9841353
Gracias DG Shipping Lab,Medical laboratory,"G-8, Sharwani Regency Swami Vivekananda Road Opp. Staff Entrance to Goa Assembly Complex, Journalist Colony, Alto Porvorim, Penha de França, Goa 403531, India",https://www.google.co.kr/maps/place/Gracias+DG+Shipping+Lab/data=!4m5!3m4!1s0x3bbfc07956260cad:0x6c28e51e7341c4e7!8m2!3d15.511552!4d73.8360465?authuser=0&hl=en&rclk=1,15.511552,73.8360465
Diet Dr Clinic Ponda,Nutritionist,"Mahalaxmi Residency, Shop No SH-1, Tiska, Yashwant Nagar, Ponda, Goa 403401, India",https://www.google.co.kr/maps/place/Diet+Dr+Clinic+Ponda/data=!4m5!3m4!1s0x3bbfbb0fb301fd51:0xd530c149e3e2db3b!8m2!3d15.3927827!4d74.0023173?authuser=0&hl=en&rclk=1,15.3927827,74.0023173
ESI,Hospital,"9VMF+HJF, Zuarinagar, Sancoale, Goa 403726, India",https://www.google.co.kr/maps/place/ESI/data=!4m5!3m4!1s0x3bbfb83b2887de71:0xeda889ef83bf67e4!8m2!3d15.3839298!4d73.87406?authuser=0&hl=en&rclk=1,15.3839298,73.87406
Dr Kapil Prabhu Desai (ENT),Otolaryngologist,"Office 2H, 2nd floor, Arjuntree, Comba, Margao, Goa 403601, India",https://www.google.co.kr/maps/place/Dr+Kapil+Prabhu+Desai+(ENT)/data=!4m5!3m4!1s0x3bbfb3e8997a9fd5:0x36665985df028820!8m2!3d15.2724705!4d73.9558708?authuser=0&hl=en&rclk=1,15.2724705,73.9558708
DMRC ( Desai Medical & Research Centre ) Dr Milind Desai MD MRCP(UK) FRCP(Edin),Cardiologist,"Arlem, Raia, Goa 403720, India",https://www.google.co.kr/maps/place/DMRC+(+Desai+Medical+%26+Research+Centre+)+Dr+Milind+Desai+MD+MRCP(UK)+FRCP(Edin)/data=!4m5!3m4!1s0x3bbfb17ae6fcc7d9:0xbb9ae473e40fdda0!8m2!3d15.2964724!4d73.9737458?authuser=0&hl=en&rclk=1,15.2964724,73.9737458
Dr Madhuja Sawaiker,Urologist,"7X98+HGX, Malbhat, Margao, Goa 403601, India",https://www.google.co.kr/maps/place/Dr+Madhuja+Sawaiker/data=!4m5!3m4!1s0x3bbfb3c6c43a28db:0xd1da3f640be3ead2!8m2!3d15.2689917!4d73.9663449?authuser=0&hl=en&rclk=1,15.2689917,73.9663449
"Exservicemen Contributory Health Scheme, ECHS Polyclinic Panaji",Hospital,"ECHS P-17, Swami Vivekanand Rd, Panaji, Goa 403001, India","https://www.google.co.kr/maps/place/Exservicemen+Contributory+Health+Scheme,+ECHS+Polyclinic+Panaji/data=!4m5!3m4!1s0x3bbfc08952f6675d:0xb3c3969d2817a789!8m2!3d15.499065!4d73.8249125?authuser=0&hl=en&rclk=1",15.499065,73.8249125
Cam Clinic,Camera store,"Navelkar Trade Center, Shop no:4, behind Casa madhav, Opp. Azad Maidan, Panaji, Goa 403001, India",https://www.google.co.kr/maps/place/Cam+Clinic/data=!4m5!3m4!1s0x3bbfc08c4444fedd:0x1eea5a3e346da58f!8m2!3d15.4996779!4d73.8264448?authuser=0&hl=en&rclk=1,15.4996779,73.8264448
Pereira Medical And Research Centre,Medical laboratory,"Pereira Medical & Research Centre, Jeevan Complex, Mapusa, Mapusa, Goa, 403507, India",https://www.google.co.kr/maps/place/Pereira+Medical+And+Research+Centre/data=!4m5!3m4!1s0x3bbfeae2fae1f7d9:0xc5a5c36ed667a1e2!8m2!3d15.5921088!4d73.801662?authuser=0&hl=en&rclk=1,15.5921088,73.801662
Krsnaa Diagnostics (District Hospital KARWAR ),Medical diagnostic imaging center,"MG Rd, Naval Base Karwar, Kodibag, Karwar, Karnataka 581301, India",https://www.google.co.kr/maps/place/Krsnaa+Diagnostics+(District+Hospital+KARWAR+)/data=!4m5!3m4!1s0x3bbe60cc03c33ce7:0xf6ebfc4a2258ec3d!8m2!3d14.8172348!4d74.1296079?authuser=0&hl=en&rclk=1,14.8172348,74.1296079
Diet Dr Nutrition clinic Ponda by Harpreet Pasricha,Nutritionist,"Mahalaxmi Residency, shop 1, Ponda, Goa 403401, India",https://www.google.co.kr/maps/place/Diet+Dr+Nutrition+clinic+Ponda+by+Harpreet+Pasricha/data=!4m5!3m4!1s0x3bbfbbc9fa815041:0x390609c61e807cf3!8m2!3d15.3928614!4d74.0021655?authuser=0&hl=en&rclk=1,15.3928614,74.0021655
Cam Clinic,Camera store,"shop no. 5&36 Midas touch building ground floor, old market Colva, Junction, Margao, Goa 403601, India",https://www.google.co.kr/maps/place/Cam+Clinic/data=!4m5!3m4!1s0x3bbfb31fd3b0ae83:0xcde4c759377c0022!8m2!3d15.2843998!4d73.9578405?authuser=0&hl=en&rclk=1,15.2843998,73.9578405
Computer Clinic,Computer store,"Navdurga Apartments, 65, near Saraswati Mandir Tisc, Ponda, Goa 403401, India",https://www.google.co.kr/maps/place/Computer+Clinic/data=!4m5!3m4!1s0x3bbfba976c80a59d:0xc6fc137ae1828372!8m2!3d15.393968!4d74.002489?authuser=0&hl=en&rclk=1,15.393968,74.002489
Bhandari Nursing Home,Nursing home,"Behind Pipal High School, Fantainhas, Mala, Panjim, Goa, Patto, Patto, Goa, 403001, India",https://www.google.co.kr/maps/place/Bhandari+Nursing+Home/data=!4m5!3m4!1s0x3bbfc08e645c34e5:0x59180b2837f19df4!8m2!3d15.4955876!4d73.8251581?authuser=0&hl=en&rclk=1,15.4955876,73.8251581
"Vedic Delight Ayurveda - Panchakarma Clinic & Yoga Studio, Ponda Goa",Health consultant,"Shri Aryadurga Niwas, GFDC complex road, near Hotel Savour, Dhavali, Ponda, Goa 403401, India","https://www.google.co.kr/maps/place/Vedic+Delight+Ayurveda+-+Panchakarma+Clinic+%26+Yoga+Studio,+Ponda+Goa/data=!4m5!3m4!1s0x3bbfbbece096620b:0x37f5b70cebebe45e!8m2!3d15.3875254!4d74.0039682?authuser=0&hl=en&rclk=1",15.3875254,74.0039682
"Art of Living, Yoga & Meditation Center",Mental health service,"Usha"" Bungalow, Terrace Hall Marutigad Road, near Shivaji Statue, Vodlemol Cacora, Goa 403706, India","https://www.google.co.kr/maps/place/Art+of+Living,+Yoga+%26+Meditation+Center/data=!4m5!3m4!1s0x3bbfad4624151eb1:0x68dbec249ad45443!8m2!3d15.2575053!4d74.104868?authuser=0&hl=en&rclk=1",15.2575053,74.104868
A-1 Painting & Car Clinic,Chauffeur service,"Plot No.6, Opp. Animal Husbandry, Near Municipal Dumping Yard, Sansoda, Raia, Margao, Goa 403720, India",https://www.google.co.kr/maps/place/A-1+Painting+%26+Car+Clinic/data=!4m5!3m4!1s0x3bbfb19bffffffeb:0x6e2a22346d615765!8m2!3d15.2936621!4d73.9899448?authuser=0&hl=en&rclk=1,15.2936621,73.9899448
U.N.Home,Rehabilitation center,"Dabamol Road, Kamral Curchorem Goa 403706, Dabamol Road, SH 7, Sanvordem, Goa 403706, India",https://www.google.co.kr/maps/place/U.N.Home/data=!4m5!3m4!1s0x3bbfab8aa5cafc9d:0xf1341eb274f0512d!8m2!3d15.2757606!4d74.1244447?authuser=0&hl=en&rclk=1,15.2757606,74.1244447
MD India Healthcare Services TPA Pvt. Ltd.,Health insurance agency,"B/5-11, 2nd Floor, Campal Trade Centre, Near Kala Academy, Behind Military Hospital, Panaji, Goa 403001, India",https://www.google.co.kr/maps/place/MD+India+Healthcare+Services+TPA+Pvt.+Ltd./data=!4m5!3m4!1s0x3bbfc08d4579e74f:0xedd52b9f7776ab93!8m2!3d15.493636!4d73.81916?authuser=0&hl=en&rclk=1,15.493636,73.81916
Goa Animal Welfare Trust,Industrial area,"Raia, B/H Government Hospital, Raia, Goa, 403720, India",https://www.google.co.kr/maps/place/Goa+Animal+Welfare+Trust/data=!4m5!3m4!1s0x3bbfb1a900000001:0x5ab1c9f31225fa89!8m2!3d15.3261953!4d73.9859414?authuser=0&hl=en&rclk=1,15.3261953,73.9859414
Sheldekar Nursing Home,Nursing home,"near Preeti Apartments, BEPQUEGAL, Vodlemol Cacora, Goa 403706, India",https://www.google.co.kr/maps/place/Sheldekar+Nursing+Home/data=!4m5!3m4!1s0x3bbfac65fc1e1d05:0x928d4582be158460!8m2!3d15.2636406!4d74.1066724?authuser=0&hl=en&rclk=1,15.2636406,74.1066724
Apollo Victor Hospital Blood Bank,Blood donation center,"Sanscar Society, Margao, Goa 403601, India",https://www.google.co.kr/maps/place/Apollo+Victor+Hospital+Blood+Bank/data=!4m5!3m4!1s0x3bbfb3c6cc4d7115:0x93633a69b2fde6d0!8m2!3d15.268891!4d73.9656062?authuser=0&hl=en&rclk=1,15.268891,73.9656062
Max Bupa Health Insurance Company Limited,Health insurance agency,"Unit No 106, Gera Imperium Grand, Panjim, Goa - 403001, Mobile, No - 9582612200, India",https://www.google.co.kr/maps/place/Max+Bupa+Health+Insurance+Company+Limited/data=!4m5!3m4!1s0x3bbfc088e1c4b24b:0xa57114c8d0137db7!8m2!3d15.495302!4d73.833639?authuser=0&hl=en&rclk=1,15.495302,73.833639
OM TRADING COMPANY,Wholesaler,"Ferreira Garden, Shop G-18, Phase, 1, near Chowgule College, Gogol, Margao, Goa 403602, India",https://www.google.co.kr/maps/place/OM+TRADING+COMPANY/data=!4m5!3m4!1s0x3bbfb345fc23bf71:0x3b41f2d71b9ea400!8m2!3d15.2877931!4d73.9819081?authuser=0&hl=en&rclk=1,15.2877931,73.9819081
Treebo Trend Sunheads Panaji - Hotel in Miramar,,"behind Esperenca clinic, near Miramer Beach, St Mary Colony, Miramar, Panaji, Goa 403001, India",https://www.google.co.kr/maps/place/Treebo+Trend+Sunheads+Panaji+-+Hotel+in+Miramar/data=!4m5!3m4!1s0x3bbfc1b50955f6c1:0x8f72174f6c97ef69!8m2!3d15.4843923!4d73.8124737?authuser=0&hl=en&rclk=1,15.4843923,73.8124737
KLES Dr Prabhakar Kore Hospital & MRC,General hospital,"NH Service Road, Basava Circle, Chikodi, Nehru Nagar, Belagavi, Karnataka 590010, India",https://www.google.co.kr/maps/place/KLES+Dr+Prabhakar+Kore+Hospital+%26+MRC/data=!4m5!3m4!1s0x3bbf669850726b3b:0x87cfe20bdbd0abaa!8m2!3d15.8881346!4d74.5196845?authuser=0&hl=en&rclk=1,15.8881346,74.5196845
