Company_Name,Category,Address,Url,Latitude,Longitude,Territory
Shri Kamakshi Clinic,Medical clinic,"1847, Bapat Galli, Raviwar Peth, Belagavi, Karnataka 590002, India",https://www.google.co.kr/maps/place/Shri+Kamakshi+Clinic/data=!4m5!3m4!1s0x3bbf66bb2a7fdf09:0x58f0996beede1e6e!8m2!3d15.8599556!4d74.5114467?authuser=0&hl=en&rclk=1,15.8599556,74.5114467,Karnataka
Clinic,Hospital,"Unnamed Road, Tippusultan Nagar, Machhe, Belagavi, Karnataka 590014, India",https://www.google.co.kr/maps/place/Clinic/data=!4m5!3m4!1s0x3bbf65212b67b835:0x968ea786d0381320!8m2!3d15.7954006!4d74.4760731?authuser=0&hl=en&rclk=1,15.7954006,74.4760731,Karnataka
Kamakshi Clinic,Medical clinic,"2487, Meerapur Galli, Ward Number 25, Shastri Nagar, Shahapur, Belagavi, Karnataka 590003, India",https://www.google.co.kr/maps/place/Kamakshi+Clinic/data=!4m5!3m4!1s0x3bbf66973c000001:0x91463c6ab91253ef!8m2!3d15.8480935!4d74.5150843?authuser=0&hl=en&rclk=1,15.8480935,74.5150843,Karnataka
Karnatak Health Institute,Medical clinic,"Tal: Gokak, Dist:Belgaum, Karnataka, India 591306, India",https://www.google.co.kr/maps/place/Karnatak+Health+Institute/data=!4m5!3m4!1s0x3bc0ba6c924099b3:0x138611ba20e2ee0!8m2!3d16.233532!4d74.764157?authuser=0&hl=en&rclk=1,16.233532,74.764157,Karnataka
KLES Dr Prabhakar Kore Hospital & MRC,General hospital,"NH Service Road, Basava Circle, Chikodi, Nehru Nagar, Belagavi, Karnataka 590010, India",https://www.google.co.kr/maps/place/KLES+Dr+Prabhakar+Kore+Hospital+%26+MRC/data=!4m5!3m4!1s0x3bbf669850726b3b:0x87cfe20bdbd0abaa!8m2!3d15.8881346!4d74.5196845?authuser=0&hl=en&rclk=1,15.8881346,74.5196845,Karnataka
Dr Bali Hospital,Hospital,"RV93+97C, Bailhongal, Karnataka 591102, India",https://www.google.co.kr/maps/place/Dr+Bali+Hospital/data=!4m5!3m4!1s0x3bbf51e7d6d1bf35:0x462c6b917d7a6503!8m2!3d15.8184416!4d74.8531285?authuser=0&hl=en&rclk=1,15.8184416,74.8531285,Karnataka
Rainbow Hospital,Hospital,"57, Somwar Peth, Tilakwadi, Belagavi, Karnataka 590006, India",https://www.google.co.kr/maps/place/Rainbow+Hospital/data=!4m5!3m4!1s0x3bbf6683ebab75a5:0xdf6fb79b2cdfea82!8m2!3d15.8348275!4d74.504053?authuser=0&hl=en&rclk=1,15.8348275,74.504053,Karnataka
Leelavathi Hospital,Hospital,"RGM7+2FQ, Adarsh nagar, Hindwadi, Belagavi, Karnataka 590006, India",https://www.google.co.kr/maps/place/Leelavathi+Hospital/data=!4m5!3m4!1s0x3bbf6688e69ca31d:0xf11c957b5d1ec0df!8m2!3d15.8325955!4d74.5137194?authuser=0&hl=en&rclk=1,15.8325955,74.5137194,Karnataka
hospitals,Hospital,"Dharwad - Goa Rd, Lotus Layuout, Kusum Nagar, Narayanpura, Dharwad, Karnataka 580008, India",https://www.google.co.kr/maps/place/hospitals/data=!4m5!3m4!1s0x3bb8cd4520afbfa5:0x94f105734e3c5ac0!8m2!3d15.4634597!4d74.9822055?authuser=0&hl=en&rclk=1,15.4634597,74.9822055,Karnataka
Kasbekar Metgud Clinic Multispeciality Hospital,Hospital,"Shivaji Nagar, Belagavi, Karnataka 590016, India",https://www.google.co.kr/maps/place/Kasbekar+Metgud+Clinic+Multispeciality+Hospital/data=!4m5!3m4!1s0x3bbf66b7e2fbb2cd:0xbb1bd7839cb65a47!8m2!3d15.8645297!4d74.5226927?authuser=0&hl=en&rclk=1,15.8645297,74.5226927,Karnataka
Sanjeevani Hospital,Hospital,"Cts#3359/Sa/1a, 1st Floor, College Road, College Road, Belagavi, Karnataka 590001, India",https://www.google.co.kr/maps/place/Sanjeevani+Hospital/data=!4m5!3m4!1s0x3bbf669f5095362f:0x65cd59f734b6fcf1!8m2!3d15.8630949!4d74.5077155?authuser=0&hl=en&rclk=1,15.8630949,74.5077155,Karnataka
Sunshine Hospital,Hospital,"Ayodhya Nagar, Sadashiv Nagar, Belagavi, Karnataka 590019, India",https://www.google.co.kr/maps/place/Sunshine+Hospital/data=!4m5!3m4!1s0x3bbf614630c2dc01:0x29b3de73478ee3ce!8m2!3d15.8751573!4d74.5145281?authuser=0&hl=en&rclk=1,15.8751573,74.5145281,Karnataka
Shri Sai Hospital,General hospital,"40/2 Laxminagar Main Road, Old Belgaum, Belagavi, Karnataka 590005, India",https://www.google.co.kr/maps/place/Shri+Sai+Hospital/data=!4m5!3m4!1s0x3bbf66f4434a122f:0xca9b64a594a9be28!8m2!3d15.8346308!4d74.5255915?authuser=0&hl=en&rclk=1,15.8346308,74.5255915,Karnataka
BHS Lakeview Hospital,Private hospital,"R.S No. 73/7, C.T.S No. 11888, Gokak Road, opp. Fort Lake, Gandhi Nagar, Belagavi, Karnataka 590016, India",https://www.google.co.kr/maps/place/BHS+Lakeview+Hospital/data=!4m5!3m4!1s0x3bbf66c625965b83:0x21ab45db75b588ce!8m2!3d15.8634235!4d74.5265588?authuser=0&hl=en&rclk=1,15.8634235,74.5265588,Karnataka
City Clinic,General hospital,"Dajiban Peth Road, NearJanta Bazar, Madhavpura, New Hubli, Hubli, Karnataka 580020, India",https://www.google.co.kr/maps/place/City+Clinic/data=!4m5!3m4!1s0x3bb8d742f5b260d9:0x3cdea8b5a6c945f9!8m2!3d15.3493944!4d75.1401141?authuser=0&hl=en&rclk=1,15.3493944,75.1401141,Karnataka
Ashok Hospital,Hospital,"Near New Corporation Office, Plot No 4817/18, Subhash Nagar, Belagavi, Karnataka 590016, India",https://www.google.co.kr/maps/place/Ashok+Hospital/data=!4m5!3m4!1s0x3bbf66b49e7dcefb:0x8604182267405a3!8m2!3d15.872774!4d74.5173132?authuser=0&hl=en&rclk=1,15.872774,74.5173132,Karnataka
Ankur Hospital,Hospital,"Opposite Mahantesh Ground 17, Mruthynhaya Nagar, Angol, Angol, Belagavi, Karnataka 590006, India",https://www.google.co.kr/maps/place/Ankur+Hospital/data=!4m5!3m4!1s0x3bbf669f5095362f:0xae90673b1962092d!8m2!3d15.8284393!4d74.5021605?authuser=0&hl=en&rclk=1,15.8284393,74.5021605,Karnataka
Clinic,Doctor,"Navanagar, Hubli, Karnataka 580025, India",https://www.google.co.kr/maps/place/Clinic/data=!4m5!3m4!1s0x3bb8d16b1209d005:0x3b232c1fb8fccaec!8m2!3d15.3933789!4d75.0822173?authuser=0&hl=en&rclk=1,15.3933789,75.0822173,Karnataka
Shri Daneshwari Surgical And General Hospital,Hospital,"Saraf Galli, Shahapur, Belagavi, Karnataka 590003, India",https://www.google.co.kr/maps/place/Shri+Daneshwari+Surgical+And+General+Hospital/data=!4m5!3m4!1s0x3bbf6691be50b895:0xa4208444810468fa!8m2!3d15.8418237!4d74.5154106?authuser=0&hl=en&rclk=1,15.8418237,74.5154106,Karnataka
Clinic,Private hospital,"84FG+62F, Nekar Nagar, Chanbasweshwar Nagar, Hubli, Karnataka 580024, India",https://www.google.co.kr/maps/place/Clinic/data=!4m5!3m4!1s0x3bb8d7a74dcf293f:0x3e3adcd5658ee494!8m2!3d15.3230531!4d75.1250508?authuser=0&hl=en&rclk=1,15.3230531,75.1250508,Karnataka
Shri Daneshwari Maternity & General Hospital,Hospital,"#1195, Saraf Galli, Shahapur, Belagavi, Karnataka 590001, India",https://www.google.co.kr/maps/place/Shri+Daneshwari+Maternity+%26+General+Hospital/data=!4m5!3m4!1s0x3bbf6692423955c3:0x4874ffae5723cb15!8m2!3d15.8417334!4d74.517913?authuser=0&hl=en&rclk=1,15.8417334,74.517913,Karnataka
Hospital,Medical clinic,"Vidyanagar Rd, Sirsi, Karnataka 581401, India",https://www.google.co.kr/maps/place/Hospital/data=!4m5!3m4!1s0x3bbeaf7b82d90975:0xc13dbad0ad98f300!8m2!3d14.6306985!4d74.8390767?authuser=0&hl=en&rclk=1,14.6306985,74.8390767,Karnataka
Dr Subhash Shikre Clinic,Free clinic,"Panaji, Goa 403001, India",https://www.google.co.kr/maps/place/Dr+Subhash+Shikre+Clinic/data=!4m5!3m4!1s0x3bbfc1d7454f916d:0xbb4098997e8a6459!8m2!3d15.4905463!4d73.8325372?authuser=0&hl=en&rclk=1,15.4905463,73.8325372,Karnataka
ESI Hospital,Hospital,"Belagavi, Ashok Nagar, Shivaji Nagar, Belagavi, Karnataka 590016, India",https://www.google.co.kr/maps/place/ESI+Hospital/data=!4m5!3m4!1s0x3bbf66cba697b4c7:0x1c7ce1dd9cacf186!8m2!3d15.872101!4d74.5268217?authuser=0&hl=en&rclk=1,15.872101,74.5268217,Karnataka
Krsnaa Diagnostics (District Hospital KARWAR ),Medical diagnostic imaging center,"MG Rd, Naval Base Karwar, Kodibag, Karwar, Karnataka 581301, India",https://www.google.co.kr/maps/place/Krsnaa+Diagnostics+(District+Hospital+KARWAR+)/data=!4m5!3m4!1s0x3bbe60cc03c33ce7:0xf6ebfc4a2258ec3d!8m2!3d14.8172348!4d74.1296079?authuser=0&hl=en&rclk=1,14.8172348,74.1296079,Karnataka
USW Hospital,Hospital,"SH 53, Ugar Khurd, Ugar, Karnataka 591316, India",https://www.google.co.kr/maps/place/USW+Hospital/data=!4m5!3m4!1s0x3bc0d718505fd8a9:0x5cba794803e89cd1!8m2!3d16.6544469!4d74.8180099?authuser=0&hl=en&rclk=1,16.6544469,74.8180099,Karnataka
SDM Hospital,Hospital,"Vidyagiri, Dharwad, Karnataka 580004, India",https://www.google.co.kr/maps/place/SDM+Hospital/data=!4m5!3m4!1s0x3bb8d2630babffb3:0x94cf3d05e4c9007b!8m2!3d15.4182042!4d75.0483185?authuser=0&hl=en&rclk=1,15.4182042,75.0483185,Karnataka
Hospital,Hospital,"Gokak Falls Rd, opp. LIC Office, Gokak, Karnataka 591307, India",https://www.google.co.kr/maps/place/Hospital/data=!4m5!3m4!1s0x3bc0aff3f260dee7:0xf672989e740b52ce!8m2!3d16.1620353!4d74.8118523?authuser=0&hl=en&rclk=1,16.1620353,74.8118523,Karnataka
Hospital,Hospital,"FQQ9+W64, Raibag, Karnataka 591317, India",https://www.google.co.kr/maps/place/Hospital/data=!4m5!3m4!1s0x3bc0c5778e1d702f:0x3ca59b7ca12f1207!8m2!3d16.4897593!4d74.7680894?authuser=0&hl=en&rclk=1,16.4897593,74.7680894,Karnataka
Manipal Hospitals Goa,Private hospital,"Panaji, Dr E Borges Rd, Dona Paula, Goa 403004, India",https://www.google.co.kr/maps/place/Manipal+Hospitals+Goa/data=!4m5!3m4!1s0x3bbfc0cb6f59b763:0x5fef15ef316a7759!8m2!3d15.4600059!4d73.813462?authuser=0&hl=en&rclk=1,15.4600059,73.813462,Karnataka
"Narayana Multispeciality Clinic, Shimoga",Medical clinic,"GCS Building, Kuvempu Road, near Vasan Eye Care, Shivamogga, Karnataka 577201, India","https://www.google.co.kr/maps/place/Narayana+Multispeciality+Clinic,+Shimoga/data=!4m5!3m4!1s0x3bbba8d425273e09:0xa07ac365242768dc!8m2!3d13.9381817!4d75.5702222?authuser=0&hl=en&rclk=1",13.9381817,75.5702222,Karnataka
Hospital,Government hospital,"Government Hospital. post:Suranagi. Taluk:, Shirahatti, Karnataka, India",https://www.google.co.kr/maps/place/Hospital/data=!4m5!3m4!1s0x3bb90e6be2f53aff:0xc6af101ae0f96a37!8m2!3d15.0510678!4d75.5566671?authuser=0&hl=en&rclk=1,15.0510678,75.5566671,Karnataka
"SeCURE Hospital, Hubballi",Hospital,"Gokul Rd, beside new bus stand, Dollars colony, Chaitanya Nagar, Rajendra Nagar, Hubli, Karnataka 580030, India","https://www.google.co.kr/maps/place/SeCURE+Hospital,+Hubballi/data=!4m5!3m4!1s0x3bb8d7314dae0de1:0x977379937338e52f!8m2!3d15.3489091!4d75.1150237?authuser=0&hl=en&rclk=1",15.3489091,75.1150237,Karnataka
Kle Hospital,Hospital,"RG89+X4X, Yellur, Karnataka 590005, India",https://www.google.co.kr/maps/place/Kle+Hospital/data=!4m5!3m4!1s0x3bbf69e59dc4063f:0xb23b426d446969cc!8m2!3d15.8174913!4d74.5178688?authuser=0&hl=en&rclk=1,15.8174913,74.5178688,Karnataka
Apollo Clinic,Medical clinic,"Iqbal Colony, Gulbarga, Karnataka 585103, India",https://www.google.co.kr/maps/place/Apollo+Clinic/data=!4m5!3m4!1s0x3bc8b8bba628d909:0x3023e10cdf4ff56f!8m2!3d17.3386966!4d76.8113308?authuser=0&hl=en&rclk=1,17.3386966,76.8113308,Karnataka
Karnataka Clinic And Hijama Center,Medical clinic,"behind Reliance Trends, KHB Colony, Siruguppa, Karnataka 583121, India",https://www.google.co.kr/maps/place/Karnataka+Clinic+And+Hijama+Center/data=!4m5!3m4!1s0x3bb7bdde41f5a159:0x41d50e7156ce6fdf!8m2!3d15.6235521!4d76.8921515?authuser=0&hl=en&rclk=1,15.6235521,76.8921515,Karnataka
ESI HOSPITAL,Hospital,"Hubli Toll Naka, Near, Saraswatpur, Dharwad, Karnataka 580002, India",https://www.google.co.kr/maps/place/ESI+HOSPITAL/data=!4m5!3m4!1s0x3bb8d286fd73b1e1:0xd1c8e27cc1dafedc!8m2!3d15.4451226!4d75.0112581?authuser=0&hl=en&rclk=1,15.4451226,75.0112581,Karnataka
Apollo Clinic,Medical clinic,"Madina Colony, near Meera Masjid, Gulbarga, Karnataka 585103, India",https://www.google.co.kr/maps/place/Apollo+Clinic/data=!4m5!3m4!1s0x3bc8b8bbabf59b13:0x64432ee147b86079!8m2!3d17.3382285!4d76.8111886?authuser=0&hl=en&rclk=1,17.3382285,76.8111886,Karnataka
Dr Agarwal Hospital,Hospital,"F8F5+88R, Talikoti, Karnataka 586214, India",https://www.google.co.kr/maps/place/Dr+Agarwal+Hospital/data=!4m5!3m4!1s0x3bc7dd71a4668c55:0xe5da1761deede313!8m2!3d16.4733713!4d76.308261?authuser=0&hl=en&rclk=1,16.4733713,76.308261,Karnataka
KLE Ayurveda Hospital,Hospital,"Shahapur, Belagavi, Karnataka 590011, India",https://www.google.co.kr/maps/place/KLE+Ayurveda+Hospital/data=!4m5!3m4!1s0x3bbf668e21445f9d:0x979397536dbd4a29!8m2!3d15.8398678!4d74.515263?authuser=0&hl=en&rclk=1,15.8398678,74.515263,Karnataka
hospital,Hospital,"F94X+P3C, Hirekerur, Karnataka 581111, India",https://www.google.co.kr/maps/place/hospital/data=!4m5!3m4!1s0x3bbbdc37a6c877ad:0xc8d16ae759b919a9!8m2!3d14.4568108!4d75.3976427?authuser=0&hl=en&rclk=1,14.4568108,75.3976427,Karnataka
RxDx Healthcare Whitefield,Medical clinic,"Ground Floor, Plot No. 7G, Kundalahalli Main Rd, opp. Graphite India, Whitefield, Bengaluru, Karnataka 560048, India",https://www.google.co.kr/maps/place/RxDx+Healthcare+Whitefield/data=!4m5!3m4!1s0x3bae1186225cf153:0x633b981a6970a749!8m2!3d12.9768569!4d77.710379?authuser=0&hl=en&rclk=1,12.9768569,77.710379,Karnataka
Sonia Clinic & Nursing Home,Medical clinic,"24, near Syndicate Circle, Ananth Nagar, Manipal, Karnataka 576104, India",https://www.google.co.kr/maps/place/Sonia+Clinic+%26+Nursing+Home/data=!4m5!3m4!1s0x3bbca4ad0ec6c815:0x4b3579ce8cc2f6be!8m2!3d13.3457024!4d74.7831852?authuser=0&hl=en&rclk=1,13.3457024,74.7831852,Karnataka
Tara Clinic/ General Hospital,Hospital,"GHS Rd, Bhavathi, Hampankatta, Mangalore, Karnataka 575001, India",https://www.google.co.kr/maps/place/Tara+Clinic%2F+General+Hospital/data=!4m5!3m4!1s0x3ba35a4d98588849:0xe0afec73b2ccc9e8!8m2!3d12.8693953!4d74.8399992?authuser=0&hl=en&rclk=1,12.8693953,74.8399992,Karnataka
Hospital,Hospital,"Adivala, Hiriyur, Madras Bombay Trunk Rd, Adivala, Karnataka 577511, India",https://www.google.co.kr/maps/place/Hospital/data=!4m5!3m4!1s0x3bb062a0c49bac99:0x5fa6be43c7fa47f5!8m2!3d13.9140366!4d76.6595667?authuser=0&hl=en&rclk=1,13.9140366,76.6595667,Karnataka
RAGHAVENDRA Clinic,Medical clinic,"Santhekatte, Mangalore - Belthangady Hwy, Belthangady, Karnataka 574214, India",https://www.google.co.kr/maps/place/RAGHAVENDRA+Clinic/data=!4m5!3m4!1s0x3ba4b6e7b6b99645:0x7497a8c430102d68!8m2!3d12.9895533!4d75.2739708?authuser=0&hl=en&rclk=1,12.9895533,75.2739708,Karnataka
hospital,Government hospital,"main road, Ulga, Karnataka 581328, India",https://www.google.co.kr/maps/place/hospital/data=!4m5!3m4!1s0x3bbef56ebe99d065:0x8da83f06f8e539b5!8m2!3d14.8798542!4d74.2445882?authuser=0&hl=en&rclk=1,14.8798542,74.2445882,Karnataka
Manipal hospital,Hospital,"Babuguda Rd, St Joseph Nagar, Attavar, Mangalore, Karnataka 575002, India",https://www.google.co.kr/maps/place/Manipal+hospital/data=!4m5!3m4!1s0x3ba35bd37ec600f1:0x73ccd7d3b8f7bdde!8m2!3d12.8574853!4d74.8530947?authuser=0&hl=en&rclk=1,12.8574853,74.8530947,Karnataka
Government Hospital,Hospital,"4VXX+RR5, Kerebilchi, Karnataka 577218, India",https://www.google.co.kr/maps/place/Government+Hospital/data=!4m5!3m4!1s0x3bba48aa0cfc266f:0x62429028d9a8dd6e!8m2!3d14.1495044!4d75.8996115?authuser=0&hl=en&rclk=1,14.1495044,75.8996115,Karnataka
"Sankara Vision Centre, Channagiri",Hospital,"Sy.no.56/A, Jawali complex, ground floor, Birur Road, Channagiri Rural, Karnataka 577213, India","https://www.google.co.kr/maps/place/Sankara+Vision+Centre,+Channagiri/data=!4m5!3m4!1s0x3bba5b1f2b03ca41:0x509593eaaac4d462!8m2!3d14.0168177!4d75.9348894?authuser=0&hl=en&rclk=1",14.0168177,75.9348894,Karnataka
Equip India,Hospital,"NH 67, Karnataka 580023, India",https://www.google.co.kr/maps/place/Equip+India/data=!4m5!3m4!1s0x3bb8d966c4bdc297:0x70a88442b45602fd!8m2!3d15.3637494!4d75.2367752?authuser=0&hl=en&rclk=1,15.3637494,75.2367752,Karnataka
City Poly Clinic,Medical clinic,"MG Rd, Gandhi Chowk, Arab Mohalla, Androon Quilla, Raichur, Karnataka 584101, India",https://www.google.co.kr/maps/place/City+Poly+Clinic/data=!4m5!3m4!1s0x3bc9d70c9aa5c67b:0x867894c875cc84fa!8m2!3d16.2075119!4d77.3532453?authuser=0&hl=en&rclk=1,16.2075119,77.3532453,Karnataka
"Kasturba Hospital, Manipal",Private hospital,"Udupi - Hebri Rd, Madhav Nagar, Manipal, Karnataka 576104, India","https://www.google.co.kr/maps/place/Kasturba+Hospital,+Manipal/data=!4m5!3m4!1s0x3bbca4a9c4b4ba9b:0xd270efcb8ce4678e!8m2!3d13.3536851!4d74.78974?authuser=0&hl=en&rclk=1",13.3536851,74.78974,Karnataka
Hospital,Hospital,"RPW6+338, Hosamane, Karnataka 577301, India",https://www.google.co.kr/maps/place/Hospital/data=!4m5!3m4!1s0x3bbb019597066085:0xe3ba0b8668caebfb!8m2!3d13.8451578!4d75.7101954?authuser=0&hl=en&rclk=1,13.8451578,75.7101954,Karnataka
Oncology International,Medical clinic,"#57, 2nd Main Rd, near Bata Show Room, Vyalikaval, Guttahalli, Bengaluru, Karnataka 560003, India",https://www.google.co.kr/maps/place/Oncology+International/data=!4m5!3m4!1s0x3bae162dd83cc8ad:0x7b871f9ec72541b5!8m2!3d13.0023327!4d77.5787067?authuser=0&hl=en&rclk=1,13.0023327,77.5787067,Karnataka
Aster Clinic,Medical clinic,"CRM Plaza, Sector A, Phase 1, HIG, 1st A Main Rd, Yelahanka Satellite Town, Yelahanka, Bengaluru, Karnataka 560064, India",https://www.google.co.kr/maps/place/Aster+Clinic/data=!4m5!3m4!1s0x3bae1860af574be3:0x44ce68821c3aec4!8m2!3d13.0977881!4d77.5845523?authuser=0&hl=en&rclk=1,13.0977881,77.5845523,Karnataka
Apollo Clinic,Medical clinic,"769, Marathahalli - Sarjapur Rd, opp. South Indian Bank, Kaikondrahalli, Bengaluru, Karnataka 560035, India",https://www.google.co.kr/maps/place/Apollo+Clinic/data=!4m5!3m4!1s0x3bae131259f9594f:0x5e0fe6802f99deb8!8m2!3d12.9127129!4d77.6797414?authuser=0&hl=en&rclk=1,12.9127129,77.6797414,Karnataka
"Sahyadri Narayana Multispeciality Hospital, Shimoga",Hospital,"NT Road, Harakere, Shivamogga, Karnataka 577202, India","https://www.google.co.kr/maps/place/Sahyadri+Narayana+Multispeciality+Hospital,+Shimoga/data=!4m5!3m4!1s0x3bbba8f68a191711:0x1e3cb4858d1ceb3b!8m2!3d13.9007265!4d75.5583661?authuser=0&hl=en&rclk=1",13.9007265,75.5583661,Karnataka
Indiana Hospital & Heart Institute (IHHI) - Mangaluru/Mangalore,Private hospital,"Pumpwell, Mangaluru, Karnataka 575007, Mangalore, Karnataka 575002, India",https://www.google.co.kr/maps/place/Indiana+Hospital+%26+Heart+Institute+(IHHI)+-+Mangaluru%2FMangalore/data=!4m5!3m4!1s0x3ba35a2cc3237679:0xfab2afa5f124a0e1!8m2!3d12.8675982!4d74.8663304?authuser=0&hl=en&rclk=1,12.8675982,74.8663304,Karnataka
Apollo Medical Center,Hospital,"673/A, Shriram Samruddhi Apartments, Varthur Road, Near Kundalahalli Signal, Whitefield, BEML Layout, Brookefield, Bengaluru, Karnataka 560066, India",https://www.google.co.kr/maps/place/Apollo+Medical+Center/data=!4m5!3m4!1s0x3bae123c020ea86b:0x63c378feb359934d!8m2!3d12.9562352!4d77.7168479?authuser=0&hl=en&rclk=1,12.9562352,77.7168479,Karnataka
Indian Clinic,Medical clinic,"2 nd Cross, L.B. Shasthri Nagar, HAL, 2nd Cross Rd, LBS Nagar, Kaggadasapura, Bengaluru, Karnataka 560017, India",https://www.google.co.kr/maps/place/Indian+Clinic/data=!4m5!3m4!1s0x3bae137a36cc27c3:0x1abe453f698943c1!8m2!3d12.9672805!4d77.6727531?authuser=0&hl=en&rclk=1,12.9672805,77.6727531,Karnataka
Janani Clinic,Medical clinic,"122, Ground- Floor, 68, Shivaji Rd, Swamy Shivanandapuram, Shivaji Nagar, Bengaluru, Karnataka 560051, India",https://www.google.co.kr/maps/place/Janani+Clinic/data=!4m5!3m4!1s0x3bae1666e5f4a233:0xb922d4b369ddb396!8m2!3d12.9877735!4d77.6020159?authuser=0&hl=en&rclk=1,12.9877735,77.6020159,Karnataka
Apollo Hospitals Bannerghatta,Hospital,"154, IIM, 11, Bannerghatta Main Rd, opposite Krishnaraju Layout, Krishnaraju Layout, Amalodbhavi Nagar, Naga, Bengaluru, Karnataka 560076, India",https://www.google.co.kr/maps/place/Apollo+Hospitals+Bannerghatta/data=!4m5!3m4!1s0x3bae152152c6edf7:0x838c2e0a91221a87!8m2!3d12.89604!4d77.5994955?authuser=0&hl=en&rclk=1,12.89604,77.5994955,Karnataka
Anand Clinic,Medical clinic,"No.613, 3rd Cross Rd, Koramangala 3 Block, Koramangala, Bengaluru, Karnataka 560034, India",https://www.google.co.kr/maps/place/Anand+Clinic/data=!4m5!3m4!1s0x3bae1459849e7617:0x65e9baf7a5994344!8m2!3d12.9283493!4d77.6217438?authuser=0&hl=en&rclk=1,12.9283493,77.6217438,Karnataka
Chitra Clinic,Medical clinic,"87/1, Charles Campbell Rd, Jeevanahalli, Cox Town, Bengaluru, Karnataka 560005, India",https://www.google.co.kr/maps/place/Chitra+Clinic/data=!4m5!3m4!1s0x3bae16ec75d66461:0xca87e9302374bcc7!8m2!3d12.9951474!4d77.6248203?authuser=0&hl=en&rclk=1,12.9951474,77.6248203,Karnataka
Janani Clinic,Medical clinic,"127, Panathur Main Rd, Kadubeesanahalli, Panathur, Bengaluru, Karnataka 560103, India",https://www.google.co.kr/maps/place/Janani+Clinic/data=!4m5!3m4!1s0x3bae13b2865776bf:0x171581e06f736541!8m2!3d12.9387184!4d77.696777?authuser=0&hl=en&rclk=1,12.9387184,77.696777,Karnataka
Bangalore Piles Clinic,Medical clinic,"No. 165, Chick Bazaar Rd, Shivaji Nagar, Bengaluru, Karnataka 560051, India",https://www.google.co.kr/maps/place/Bangalore+Piles+Clinic/data=!4m5!3m4!1s0x3bae1663e050b8cd:0xa9541a13ccd00fd3!8m2!3d12.9843978!4d77.6034741?authuser=0&hl=en&rclk=1,12.9843978,77.6034741,Karnataka
"Narayana Multispeciality Clinic, Sarjapura Road",Medical clinic,"83/3, Doddakannelli, Sarjapur Main Road, Near Wipro Gate, Bengaluru, Karnataka 560035, India","https://www.google.co.kr/maps/place/Narayana+Multispeciality+Clinic,+Sarjapura+Road/data=!4m5!3m4!1s0x3bae12c7a5bfae19:0x40833b210fd8394f!8m2!3d12.9104536!4d77.6862211?authuser=0&hl=en&rclk=1",12.9104536,77.6862211,Karnataka
"Dr TMA Pai Hospital, Udupi",Private hospital,"Court Rd, opp. Old Taluk Office, Brahmagiri, Udupi, Karnataka 576101, India","https://www.google.co.kr/maps/place/Dr+TMA+Pai+Hospital,+Udupi/data=!4m5!3m4!1s0x3bbcbb6d0b05aa6d:0x7299e9dc4acda3cc!8m2!3d13.3323983!4d74.7470072?authuser=0&hl=en&rclk=1",13.3323983,74.7470072,Karnataka
Karnataka Health Centre,Medical clinic,"WJJ4+FRM, Bhavani Nagar, S.G. Palya, Bengaluru, Karnataka 560029, India",https://www.google.co.kr/maps/place/Karnataka+Health+Centre/data=!4m5!3m4!1s0x3bae15ad27d68581:0x9628fe1765034d76!8m2!3d12.9312184!4d77.6070571?authuser=0&hl=en&rclk=1,12.9312184,77.6070571,Karnataka
RxDx Healthcare Kadugodi,Medical clinic,"Site No 34/1 B, First Floor Above Dominos Pizza, Whitefield - Hoskote Rd, opposite Sai Baba Ashram, Kadugodi, Bengaluru, Karnataka 560067, India",https://www.google.co.kr/maps/place/RxDx+Healthcare+Kadugodi/data=!4m5!3m4!1s0x3bae0e3d265711f5:0x97c03317beeb38f2!8m2!3d13.0029975!4d77.7569426?authuser=0&hl=en&rclk=1,13.0029975,77.7569426,Karnataka
Kids Clinic India pvt ltd (OAR),Medical Center,"HAL 3rd Stage EXTN, Nanja Reddy Colony, Jeevan Bima Nagar, Bengaluru, Karnataka 560017, India",https://www.google.co.kr/maps/place/Kids+Clinic+India+pvt+ltd+(OAR)/data=!4m5!3m4!1s0x3bae139e15369473:0x6b30ab080fc41b1a!8m2!3d12.9607837!4d77.658436?authuser=0&hl=en&rclk=1,12.9607837,77.658436,Karnataka
Girish Clinic,Medical clinic,"-787, Satellite, 782, 8th B Cross Rd, Yelahanka Satellite Town, Yelahanka New Town, Bengaluru, Karnataka 560064, India",https://www.google.co.kr/maps/place/Girish+Clinic/data=!4m5!3m4!1s0x3bae185eb119d43b:0x5bd89bb2e7f0cbe1!8m2!3d13.0979882!4d77.5900882?authuser=0&hl=en&rclk=1,13.0979882,77.5900882,Karnataka
Manipal hospitals,Hospital,"C1 Block Hostel, Chokkanahalli, Bellahalli, Karnataka 560064, India",https://www.google.co.kr/maps/place/Manipal+hospitals/data=!4m5!3m4!1s0x3bae19123b5e41c7:0x6248d724566c0cdc!8m2!3d13.0852412!4d77.6376795?authuser=0&hl=en&rclk=1,13.0852412,77.6376795,Karnataka
Karnataka Clinic,Hospital,"#66, Rangaswamy Temple St, Anchepet, Chickpet, Bengaluru, Karnataka 560053, India",https://www.google.co.kr/maps/place/Karnataka+Clinic/data=!4m5!3m4!1s0x3bae17a4643aa8bb:0xb3d73d669f4821e3!8m2!3d12.9710515!4d77.5778238?authuser=0&hl=en&rclk=1,12.9710515,77.5778238,Karnataka
Minto Ophthalmic Hospital,Government hospital,"Chamrajpet, Tippu Sultan Palace Rd, Opposite V V Puram Police Station, New Tharagupet, Bengaluru, Karnataka 560002, India",https://www.google.co.kr/maps/place/Minto+Ophthalmic+Hospital/data=!4m5!3m4!1s0x3bae15fccffffffd:0x37f21079460c481c!8m2!3d12.9608878!4d77.5718855?authuser=0&hl=en&rclk=1,12.9608878,77.5718855,Karnataka
The Bangalore Hospital,General hospital,"202, Rashtriya Vidyalaya Rd, 2nd Block, Basavanagudi, Bengaluru, Karnataka 560004, India",https://www.google.co.kr/maps/place/The+Bangalore+Hospital/data=!4m5!3m4!1s0x3bae158e750221f1:0xf18e3d80c3d298aa!8m2!3d12.9377405!4d77.5804336?authuser=0&hl=en&rclk=1,12.9377405,77.5804336,Karnataka
ECHS Polyclinic Hubli,Hospital,"9543+625, Badami Nagar, Hubli, Karnataka 580023, India",https://www.google.co.kr/maps/place/ECHS+Polyclinic+Hubli/data=!4m5!3m4!1s0x3bb8d73f8bb25fd7:0x5eadd0794bcb45d2!8m2!3d15.3555111!4d75.1526099?authuser=0&hl=en&rclk=1,15.3555111,75.1526099,Karnataka
Ravi Poly Clinic,Hospital,"WHMC+X59, Mission Compound, Shivamogga, Karnataka 577201, India",https://www.google.co.kr/maps/place/Ravi+Poly+Clinic/data=!4m5!3m4!1s0x3bbba9719d4d41a7:0xeb27ef48610c7184!8m2!3d13.9349087!4d75.5704783?authuser=0&hl=en&rclk=1,13.9349087,75.5704783,Karnataka
NU Hospitals (West),Hospital,"Near to ISKCON, 4/1, Chord Rd, Rajajinagar, Bengaluru, Karnataka 560010, India",https://www.google.co.kr/maps/place/NU+Hospitals+(West)/data=!4m5!3m4!1s0x3bae3d785db91f89:0x8d697ed0f2a9f270!8m2!3d13.0119306!4d77.5528517?authuser=0&hl=en&rclk=1,13.0119306,77.5528517,Karnataka
Dr. Aditya Kulkarni,Neurologist,"VGQ9+7V3, Nehru Nagar, Belagavi, Karnataka 590010, India",https://www.google.co.kr/maps/place/Dr.+Aditya+Kulkarni/data=!4m5!3m4!1s0x3bbf61bc2e8c3363:0x9225c64a93ac3831!8m2!3d15.8881396!4d74.5196843?authuser=0&hl=en&rclk=1,15.8881396,74.5196843,Karnataka
Dr. Shanthala Girish,Medical clinic,"796, 8th A Cross, A sector, Lions Seva Bhavan Road, near NES Bus Stop, Yelahanka New Town, Bengaluru, Karnataka 560075, India",https://www.google.co.kr/maps/place/Dr.+Shanthala+Girish/data=!4m5!3m4!1s0x3bae1933c655b953:0x9e020b1ebfebfb39!8m2!3d13.0981922!4d77.5902809?authuser=0&hl=en&rclk=1,13.0981922,77.5902809,Karnataka
Apollo Clinic,Medical clinic,"1st floor, 54, 12th Main Rd, above SBI Bank, HSR Layout, Bengaluru, Karnataka 560102, India",https://www.google.co.kr/maps/place/Apollo+Clinic/data=!4m5!3m4!1s0x3bae148e062c9fc5:0x59ac87459672f9c9!8m2!3d12.9130353!4d77.6366138?authuser=0&hl=en&rclk=1,12.9130353,77.6366138,Karnataka
People Tree Hospitals,Hospital,"2, Tumkur Rd, Next to Yeshwanthpur Metro Stop, Goraguntepalya, Yeswanthpur, Bengaluru, Karnataka 560022, India",https://www.google.co.kr/maps/place/People+Tree+Hospitals/data=!4m5!3m4!1s0x3bae3d6b320b9f7b:0x5bd2ca61e09a2786!8m2!3d13.028795!4d77.5394651?authuser=0&hl=en&rclk=1,13.028795,77.5394651,Karnataka
Posture Clinic - Physiotherapy in bangalore/ HSR layout,Physical therapy clinic,"1198, 22nd A Cross Rd, Sector 3, HSR Layout, Bengaluru, Karnataka 560102, India",https://www.google.co.kr/maps/place/Posture+Clinic+-+Physiotherapy+in+bangalore%2F+HSR+layout/data=!4m5!3m4!1s0x3bae1490fac43423:0x9f84730a1fea895d!8m2!3d12.9092844!4d77.6401844?authuser=0&hl=en&rclk=1,12.9092844,77.6401844,Karnataka
Unity Hospital,Hospital,"Unity Care and Health Services Pvt Ltd., P.B No.535, Highlands, Mangalore, Karnataka 575002, India",https://www.google.co.kr/maps/place/Unity+Hospital/data=!4m5!3m4!1s0x3ba35a34e4cee1c5:0x5589a59aadaeca0a!8m2!3d12.8676609!4d74.8540711?authuser=0&hl=en&rclk=1,12.8676609,74.8540711,Karnataka
Aster Clinic,Medical clinic,"Mfar Greenheart Phase IV, Nagavara Village, Kasaba Hobli, Manyata Tech Park Rd, Manayata Tech Park, Nagavara, Bengaluru, Karnataka 560045, India",https://www.google.co.kr/maps/place/Aster+Clinic/data=!4m5!3m4!1s0x3bae176e4b1b7b93:0x32693e7321f467a9!8m2!3d13.0451938!4d77.6210266?authuser=0&hl=en&rclk=1,13.0451938,77.6210266,Karnataka
Maternity Hospital,Hospital,"Doddapet, Ranebennur, Karnataka 581115, India",https://www.google.co.kr/maps/place/Maternity+Hospital/data=!4m5!3m4!1s0x3bb97e6356814b9d:0x31a0f0d7ac1b971a!8m2!3d14.6225711!4d75.6328326?authuser=0&hl=en&rclk=1,14.6225711,75.6328326,Karnataka
Apollo Clinic JP Nagar,Medical clinic,"35, Brigade Millenium Rd, Puttenahalli, JP Nagar 7th Phase, J. P. Nagar, Bengaluru, Karnataka 560078, India",https://www.google.co.kr/maps/place/Apollo+Clinic+JP+Nagar/data=!4m5!3m4!1s0x3bae1546c4e1d3ed:0x6a51b2820857f8dc!8m2!3d12.892209!4d77.5814849?authuser=0&hl=en&rclk=1,12.892209,77.5814849,Karnataka
KMC Hospital,Private hospital,"Nandigudda Rd, Attavar, Mangalore, Karnataka 575001, India",https://www.google.co.kr/maps/place/KMC+Hospital/data=!4m5!3m4!1s0x3ba35bb660448f91:0xe815832743fe5d15!8m2!3d12.8589894!4d74.8481104?authuser=0&hl=en&rclk=1,12.8589894,74.8481104,Karnataka
Rainbow Children's Hospital,Children's hospital,"178/1 & 178/2, Bannerghatta Main Rd, opposite Janardhan Towers, Dollars Colony, Phase 4, Bilekahalli, Bengaluru, Karnataka 560076, India",https://www.google.co.kr/maps/place/Rainbow+Children's+Hospital/data=!4m5!3m4!1s0x3bae15121443dd7d:0x44eeec70fc7c548a!8m2!3d12.9033775!4d77.6007898?authuser=0&hl=en&rclk=1,12.9033775,77.6007898,Karnataka
Om Poly Clinic,Medical clinic,"Hoskote - Chintamani Rd, H Cross, Karnataka 562102, India",https://www.google.co.kr/maps/place/Om+Poly+Clinic/data=!4m5!3m4!1s0x3badffe2d4ebda0d:0x8470d135b793a7b0!8m2!3d13.2435562!4d77.9307812?authuser=0&hl=en&rclk=1,13.2435562,77.9307812,Karnataka
Columbia Asia Hospital - Doddaballapur,Private hospital,"State Highway 9,Doddaballapur, Bashettihalli, Karnataka 561203, India",https://www.google.co.kr/maps/place/Columbia+Asia+Hospital+-+Doddaballapur/data=!4m5!3m4!1s0x3bb1dfdac244ca39:0xabc77d500858308a!8m2!3d13.268653!4d77.551878?authuser=0&hl=en&rclk=1,13.268653,77.551878,Karnataka
"Nova IVF Fertility Center - Best IVF Centre In Basaveshwar Nagar, Bengaluru",Fertility clinic,"No. 869, Kade Complex, Dr. M.C. Modi Eye Hospital Road, Chord Rd, Stage 2, Basaveshwar Nagar, Bengaluru, Karnataka 560086, India","https://www.google.co.kr/maps/place/Nova+IVF+Fertility+Center+-+Best+IVF+Centre+In+Basaveshwar+Nagar,+Bengaluru/data=!4m5!3m4!1s0x3bae1635e89c19ab:0xa8a7917df4f4fa8e!8m2!3d12.9975751!4d77.5445599?authuser=0&hl=en&rclk=1",12.9975751,77.5445599,Karnataka
Narayana Multispeciality Clinic,Medical clinic,"Survey No.162, Vandana West Ridge Plaza, Neeladri Rd, Electronics City Phase 1, Doddathoguru, Bengaluru, Karnataka 560100, India",https://www.google.co.kr/maps/place/Narayana+Multispeciality+Clinic/data=!4m5!3m4!1s0x3bae6b7c339bb221:0x985d27a7790904e5!8m2!3d12.8410215!4d77.6505363?authuser=0&hl=en&rclk=1,12.8410215,77.6505363,Karnataka
Kids Care Clinic,Medical clinic,"23, Chandra Layout, Income Tax Layout Main Road, Binny Mills Employees Colony, Vijayanagar, Bengaluru, Karnataka 560040, India",https://www.google.co.kr/maps/place/Kids+Care+Clinic/data=!4m5!3m4!1s0x3bae3ddce4dd2b6f:0x6cef1636c4530000!8m2!3d12.959782!4d77.5318922?authuser=0&hl=en&rclk=1,12.959782,77.5318922,Karnataka
"Sattvik Spine & Scoliosis Center- Best Spine Surgeon in Bangalore, India",Orthopedic clinic,"No. 13 [old no. 1721], Vrindavan,41 ""A"" Cross, 18th Main Road, 4T Block, Jayanagar, Bengaluru, Karnataka 560041, India","https://www.google.co.kr/maps/place/Sattvik+Spine+%26+Scoliosis+Center-+Best+Spine+Surgeon+in+Bangalore,+India/data=!4m5!3m4!1s0x3bae150be80b22bf:0x214c09831d95bd09!8m2!3d12.918796!4d77.590316?authuser=0&hl=en&rclk=1",12.918796,77.590316,Karnataka
City Clinic,Hospital,"1st Main Rd, Zuzuvadi, Maruti Nagar, 1st Stage, BTM Layout, Bengaluru, Karnataka 560068, India",https://www.google.co.kr/maps/place/City+Clinic/data=!4m5!3m4!1s0x3bae1456de7f8ee7:0x89ecca546856785c!8m2!3d12.927471!4d77.6160483?authuser=0&hl=en&rclk=1,12.927471,77.6160483,Karnataka
Sakra World Hospital,Private hospital,"SY NO 52/2 & 52/3, Devarabeesanahalli, Varthur Hobli Opp Intel, Outer Ring Rd, Marathahalli, Bengaluru, Karnataka 560103, India",https://www.google.co.kr/maps/place/Sakra+World+Hospital/data=!4m5!3m4!1s0x3bae13a676bd1a2d:0x9b015ce820da5edb!8m2!3d12.9323275!4d77.6851886?authuser=0&hl=en&rclk=1,12.9323275,77.6851886,Karnataka
Apollo Clinic,Medical clinic,"Neeladri Rd, Karuna Nagar, Electronics City Phase 1, Electronic City, Bengaluru, Karnataka 560100, India",https://www.google.co.kr/maps/place/Apollo+Clinic/data=!4m5!3m4!1s0x3bae6b5076277bcd:0x6bbf8d2def82580c!8m2!3d12.8415599!4d77.6469388?authuser=0&hl=en&rclk=1,12.8415599,77.6469388,Karnataka
Motherhood Hospital - Banashankari,Maternity hospital,"4, 30th Main Rd, opp. Kempegowda Institute Of Medical Science, Kaveri Nagar, Banagirinagara, Banashankari 3rd Stage, Banashankari, Bengaluru, Karnataka 560085, India",https://www.google.co.kr/maps/place/Motherhood+Hospital+-+Banashankari/data=!4m5!3m4!1s0x3bae3e29ef71a267:0x8a9de5ce7a6281a8!8m2!3d12.9269371!4d77.561086?authuser=0&hl=en&rclk=1,12.9269371,77.561086,Karnataka
Karnataka Medical Center,Hospital,"Bengaluru, 3rd Block, Rajajinagar, Bengaluru, Karnataka 560010, India",https://www.google.co.kr/maps/place/Karnataka+Medical+Center/data=!4m5!3m4!1s0x3bae3df253a49cd7:0x63212a69e0ed4763!8m2!3d12.9845068!4d77.5531283?authuser=0&hl=en&rclk=1,12.9845068,77.5531283,Karnataka
hospital,Hospital,"Bus Stand, OPD City, Vijaya Nagar, Cantonment, Ballari, Karnataka 583276, India",https://www.google.co.kr/maps/place/hospital/data=!4m5!3m4!1s0x3bb713811aa7d959:0x301092b7b297a167!8m2!3d15.1549257!4d76.8994721?authuser=0&hl=en&rclk=1,15.1549257,76.8994721,Karnataka
Narayana Hrudayalaya Super Speciality Clinic,Specialized clinic,"BDA Complex, B 43/A, 1st and 2nd Floor, Sector 6, HSR Layout, Bengaluru, Karnataka 560034, India",https://www.google.co.kr/maps/place/Narayana+Hrudayalaya+Super+Speciality+Clinic/data=!4m5!3m4!1s0x3bae1491f32210bf:0x5c99a34b7465af0a!8m2!3d12.9132506!4d77.6374876?authuser=0&hl=en&rclk=1,12.9132506,77.6374876,Karnataka
"Milann Fertility & Birthing Hospital - JP Nagar - Best Fertility Clinic & Birthing Hospital in JP Nagar, Bangalore",Fertility clinic,"#1109,, 24th Main Road, J. P. Nagar 1st Phase, Bengaluru, Karnataka 560078, India","https://www.google.co.kr/maps/place/Milann+Fertility+%26+Birthing+Hospital+-+JP+Nagar+-+Best+Fertility+Clinic+%26+Birthing+Hospital+in+JP+Nagar,+Bangalore/data=!4m5!3m4!1s0x3bae15a2689bfd2f:0xab1d0bfd55eaefb5!8m2!3d12.916402!4d77.585558?authuser=0&hl=en&rclk=1",12.916402,77.585558,Karnataka
"Narayana Multispeciality Clinic, Jayanagar",Medical clinic,"UDAY HOUSE - Uday Group Of Companies, 8th B Main Road, 4th Block, Jayanagar, 108, 30th Cross Rd, Bengaluru, Karnataka 560011, India","https://www.google.co.kr/maps/place/Narayana+Multispeciality+Clinic,+Jayanagar/data=!4m5!3m4!1s0x3bae1598e88bc5c1:0xdcde9737879da581!8m2!3d12.928824!4d77.5829332?authuser=0&hl=en&rclk=1",12.928824,77.5829332,Karnataka
Medicare Multispeciality Hospital,General hospital,"Darga Rd, Bapu Nagar, Maktampura, Gulbarga, Karnataka 585101, India",https://www.google.co.kr/maps/place/Medicare+Multispeciality+Hospital/data=!4m5!3m4!1s0x3bc8c7461bd5e377:0x663a21a15be108b0!8m2!3d17.3372143!4d76.8441252?authuser=0&hl=en&rclk=1,17.3372143,76.8441252,Karnataka
Specialist Hospital,Hospital,"216, 7th Main Rd, HRBR Layout 1st Block, HRBR Layout, Kalyan Nagar, Bengaluru, Karnataka 560043, India",https://www.google.co.kr/maps/place/Specialist+Hospital/data=!4m5!3m4!1s0x3bae17286449c9f1:0x81656445b256f3e3!8m2!3d13.0169312!4d77.6432499?authuser=0&hl=en&rclk=1,13.0169312,77.6432499,Karnataka
"Aster Women and Children Hospital, Whitefield, Bangalore",Children's hospital,"Plot No. 2, Survey No - 76, Sadaramangala Industrial Area, Of, ITPL Main Rd, Kadugodi, Bengaluru, Karnataka 560067, India","https://www.google.co.kr/maps/place/Aster+Women+and+Children+Hospital,+Whitefield,+Bangalore/data=!4m5!3m4!1s0x3bae111a86933f31:0x1bf3f1d23aaa542e!8m2!3d12.9889001!4d77.7339005?authuser=0&hl=en&rclk=1",12.9889001,77.7339005,Karnataka
Janani Clinic - A Specialist Women's Clinic,Obstetrician-gynecologist,"28, 16th Cross, JP Nagar 6th Phase, 33rd Main, MG Layout, Bengaluru, Karnataka 560078, India",https://www.google.co.kr/maps/place/Janani+Clinic+-+A+Specialist+Women's+Clinic/data=!4m5!3m4!1s0x3bae156c3d6e3e19:0xb748c227cf4bd4c5!8m2!3d12.9058626!4d77.5800158?authuser=0&hl=en&rclk=1,12.9058626,77.5800158,Karnataka
Ramakrishna Hospital,Specialized hospital,"24 & 26 15th Cross, near South End Circle, Jayanagar East, Jayanagar, Bengaluru, Karnataka 560011, India",https://www.google.co.kr/maps/place/Ramakrishna+Hospital/data=!4m5!3m4!1s0x3bae1596465487db:0x8f0201b87c89bc86!8m2!3d12.9364325!4d77.5832905?authuser=0&hl=en&rclk=1,12.9364325,77.5832905,Karnataka
Gunasheela Hospital & Fertility Centre,Hospital,"1, Dewan Madhava Rao Rd, opp. M.N.Krishna Rao Park, Basavanagudi, Bengaluru, Karnataka 560004, India",https://www.google.co.kr/maps/place/Gunasheela+Hospital+%26+Fertility+Centre/data=!4m5!3m4!1s0x3bae1592981d91b7:0x524c5a044d2f78cc!8m2!3d12.9402096!4d77.5764533?authuser=0&hl=en&rclk=1,12.9402096,77.5764533,Karnataka
Apollo Clinic,Medical clinic,"Plot no B-1, Amba Vatika Co-op Housing society, near Café Coffee Day, Khondawa Khurd, Pune, Maharashtra 411048, India",https://www.google.co.kr/maps/place/Apollo+Clinic/data=!4m5!3m4!1s0x3bc2ea7b98e7238b:0xbe158e80eaaa93bf!8m2!3d18.4794221!4d73.8963326?authuser=0&hl=en&rclk=1,18.4794221,73.8963326,Karnataka
"Narayana Multispeciality Clinic, HSR Layout",Medical clinic,"BDA Complex, 1st Floor, B 43/A, 12th Main Rd, Sector 6, HSR Layout, Bengaluru, Karnataka 560102, India","https://www.google.co.kr/maps/place/Narayana+Multispeciality+Clinic,+HSR+Layout/data=!4m5!3m4!1s0x3bae148e72ed8335:0xcb28d37d52aafbf!8m2!3d12.9142794!4d77.6374916?authuser=0&hl=en&rclk=1",12.9142794,77.6374916,Karnataka
hospital,Hospital,"G8QQ+7PR, Hasargundgi, Karnataka 585306, India",https://www.google.co.kr/maps/place/hospital/data=!4m5!3m4!1s0x3bc92e795eb29bdf:0x311920bce61a24c0!8m2!3d17.5382381!4d77.3392694?authuser=0&hl=en&rclk=1,17.5382381,77.3392694,Karnataka
Fortis Hospital,Hospital,"No.17, Millers Rd, Ambedkar Veedhi, Vasanth Nagar, Bengaluru, Karnataka 560001, India",https://www.google.co.kr/maps/place/Fortis+Hospital/data=!4m5!3m4!1s0x3bae1642c40ef3ab:0xf367a7d1a5944ba7!8m2!3d12.9916569!4d77.5952842?authuser=0&hl=en&rclk=1,12.9916569,77.5952842,Karnataka
Yenepoya Specialty Hospital,Private hospital,"KSR Road, Opp Bishop's House, Kodailbail, Mangalore, Karnataka 575003, India",https://www.google.co.kr/maps/place/Yenepoya+Specialty+Hospital/data=!4m5!3m4!1s0x3ba35a4e4fe99a89:0xed72ce8be87c6920!8m2!3d12.8730398!4d74.8412242?authuser=0&hl=en&rclk=1,12.8730398,74.8412242,Karnataka
Rangadore Memorial Hospital,Hospital,"1st Cross Road Shankarapuram, Basavanagudi, Bengaluru, Karnataka 560004, India",https://www.google.co.kr/maps/place/Rangadore+Memorial+Hospital/data=!4m5!3m4!1s0x3bae1592c0000001:0x92435e0cc1f579e1!8m2!3d12.95345!4d77.5712082?authuser=0&hl=en&rclk=1,12.95345,77.5712082,Karnataka
Vijaya Clinic,Nursing home,"Kadri Kambla Rd, Mallikatte, Kadri, Mangalore, Karnataka 575004, India",https://www.google.co.kr/maps/place/Vijaya+Clinic/data=!4m5!3m4!1s0x3ba35a3e94fe8711:0x6466f7e2acedc48c!8m2!3d12.880979!4d74.853146?authuser=0&hl=en&rclk=1,12.880979,74.853146,Karnataka
Ovum Woman & Child Speciality Hospital,Women's health clinic,"220, 7th Main Rd, HRBR Layout 1st Block, HRBR Layout, Banaswadi, Bengaluru, Karnataka 560043, India",https://www.google.co.kr/maps/place/Ovum+Woman+%26+Child+Speciality+Hospital/data=!4m5!3m4!1s0x3bae172f349a35a7:0x3c76bfdc80a27add!8m2!3d13.0172758!4d77.6432707?authuser=0&hl=en&rclk=1,13.0172758,77.6432707,Karnataka
Rajmahal Vilas hospital,Doctor,"No 138, RMV 2nd Stage, AECS Layout, Sanjay Nagar, Bengaluru, Karnataka 560094, India",https://www.google.co.kr/maps/place/Rajmahal+Vilas+hospital/data=!4m5!3m4!1s0x3bae17c244546a23:0xfd89542281b41253!8m2!3d13.032349!4d77.576973?authuser=0&hl=en&rclk=1,13.032349,77.576973,Karnataka
hospital,Hospital,"Unnamed Road, Bagali, Karnataka 583131, India",https://www.google.co.kr/maps/place/hospital/data=!4m5!3m4!1s0x3bb9915eec893271:0x8660c1584a7e36fb!8m2!3d14.8447984!4d75.9810282?authuser=0&hl=en&rclk=1,14.8447984,75.9810282,Karnataka
"Narayana Multispeciality Hospital, Mysore",General hospital,"CAH/1, 3rd Phase, Devanur, 2nd Stage, R.S.Naidu Nagar, Mysuru, Karnataka 570019, India","https://www.google.co.kr/maps/place/Narayana+Multispeciality+Hospital,+Mysore/data=!4m5!3m4!1s0x3baf71a12b5ff6e3:0xfa137a5dcf03a77b!8m2!3d12.3452462!4d76.6730436?authuser=0&hl=en&rclk=1",12.3452462,76.6730436,Karnataka
Hospital,Government hospital,"48XQ+HF5, T.Begur, Karnataka 562123, India",https://www.google.co.kr/maps/place/Hospital/data=!4m5!3m4!1s0x3bae28da2509432f:0xa905aa651ac189ac!8m2!3d13.1488752!4d77.3387416?authuser=0&hl=en&rclk=1,13.1488752,77.3387416,Karnataka
Apollo clinic,Medical clinic,"FVHW+JF7, Kubera Garden, Kondhwa, Pune, Maharashtra 411048, India",https://www.google.co.kr/maps/place/Apollo+clinic/data=!4m5!3m4!1s0x3bc2ea7b986cec7d:0xd157001bf6d0575b!8m2!3d18.4790339!4d73.8961835?authuser=0&hl=en&rclk=1,18.4790339,73.8961835,Karnataka
Apollo Clinic,Medical clinic,"Ground Nyati Millenium Premises S1 Datta Mandir Chowk, Viman Nagar, Pune, Maharashtra 411014, India",https://www.google.co.kr/maps/place/Apollo+Clinic/data=!4m5!3m4!1s0x3bc2c1474783aef5:0xc1584c91db9aef7e!8m2!3d18.564464!4d73.913942?authuser=0&hl=en&rclk=1,18.564464,73.913942,Karnataka
Narayana Health City,Hospital,"Anekal Taluk, 258/A, Hosur Rd, Bommasandra Industrial Area, Bengaluru, Karnataka 560099, India",https://www.google.co.kr/maps/place/Narayana+Health+City/data=!4m5!3m4!1s0x3bae6d92c697eb31:0x77ddda80dabce1ec!8m2!3d12.8083141!4d77.6944144?authuser=0&hl=en&rclk=1,12.8083141,77.6944144,Karnataka
Fortis Hospital,Hospital,"No.31, 32, Crescent Rd, Racecourse, Gandhi Nagar, Bengaluru, Karnataka 560001, India",https://www.google.co.kr/maps/place/Fortis+Hospital/data=!4m5!3m4!1s0x3bae16143920dc4b:0x1b2a8f9b9d22dfba!8m2!3d12.985298!4d77.58038?authuser=0&hl=en&rclk=1,12.985298,77.58038,Karnataka
OM POLY CLINIC,Surgeon,"#7 Patel c Narayanappa building nelagadaranahalli, 2nd Cross St, Bengaluru, Karnataka 560073, India",https://www.google.co.kr/maps/place/OM+POLY+CLINIC/data=!4m5!3m4!1s0x3bae3d7e9367d1f3:0x716cc47428f74fbf!8m2!3d13.03169!4d77.503369?authuser=0&hl=en&rclk=1,13.03169,77.503369,Karnataka
Government clinic,Doctor,"Unnamed Road, Neeloor, Karnataka 585213, India",https://www.google.co.kr/maps/place/Government+clinic/data=!4m5!3m4!1s0x3bc8a533a8b78107:0xc57550b4f6253e68!8m2!3d17.3488322!4d76.6311182?authuser=0&hl=en&rclk=1,17.3488322,76.6311182,Karnataka
Janani clinic,Maternity hospital,"Chowdappa Layout, Kilkodungalur, RPC Layout, Vijayanagar, Bengaluru, Karnataka 560104, India",https://www.google.co.kr/maps/place/Janani+clinic/data=!4m5!3m4!1s0x3bae3e738cb19459:0x6b6a0b7b735d134a!8m2!3d12.9582758!4d77.5347895?authuser=0&hl=en&rclk=1,12.9582758,77.5347895,Karnataka
INHS Jeevanti,Military hospital,"Mundvel, New Vaddem, Vasco da Gama, Goa 403802, India",https://www.google.co.kr/maps/place/INHS+Jeevanti/data=!4m5!3m4!1s0x3bbfc7987d52574d:0xfde66f62c04f9fd8!8m2!3d15.4047026!4d73.8191027?authuser=0&hl=en&rclk=1,15.4047026,73.8191027,Karnataka
Abhaya Hospital,Hospital,"Bus Stop, No. 17, Dr. M H Mari Gowda Road, Opp. 9th Cross, Hosur Rd, Wilson Garden, Bengaluru, Karnataka 560027, India",https://www.google.co.kr/maps/place/Abhaya+Hospital/data=!4m5!3m4!1s0x3bae15b2e1059559:0xd245be7db1d5e1a!8m2!3d12.9463525!4d77.594799?authuser=0&hl=en&rclk=1,12.9463525,77.594799,Karnataka
"Aster RV Hospital, JP Nagar Bangalore",Hospital,"CA, 37, 24th Main Rd, ITI Layout, 1st Phase, J. P. Nagar, Bengaluru, Karnataka 560078, India","https://www.google.co.kr/maps/place/Aster+RV+Hospital,+JP+Nagar+Bangalore/data=!4m5!3m4!1s0x3bae15aef47cc555:0x19fc4ef2704d71a9!8m2!3d12.9108391!4d77.5851861?authuser=0&hl=en&rclk=1",12.9108391,77.5851861,Karnataka
Vignesha Ayurvedic Clinic,Medical clinic,"23, 9th Cross, 13th A Main, 50 Feet Road, Near-APSRTC Booking Center, Hanumantha Nagar, Bengaluru, Karnataka 560050, India",https://www.google.co.kr/maps/place/Vignesha+Ayurvedic+Clinic/data=!4m5!3m4!1s0x3bae3e21c9981e29:0x650aeb7f414f54d9!8m2!3d12.9420415!4d77.5584826?authuser=0&hl=en&rclk=1,12.9420415,77.5584826,Karnataka
"ColumbiaAsia Physiotherapy Dept Whitefield, Bangalore",Physical therapy clinic,"ColumbiaAsia, Palm Meadows, Whitefield, Bengaluru, Karnataka 560066, India","https://www.google.co.kr/maps/place/ColumbiaAsia+Physiotherapy+Dept+Whitefield,+Bangalore/data=!4m5!3m4!1s0x3bae0df61d52089d:0x8f30cf19323ef908!8m2!3d12.9583061!4d77.7452852?authuser=0&hl=en&rclk=1",12.9583061,77.7452852,Karnataka
Kangaroo Care - Women and Children Hospital in West Bangalore,Maternity hospital,"NO 89,MC LAYOUT, VIJAYANAGAR NEAR SHRI BALAGANGADHARANATHA SWAMY METRO STATION, 17th Cross Rd, Bengaluru, Karnataka 560040, India",https://www.google.co.kr/maps/place/Kangaroo+Care+-+Women+and+Children+Hospital+in+West+Bangalore/data=!4m5!3m4!1s0x3bae3de64ea15d01:0x15cfe16d3c63a705!8m2!3d12.9742135!4d77.5422942?authuser=0&hl=en&rclk=1,12.9742135,77.5422942,Karnataka
Columbia Asia Hospital Mysuru,General hospital,"No. 85-86, Bangalore-Mysore Ring Road Junction Bannimantapa 'A' Layout, Siddique Nagar, Mandi Mohalla, Mysuru, Karnataka 570015, India",https://www.google.co.kr/maps/place/Columbia+Asia+Hospital+Mysuru/data=!4m5!3m4!1s0x3baf7092496f2c85:0xd84f0cc826a451aa!8m2!3d12.3499753!4d76.6601803?authuser=0&hl=en&rclk=1,12.3499753,76.6601803,Karnataka
Anand Clinic,Hospital,"24, Devarachikkanahalli Rd, Vijaya Bank Layout, Bilekahalli, Bengaluru, Karnataka 560076, India",https://www.google.co.kr/maps/place/Anand+Clinic/data=!4m5!3m4!1s0x3bae1520441c9a35:0x627f3cfb9adfd1d8!8m2!3d12.8981658!4d77.6059318?authuser=0&hl=en&rclk=1,12.8981658,77.6059318,Karnataka
Parvati Piles Clinic,Medical clinic,"Sultanpalya Main Road, 2nd Cross Bhuvaneswari Nagar 6th Main R.T.Nagar, Post, Hebbal, Bengaluru, Karnataka 560032, India",https://www.google.co.kr/maps/place/Parvati+Piles+Clinic/data=!4m5!3m4!1s0x3bae17a1d1ddc6c9:0xd29222d42e07b1df!8m2!3d13.0349074!4d77.6050987?authuser=0&hl=en&rclk=1,13.0349074,77.6050987,Karnataka
Hospital,Hospital,"78FV+MMF, Hornadu, Karnataka 577181, India",https://www.google.co.kr/maps/place/Hospital/data=!4m5!3m4!1s0x3bbb37de4b362539:0xd53d9288df0ed1d2!8m2!3d13.2741803!4d75.3441638?authuser=0&hl=en&rclk=1,13.2741803,75.3441638,Karnataka
Hospital,Hospital,"Unnamed Road, Humnabad, Karnataka 585330, India",https://www.google.co.kr/maps/place/Hospital/data=!4m5!3m4!1s0x3bcf28e58fdfcc9b:0xe47d9570a0ecccbd!8m2!3d17.7735068!4d77.133322?authuser=0&hl=en&rclk=1,17.7735068,77.133322,Karnataka
District hospital gadag,General hospital,"Gadag, Karnataka 582103, India",https://www.google.co.kr/maps/place/District+hospital+gadag/data=!4m5!3m4!1s0x3bb8fc15aea62415:0x62283f7ed3dd4030!8m2!3d15.3809618!4d75.6008034?authuser=0&hl=en&rclk=1,15.3809618,75.6008034,Karnataka
Women and Children Hospital,Government hospital,"NH 69, Sagar, Karnataka 577401, India",https://www.google.co.kr/maps/place/Women+and+Children+Hospital/data=!4m5!3m4!1s0x3bbb8b46b9780851:0xc9f307173f81a87e!8m2!3d14.1663878!4d75.0424542?authuser=0&hl=en&rclk=1,14.1663878,75.0424542,Karnataka
Columbia Asia Hospital Sarjapur Road,Hospital,"Survey no 45/2, ward no. 150 Marathahalli - Sarjapur Rd, opposite Iblur, Ambalipura, Bellandur, Bengaluru, Karnataka 560102, India",https://www.google.co.kr/maps/place/Columbia+Asia+Hospital+Sarjapur+Road/data=!4m5!3m4!1s0x3bae137091a7b661:0xedc3173f33fb2b29!8m2!3d12.9208792!4d77.6634036?authuser=0&hl=en&rclk=1,12.9208792,77.6634036,Karnataka
"Fortis Hospital, Nagarbhavi, Bangalore",Private hospital,"Building No. 119, Survey No, 23, 80 Feet Main Rd, 2nd Stage, Naagarabhaavi, Bengaluru, Karnataka 560072, India","https://www.google.co.kr/maps/place/Fortis+Hospital,+Nagarbhavi,+Bangalore/data=!4m5!3m4!1s0x3bae16773c548eed:0xff00fb1e264b6969!8m2!3d12.9610433!4d77.5116184?authuser=0&hl=en&rclk=1",12.9610433,77.5116184,Karnataka
Gov. Hospital,Hospital,"543X+734, Madhuvanahalli, Karnataka 571440, India",https://www.google.co.kr/maps/place/Gov.+Hospital/data=!4m5!3m4!1s0x3baf1f75e5221c9f:0x2c1d91775bc35cad!8m2!3d12.1531468!4d77.1477107?authuser=0&hl=en&rclk=1,12.1531468,77.1477107,Karnataka
Brains Hospital,Hospital,"5, Richmond Rd, Opposite Baldwin School, Shanthala Nagar, Ashok Nagar, Bengaluru, Karnataka 560025, India",https://www.google.co.kr/maps/place/Brains+Hospital/data=!4m5!3m4!1s0x3bae3fb1ae3a7201:0x75e781fad36ecf06!8m2!3d12.9654806!4d77.5999198?authuser=0&hl=en&rclk=1,12.9654806,77.5999198,Karnataka
H B S Hospital,Hospital,"58, Cock Burn Rd, Sulthangunta, Shivaji Nagar, Bengaluru, Karnataka 560051, India",https://www.google.co.kr/maps/place/H+B+S+Hospital/data=!4m5!3m4!1s0x3bae166093bdefab:0xa27a91ff33a95a64!8m2!3d12.9893005!4d77.6035234?authuser=0&hl=en&rclk=1,12.9893005,77.6035234,Karnataka
Aster CMI Hospital,Hospital,"43/2, Srinagar - Kanyakumari Hwy, Sahakar Nagar, Sanjeevini Nagar, Bengaluru, Karnataka 560092, India",https://www.google.co.kr/maps/place/Aster+CMI+Hospital/data=!4m5!3m4!1s0x3bae1789755331d3:0x622ebc0aa55f732c!8m2!3d13.0545359!4d77.5915843?authuser=0&hl=en&rclk=1,13.0545359,77.5915843,Karnataka
Seva Hospital,Hospital,"Indumati Road, Police Head Quarters, Kolhapur, Maharashtra 416006, India",https://www.google.co.kr/maps/place/Seva+Hospital/data=!4m5!3m4!1s0x3bc100f4fe253cdd:0xf9460782dffb399d!8m2!3d16.7262799!4d74.2441231?authuser=0&hl=en&rclk=1,16.7262799,74.2441231,Karnataka
Civil Hospital,Hospital,"court road, Gajabarwadi, Hukkeri, Karnataka 591309, India",https://www.google.co.kr/maps/place/Civil+Hospital/data=!4m5!3m4!1s0x3bc0bd23b8bf48db:0xd76347c1e55e1f72!8m2!3d16.2362553!4d74.6027446?authuser=0&hl=en&rclk=1,16.2362553,74.6027446,Karnataka
Shalby Clinic - Orthopedic & Joint Replacement Centre,Orthopedic clinic,"A/95, Ground Floor, Shanti Niketan, Netaji Subhash Road, Marine Dr, Mumbai, Maharashtra 400002, India",https://www.google.co.kr/maps/place/Shalby+Clinic+-+Orthopedic+%26+Joint+Replacement+Centre/data=!4m5!3m4!1s0x3be7ce1e3e364c35:0x907af8f2ad84b68f!8m2!3d18.94325!4d72.823568?authuser=0&hl=en&rclk=1,18.94325,72.823568,Karnataka
Bangalore Baptist Hospital,Hospital,"Bellary Rd, Vinayakanagar, Hebbal, Bengaluru, Karnataka 560024, India",https://www.google.co.kr/maps/place/Bangalore+Baptist+Hospital/data=!4m5!3m4!1s0x3bae17be2817e0c7:0xeed76978487c758!8m2!3d13.0358406!4d77.5895705?authuser=0&hl=en&rclk=1,13.0358406,77.5895705,Karnataka
"ECHS Polyclinic ,shimoga",Hospital,"WHRC+2FR, Gandhi Nagar, Shivamogga, Karnataka 577201, India","https://www.google.co.kr/maps/place/ECHS+Polyclinic+,shimoga/data=!4m5!3m4!1s0x3bbba8d452632ac7:0x585292a5a439f1d5!8m2!3d13.9401199!4d75.5711557?authuser=0&hl=en&rclk=1",13.9401199,75.5711557,Karnataka
Dr. Naseem's Cantonment Diagnostic Centre And Poly Clinic,Private hospital,"88/1, Coles Rd, opp Reliance Fresh, Pulkeshi Nagar, Pulikeshi Nagar, Bengaluru, Karnataka 560005, India",https://www.google.co.kr/maps/place/Dr.+Naseem's+Cantonment+Diagnostic+Centre+And+Poly+Clinic/data=!4m5!3m4!1s0x3bae16f61be67c63:0x15d2f584c432678c!8m2!3d12.9968814!4d77.6113795?authuser=0&hl=en&rclk=1,12.9968814,77.6113795,Karnataka
Cloudnine Clinic,Maternity hospital,"No. 44 and 45, 1st Floor, G Block, Sahakarnagar, 60 Feet Road, opp. HDFC Bank, Bengaluru, Karnataka 560092, India",https://www.google.co.kr/maps/place/Cloudnine+Clinic/data=!4m5!3m4!1s0x3bae18241df99279:0xa3a919465400dc4f!8m2!3d13.063013!4d77.5917413?authuser=0&hl=en&rclk=1,13.063013,77.5917413,Karnataka
Hospital,Hospital,"H4C5+JMH, Yallambalase, Karnataka 577548, India",https://www.google.co.kr/maps/place/Hospital/data=!4m5!3m4!1s0x3bba94e09b9b9053:0x9e8838c8bcb01a0c!8m2!3d13.571568!4d76.1092227?authuser=0&hl=en&rclk=1,13.571568,76.1092227,Karnataka
"Fortis La Femme, Richmond Town",Private hospital,"No:62, Richmond Road, Mother Teresa Rd, behind Sacred Heart Church Entry from, Richmond Town, Bengaluru, Karnataka 560025, India","https://www.google.co.kr/maps/place/Fortis+La+Femme,+Richmond+Town/data=!4m5!3m4!1s0x3bae142ac1c81093:0xa2fc9609c496d0c4!8m2!3d12.9657298!4d77.6097608?authuser=0&hl=en&rclk=1",12.9657298,77.6097608,Karnataka
Roopini Healthcare Clinic,Hospital,"Roopini Healthcare, near bn gorana medical, Kanakapura Rd, santhe, Kodihalli, Bengaluru, Karnataka, India",https://www.google.co.kr/maps/place/Roopini+Healthcare+Clinic/data=!4m5!3m4!1s0x3baef46ce5813c9d:0x3d7006f693a6ce9c!8m2!3d12.4361169!4d77.4951406?authuser=0&hl=en&rclk=1,12.4361169,77.4951406,Karnataka
Mazumdar Shaw Medical Center,General hospital,"Anekal, 258/A, Hosur Rd, Bommasandra Industrial Area, Bengaluru, Karnataka 560099, India",https://www.google.co.kr/maps/place/Mazumdar+Shaw+Medical+Center/data=!4m5!3m4!1s0x3bae6c33ea16001d:0x51693da9325cf807!8m2!3d12.8067882!4d77.6947966?authuser=0&hl=en&rclk=1,12.8067882,77.6947966,Karnataka
Aveksha Hospital,Hospital,"Varadarajaswamy Layout, 122, M.S. Palya Rd, Singapura, Bengaluru, Karnataka 560097, India",https://www.google.co.kr/maps/place/Aveksha+Hospital/data=!4m5!3m4!1s0x3bae2294ec5d2ce5:0xec449c0bbed3eb67!8m2!3d13.0818183!4d77.5409144?authuser=0&hl=en&rclk=1,13.0818183,77.5409144,Karnataka
"Oncology International India, J P Nagar",Hospital,"743, Outer Ring Rd, KR Layout, JP Nagar Phase 6, J. P. Nagar, Bengaluru, Karnataka 560078, India","https://www.google.co.kr/maps/place/Oncology+International+India,+J+P+Nagar/data=!4m5!3m4!1s0x3bae156cca97008f:0xa260dd37bbff6cb9!8m2!3d12.9060481!4d77.5849915?authuser=0&hl=en&rclk=1",12.9060481,77.5849915,Karnataka
AV Multi-speciality Hospital - Banashankari,Hospital,"Hosakerehalli Main Rd, opp. Gupta College, 6th Block, Banashankari 3rd Stage, Banashankari, Bengaluru, Karnataka 560085, India",https://www.google.co.kr/maps/place/AV+Multi-speciality+Hospital+-+Banashankari/data=!4m5!3m4!1s0x3bae3f0f8280417f:0x5c858b1e9a9e2764!8m2!3d12.9327292!4d77.5410861?authuser=0&hl=en&rclk=1,12.9327292,77.5410861,Karnataka
Vikram Hospital,Hospital,"Anne's College, Millers Rd, Vasanth Nagar, Bengaluru, Karnataka 560052, India",https://www.google.co.kr/maps/place/Vikram+Hospital/data=!4m5!3m4!1s0x3bae1669eaba3441:0x2de104cb3a53a50d!8m2!3d12.9881945!4d77.5921677?authuser=0&hl=en&rclk=1,12.9881945,77.5921677,Karnataka
Sagar Hospitals Kumaraswamy Layout,General hospital,"Shavige Malleshwara Hills, DSI, 91st Main Rd, behind Dayananda Sagar Institution Campus, Kumaraswamy Layout, Bengaluru, Karnataka 560111, India",https://www.google.co.kr/maps/place/Sagar+Hospitals+Kumaraswamy+Layout/data=!4m5!3m4!1s0x3bae157cd3aabb31:0xd9e9f4bad8d0d688!8m2!3d12.9081807!4d77.5658487?authuser=0&hl=en&rclk=1,12.9081807,77.5658487,Karnataka
Bhagwan Mahaveer Jain Hospital,General hospital,"17, Millers Rd, Kaverappa Layout, Vasanth Nagar, Bengaluru, Karnataka 560052, India",https://www.google.co.kr/maps/place/Bhagwan+Mahaveer+Jain+Hospital/data=!4m5!3m4!1s0x3bae1642c63e2c23:0x730cce157da6d9cb!8m2!3d12.9915398!4d77.5954375?authuser=0&hl=en&rclk=1,12.9915398,77.5954375,Karnataka
Essential Hospital,General hospital,"Aladamara Papareddy Palya, Old Outer Ring Rd, ITI HBCS Layout, Papareddipalya, Annapurneshwari Nagar, Bengaluru, Karnataka 560072, India",https://www.google.co.kr/maps/place/Essential+Hospital/data=!4m5!3m4!1s0x3bae3c318748a2b3:0x536f6887641d9de4!8m2!3d12.9748198!4d77.5096173?authuser=0&hl=en&rclk=1,12.9748198,77.5096173,Karnataka
"Columbia Asia Hospital Hebbal, Bangalore",Private hospital,"Kirloskar Business Park, Bellary Rd, Hebbal Kempapura, Bengaluru, Karnataka 560024, India","https://www.google.co.kr/maps/place/Columbia+Asia+Hospital+Hebbal,+Bangalore/data=!4m5!3m4!1s0x3bae178f26a5ddf9:0x930a4b59c8b80796!8m2!3d13.0509529!4d77.593821?authuser=0&hl=en&rclk=1",13.0509529,77.593821,Karnataka
Fernandez Hospital Unit 2,Maternity hospital,"3-6-282, Hyderguda-Basheerbagh Rd, AP State Housing Board, Himayatnagar, Hyderguda, Telangana 500029, India",https://www.google.co.kr/maps/place/Fernandez+Hospital+Unit+2/data=!4m5!3m4!1s0x3bcb99db9b1b9c4d:0xc5164699ff651df5!8m2!3d17.398083!4d78.4829717?authuser=0&hl=en&rclk=1,17.398083,78.4829717,Karnataka
Mallegowda District Hospital,Hospital,"8Q7F+MRP, Vijaya Nagar, Chikmagalur, Karnataka 577101, India",https://www.google.co.kr/maps/place/Mallegowda+District+Hospital/data=!4m5!3m4!1s0x3bbad7650683dc67:0x2e80c26b04941c5c!8m2!3d13.3142205!4d75.774592?authuser=0&hl=en&rclk=1,13.3142205,75.774592,Karnataka
"Apollo BGS Hospitals, Mysuru",Private hospital,"Adichunchanagiri Road, Jayanagar, Kuvempu Nagara, Mysuru, Karnataka 570023, India","https://www.google.co.kr/maps/place/Apollo+BGS+Hospitals,+Mysuru/data=!4m5!3m4!1s0x3baf7aab67734a87:0x9a88cfb78df5e7c7!8m2!3d12.295964!4d76.6325376?authuser=0&hl=en&rclk=1",12.295964,76.6325376,Karnataka
Dr Mamata SH( Bhagwan Mahaveer Jain Hospital ),Doctor,"17 Miller's Road, Kaverappa Layout, Bengaluru, Karnataka 560001, India",https://www.google.co.kr/maps/place/Dr+Mamata+SH(+Bhagwan+Mahaveer+Jain+Hospital+)/data=!4m5!3m4!1s0x3bae17568829c0b7:0x47362e1a1c67ed33!8m2!3d12.9916569!4d77.5952842?authuser=0&hl=en&rclk=1,12.9916569,77.5952842,Karnataka
K.C. General Hospital,Government hospital,"5th Cross Road, Malleshwara, Bengaluru, Karnataka 560003, India",https://www.google.co.kr/maps/place/K.C.+General+Hospital/data=!4m5!3m4!1s0x3bae1624498c8b85:0xd95533c6e2c6bddb!8m2!3d12.9961428!4d77.569358?authuser=0&hl=en&rclk=1,12.9961428,77.569358,Karnataka
Victoria Hospital,Government hospital,"Mysore Rd, near City Market, New Tharagupet, Bengaluru, Karnataka 560002, India",https://www.google.co.kr/maps/place/Victoria+Hospital/data=!4m5!3m4!1s0x3bae15e2d61081e7:0x6e7d0833b6fa721e!8m2!3d12.9634744!4d77.5737641?authuser=0&hl=en&rclk=1,12.9634744,77.5737641,Karnataka
Mallya Hospital,Private hospital,"2, Vittal Mallya Rd, Ashok Nagar, Bengaluru, Karnataka 560001, India",https://www.google.co.kr/maps/place/Mallya+Hospital/data=!4m5!3m4!1s0x3bae1677e83810b3:0x57833242f73501e6!8m2!3d12.968064!4d77.5950677?authuser=0&hl=en&rclk=1,12.968064,77.5950677,Karnataka
BGS Gleneagles Global Hospitals,Private hospital,"67, Uttarahalli Main Rd, Sunkalpalya, Bengaluru, Karnataka 560060, India",https://www.google.co.kr/maps/place/BGS+Gleneagles+Global+Hospitals/data=!4m5!3m4!1s0x3bae3f3a216fb62f:0x195205a95bb618cf!8m2!3d12.902994!4d77.4974865?authuser=0&hl=en&rclk=1,12.902994,77.4974865,Karnataka
Maharaja Agrasen Hospital,Private hospital,"15th main, 17th Cross Road, Padmanabhanagar, Karnataka 560070, India",https://www.google.co.kr/maps/place/Maharaja+Agrasen+Hospital/data=!4m5!3m4!1s0x3bae3fd38f1933fb:0xa366c0875783b097!8m2!3d12.9159689!4d77.555005?authuser=0&hl=en&rclk=1,12.9159689,77.555005,Karnataka
"Fortis Hospital, Cunningham Road, Bangalore",Hospital,"14 Cunningham Road near Sigma Central Mall, Vasanth Nagar, Bengaluru, Karnataka 560052, India","https://www.google.co.kr/maps/place/Fortis+Hospital,+Cunningham+Road,+Bangalore/data=!4m5!3m4!1s0x3bae166847800b0f:0x5670f48c68782ac8!8m2!3d12.988318!4d77.594415?authuser=0&hl=en&rclk=1",12.988318,77.594415,Karnataka
"Narayana Multispeciality Hospital, HSR Layout",Private hospital,"Basant Health Centre Building, 1, 24th Cross Rd, Sector 3, HSR Layout, Bengaluru, Karnataka 560102, India","https://www.google.co.kr/maps/place/Narayana+Multispeciality+Hospital,+HSR+Layout/data=!4m5!3m4!1s0x3bae149a163c761f:0x383a13f2dabe4eca!8m2!3d12.9081024!4d77.6435134?authuser=0&hl=en&rclk=1",12.9081024,77.6435134,Karnataka
Joseph Medical Center,Medical Center,"12th Cross Rd, laksmipuram, Indiranagar, Bengaluru, Karnataka 560008, India",https://www.google.co.kr/maps/place/Joseph+Medical+Center/data=!4m5!3m4!1s0x3bae16987a7cd1e1:0x2c73ee8fce56e1b1!8m2!3d12.9780432!4d77.6301787?authuser=0&hl=en&rclk=1,12.9780432,77.6301787,Karnataka
JSS Hospital Mysore,Hospital,"Mahatma Gandhi Road, Fort Mohalla, Mysuru, Karnataka 570004, India",https://www.google.co.kr/maps/place/JSS+Hospital+Mysore/data=!4m5!3m4!1s0x3baf71b30c0a2ae3:0x2981a75406bdcce9!8m2!3d12.2955614!4d76.655683?authuser=0&hl=en&rclk=1,12.2955614,76.655683,Karnataka
Vanivilas Hospital,Maternity hospital,"Victoria Hospital Compound, Sultan Rd, Kalasipalya, Bengaluru, Karnataka 560002, India",https://www.google.co.kr/maps/place/Vanivilas+Hospital/data=!4m5!3m4!1s0x3bae15e34e311e51:0x3801142368cdfdb!8m2!3d12.9614477!4d77.5740093?authuser=0&hl=en&rclk=1,12.9614477,77.5740093,Karnataka
Yashomati Hospital | Operated by Aayug,Hospital,"2371, Munne Kolala, 3, HAL Old Airport Rd, Raghavendra Layout, Gandhi Nagar, Marathahalli, Bengaluru, Karnataka 560037, India",https://www.google.co.kr/maps/place/Yashomati+Hospital+%7C+Operated+by+Aayug/data=!4m5!3m4!1s0x3bae1304eb524353:0xcc7b0beb58a0f9d6!8m2!3d12.9555045!4d77.7112711?authuser=0&hl=en&rclk=1,12.9555045,77.7112711,Karnataka
International SOS Services India Private Limited,Medical group,"International SOS Services (India) Pvt Ltd. Office No-008, Workafella, 150/1, Infantry Road, Opp. Commissioner Office, Vasanth Nagar, Bangalore – 560001 Tel +91 80 61935570, Mob 9686697766, India",https://www.google.co.kr/maps/place/International+SOS+Services+India+Private+Limited/data=!4m5!3m4!1s0x3bae1668851518d5:0x5c4a3400af9b4ce9!8m2!3d12.9838742!4d77.5931595?authuser=0&hl=en&rclk=1,12.9838742,77.5931595,Karnataka
Ayushman bharath arogya karnataka,Hospital,"Unnamed Road, Lokanayaka Nagar, Hebbal 1st Stage, Mysuru, Karnataka 570016, India",https://www.google.co.kr/maps/place/Ayushman+bharath+arogya+karnataka/data=!4m5!3m4!1s0x3baf7bfa79d43c45:0x9d5dd9e6b65af80d!8m2!3d12.3458917!4d76.6249099?authuser=0&hl=en&rclk=1,12.3458917,76.6249099,Karnataka
"Suguna Hospital - Best Multispecialty Hospital in Rajajinagar, Bangalore",Hospital,"1A/87, Dr Rajkumar Rd, 4th 'N' Block, Udayam Nagar, Rajajinagar, Bengaluru, Karnataka 560010, India","https://www.google.co.kr/maps/place/Suguna+Hospital+-+Best+Multispecialty+Hospital+in+Rajajinagar,+Bangalore/data=!4m5!3m4!1s0x3bae3df532d15619:0x409bdd1907dfbf55!8m2!3d12.988145!4d77.560033?authuser=0&hl=en&rclk=1",12.988145,77.560033,Karnataka
Milann Hospital,Hospital,"No 6 High Grounds 7, Kumara Krupa Rd, Sampangi Rama Nagar, Seshadripuram, Bengaluru, Karnataka 560001, India",https://www.google.co.kr/maps/place/Milann+Hospital/data=!4m5!3m4!1s0x3bae1615bdeff957:0xd98c2d50b5b660a2!8m2!3d12.9873442!4d77.5792884?authuser=0&hl=en&rclk=1,12.9873442,77.5792884,Karnataka
Jaydeva Hospital,Government hospital,"B-8, B T M I Stage, Mahatma Gandhi Rd, KEB Colony, Bengaluru, Karnataka 560074, India",https://www.google.co.kr/maps/place/Jaydeva+Hospital/data=!4m5!3m4!1s0x3bae16773e7dc413:0x350240386002607b!8m2!3d12.9182795!4d77.5992673?authuser=0&hl=en&rclk=1,12.9182795,77.5992673,Karnataka
Hospital,Hospital,"8M4Q+F9H, Napoklu, Karnataka 571214, India",https://www.google.co.kr/maps/place/Hospital/data=!4m5!3m4!1s0x3ba453150872bf37:0x5496cd6af4a445fa!8m2!3d12.3061845!4d75.688483?authuser=0&hl=en&rclk=1,12.3061845,75.688483,Karnataka
Medstar Hospital,Hospital,"614, 171/3, Kodigehalli Main Rd, opp. Chairmans Club, Shanthivana, Sanjeevini Nagar, Bengaluru, Karnataka 560092, India",https://www.google.co.kr/maps/place/Medstar+Hospital/data=!4m5!3m4!1s0x3bae18201fe1768d:0xede689ff5282b99a!8m2!3d13.0580162!4d77.5859943?authuser=0&hl=en&rclk=1,13.0580162,77.5859943,Karnataka
"Fortis Hospital, Bannerghatta Main, Bangalore",Private hospital,"154, 9, Bannerghatta Main Rd, Opposite IIM, Sahyadri Layout, Bilekahalli, Bengaluru, Karnataka 560076, India","https://www.google.co.kr/maps/place/Fortis+Hospital,+Bannerghatta+Main,+Bangalore/data=!4m5!3m4!1s0x3bae15237055f411:0x7308c26631aa9e25!8m2!3d12.8948227!4d77.5986196?authuser=0&hl=en&rclk=1",12.8948227,77.5986196,Karnataka
ECHS,Hospital,"Ring Rd, Prakruti Colony, Adarsh Nagar, Vijayapura, Karnataka 586102, India",https://www.google.co.kr/maps/place/ECHS/data=!4m5!3m4!1s0x3bc6ff9b320af76b:0xb4b1081f9da1608a!8m2!3d16.83138!4d75.6863312?authuser=0&hl=en&rclk=1,16.83138,75.6863312,Karnataka
Aayug Multi Speciality Hospital,General hospital,"35/11, Varthur Rd, Vaikuntam Layout, Lakshminarayana Pura, AECS Layout, Marathahalli, Bengaluru, Karnataka 560037, India",https://www.google.co.kr/maps/place/Aayug+Multi+Speciality+Hospital/data=!4m5!3m4!1s0x3bae123a017f5f49:0x31c1a546261a28ce!8m2!3d12.9555566!4d77.7112914?authuser=0&hl=en&rclk=1,12.9555566,77.7112914,Karnataka
Vasavi Hospital,General hospital,"#15, 1st Stage, Opp. to 15E Bus Stop, 70th Cross Rd, Kumaraswamy Layout, Bengaluru, Karnataka 560078, India",https://www.google.co.kr/maps/place/Vasavi+Hospital/data=!4m5!3m4!1s0x3bae3fdf35b09e81:0x4e182bf8a084d698!8m2!3d12.9031087!4d77.5606161?authuser=0&hl=en&rclk=1,12.9031087,77.5606161,Karnataka
MIO,Hospital,"Pumpwell Cir, Near Indiana Hospital, Pumpwell, Mangalore, Karnataka 575007, India",https://www.google.co.kr/maps/place/MIO/data=!4m5!3m4!1s0x3ba35b19c5caa5db:0xe48729574f8ac0ed!8m2!3d12.8674677!4d74.8666197?authuser=0&hl=en&rclk=1,12.8674677,74.8666197,Karnataka
Santosh Hospital,Hospital,"6, 1, Promenade Rd, coles park Pulikeshi Nagar, Pulkeshi Nagar, Pulikeshi Nagar, Bengaluru, Karnataka 560005, India",https://www.google.co.kr/maps/place/Santosh+Hospital/data=!4m5!3m4!1s0x3bae3cd14f0bd06b:0xf76668bdce2425d9!8m2!3d12.9958149!4d77.6084607?authuser=0&hl=en&rclk=1,12.9958149,77.6084607,Karnataka
MVJ Hospital,Hospital,"Dandupalya, 30th Km Milestone Kolathur P.O, NH75, Hoskote, Karnataka 562114, India",https://www.google.co.kr/maps/place/MVJ+Hospital/data=!4m5!3m4!1s0x3bae058d0e288c85:0x70bafe45d2922a65!8m2!3d13.0775142!4d77.8116224?authuser=0&hl=en&rclk=1,13.0775142,77.8116224,Karnataka
ITI General Hospital,Hospital,"2M3J+WW2, Duravani Nagar, Dooravani Nagar, Bengaluru, Karnataka 560016, India",https://www.google.co.kr/maps/place/ITI+General+Hospital/data=!4m5!3m4!1s0x3bae111752daae11:0x3e8c258f0e523ced!8m2!3d13.0047619!4d77.6822665?authuser=0&hl=en&rclk=1,13.0047619,77.6822665,Karnataka
"Dr. Rela Institute & Medical Centre - Multispeciality Hospital in Chennai, India",Hospital,"#7, CLC Works Rd, Nagappa Nagar, Chromepet, Chennai, Tamil Nadu 600044, India","https://www.google.co.kr/maps/place/Dr.+Rela+Institute+%26+Medical+Centre+-+Multispeciality+Hospital+in+Chennai,+India/data=!4m5!3m4!1s0x3a525f27fc049c1f:0xb4dcb75b95f1fe93!8m2!3d12.9549896!4d80.1385812?authuser=0&hl=en&rclk=1",12.9549896,80.1385812,Karnataka
Justice K.S. Hegde Hospital,Hospital,"Deralakatte, Mangalore, Karnataka 575018, India",https://www.google.co.kr/maps/place/Justice+K.S.+Hegde+Hospital/data=!4m5!3m4!1s0x3ba35ea50fcd3c59:0xb7441b882731ec2!8m2!3d12.8078662!4d74.8882412?authuser=0&hl=en&rclk=1,12.8078662,74.8882412,Karnataka
Hospital,Hospital,"School road, Melpal, Karnataka 577116, India",https://www.google.co.kr/maps/place/Hospital/data=!4m5!3m4!1s0x3bbb3f18f0c65525:0x1904181aa08e69f8!8m2!3d13.4344999!4d75.426217?authuser=0&hl=en&rclk=1,13.4344999,75.426217,Karnataka
Fernandez Hospital,Maternity hospital,"Prime Mansion, 4-1-1230, Off, Abids Road, Bogulkunta, Hyderabad, Telangana 500001, India",https://www.google.co.kr/maps/place/Fernandez+Hospital/data=!4m5!3m4!1s0x3bcb99d75df2a337:0x54ef85414c2b4672!8m2!3d17.3920581!4d78.479513?authuser=0&hl=en&rclk=1,17.3920581,78.479513,Karnataka
Government Hospital,Government hospital,"Vijaya Nagar, Chikmagalur, Karnataka 577101, India",https://www.google.co.kr/maps/place/Government+Hospital/data=!4m5!3m4!1s0x3bbad76505dc3b27:0xe7f6031b366ff5fd!8m2!3d13.3141207!4d75.7745504?authuser=0&hl=en&rclk=1,13.3141207,75.7745504,Karnataka
"Avis Vascular Centre - Kodambakkam, Chennai",Medical clinic,"2, 26, 1st Main Rd, United India Colony, Kodambakkam, Chennai, Tamil Nadu 600024, India","https://www.google.co.kr/maps/place/Avis+Vascular+Centre+-+Kodambakkam,+Chennai/data=!4m5!3m4!1s0x3a5267a6b115cf57:0x570b8ecf3033187c!8m2!3d13.0535968!4d80.2276268?authuser=0&hl=en&rclk=1",13.0535968,80.2276268,Karnataka
Rainbow Hospital,Hospital,"Gat No.649,J.J.Nagar, Kesnand Rd, opposite EPIC Mall, Wagholi, Pune, Maharashtra 412207, India",https://www.google.co.kr/maps/place/Rainbow+Hospital/data=!4m5!3m4!1s0x3bc2c37be9b75ccb:0x9f51fce92df8e5b9!8m2!3d18.5800323!4d73.9894552?authuser=0&hl=en&rclk=1,18.5800323,73.9894552,Karnataka
Narayana Institute of Cardiac Sciences,Heart hospital,"Anekal, 258/A, Hosur Rd, Bommasandra Industrial Area, Bengaluru, Karnataka 560099, India",https://www.google.co.kr/maps/place/Narayana+Institute+of+Cardiac+Sciences/data=!4m5!3m4!1s0x3bae6c33c2015a77:0xd18065dd995a3120!8m2!3d12.8092876!4d77.6951222?authuser=0&hl=en&rclk=1,12.8092876,77.6951222,Karnataka
"RAINBOW CHILDREN’S CLINIC, BIRTHRIGHT WOMEN’S CLINIC & FERTILITY CENTRE (OP Block)",Hospital,"Survey No.9, White Field Rd, HITEC City, Hyderabad, Telangana 500081, India","https://www.google.co.kr/maps/place/RAINBOW+CHILDREN%E2%80%99S+CLINIC,+BIRTHRIGHT+WOMEN%E2%80%99S+CLINIC+%26+FERTILITY+CENTRE+(OP+Block)/data=!4m5!3m4!1s0x3bcb9389ff2e988f:0x54f0c4a1ee1d658e!8m2!3d17.4554614!4d78.3720365?authuser=0&hl=en&rclk=1",17.4554614,78.3720365,Karnataka
Command Hospital Air Force,Military hospital,"Cambridge Rd, Cambridge Layout, Jogupalya, Bengaluru, Karnataka 560007, India",https://www.google.co.kr/maps/place/Command+Hospital+Air+Force/data=!4m5!3m4!1s0x3bae169e835ec62f:0x27f645f0ee230d11!8m2!3d12.9646503!4d77.6281362?authuser=0&hl=en&rclk=1,12.9646503,77.6281362,Karnataka
Hospital,Hospital,"84CW+VJG, Sri Siddaganga Kshetra, Tumakuru, Karnataka 572104, India",https://www.google.co.kr/maps/place/Hospital/data=!4m5!3m4!1s0x3bb02c62468d251d:0xef2e51e6e183e925!8m2!3d13.3221751!4d77.1465751?authuser=0&hl=en&rclk=1,13.3221751,77.1465751,Karnataka
SAHYADRI HOSPITAL,Hospital,"M5QF+XC7, Balinge, Maharashtra 416010, India",https://www.google.co.kr/maps/place/SAHYADRI+HOSPITAL/data=!4m5!3m4!1s0x3bc1aadf2678a121:0x1805873567b91654!8m2!3d16.6899163!4d74.1735395?authuser=0&hl=en&rclk=1,16.6899163,74.1735395,Karnataka
Sagar Hospitals,Hospital,"44, 54, Tilak Nagar Main Rd, Bannerughatta Approach Road Layout, 4th T Block East, Tilak Nagar, Jayanagar, Bengaluru, Karnataka 560041, India",https://www.google.co.kr/maps/place/Sagar+Hospitals/data=!4m5!3m4!1s0x3bae15aed36af035:0xe5759245267fbda3!8m2!3d12.9280334!4d77.5996184?authuser=0&hl=en&rclk=1,12.9280334,77.5996184,Karnataka
Indira Gandhi Institute Of Child Health,Children's hospital,"WHPR+XR3, 1st Block, Siddapura, Jayanagar, Bengaluru, Karnataka 560029, India",https://www.google.co.kr/maps/place/Indira+Gandhi+Institute+Of+Child+Health/data=!4m5!3m4!1s0x3baef97510555555:0x30d7b55e628774d2!8m2!3d12.9373826!4d77.5920578?authuser=0&hl=en&rclk=1,12.9373826,77.5920578,Karnataka
Hospital,Hospital,"XHWH+X67, DNR Layout, Guttahalli, Bengaluru, Karnataka 560003, India",https://www.google.co.kr/maps/place/Hospital/data=!4m5!3m4!1s0x3bae176b003ae465:0x5905d357ca4f934c!8m2!3d12.9974071!4d77.5780421?authuser=0&hl=en&rclk=1,12.9974071,77.5780421,Karnataka
Sahyadri Super Specialty Hospital,Hospital,"SN 163, Bhosale Garden Rd, beside Bhosale Nagar, Hadapsar, Pune, Maharashtra 411028, India",https://www.google.co.kr/maps/place/Sahyadri+Super+Specialty+Hospital/data=!4m5!3m4!1s0x3bc2c1f76ced78d7:0xeffa72af5128eaab!8m2!3d18.5030328!4d73.9321202?authuser=0&hl=en&rclk=1,18.5030328,73.9321202,Karnataka
Jayanagar General Hospital,Government hospital,"32nd Cross, 4th B Block, beside Rajiv Gandhi Health Institute, Tilak Nagar, Jayanagar, Bengaluru, Karnataka 560041, India",https://www.google.co.kr/maps/place/Jayanagar+General+Hospital/data=!4m5!3m4!1s0x3bae15a840000001:0xbfd7355ffa3eee92!8m2!3d12.9262377!4d77.5928008?authuser=0&hl=en&rclk=1,12.9262377,77.5928008,Karnataka
Sahyadri Super Speciality Hospital Karad,Private hospital,"NH-48, Dadasaheb Chavan Nagar At Post Warunji Fata, Karad, Maharashtra 415110, India",https://www.google.co.kr/maps/place/Sahyadri+Super+Speciality+Hospital+Karad/data=!4m5!3m4!1s0x3bc1824d76e4f319:0x8291f169091acf4a!8m2!3d17.2804451!4d74.1736697?authuser=0&hl=en&rclk=1,17.2804451,74.1736697,Karnataka
"Milann Hospital, ಮಿಲನ ಹಾಸ್ಪಿಟಲ್",Hospital,"44, E Park Rd, Kumara Park East, संपंगी रामा नगर, Bengaluru, Karnataka 560001, India","https://www.google.co.kr/maps/place/Milann+Hospital,+%E0%B2%AE%E0%B2%BF%E0%B2%B2%E0%B2%A8+%E0%B2%B9%E0%B2%BE%E0%B2%B8%E0%B3%8D%E0%B2%AA%E0%B2%BF%E0%B2%9F%E0%B2%B2%E0%B3%8D/data=!4m5!3m4!1s0x3bae1615dedf8b99:0x925f19d83b613cf8!8m2!3d12.9873192!4d77.5792835?authuser=0&hl=en&rclk=1",12.9873192,77.5792835,Karnataka
Aravind Vision Centre - Periyanaickenpalayam,Hospital,"Sri Ramakrishna Vidyalaya, No. 23 - A, Vanjimanagar Kovanoor, Palamalai Road, Post, Periyanaickenpalayam, Tamil Nadu 641047, India",https://www.google.co.kr/maps/place/Aravind+Vision+Centre+-+Periyanaickenpalayam/data=!4m5!3m4!1s0x3ba8f1695120348d:0x3ac4e20527c39ff9!8m2!3d11.1596588!4d76.9456824?authuser=0&hl=en&rclk=1,11.1596588,76.9456824,Karnataka
McDonald's,·₩₩,"Jawaharlal Nehru Medical College KLE University, Nehru Nagar, Belagavi, Karnataka 590010, India",https://www.google.co.kr/maps/place/McDonald's/data=!4m5!3m4!1s0x3bbf6148919799ab:0xd6a31eb30c1df1fa!8m2!3d15.8851012!4d74.5193854?authuser=0&hl=en&rclk=1,15.8851012,74.5193854,Karnataka
"Dr Prathima Reddy, Fortis La Femme Hospital",Obstetrician-gynecologist,"Fortis La Femme Hospital, No. 62 Richmond Road, Mother Teresa Rd, behind Sacred Heart Church, Richmond Town, Bengaluru, Karnataka 560025, India","https://www.google.co.kr/maps/place/Dr+Prathima+Reddy,+Fortis+La+Femme+Hospital/data=!4m5!3m4!1s0x3bae1634bfffffff:0x733d054cf11ede29!8m2!3d12.965814!4d77.609509?authuser=0&hl=en&rclk=1",12.965814,77.609509,Karnataka
Ashwini Homeo Clinic,Holistic medicine practitioner,"144, DVG Road, Gandhi Bazaar, Basavanagudi, Bengaluru, Karnataka 560004, India",https://www.google.co.kr/maps/place/Ashwini+Homeo+Clinic/data=!4m5!3m4!1s0x3bae15f2d16c162b:0x3cc31094ec1dd15a!8m2!3d12.9438815!4d77.5710149?authuser=0&hl=en&rclk=1,12.9438815,77.5710149,Karnataka
Kottakkal Arya Vaidya Sala Agency,Ayurvedic clinic,"University Road, Tokkattu, Tokkattu, Mangalore, Karnataka 574183, India",https://www.google.co.kr/maps/place/Kottakkal+Arya+Vaidya+Sala+Agency/data=!4m5!3m4!1s0x3ba350a13025ca43:0x3a8ca9c7c4ce2d21!8m2!3d12.9141417!4d74.8559568?authuser=0&hl=en&rclk=1,12.9141417,74.8559568,Karnataka
Sahyadri Hospital Bibwewadi,Private hospital,"Plot No. 13 S. No. 573, City No.281, Swami Vivekananda Marg, Parshwanath Nagar, Ramyanagari Housing Society, Bibwewadi, Pune, Maharashtra 411037, India",https://www.google.co.kr/maps/place/Sahyadri+Hospital+Bibwewadi/data=!4m5!3m4!1s0x3bc2eaa2d74f91e9:0x7eaef93e27ec1d16!8m2!3d18.4781619!4d73.8620657?authuser=0&hl=en&rclk=1,18.4781619,73.8620657,Karnataka
FERNANDES HOSPITAL,Hospital,"Rd Number 12, Anand Banjara Colony, Banjara Hills, Hyderabad, Telangana 500034, India",https://www.google.co.kr/maps/place/FERNANDES+HOSPITAL/data=!4m5!3m4!1s0x3bcb97f10073076d:0x84be52d5fe7582a6!8m2!3d17.4104846!4d78.437519?authuser=0&hl=en&rclk=1,17.4104846,78.437519,Karnataka
Fernandez Hospital Unit 4,Maternity hospital,"Opp Toyota Showroom, 3-5-874/1, Hyderguda-Basheerbagh Rd, Hyderguda, Telangana 500029, India",https://www.google.co.kr/maps/place/Fernandez+Hospital+Unit+4/data=!4m5!3m4!1s0x3bcb99d76457cd7f:0x8bdda8b9ca85843f!8m2!3d17.3985468!4d78.4814093?authuser=0&hl=en&rclk=1,17.3985468,78.4814093,Karnataka
Aravind Vision Centre - Sirumugai,Hospital,"Sathy Rd, near Noble Embroidery & Institute, Sirumugai, Tamil Nadu 641302, India",https://www.google.co.kr/maps/place/Aravind+Vision+Centre+-+Sirumugai/data=!4m5!3m4!1s0x3ba8ef104362ac85:0xfae623451daecb36!8m2!3d11.3223603!4d77.0090461?authuser=0&hl=en&rclk=1,11.3223603,77.0090461,Karnataka
Tenet Diagnostics Centre - Banjara Hills,Medical diagnostic imaging center,"8-2-269/4/B, Road No. 2, Beside Rainbow Children’s Hospital, Sagar Society, Sri Nagar Colony, Kamalapuri Colony, Banjara Hills, Hyderabad, Telangana 500034, India",https://www.google.co.kr/maps/place/Tenet+Diagnostics+Centre+-+Banjara+Hills/data=!4m5!3m4!1s0x3bcb90d52bbe7adb:0xd3540d9596607adf!8m2!3d17.4250462!4d78.4323041?authuser=0&hl=en&rclk=1,17.4250462,78.4323041,Karnataka
Usha Mullapudi Cardiac Centre,Heart hospital,"Gajularamaram Rd, Shapur Nagar, Indira Nagar, Gajularamaram, Hyderabad, Telangana 500055, India",https://www.google.co.kr/maps/place/Usha+Mullapudi+Cardiac+Centre/data=!4m5!3m4!1s0x3bcb8e2ada761409:0xa06e060aed421229!8m2!3d17.5207029!4d78.4293505?authuser=0&hl=en&rclk=1,17.5207029,78.4293505,Karnataka
Sri Ramachandra Hospital,Hospital,"No 24, South Ave, Vasudeva Nagar, Thiruvanmiyur, Chennai, Tamil Nadu 600041, India",https://www.google.co.kr/maps/place/Sri+Ramachandra+Hospital/data=!4m5!3m4!1s0x3a525d5c36a8714f:0x5626e9fae9780211!8m2!3d12.9837309!4d80.257578?authuser=0&hl=en&rclk=1,12.9837309,80.257578,Karnataka
