Company_Name,Category,Address,Url,latitude,longtitude
Shri Maharaja Gulab Singh Hospital,General hospital,"PVM6+7QJ, Shalamar, Resham Ghar Colony, Jammu, Jammu and Kashmir 180001",https://www.google.co.kr/maps/place/Shri+Maharaja+Gulab+Singh+Hospital/data=!4m5!3m4!1s0x391e848e86e7c5b3:0x345b0b4d28b6bf81!8m2!3d32.7332051!4d74.8618775?authuser=0&hl=en&rclk=1,32.7332051,74.8618775
"Government Hospital Gandhi Nagar, Jammu",General hospital,"Gandhi Nagar, Jammu, Jammu and Kashmir 180004","https://www.google.co.kr/maps/place/Government+Hospital+Gandhi+Nagar,+Jammu/data=!4m5!3m4!1s0x391e84bb083b34c1:0xc002e9812efebfd3!8m2!3d32.705216!4d74.860034?authuser=0&hl=en&rclk=1",32.705216,74.860034
Shri Mata Vaishno Devi Narayana Superspeciality Hospital,General hospital,"Kakryal (Village & Post) Katra Tehsil Reasi District, Katra, Jammu and Kashmir 182320",https://www.google.co.kr/maps/place/Shri+Mata+Vaishno+Devi+Narayana+Superspeciality+Hospital/data=!4m5!3m4!1s0x391e78e060aa11f9:0x2ab1a509c1d5ee9f!8m2!3d32.9470427!4d74.9476056?authuser=0&hl=en&rclk=1,32.9470427,74.9476056
SDDM Hospital,General hospital,"Plot NS, Srinagar Kanyakumari Highway, Sector - 2 Channi Himmat, Jammu, Jammu and Kashmir 180015",https://www.google.co.kr/maps/place/SDDM+Hospital/data=!4m5!3m4!1s0x391e9cb5aaaaaaab:0x91d3522e82b6c433!8m2!3d32.69116!4d74.8961974?authuser=0&hl=en&rclk=1,32.69116,74.8961974
"ESIC Model Hospital, Bari Brahmana Jammu",General hospital,"Mini Stadium Road, Bari Brahmana, Jammu, Jammu and Kashmir 184102","https://www.google.co.kr/maps/place/ESIC+Model+Hospital,+Bari+Brahmana+Jammu/data=!4m5!3m4!1s0x391e9db3b47d3cdb:0x2f3725473ab41f76!8m2!3d32.640745!4d74.9249369?authuser=0&hl=en&rclk=1",32.640745,74.9249369
Bee Enn General Hospital,General hospital,"Talab Tillo Rd, Garden Avenue, Bhagwati Nagar, Jammu, Jammu and Kashmir 180002",https://www.google.co.kr/maps/place/Bee+Enn+General+Hospital/data=!4m5!3m4!1s0x391e84f7089392b7:0x859f864930923d4a!8m2!3d32.7300336!4d74.8409147?authuser=0&hl=en&rclk=1,32.7300336,74.8409147
Sher E Kashmir Institute of Medical Sciences Srinagar,University hospital,"SKIMS Main Rd, Soura, Srinagar, Jammu and Kashmir 190011",https://www.google.co.kr/maps/place/Sher+E+Kashmir+Institute+of+Medical+Sciences+Srinagar/data=!4m5!3m4!1s0x38e1900855555555:0xb81ae8b776707791!8m2!3d34.136145!4d74.8000465?authuser=0&hl=en&rclk=1,34.136145,74.8000465
S.M.H.S. Hospital,Hospital,"SMHS Rd, near Gold Market, Karan Nagar, Srinagar, Jammu and Kashmir 190010",https://www.google.co.kr/maps/place/S.M.H.S.+Hospital/data=!4m5!3m4!1s0x38e18558b22508dd:0x3f60891d2f07a97f!8m2!3d34.086208!4d74.7977382?authuser=0&hl=en&rclk=1,34.086208,74.7977382
Batra Hospital,General hospital,"Samba, Jammu, Jammu and Kashmir 180017",https://www.google.co.kr/maps/place/Batra+Hospital/data=!4m5!3m4!1s0x391e83affa2cf6b7:0x9b5698e45e8d4a90!8m2!3d32.7514694!4d74.9097213?authuser=0&hl=en&rclk=1,32.7514694,74.9097213
Jk Medicity Hospital Pvt Ltd,Hospital,"Nh-1, Narwal Bye Pass Road, Jammu, Jammu and Kashmir 180015",https://www.google.co.kr/maps/place/Jk+Medicity+Hospital+Pvt+Ltd/data=!4m5!3m4!1s0x38e3039845f6356d:0xcd780c7fb87f5fae!8m2!3d32.6991155!4d74.9001379?authuser=0&hl=en&rclk=1,32.6991155,74.9001379
Amandeep Hospital Opd Clinic Jammu,Private hospital,"Greater Kailash, Jammu, Jammu and Kashmir 180011",https://www.google.co.kr/maps/place/Amandeep+Hospital+Opd+Clinic+Jammu/data=!4m5!3m4!1s0x391e9cbdc71deca1:0xf0551d0ce03c2afe!8m2!3d32.6744413!4d74.8905004?authuser=0&hl=en&rclk=1,32.6744413,74.8905004
Florence Hospital,Private hospital,"Chanpora, Srinagar, Jammu and Kashmir 190005",https://www.google.co.kr/maps/place/Florence+Hospital/data=!4m5!3m4!1s0x38e18e4bf1899809:0x3debe878bb381ef1!8m2!3d34.0389437!4d74.8087769?authuser=0&hl=en&rclk=1,34.0389437,74.8087769
IM Clinics,Private hospital,"Basant Nagar, Sabzi Mandi, Janipur, Jammu, Jammu and Kashmir 180005",https://www.google.co.kr/maps/place/IM+Clinics/data=!4m5!3m4!1s0x391e843adc580423:0x49975b9c40a5fd5a!8m2!3d32.7629106!4d74.844363?authuser=0&hl=en&rclk=1,32.7629106,74.844363
Noora Hospital,Private hospital,"Umer Abad, Zainakote, Ummer Abad, Srinagar, Jammu and Kashmir 190012",https://www.google.co.kr/maps/place/Noora+Hospital/data=!4m5!3m4!1s0x38e185544da68b53:0xbe116c11c865347f!8m2!3d34.112191!4d74.7255271?authuser=0&hl=en&rclk=1,34.112191,74.7255271
New City Hospital,Private hospital,"National Highway 1A, Tengpora Bye Pass, Srinagar, Jammu and Kashmir 190014",https://www.google.co.kr/maps/place/New+City+Hospital/data=!4m5!3m4!1s0x38e18fde300d183b:0x56caf19767f316b6!8m2!3d34.061228!4d74.7842949?authuser=0&hl=en&rclk=1,34.061228,74.7842949
Mubarak Hospital,Private hospital,"Hyderpora Bypass, Near, Hyderpora Flyover, Hyderpora, Srinagar, Jammu and Kashmir 190018",https://www.google.co.kr/maps/place/Mubarak+Hospital/data=!4m5!3m4!1s0x38e18e2cd70af027:0x4019d661d17d8547!8m2!3d34.040216!4d74.7891042?authuser=0&hl=en&rclk=1,34.040216,74.7891042
Super Speciality Hospital Government Medical College Jammu,Hospital,"Resham Ghar Colony, Jammu, Jammu and Kashmir 180016",https://www.google.co.kr/maps/place/Super+Speciality+Hospital+Government+Medical+College+Jammu/data=!4m5!3m4!1s0x391e84895b3b0d9f:0x779e8bea4a5d9854!8m2!3d32.7300757!4d74.8571987?authuser=0&hl=en&rclk=1,32.7300757,74.8571987
Sheikh Ul Alam Hospital,Private hospital,"Opp Petrol Pump Kani Kadal, Karan Nagar, Srinagar, Jammu and Kashmir 190010",https://www.google.co.kr/maps/place/Sheikh+Ul+Alam+Hospital/data=!4m5!3m4!1s0x38e18ff37d45387d:0x1c8b397e4fbfed82!8m2!3d34.0805501!4d74.8014611?authuser=0&hl=en&rclk=1,34.0805501,74.8014611
Baba Nanak Medicity,Hospital,"MRCP+H2V, Gadigarh, Jammu, Jammu and Kashmir 180003",https://www.google.co.kr/maps/place/Baba+Nanak+Medicity/data=!4m5!3m4!1s0x391e9bbdc0e9de53:0x2ecec8be77d264f8!8m2!3d32.6714937!4d74.8350598?authuser=0&hl=en&rclk=1,32.6714937,74.8350598
American Oncology Institute (Cancer Treatment Hospital) - Jammu,Private hospital,"Acharya Shri Chander College of Medical Sciences (ASCOMS By-Pass Road, Sidrah, Jammu, Jammu and Kashmir 180017",https://www.google.co.kr/maps/place/American+Oncology+Institute+(Cancer+Treatment+Hospital)+-+Jammu/data=!4m5!3m4!1s0x391e83008b1b4f0f:0x5dc6b8d15ebed492!8m2!3d32.7511347!4d74.9102711?authuser=0&hl=en&rclk=1,32.7511347,74.9102711
Govt. S.M.G.S. Hospital,Government hospital,"Shalamar, Resham Ghar Colony, Jammu, Jammu and Kashmir 180001",https://www.google.co.kr/maps/place/Govt.+S.M.G.S.+Hospital/data=!4m5!3m4!1s0x391e848871b88785:0x45760beabb3985fd!8m2!3d32.7328647!4d74.8613726?authuser=0&hl=en&rclk=1,32.7328647,74.8613726
Madaan Hospital & Research Centre,Hospital,"37A/C, Gandhi Nagar, Jammu, Jammu and Kashmir 180004",https://www.google.co.kr/maps/place/Madaan+Hospital+%26+Research+Centre/data=!4m5!3m4!1s0x391e84bbf787df57:0xcebafc0e7882b14e!8m2!3d32.7062753!4d74.8587599?authuser=0&hl=en&rclk=1,32.7062753,74.8587599
MAHARISHI DAYANAND HOSPITAL & MEDICAL RESEARCH CENTRE,Hospital,"PVG3+6G9, Nawabad, Jammu, Jammu and Kashmir 180016",https://www.google.co.kr/maps/place/MAHARISHI+DAYANAND+HOSPITAL+%26+MEDICAL+RESEARCH+CENTRE/data=!4m5!3m4!1s0x391e848da9101f8d:0x1a97151ee01c4aec!8m2!3d32.7255321!4d74.8538661?authuser=0&hl=en&rclk=1,32.7255321,74.8538661
"NATIONAL HOSPITAL ,Karan Bagh ,Airport Road Jammu",Hospital,"Airport Road, Karan Bagh, Near St.Peter's School Jammu Jammu and Kashmir, 181101","https://www.google.co.kr/maps/place/NATIONAL+HOSPITAL+,Karan+Bagh+,Airport+Road+Jammu/data=!4m5!3m4!1s0x391e9b22a69929a1:0x9819ddb7d43ab5cc!8m2!3d32.666453!4d74.838023?authuser=0&hl=en&rclk=1",32.666453,74.838023
S.H.S Memorial Hospital & Maternity Centre,Private hospital,"33, Rehari Chungi, Gurudwara Road Jammu Jammu and Kashmir, 180005",https://www.google.co.kr/maps/place/S.H.S+Memorial+Hospital+%26+Maternity+Centre/data=!4m5!3m4!1s0x391e8465b2c9b843:0xaf65c3b8817e0be7!8m2!3d32.7431623!4d74.8586568?authuser=0&hl=en&rclk=1,32.7431623,74.8586568
Pulse Hospital and Research Center,Hospital,"NH 1, By Pass, opp. Channi Himmat, Jammu, Jammu and Kashmir 180015",https://www.google.co.kr/maps/place/Pulse+Hospital+and+Research+Center/data=!4m5!3m4!1s0x391e9ccbf1a418ff:0x42f9cd641b1c8482!8m2!3d32.6915974!4d74.902798?authuser=0&hl=en&rclk=1,32.6915974,74.902798
Trust medicate soura srinager jammu and kashmir,Hospital,"Soura, Main Chowk, Srinagar, Jammu and Kashmir 190011",https://www.google.co.kr/maps/place/Trust+medicate+soura+srinager+jammu+and+kashmir/data=!4m5!3m4!1s0x38e184dd473da8cd:0xffd8dee5948b2fd9!8m2!3d34.1394258!4d74.8025823?authuser=0&hl=en&rclk=1,34.1394258,74.8025823
MEDANTA Mediconsult Centre,Hospital,"87-A Gole Market, Gandhi Nagar, Jammu, Jammu and Kashmir 180004",https://www.google.co.kr/maps/place/MEDANTA+Mediconsult+Centre/data=!4m5!3m4!1s0x391e84ba0de8505d:0xb80cbd861738ce17!8m2!3d32.7022672!4d74.8577124?authuser=0&hl=en&rclk=1,32.7022672,74.8577124
Government District Hospital Anantnag,Hospital,"P5G3+265, Sheer Pora, Anantnag, Jammu and Kashmir 192101",https://www.google.co.kr/maps/place/Government+District+Hospital+Anantnag/data=!4m5!3m4!1s0x38e2058814d6fcdd:0x843ea5d69bdb4a8a!8m2!3d33.7250192!4d75.1531121?authuser=0&hl=en&rclk=1,33.7250192,75.1531121
CNC HOSPITAL,Hospital,"78/8, New By-Pass Road, Near Railway Station, Thrikoota Nagar, Jammu, Jammu and Kashmir 180001",https://www.google.co.kr/maps/place/CNC+HOSPITAL/data=!4m5!3m4!1s0x391e835727bdc9d5:0xfb05fff03eeb62c2!8m2!3d32.7016216!4d74.879101?authuser=0&hl=en&rclk=1,32.7016216,74.879101
Kashmir Medico,Hospital,"2QPV+XWQ, Srinagar, Jammu and Kashmir 190015",https://www.google.co.kr/maps/place/Kashmir+Medico/data=!4m5!3m4!1s0x38e18e324a0a80b7:0x17d9253a775f23c1!8m2!3d34.03745!4d74.79486?authuser=0&hl=en&rclk=1,34.03745,74.79486
Government Hospital For Bone & Joint Surgery,Government hospital,"Barzulla, Badgam, Srinagar, Jammu and Kashmir 190005",https://www.google.co.kr/maps/place/Government+Hospital+For+Bone+%26+Joint+Surgery/data=!4m5!3m4!1s0x38e18fb5e0ff4a01:0x768538620a5d8859!8m2!3d34.0475678!4d74.8064353?authuser=0&hl=en&rclk=1,34.0475678,74.8064353
Ankur Maitrika Hospital,Hospital,"Ward No. 55, Deeli, near Jodhamal School, Channi Himat, Jammu, Jammu and Kashmir 180011",https://www.google.co.kr/maps/place/Ankur+Maitrika+Hospital/data=!4m5!3m4!1s0x391e9df1ad152c69:0xb7b8ce7203fa8f78!8m2!3d32.6825609!4d74.9036888?authuser=0&hl=en&rclk=1,32.6825609,74.9036888
Govt Psychiatric Diseases Hospital,Hospital,"Krishna Nagar, Jammu, Jammu and Kashmir 180016",https://www.google.co.kr/maps/place/Govt+Psychiatric+Diseases+Hospital/data=!4m5!3m4!1s0x391e8461d67e624b:0xfc54c0c8ea4af844!8m2!3d32.7333952!4d74.8550899?authuser=0&hl=en&rclk=1,32.7333952,74.8550899
Govt. Hospital Sarwal,Hospital,"Rehari Colony, Jammu, Jammu and Kashmir 180005",https://www.google.co.kr/maps/place/Govt.+Hospital+Sarwal/data=!4m5!3m4!1s0x391e84685f2c6997:0x11375ef8e7aaba2a!8m2!3d32.7470339!4d74.8533992?authuser=0&hl=en&rclk=1,32.7470339,74.8533992
"District Hospital, Samba",Government hospital,"Main Bazar, Jammu and Kashmir 184121","https://www.google.co.kr/maps/place/District+Hospital,+Samba/data=!4m5!3m4!1s0x391c2288c2971a27:0x1d8deded15b64396!8m2!3d32.5579277!4d75.1122671?authuser=0&hl=en&rclk=1",32.5579277,75.1122671
Baba Nanak Medicity,Hospital,"opp reen palace, Gadigarh, Jammu, Jammu and Kashmir 180003",https://www.google.co.kr/maps/place/Baba+Nanak+Medicity/data=!4m5!3m4!1s0x391e9b2387afffc5:0x15ed4aeea79329e0!8m2!3d32.671407!4d74.835029?authuser=0&hl=en&rclk=1,32.671407,74.835029
Public Health Center,Government hospital,"MXPJ+QC7, Khee Jogipora, Jammu and Kashmir 192232",https://www.google.co.kr/maps/place/Public+Health+Center/data=!4m5!3m4!1s0x38e203f0800002d9:0x7881b877a1f71f71!8m2!3d33.6869133!4d74.9810404?authuser=0&hl=en&rclk=1,33.6869133,74.9810404
Jammu City Oncology Clinic With Interventions,Hospital,"129, Garden Avenue, Bhagwati Nagar, Talab Tillo, Jammu, Jammu and Kashmir 180002",https://www.google.co.kr/maps/place/Jammu+City+Oncology+Clinic+With+Interventions/data=!4m5!3m4!1s0x391e84f718248fcd:0xeacfcc7e824a912e!8m2!3d32.7286933!4d74.8412463?authuser=0&hl=en&rclk=1,32.7286933,74.8412463
Sub District Hospital,Hospital,"Keller Hospital, Therian, Shopian, Jammu and Kashmir 192303",https://www.google.co.kr/maps/place/Sub+District+Hospital/data=!4m5!3m4!1s0x38e1ee3727e794b9:0x2d39c8386666ee28!8m2!3d33.7170033!4d74.8360918?authuser=0&hl=en&rclk=1,33.7170033,74.8360918
St.Joseph's Hospital,Hospital,"Barjani Talab, Smailpur, Bari Brahmana, Jammu and Kashmir 181133",https://www.google.co.kr/maps/place/St.Joseph's+Hospital/data=!4m5!3m4!1s0x391e9deac18a4b2d:0xea99d13ba62cde1d!8m2!3d32.6339495!4d74.9460737?authuser=0&hl=en&rclk=1,32.6339495,74.9460737
JK Medicare & Healthcare Services (India) Pvt. Ltd.,Medical Center,"Plot No. 185, Sec-7, Channi Himmat, Housing Colony, Jammu, Jammu and Kashmir 180015",https://www.google.co.kr/maps/place/JK+Medicare+%26+Healthcare+Services+(India)+Pvt.+Ltd./data=!4m5!3m4!1s0x391e843ceaaaaaa9:0x13d638f84e7c2a56!8m2!3d32.7650451!4d74.846327?authuser=0&hl=en&rclk=1,32.7650451,74.846327
"Shree Narsingh Dev Accidental Hospital (Trauma Centre) Ghagwal, Samba, J&K",Hospital,"near narsingh dev temple, ghagwal, Jammu and Kashmir 184141","https://www.google.co.kr/maps/place/Shree+Narsingh+Dev+Accidental+Hospital+(Trauma+Centre)+Ghagwal,+Samba,+J%26K/data=!4m5!3m4!1s0x391c16f780c27bd1:0x4119bf747c212ff7!8m2!3d32.510252!4d75.213023?authuser=0&hl=en&rclk=1",32.510252,75.213023
St.Joseph's Hospital,Hospital,"NH 1A, Baramulla, Jammu and Kashmir 193101",https://www.google.co.kr/maps/place/St.Joseph's+Hospital/data=!4m5!3m4!1s0x38e1077dc33bb091:0xdf275790f37aeca9!8m2!3d34.2036373!4d74.3521575?authuser=0&hl=en&rclk=1,34.2036373,74.3521575
Sudan Heart Care Centre,Heart hospital,"Satwari-R S Pura Road, Rohi, Morh, Jammu, Jammu and Kashmir 181101",https://www.google.co.kr/maps/place/Sudan+Heart+Care+Centre/data=!4m5!3m4!1s0x391e9b1b5e63bc13:0x4b5d15f4be2caf65!8m2!3d32.655675!4d74.833736?authuser=0&hl=en&rclk=1,32.655675,74.833736
Khajuria Medicate,Hospital,"Hno 11, Preet Nagar, Jammu, Jammu and Kashmir 180010",https://www.google.co.kr/maps/place/Khajuria+Medicate/data=!4m5!3m4!1s0x391e9b51ec8a23b1:0xcb27f0a997cea27c!8m2!3d32.6848737!4d74.863695?authuser=0&hl=en&rclk=1,32.6848737,74.863695
Ranjit Hospital,Hospital,"National Highway Road, Opp. Hotel Giani Inn, Bari Brahmana, Jammu, Jammu and Kashmir",https://www.google.co.kr/maps/place/Ranjit+Hospital/data=!4m5!3m4!1s0x391e9c5c0ee978af:0xf9822a09608cf90a!8m2!3d32.645578!4d74.9028707?authuser=0&hl=en&rclk=1,32.645578,74.9028707
Kashmir University Hospital,Hospital,"Hazaratbal, Srinagar, Jammu and Kashmir 190006",https://www.google.co.kr/maps/place/Kashmir+University+Hospital/data=!4m5!3m4!1s0x38e185966c8cf853:0xecaefe0bddd63b48!8m2!3d34.1290329!4d74.8352958?authuser=0&hl=en&rclk=1,34.1290329,74.8352958
NORTH KASHMIR NURSING HOME & HOSPITAL,Hospital,"BYPASS ROAD, Handwara, Jammu and Kashmir 193221",https://www.google.co.kr/maps/place/NORTH+KASHMIR+NURSING+HOME+%26+HOSPITAL/data=!4m5!3m4!1s0x38e11d54d573f7df:0x454cab4aa6937593!8m2!3d34.4072795!4d74.2917472?authuser=0&hl=en&rclk=1,34.4072795,74.2917472
Care hospital,Hospital,"3QGJ+M8X, Iqbalabad, Srinagar, Jammu and Kashmir 190009",https://www.google.co.kr/maps/place/Care+hospital/data=!4m5!3m4!1s0x38e18f10285b01cd:0x46f96124972c0bd9!8m2!3d34.076726!4d74.7808523?authuser=0&hl=en&rclk=1,34.076726,74.7808523
Kashmir Healthcare Centre,Hospital,"P552+XP8, MominAbad, Ashajipora, Anantnag, Jammu and Kashmir 192210",https://www.google.co.kr/maps/place/Kashmir+Healthcare+Centre/data=!4m5!3m4!1s0x38e20f62f9555555:0x1d38e15986b3801c!8m2!3d33.7099205!4d75.1518226?authuser=0&hl=en&rclk=1,33.7099205,75.1518226
KALINDI HOSPITAL AND DIAGNOSTIC CENTRE,Hospital,"2/155 subash nagar,vikas nagar, Jammu, Jammu and Kashmir 180005",https://www.google.co.kr/maps/place/KALINDI+HOSPITAL+AND+DIAGNOSTIC+CENTRE/data=!4m5!3m4!1s0x391e8443db51104b:0x331cdf1ee3b51a80!8m2!3d32.7492736!4d74.8467234?authuser=0&hl=en&rclk=1,32.7492736,74.8467234
District Hospital Udhampur,Hospital,"Sailain Talab Rd, Adarsh Colony, Udhampur, Jammu and Kashmir 182101",https://www.google.co.kr/maps/place/District+Hospital+Udhampur/data=!4m5!3m4!1s0x391dd2bfa0808575:0x62b552ec742a57d3!8m2!3d32.9174346!4d75.1314361?authuser=0&hl=en&rclk=1,32.9174346,75.1314361
Emergency Hospital Vijaypur,Hospital,"H289+WWQ, Vijaypur, Jammu and Kashmir 184120",https://www.google.co.kr/maps/place/Emergency+Hospital+Vijaypur/data=!4m5!3m4!1s0x391c21adff0cba59:0x7035ded86a9d9a07!8m2!3d32.567341!4d75.0198673?authuser=0&hl=en&rclk=1,32.567341,75.0198673
Indira Gandhi Govt. Dental College and Hospital Amphala,Hospital,"Indra Gandhi dental college Amphala Jammu Jammu and, Kashmir, Jammu, Jammu and Kashmir 180012",https://www.google.co.kr/maps/place/Indira+Gandhi+Govt.+Dental+College+and+Hospital+Amphala/data=!4m5!3m4!1s0x391e84650ff157e1:0x466beef843f589f6!8m2!3d32.7460223!4d74.861262?authuser=0&hl=en&rclk=1,32.7460223,74.861262
JP Amandeep Hospital,Hospital,"MVHX+FQM, Channi Himat, Jammu, Jammu and Kashmir 180015",https://www.google.co.kr/maps/place/JP+Amandeep+Hospital/data=!4m5!3m4!1s0x391e9d4742f06945:0x1daaff35fcf89499!8m2!3d32.6787061!4d74.8994161?authuser=0&hl=en&rclk=1,32.6787061,74.8994161
Nagar Hospital,Hospital,"Lambi Gali, Udhampur, Jammu and Kashmir 182101",https://www.google.co.kr/maps/place/Nagar+Hospital/data=!4m5!3m4!1s0x391dd2955cd36153:0x9ce6452229c1bf2a!8m2!3d32.9232974!4d75.1324403?authuser=0&hl=en&rclk=1,32.9232974,75.1324403
166 Military Hospital,Military hospital,"MRWR+2GW, Raipur Satwari, Jammu, Jammu and Kashmir 180003",https://www.google.co.kr/maps/place/166+Military+Hospital/data=!4m5!3m4!1s0x391e84ce65c44d41:0xd7d75491d6313b79!8m2!3d32.6951007!4d74.8413348?authuser=0&hl=en&rclk=1,32.6951007,74.8413348
Government District Hospital Kishtwar,Hospital,"8Q89+2QV, Kishtwar, Jammu and Kashmir 182204",https://www.google.co.kr/maps/place/Government+District+Hospital+Kishtwar/data=!4m5!3m4!1s0x391d0b2451cd86d7:0xa469ca70e0cbde40!8m2!3d33.3151243!4d75.7694114?authuser=0&hl=en&rclk=1,33.3151243,75.7694114
Yudhvir Nursing Home,Hospital,"Manda, B.C Rd, Jammu, Jammu and Kashmir 180005",https://www.google.co.kr/maps/place/Yudhvir+Nursing+Home/data=!4m5!3m4!1s0x391e85bd560bc5af:0xa1b6566ac4c0c95a!8m2!3d32.7482535!4d74.8673278?authuser=0&hl=en&rclk=1,32.7482535,74.8673278
District Hospital Ramban,Hospital,"NH 1A, Upper Bazar, Ramban, Jammu and Kashmir 182144",https://www.google.co.kr/maps/place/District+Hospital+Ramban/data=!4m5!3m4!1s0x391dc222e4d407a9:0xfd7c041927faf3d7!8m2!3d33.2420569!4d75.2392611?authuser=0&hl=en&rclk=1,33.2420569,75.2392611
Jawahar Lal Nehru Memorial Hospital,Government hospital,"Rainawari, Srinagar, Jammu and Kashmir 190003",https://www.google.co.kr/maps/place/Jawahar+Lal+Nehru+Memorial+Hospital/data=!4m5!3m4!1s0x38e1857a20737157:0x1bfa4f1b686c5bd0!8m2!3d34.0977591!4d74.821652?authuser=0&hl=en&rclk=1,34.0977591,74.821652
Super Speciality Hospital,Government hospital,"Jammu and Kashmir, Shireen Bagh, Srinagar",https://www.google.co.kr/maps/place/Super+Speciality+Hospital/data=!4m5!3m4!1s0x38e1855ed466b7ad:0xb83bac72f4b39b5c!8m2!3d34.0884582!4d74.7982783?authuser=0&hl=en&rclk=1,34.0884582,74.7982783
Shreya Bhat Mission Hospital,Hospital,"QRFG+W9C, Barnai, Durga Nagar, Jammu, Jammu and Kashmir 181205",https://www.google.co.kr/maps/place/Shreya+Bhat+Mission+Hospital/data=!4m5!3m4!1s0x391e85d55fdb7f43:0x9e73de4b314cd21e!8m2!3d32.7748176!4d74.8258907?authuser=0&hl=en&rclk=1,32.7748176,74.8258907
Government Bone & Joint Hospital,Government hospital,"Barzulla, Ram Bagh, Srinagar, Jammu and Kashmir 190005",https://www.google.co.kr/maps/place/Government+Bone+%26+Joint+Hospital/data=!4m5!3m4!1s0x38e18fcf50000003:0xfe56a37c9e5855f5!8m2!3d34.0474947!4d74.8058633?authuser=0&hl=en&rclk=1,34.0474947,74.8058633
Hospital,Hospital,"neeli bhalessa, Jammu and Kashmir 182203",https://www.google.co.kr/maps/place/Hospital/data=!4m5!3m4!1s0x391ce2a00811b2e7:0x269a2698db1e366a!8m2!3d32.9935721!4d75.9223184?authuser=0&hl=en&rclk=1,32.9935721,75.9223184
District Hospital Pulwama,Hospital,"College, Stadium Rd, Pulwama, Jammu and Kashmir 192301",https://www.google.co.kr/maps/place/District+Hospital+Pulwama/data=!4m5!3m4!1s0x38e1f45e5c9f58bd:0xbea0f0318366986!8m2!3d33.8784148!4d74.899898?authuser=0&hl=en&rclk=1,33.8784148,74.899898
Military Command Hospital Udhampur,Hospital,"Raghunathpura, Udhampur, Jammu and Kashmir 182101",https://www.google.co.kr/maps/place/Military+Command+Hospital+Udhampur/data=!4m5!3m4!1s0x391dd2eca8fc6b4d:0x338fa0a4b0f5e0cc!8m2!3d32.9307865!4d75.1353478?authuser=0&hl=en&rclk=1,32.9307865,75.1353478
Lal Ded Hospital old block,Hospital,"LD Hospital Rd, Wazir Bagh, Srinagar, Jammu and Kashmir 190008",https://www.google.co.kr/maps/place/Lal+Ded+Hospital+old+block/data=!4m5!3m4!1s0x38e18f95b9af5353:0x9f7a244e6664ce95!8m2!3d34.0668388!4d74.8080922?authuser=0&hl=en&rclk=1,34.0668388,74.8080922
Sub District Hospital,Hospital,"Srinagar - Ladakh Highway, Kangan, Jammu and Kashmir 191202",https://www.google.co.kr/maps/place/Sub+District+Hospital/data=!4m5!3m4!1s0x38e181dca6b14b1f:0xa5c1697b4ecd9698!8m2!3d34.2627962!4d74.9026475?authuser=0&hl=en&rclk=1,34.2627962,74.9026475
Khyber Medical Institute,Hospital,"Khayam Chowk, Munawar Abad - Nowpora link Rd, Khanyaar, Srinagar, Jammu and Kashmir 190001",https://www.google.co.kr/maps/place/Khyber+Medical+Institute/data=!4m5!3m4!1s0x38e18f814a1dd88f:0x88164778807ffc19!8m2!3d34.0842105!4d74.8219642?authuser=0&hl=en&rclk=1,34.0842105,74.8219642
Governnent Chest Disease Hospital,Government hospital,"Jammu and Kashmir, Buchwara - Dalgate Rd, Srinagar, 190001",https://www.google.co.kr/maps/place/Governnent+Chest+Disease+Hospital/data=!4m5!3m4!1s0x38e18f76d58bf033:0x2c77dd5022c3dc3b!8m2!3d34.0778065!4d74.8304119?authuser=0&hl=en&rclk=1,34.0778065,74.8304119
Swami Vivekananda Hospital,Government hospital,"Ved Mandir Road, Amphalla, Jammu, Jammu and Kashmir 180005",https://www.google.co.kr/maps/place/Swami+Vivekananda+Hospital/data=!4m5!3m4!1s0x391e847a6032e997:0x821b1e18423a745b!8m2!3d32.7455582!4d74.8653541?authuser=0&hl=en&rclk=1,32.7455582,74.8653541
Shifa Medical Centre,Private hospital,"Magarmal Bagh Rd, Shergarhi, Batmaloo, Srinagar, Jammu and Kashmir 190008",https://www.google.co.kr/maps/place/Shifa+Medical+Centre/data=!4m5!3m4!1s0x38e18fec7d7813dd:0x3337082680432c86!8m2!3d34.069983!4d74.8009599?authuser=0&hl=en&rclk=1,34.069983,74.8009599
Shri Mata Vaishno Devi Narayana Multispeciality clinic,Specialized clinic,"15-C, Sansar Tower 2nd Extension, Gandhi Nagar, Jammu, Jammu and Kashmir 180001",https://www.google.co.kr/maps/place/Shri+Mata+Vaishno+Devi+Narayana+Multispeciality+clinic/data=!4m5!3m4!1s0x391e852789746c75:0xc0d3f62cd78ca3d!8m2!3d32.7052649!4d74.8703671?authuser=0&hl=en&rclk=1,32.7052649,74.8703671
Hospital,Hospital,"jammu and kashmir, Litter, 192305",https://www.google.co.kr/maps/place/Hospital/data=!4m5!3m4!1s0x38e21dac30149fcb:0xcc31bbf4f6967b00!8m2!3d33.8143652!4d75.0093551?authuser=0&hl=en&rclk=1,33.8143652,75.0093551
Army Hospital,Hospital,"H43M+Q6V, Kohima Lines, Nihari, Jammu and Kashmir 184121",https://www.google.co.kr/maps/place/Army+Hospital/data=!4m5!3m4!1s0x391c22a24728861f:0xb010bfac35a25071!8m2!3d32.5544753!4d75.1330546?authuser=0&hl=en&rclk=1,32.5544753,75.1330546
Choudhary Hospital,Hospital,"Jammu Akhnoor Hwy, Akhnoor, Jammu and Kashmir 181201",https://www.google.co.kr/maps/place/Choudhary+Hospital/data=!4m5!3m4!1s0x391e6304d221e29d:0xcded27cd889059b2!8m2!3d32.9046805!4d74.7452179?authuser=0&hl=en&rclk=1,32.9046805,74.7452179
G.B. Pant Cantonment Hospital,Children's hospital,"National Highway, Sonawar, Srinagar, Jammu and Kashmir 190001",https://www.google.co.kr/maps/place/G.B.+Pant+Cantonment+Hospital/data=!4m5!3m4!1s0x38e18f134ef813ab:0xe70c0faabc0e7eb!8m2!3d34.068996!4d74.843946?authuser=0&hl=en&rclk=1,34.068996,74.843946
Sub District Hospital Akhnoor,Hospital,"VPXQ+38M, Akhnoor, Jammu and Kashmir 181201",https://www.google.co.kr/maps/place/Sub+District+Hospital+Akhnoor/data=!4m5!3m4!1s0x391e630194e0e1dd:0xdfe54f5b7b14ae08!8m2!3d32.8977229!4d74.7382951?authuser=0&hl=en&rclk=1,32.8977229,74.7382951
Sub District Hospital,Hospital,"PR67+9RH, Bani, Jammu and Kashmir 184206",https://www.google.co.kr/maps/place/Sub+District+Hospital/data=!4m5!3m4!1s0x391cf3fc714f5a73:0x4268f6b6bb5d3e97!8m2!3d32.7109361!4d75.8146012?authuser=0&hl=en&rclk=1,32.7109361,75.8146012
Dr Neeraj Nagpal,Medical Center,"Nagrota Bypass, Channi Himat, Jammu, Jammu and Kashmir 180015",https://www.google.co.kr/maps/place/Dr+Neeraj+Nagpal/data=!4m5!3m4!1s0x391e9cc74b1ab57d:0x22a542eb08ba07cc!8m2!3d32.6791965!4d74.8987139?authuser=0&hl=en&rclk=1,32.6791965,74.8987139
Modern Hospital,Private hospital,"Zero Bridge, Rajbagh, Srinagar, Jammu and Kashmir 190008",https://www.google.co.kr/maps/place/Modern+Hospital/data=!4m5!3m4!1s0x38e18f74cc5fc3f5:0xe1f1636bd5efbe7a!8m2!3d34.0681309!4d74.8315501?authuser=0&hl=en&rclk=1,34.0681309,74.8315501
Hospital,Hospital,"Ladhoo Nagbal, Pampore, Jammu and Kashmir 191103",https://www.google.co.kr/maps/place/Hospital/data=!4m5!3m4!1s0x38e221eb037369f5:0x6b50135b2e02c164!8m2!3d33.9929674!4d74.9928665?authuser=0&hl=en&rclk=1,33.9929674,74.9928665
Apollo,Diagnostic center,"PV45+HQM, Gandhi Nagar, Jammu, Jammu and Kashmir 180004",https://www.google.co.kr/maps/place/Apollo/data=!4m5!3m4!1s0x391e84bba4e2e4e9:0x34649049a1594adb!8m2!3d32.7064639!4d74.85941?authuser=0&hl=en&rclk=1,32.7064639,74.85941
Health Center,Hospital,"4RFQ+8V7, Hazaratbal, Srinagar, Jammu and Kashmir 190006",https://www.google.co.kr/maps/place/Health+Center/data=!4m5!3m4!1s0x38e185baa81934bf:0x45e389aa9f219ad3!8m2!3d34.1232768!4d74.8396836?authuser=0&hl=en&rclk=1,34.1232768,74.8396836
Star Hospitals,Hospital,"NH1, Rawalpora Colony, Rawalpora, Srinagar, Jammu and Kashmir 190005",https://www.google.co.kr/maps/place/Star+Hospitals/data=!4m5!3m4!1s0x38e18e39a602b9d9:0x948c952d730a4da1!8m2!3d34.0289089!4d74.8002595?authuser=0&hl=en&rclk=1,34.0289089,74.8002595
"District Hospital,Kathua",Hospital,"NH 1A Kathua Jammu and Kashmir, 184104","https://www.google.co.kr/maps/place/District+Hospital,Kathua/data=!4m5!3m4!1s0x391c7075c6b9fac5:0xe239f6807b5dedca!8m2!3d32.3908155!4d75.5252016?authuser=0&hl=en&rclk=1",32.3908155,75.5252016
Kupwara District Hospital,Hospital,"G7G4+RX7, Kupwara, Jammu and Kashmir 193222",https://www.google.co.kr/maps/place/Kupwara+District+Hospital/data=!4m5!3m4!1s0x38e11f84f28193f7:0x22bff26d9a9e244a!8m2!3d34.5270467!4d74.2574236?authuser=0&hl=en&rclk=1,34.5270467,74.2574236
GAMC Jammu | Govt. Ayurvedic Medical College Jammu,Hospital,"GAMC, Near Indira Chowk Near MLA Hostel, Jammu, Jammu and Kashmir 180001",https://www.google.co.kr/maps/place/GAMC+Jammu+%7C+Govt.+Ayurvedic+Medical+College+Jammu/data=!4m5!3m4!1s0x391e850159bb498b:0xb0c098ca4a33146c!8m2!3d32.7333215!4d74.860544?authuser=0&hl=en&rclk=1,32.7333215,74.860544
Maternity Hospital Sherbagh,Hospital,"P5J3+7CJ, Sheer Pora, Sher Bag, Jammu and Kashmir 192101",https://www.google.co.kr/maps/place/Maternity+Hospital+Sherbagh/data=!4m5!3m4!1s0x38e2058744093837:0x6a4e20fd9541bd33!8m2!3d33.7307076!4d75.1535057?authuser=0&hl=en&rclk=1,33.7307076,75.1535057
Jammu Institute Of Ayurveda and Research,Hospital,"KOT BHALWAL ROAD, Nardani Bajwan, Jammu, Jammu and Kashmir 181123",https://www.google.co.kr/maps/place/Jammu+Institute+Of+Ayurveda+and+Research/data=!4m5!3m4!1s0x391e86f9443e83a5:0x2f2d68f576d66cfd!8m2!3d32.8133081!4d74.8318473?authuser=0&hl=en&rclk=1,32.8133081,74.8318473
Domana Hospital,Hospital,"QQ9X+R2J, Tomall, Jammu, Jammu and Kashmir 181206",https://www.google.co.kr/maps/place/Domana+Hospital/data=!4m5!3m4!1s0x391e8547cc32cefd:0x9932545156b4e7!8m2!3d32.769577!4d74.797531?authuser=0&hl=en&rclk=1,32.769577,74.797531
AIIMS Hospital,Hospital,"NH 44, Vijaypur, 184120",https://www.google.co.kr/maps/place/AIIMS+Hospital/data=!4m5!3m4!1s0x391c21db324ee1a5:0x2c7a8c28d485e395!8m2!3d32.563666!4d75.0297929?authuser=0&hl=en&rclk=1,32.563666,75.0297929
Hospital,Hospital,"Gonipora, Kupwara, Jammu and Kashmir 193222",https://www.google.co.kr/maps/place/Hospital/data=!4m5!3m4!1s0x38e1214c3da182dd:0xc040dd726a18c394!8m2!3d34.5815779!4d74.2380282?authuser=0&hl=en&rclk=1,34.5815779,74.2380282
Rahat Hospital,Hospital,"opposite Chirag Public School, Malik Market, Bathindi, Jammu, Jammu and Kashmir 181152",https://www.google.co.kr/maps/place/Rahat+Hospital/data=!4m5!3m4!1s0x391e835235791b69:0xcdb3414d1a79972c!8m2!3d32.708211!4d74.8987237?authuser=0&hl=en&rclk=1,32.708211,74.8987237
Medicare Nursing Home,Nursing home,"39 B/C Gandhi Nagar, Jammu, Jammu and Kashmir 180004",https://www.google.co.kr/maps/place/Medicare+Nursing+Home/data=!4m5!3m4!1s0x391e84bb4a288299:0x121d3353dc19e297!8m2!3d32.706488!4d74.86216?authuser=0&hl=en&rclk=1,32.706488,74.86216
District Hospital Ganderbal,Hospital,"Ganderbal, Jammu and Kashmir 191201",https://www.google.co.kr/maps/place/District+Hospital+Ganderbal/data=!4m5!3m4!1s0x38e19cd450319dad:0x998e4d49e7abb246!8m2!3d34.2099212!4d74.7769189?authuser=0&hl=en&rclk=1,34.2099212,74.7769189
Guru Nanak Mission Hospital,Hospital,"MVX7+G7V, Sector 2, Guru Nanak Nagar, Jammu, Jammu and Kashmir 180004",https://www.google.co.kr/maps/place/Guru+Nanak+Mission+Hospital/data=!4m5!3m4!1s0x391e855e15ab1cdf:0x3625d5462a361f18!8m2!3d32.698857!4d74.8631606?authuser=0&hl=en&rclk=1,32.698857,74.8631606
Distt Hospital,Government hospital,"Upper Bazar, Upper Bazaar, Ramban, Jammu and Kashmir 182144",https://www.google.co.kr/maps/place/Distt+Hospital/data=!4m5!3m4!1s0x391dc2226167898b:0xeb8a5b09399e2153!8m2!3d33.2425461!4d75.2394283?authuser=0&hl=en&rclk=1,33.2425461,75.2394283
District Hospital Reasi,Hospital,"3RWW+R7C, Reasi, Jammu and Kashmir 182312",https://www.google.co.kr/maps/place/District+Hospital+Reasi/data=!4m5!3m4!1s0x391e71175a629fc9:0x7a8dd4c4aeefa181!8m2!3d33.0970604!4d74.8456478?authuser=0&hl=en&rclk=1,33.0970604,74.8456478
Kristu Jyoti Hospital,Hospital,"National Highway 1A, Nihari, Jammu and Kashmir 184121",https://www.google.co.kr/maps/place/Kristu+Jyoti+Hospital/data=!4m5!3m4!1s0x391c18041f630e9b:0x7acfc6ed6d1fc178!8m2!3d32.5433583!4d75.1472569?authuser=0&hl=en&rclk=1,32.5433583,75.1472569
Govt Chest Diseases Hospital,Hospital,"near Jammu Medical Collage, Krishna Nagar, Jammu, Jammu and Kashmir 180001",https://www.google.co.kr/maps/place/Govt+Chest+Diseases+Hospital/data=!4m5!3m4!1s0x391e850517965389:0xd0796b3deab9876d!8m2!3d32.7342658!4d74.8554905?authuser=0&hl=en&rclk=1,32.7342658,74.8554905
Government Accidental Hospital Banihal,Hospital,"ILHAN MEDICATE, near SUB DISTRICT HOSPITAL, Banihal, Jammu and Kashmir 182146",https://www.google.co.kr/maps/place/Government+Accidental+Hospital+Banihal/data=!4m5!3m4!1s0x391df02ba639f19b:0xc912558e5f66b2aa!8m2!3d33.4396387!4d75.1980793?authuser=0&hl=en&rclk=1,33.4396387,75.1980793
"Institute of mental health and neurosciences, Kashmir",Hospital,"4R5C+7FM, Botaraj Colony, Srinagar, Jammu and Kashmir 190003","https://www.google.co.kr/maps/place/Institute+of+mental+health+and+neurosciences,+Kashmir/data=!4m5!3m4!1s0x38e1857cb306c15b:0xb01a8ae09bd10484!8m2!3d34.1082241!4d74.8211636?authuser=0&hl=en&rclk=1",34.1082241,74.8211636
Thyphoid Hospital,Hospital,"P5F2+Q3M, Janglat Mandi, Anantnag, Jammu and Kashmir 192101",https://www.google.co.kr/maps/place/Thyphoid+Hospital/data=!4m5!3m4!1s0x38e20588eaaaaaab:0xe2d4aed8dcd97274!8m2!3d33.724474!4d75.1501601?authuser=0&hl=en&rclk=1,33.724474,75.1501601
Psychiatric Hospital,Hospital,"Badamwari Park Road, Botaraj Colony, Srinagar, Jammu and Kashmir 190003",https://www.google.co.kr/maps/place/Psychiatric+Hospital/data=!4m5!3m4!1s0x38e185749d1bc8a9:0xc1bd01093cb9f364!8m2!3d34.1082291!4d74.8216206?authuser=0&hl=en&rclk=1,34.1082291,74.8216206
Hospital,Hospital,"R688+PWC, Srigufwara, Jammu and Kashmir 192401",https://www.google.co.kr/maps/place/Hospital/data=!4m5!3m4!1s0x38e211bbc2676a81:0x241b0cf9603d9d47!8m2!3d33.8168055!4d75.2172531?authuser=0&hl=en&rclk=1,33.8168055,75.2172531
S l diagnostic centre,Hospital,"opposite gurdawara, Bakshi Nagar, Jammu, Jammu and Kashmir 180001",https://www.google.co.kr/maps/place/S+l+diagnostic+centre/data=!4m5!3m4!1s0x391e846063c09fa7:0x48282c5e8e6c09fe!8m2!3d32.7366667!4d74.8509408?authuser=0&hl=en&rclk=1,32.7366667,74.8509408
Hospital,Hospital,"Suzna, Palmar, Jammu and Kashmir",https://www.google.co.kr/maps/place/Hospital/data=!4m5!3m4!1s0x391d7551b8a34fb5:0xc34d60979322a2bb!8m2!3d33.3915773!4d75.7252511?authuser=0&hl=en&rclk=1,33.3915773,75.7252511
Kidney Hospital,Hospital,"Sonawar Bagh, opp. Amar Sing Club, Srinagar, Jammu and Kashmir 190001",https://www.google.co.kr/maps/place/Kidney+Hospital/data=!4m5!3m4!1s0x38e18f7270697c97:0xe465678a362e26a3!8m2!3d34.0722398!4d74.8384005?authuser=0&hl=en&rclk=1,34.0722398,74.8384005
Government Hospital,Hospital,"7X7X+36G, Gool, Jammu and Kashmir 182144",https://www.google.co.kr/maps/place/Government+Hospital/data=!4m5!3m4!1s0x391de043ec44a68f:0x627dfcbf193b55e7!8m2!3d33.2626974!4d74.9980831?authuser=0&hl=en&rclk=1,33.2626974,74.9980831
Goel Eye Hospital and Research Centre,Hospital,"Old University lane, Canal Rd, Nawabad, Jammu, Jammu and Kashmir 180016",https://www.google.co.kr/maps/place/Goel+Eye+Hospital+and+Research+Centre/data=!4m5!3m4!1s0x391e85035664250b:0x1d3d43bd9dad99a!8m2!3d32.7223716!4d74.8481265?authuser=0&hl=en&rclk=1,32.7223716,74.8481265
Meeran Memorial Hospital Ganderbal,Hospital,"6Q8F+V54, Ganderbal, Jammu and Kashmir 191201",https://www.google.co.kr/maps/place/Meeran+Memorial+Hospital+Ganderbal/data=!4m5!3m4!1s0x38e19d29393a12d3:0x4a7e05f8e170ebf1!8m2!3d34.2171254!4d74.7729599?authuser=0&hl=en&rclk=1,34.2171254,74.7729599
Hospital Cherwan,Hospital,"Srinagar - Ladakh Rd, Cherwan, Jammu and Kashmir 191202",https://www.google.co.kr/maps/place/Hospital+Cherwan/data=!4m5!3m4!1s0x38e180679561d5f9:0xab3eaf6908220f4!8m2!3d34.2438142!4d74.9457197?authuser=0&hl=en&rclk=1,34.2438142,74.9457197
Indo American Health,Medical group,"24 A Extension Gandhi Nagar, Jammu, Jammu and Kashmir 180004",https://www.google.co.kr/maps/place/Indo+American+Health/data=!4m5!3m4!1s0x391e84b1e6318d69:0xbdf71065af368b6a!8m2!3d32.697816!4d74.86173?authuser=0&hl=en&rclk=1,32.697816,74.86173
Rotary Eye & ENT Hospital,Hospital,"Rotary Eye & ENT Hospital, Housing Colony, Udhampur, Jammu and Kashmir 182101",https://www.google.co.kr/maps/place/Rotary+Eye+%26+ENT+Hospital/data=!4m5!3m4!1s0x391dd29012297d61:0xa129478e96643520!8m2!3d32.9337718!4d75.1419941?authuser=0&hl=en&rclk=1,32.9337718,75.1419941
Dental college,Hospital,"Indra Gandhi dental college Amphala Jammu Jammu and, Kashmir, Jammu, Jammu and Kashmir 180012",https://www.google.co.kr/maps/place/Dental+college/data=!4m5!3m4!1s0x391e8597cca61faf:0x2d53bff0097876e9!8m2!3d32.745682!4d74.861535?authuser=0&hl=en&rclk=1,32.745682,74.861535
OPD,Hospital,"4RP2+47M, Soura, Srinagar, Jammu and Kashmir 190011",https://www.google.co.kr/maps/place/OPD/data=!4m5!3m4!1s0x38e184dc2c33623d:0x73c410c30b72e7a1!8m2!3d34.1353302!4d74.8006756?authuser=0&hl=en&rclk=1,34.1353302,74.8006756
Sub District Hospital Parole,Hospital,"9C2P+HHC, Nagri-Parole, 184151",https://www.google.co.kr/maps/place/Sub+District+Hospital+Parole/data=!4m5!3m4!1s0x391c717d31203593:0x840ccce90036083d!8m2!3d32.3514469!4d75.4363791?authuser=0&hl=en&rclk=1,32.3514469,75.4363791
medicare hospital,Hospital,"Kaksarai, bagh-e-sunder bala, Maidanpora, Karan Nagar, Srinagar, Jammu and Kashmir 190010",https://www.google.co.kr/maps/place/medicare+hospital/data=!4m5!3m4!1s0x38e185124c9c1a89:0xf8b9d4906fe211ea!8m2!3d34.0856143!4d74.7942439?authuser=0&hl=en&rclk=1,34.0856143,74.7942439
Sub District Hospital Billawar,Hospital,"JH5V+3XC, Billawar, 184204",https://www.google.co.kr/maps/place/Sub+District+Hospital+Billawar/data=!4m5!3m4!1s0x391c5da227d87ffd:0x152bf294d09d3ddb!8m2!3d32.6076882!4d75.594875?authuser=0&hl=en&rclk=1,32.6076882,75.594875
Guru Multi Specialty Hospital,Hospital,"Opp, Sopore-Kupwara Rd, New Colony, Sopore, Jammu and Kashmir 193201",https://www.google.co.kr/maps/place/Guru+Multi+Specialty+Hospital/data=!4m5!3m4!1s0x38e10925e8bbc38b:0xc85f6cf66ae37920!8m2!3d34.2908068!4d74.4592696?authuser=0&hl=en&rclk=1,34.2908068,74.4592696
Nissar x-ray & Diagnostic centre,Diagnostic center,"Baramulla - Handwara Hwy, Handwara, Jammu and Kashmir 193221",https://www.google.co.kr/maps/place/Nissar+x-ray+%26+Diagnostic+centre/data=!4m5!3m4!1s0x38e11cedb0c60f47:0x1c4406504aaf070f!8m2!3d34.3982153!4d74.2833665?authuser=0&hl=en&rclk=1,34.3982153,74.2833665
Unani and Panchakarma Hospital,Hospital,"Sinthan Top, NH-1B, Anantnag Kishtwar Highway, Road, Anantnag, Jammu and Kashmir 192122",https://www.google.co.kr/maps/place/Unani+and+Panchakarma+Hospital/data=!4m5!3m4!1s0x38e20586beb33765:0xf40e73ab9e5202a0!8m2!3d33.7301307!4d75.1498831?authuser=0&hl=en&rclk=1,33.7301307,75.1498831
Medical Aid Centre,Hospital,"Domel Katra Route, Bhagta, Jammu and Kashmir 182320",https://www.google.co.kr/maps/place/Medical+Aid+Centre/data=!4m5!3m4!1s0x391e7f6ed80b15fd:0x5cc582cdc9eeceda!8m2!3d32.9385144!4d74.9530314?authuser=0&hl=en&rclk=1,32.9385144,74.9530314
Government Hospital,Hospital,"MAJALTA, MAJALTA, Dhar - Udhampur Rd, Jammu and Kashmir 182127",https://www.google.co.kr/maps/place/Government+Hospital/data=!4m5!3m4!1s0x391c3aa234a28b4b:0x189be3b0ce4a5ac1!8m2!3d32.7226528!4d75.1750526?authuser=0&hl=en&rclk=1,32.7226528,75.1750526
Maternity Hospital (Soura) New Block,Hospital,"4RQ3+MC8, Soura, Srinagar, Jammu and Kashmir 190011",https://www.google.co.kr/maps/place/Maternity+Hospital+(Soura)+New+Block/data=!4m5!3m4!1s0x38e185aee67dda83:0x3c1a3f1cb0fdf5f1!8m2!3d34.1391544!4d74.803571?authuser=0&hl=en&rclk=1,34.1391544,74.803571
"92 Base Hospital, Badami Bagh",Hospital,"3V84+8FQ, Badami Bagh Cantonment, Srinagar, Jammu and Kashmir 190001","https://www.google.co.kr/maps/place/92+Base+Hospital,+Badami+Bagh/data=!4m5!3m4!1s0x38e18f3eabe6ec35:0xac7d7732faedc4d5!8m2!3d34.0658392!4d74.8562264?authuser=0&hl=en&rclk=1",34.0658392,74.8562264
IIT Hospital,Hospital,"NH 44, Jammu, 180013",https://www.google.co.kr/maps/place/IIT+Hospital/data=!4m5!3m4!1s0x391e81086c4dcfbd:0xf24fd718c68db796!8m2!3d32.8027466!4d74.8957374?authuser=0&hl=en&rclk=1,32.8027466,74.8957374
Employees State Insurance Dispensary,Medical clinic,"Industrial Estate Digiana, Jammu, Jammu and Kashmir",https://www.google.co.kr/maps/place/Employees+State+Insurance+Dispensary/data=!4m5!3m4!1s0x391e9b4bbf03dbf3:0xd74320c8f6a0e67f!8m2!3d32.686296!4d74.8548919?authuser=0&hl=en&rclk=1,32.686296,74.8548919
"Government District Hospital, Samba",Government hospital,"near NH-44, Samba, 184121","https://www.google.co.kr/maps/place/Government+District+Hospital,+Samba/data=!4m5!3m4!1s0x391c23c8f1e2a6cb:0x150b300f3de014be!8m2!3d32.5603554!4d75.1204734?authuser=0&hl=en&rclk=1",32.5603554,75.1204734
Military Hospital,Hospital,"military hospital, Jammu",https://www.google.co.kr/maps/place/Military+Hospital/data=!4m5!3m4!1s0x391e85258fb3ec3f:0x602cf9c0b9f2b521!8m2!3d32.7266016!4d74.8570259?authuser=0&hl=en&rclk=1,32.7266016,74.8570259
Accidental Hospital Batote,Hospital,"Doda Rd, Batote, Jammu and Kashmir 182143",https://www.google.co.kr/maps/place/Accidental+Hospital+Batote/data=!4m5!3m4!1s0x391dc7ec5636d995:0xd36d56403be6b547!8m2!3d33.119294!4d75.326128?authuser=0&hl=en&rclk=1,33.119294,75.326128
Unani & Ayurvedic Clinic,Medical clinic,"4R84+HF4, Alamgari Bazar, Srinagar, Jammu and Kashmir 190011",https://www.google.co.kr/maps/place/Unani+%26+Ayurvedic+Clinic/data=!4m5!3m4!1s0x38e18517ad56faa3:0xa8fa1762813ca5f4!8m2!3d34.116387!4d74.8062099?authuser=0&hl=en&rclk=1,34.116387,74.8062099
Khanam Hospital,Hospital,"University Rd Service Ln, Jehangir Abad, Shergarhi, Gulshan-e-Iqbal, Karachi, Sindh 190009",https://www.google.co.kr/maps/place/Khanam+Hospital/data=!4m5!3m4!1s0x38e18feb23c9e2f1:0x536263d62dbd703f!8m2!3d34.067449!4d74.8026296?authuser=0&hl=en&rclk=1,34.067449,74.8026296
kashmir,Medical Center,"srinager Jammu and Kashmir, 190001",https://www.google.co.kr/maps/place/kashmir/data=!4m5!3m4!1s0x38e171c27fe238f9:0x921b051943a02494!8m2!3d34.3789945!4d74.6881364?authuser=0&hl=en&rclk=1,34.3789945,74.6881364
Sub District Hospital Hiranagar,Hospital,"Postal Rd, near office 184142, Hirabaugh, Surat, Gujarat 394210",https://www.google.co.kr/maps/place/Sub+District+Hospital+Hiranagar/data=!4m5!3m4!1s0x391c13eae42fa395:0x98f468103eb6221e!8m2!3d32.45536!4d75.2693805?authuser=0&hl=en&rclk=1,32.45536,75.2693805
Army Hospital,Military hospital,"B.S.F. Camp, Khanetar, Poonch, Jammu and Kashmir, 185101",https://www.google.co.kr/maps/place/Army+Hospital/data=!4m5!3m4!1s0x38e0352906a0b00b:0xd39a67935dd2ee16!8m2!3d33.7448253!4d74.1544332?authuser=0&hl=en&rclk=1,33.7448253,74.1544332
HOSPITAL,Government hospital,"NH44, main bazar, Nagrota",https://www.google.co.kr/maps/place/HOSPITAL/data=!4m5!3m4!1s0x391e8161b9dae4c7:0x743e257335b86c19!8m2!3d32.800363!4d74.9166774?authuser=0&hl=en&rclk=1,32.800363,74.9166774
New Sub District Hospital Bijbehara,Hospital,"Srinagar - Kanyakumari Hwy, Bijbehara, 192124",https://www.google.co.kr/maps/place/New+Sub+District+Hospital+Bijbehara/data=!4m5!3m4!1s0x38e21b8b502092bd:0x3a09a9acfd2e5a4d!8m2!3d33.7973132!4d75.09585?authuser=0&hl=en&rclk=1,33.7973132,75.09585
Shree Aum Hospital,Hospital department,"Shree Aum Hospital, National Highway, Treth Morh, Bari brahmana, Jammu, Jammu and Kashmir 181133",https://www.google.co.kr/maps/place/Shree+Aum+Hospital/data=!4m5!3m4!1s0x391e854b0a08a027:0x6f38b5437ffcf02b!8m2!3d32.6472459!4d74.899884?authuser=0&hl=en&rclk=1,32.6472459,74.899884
New Primary Health Center Nowpora Payeen,Hospital,"Nowpora Pain-Sangam Road, Pulwama, Jammu Kashmir",https://www.google.co.kr/maps/place/New+Primary+Health+Center+Nowpora+Payeen/data=!4m5!3m4!1s0x38e219f0bbae670b:0x68fc657b91526fe0!8m2!3d33.8939703!4d75.0691454?authuser=0&hl=en&rclk=1,33.8939703,75.0691454
Hospital,Hospital,"3X42+W74, Khanmo, 191121",https://www.google.co.kr/maps/place/Hospital/data=!4m5!3m4!1s0x38e18909213bd81d:0xcd8098fc0ccd2ad!8m2!3d34.0572508!4d74.950715?authuser=0&hl=en&rclk=1,34.0572508,74.950715
SKIMS Maternity Hospital,Obstetrician-gynecologist,"4RQ3+M79, Soura, Srinagar, Jammu and Kashmir 190011",https://www.google.co.kr/maps/place/SKIMS+Maternity+Hospital/data=!4m5!3m4!1s0x38e185f750f20d27:0x3be67f5c5792d419!8m2!3d34.1391564!4d74.8032485?authuser=0&hl=en&rclk=1,34.1391564,74.8032485
Dr. Sunil Kumar ENT Specialist & Head Neck Surgeon jammu,Otolaryngologist,"Jk Medicity Hospital, Narwal, Bypass Road, Channi Himat, Jammu, Jammu and Kashmir 180015",https://www.google.co.kr/maps/place/Dr.+Sunil+Kumar+ENT+Specialist+%26+Head+Neck+Surgeon+jammu/data=!4m5!3m4!1s0x391e83947ee28bfd:0x61fe88251ad87f2d!8m2!3d32.6991924!4d74.9001943?authuser=0&hl=en&rclk=1,32.6991924,74.9001943
Composite Hospital,Hospital,"Crpf Bantalab, Bantalab Road, Barnai, Dina Nagar, Nardani Bajwan",https://www.google.co.kr/maps/place/Composite+Hospital/data=!4m5!3m4!1s0x391e86854c3a5991:0xec6a40c86a6404ab!8m2!3d32.786619!4d74.838709?authuser=0&hl=en&rclk=1,32.786619,74.838709
Dr.Arun Sharma (Apollo Gastro Liver and Gynae Clinic) Jammu,Gastroenterologist,"8 C 2nd Extension Bahu Plaza, near SRL Lab, Jammu, Jammu and Kashmir 180004",https://www.google.co.kr/maps/place/Dr.Arun+Sharma+(Apollo+Gastro+Liver+and+Gynae+Clinic)+Jammu/data=!4m5!3m4!1s0x391e8566ab39857b:0x23b6c7208f6110f7!8m2!3d32.7049849!4d74.8702068?authuser=0&hl=en&rclk=1,32.7049849,74.8702068
Royal Diagnostic's,Medical diagnostic imaging center,"New, District Hospital Road, Adarsh Colony, Udhampur, Jammu and Kashmir 182101",https://www.google.co.kr/maps/place/Royal+Diagnostic's/data=!4m5!3m4!1s0x391dd300b80a311d:0xd02b320ab3c7e3c3!8m2!3d32.9214629!4d75.1334022?authuser=0&hl=en&rclk=1,32.9214629,75.1334022
Doctors Health Care,Medical clinic,"Khah, Khaja Bazar, Janglat Mandi, Anantnag, Jammu and Kashmir 192101",https://www.google.co.kr/maps/place/Doctors+Health+Care/data=!4m5!3m4!1s0x38e20580a19aa2f3:0x379fd5729f6e5fa0!8m2!3d33.7273872!4d75.1533031?authuser=0&hl=en&rclk=1,33.7273872,75.1533031
Hospital,Hospital,"Unnamed Road, 184203",https://www.google.co.kr/maps/place/Hospital/data=!4m5!3m4!1s0x391c5909667b9425:0x46b09be3debe6ce8!8m2!3d32.7332057!4d75.6320095?authuser=0&hl=en&rclk=1,32.7332057,75.6320095
Dr Masroor Ahmad Wani( Skin Specialist),Doctor,"Mugdam pora, Frisal, Anantnag, Jammu and Kashmir 192232",https://www.google.co.kr/maps/place/Dr+Masroor+Ahmad+Wani(+Skin+Specialist)/data=!4m5!3m4!1s0x38e20368842b9333:0xe20f38da3eacace6!8m2!3d33.7561638!4d75.0420814?authuser=0&hl=en&rclk=1,33.7561638,75.0420814
GENNext Diagnostics,Diagnostic center,"25 A, Gandhinagar Link, Opposite Women Degree College, Gandhi Nagar, Jammu, Jammu and Kashmir 180004",https://www.google.co.kr/maps/place/GENNext+Diagnostics/data=!4m5!3m4!1s0x391e84bc6e8b7819:0xea2fd6ebe177497!8m2!3d32.7083075!4d74.8586836?authuser=0&hl=en&rclk=1,32.7083075,74.8586836
Sood Eye Centre,Doctor,"67/6, Trikuta Nagar, Jammu, Jammu and Kashmir 180012",https://www.google.co.kr/maps/place/Sood+Eye+Centre/data=!4m5!3m4!1s0x391e83562c69edcb:0xec2322b43bca0a3e!8m2!3d32.7006957!4d74.8746066?authuser=0&hl=en&rclk=1,32.7006957,74.8746066
Nhpc Hospital,Hospital,"Unnamed Road, Samleu Uperla, Himachal Pradesh 176325, India",https://www.google.co.kr/maps/place/Nhpc+Hospital/data=!4m5!3m4!1s0x391c93633a5b61d1:0x91d207952560f8da!8m2!3d32.6049149!4d75.9118665?authuser=0&hl=en&rclk=1,32.6049149,75.9118665
New Sub-District Hospital Dooru,Hospital,"Doru Shahabad, 192211",https://www.google.co.kr/maps/place/New+Sub-District+Hospital+Dooru/data=!4m5!3m4!1s0x391df7f42a67383f:0xf142c93d6e0a8a9f!8m2!3d33.5665226!4d75.2223533?authuser=0&hl=en&rclk=1,33.5665226,75.2223533
Directorate of Health Services Jammu,Public health department,"PVM6+P3W, Shalamar, Resham Ghar Colony, Jammu, Jammu and Kashmir 180001",https://www.google.co.kr/maps/place/Directorate+of+Health+Services+Jammu/data=!4m5!3m4!1s0x391e8488255560cd:0x3490609b8b0ca6ae!8m2!3d32.7343708!4d74.8602176?authuser=0&hl=en&rclk=1,32.7343708,74.8602176
Directorate of Health Services,Association or organization,"2nd Floor, Block A, Old Secretariat, Srinagar, Jammu and Kashmir 190010",https://www.google.co.kr/maps/place/Directorate+of+Health+Services/data=!4m5!3m4!1s0x38e18f931d000001:0x28fa617884bbef80!8m2!3d34.0836708!4d74.7972825?authuser=0&hl=en&rclk=1,34.0836708,74.7972825
Raja Sukhdev Singh District Hospital Poonch,Blood donation center,Poonch 185101,https://www.google.co.kr/maps/place/Raja+Sukhdev+Singh+District+Hospital+Poonch/data=!4m5!3m4!1s0x38e036f4824f8163:0x61ef22938470edd5!8m2!3d33.772293!4d74.098062?authuser=0&hl=en&rclk=1,33.772293,74.098062
Hospital,Hospital,"Unnamed Road, 182145",https://www.google.co.kr/maps/place/Hospital/data=!4m5!3m4!1s0x391debea0572f965:0xa2d12337b86e0b07!8m2!3d33.3559442!4d75.307316?authuser=0&hl=en&rclk=1,33.3559442,75.307316
Dr. PR Sharma,Doctor,"155, near Medical Collage, Maheshpura, Jammu, Jammu and Kashmir 180001",https://www.google.co.kr/maps/place/Dr.+PR+Sharma/data=!4m5!3m4!1s0x391e8489e4df87d7:0x60ec4e9717ca78c2!8m2!3d32.734574!4d74.857625?authuser=0&hl=en&rclk=1,32.734574,74.857625
Sood Eye Centre,Doctor,"67/6, Trikuta Nagar, Jammu, Jammu and Kashmir 180012",https://www.google.co.kr/maps/place/Sood+Eye+Centre/data=!4m5!3m4!1s0x391e844414849f51:0x94ebd36ac504721a!8m2!3d32.7007566!4d74.8745127?authuser=0&hl=en&rclk=1,32.7007566,74.8745127
Dr Abhinav Sharma,Pulmonologist,"H No 51 lane 1, Bhagwati Nagar, Jammu, Jammu and Kashmir 180001",https://www.google.co.kr/maps/place/Dr+Abhinav+Sharma/data=!4m5!3m4!1s0x391e85a240299dad:0x99bc42140e5b628c!8m2!3d32.724326!4d74.842814?authuser=0&hl=en&rclk=1,32.724326,74.842814
Government Medical College And Hospital Blood Bank,Blood donation center,Jammu 180001,https://www.google.co.kr/maps/place/Government+Medical+College+And+Hospital+Blood+Bank/data=!4m5!3m4!1s0x391e8461b3e2944b:0xc8db9bc1686f5c5a!8m2!3d32.736061!4d74.853998?authuser=0&hl=en&rclk=1,32.736061,74.853998
Park (Soura Maternity Hospital),Park,"4RQ2+JX4, Soura, Srinagar, Jammu and Kashmir 190011",https://www.google.co.kr/maps/place/Park+(Soura+Maternity+Hospital)/data=!4m5!3m4!1s0x38e1858e5968f11f:0x44262a4a5df905de!8m2!3d34.1390082!4d74.8024636?authuser=0&hl=en&rclk=1,34.1390082,74.8024636
Dr. S. K. Gupta,Neurologist,"718-A, Last Morh, Gandhinagar, Jammu, Jammu and Kashmir 180004",https://www.google.co.kr/maps/place/Dr.+S.+K.+Gupta/data=!4m5!3m4!1s0x391e84b6e55965ef:0xd4f90bc194b66b3c!8m2!3d32.6977649!4d74.854405?authuser=0&hl=en&rclk=1,32.6977649,74.854405
Dr. Vipan Gupta,Endocrinologist,"263 A, Shastri Nagar, Jammu, Jammu and Kashmir 180004",https://www.google.co.kr/maps/place/Dr.+Vipan+Gupta/data=!4m5!3m4!1s0x391e84bba0280bc7:0x4d4105f957ca3b59!8m2!3d32.6945821!4d74.8583045?authuser=0&hl=en&rclk=1,32.6945821,74.8583045
J.K HOSPITAL,Hospital,"main bazar talwara talwara township, Talwara, Punjab 144216, India",https://www.google.co.kr/maps/place/J.K+HOSPITAL/data=!4m5!3m4!1s0x391b733a7b57363b:0x9d5738db529df7a8!8m2!3d31.9422343!4d75.8861856?authuser=0&hl=en&rclk=1,31.9422343,75.8861856
Dr. Yashpal Sharma,Doctor,"House No. 198 1 Housing Colony, Channi Himat, Jammu, Jammu and Kashmir 180015",https://www.google.co.kr/maps/place/Dr.+Yashpal+Sharma/data=!4m5!3m4!1s0x391e9cb5aaaaaaab:0x5db4903cf8424bf7!8m2!3d32.6923922!4d74.8945692?authuser=0&hl=en&rclk=1,32.6923922,74.8945692
CGHS Wellness Center Jammu,Wellness center,"CGHS wellness Centre, near Press Club, Jammu, 180001",https://www.google.co.kr/maps/place/CGHS+Wellness+Center+Jammu/data=!4m5!3m4!1s0x391e8509a6831f79:0x7267095cf2cab6ff!8m2!3d32.7228412!4d74.8581077?authuser=0&hl=en&rclk=1,32.7228412,74.8581077
SRL Diagnostics,Diagnostic center,"near District Hospital, Jammu, Jammu and Kashmir 184121",https://www.google.co.kr/maps/place/SRL+Diagnostics/data=!4m5!3m4!1s0x391e84618d27dc4b:0x3fa60f060a83c21f!8m2!3d32.5548176!4d75.1100449?authuser=0&hl=en&rclk=1,32.5548176,75.1100449
Dr Jatinder Singh,Diabetologist,"Hospital Rd, Gandhi Nagar, Jammu, Jammu and Kashmir 180004",https://www.google.co.kr/maps/place/Dr+Jatinder+Singh/data=!4m5!3m4!1s0x391e84badffd95db:0x6284f3510edb71a5!8m2!3d32.7047837!4d74.8609525?authuser=0&hl=en&rclk=1,32.7047837,74.8609525
Sher-I-Kashmir Institute Of Medical Sciences (SKIMS) Blood Bank,Blood donation center,"South, Buchpora, Srinagar, Jammu and Kashmir 190011",https://www.google.co.kr/maps/place/Sher-I-Kashmir+Institute+Of+Medical+Sciences+(SKIMS)+Blood+Bank/data=!4m5!3m4!1s0x38e184c03fffffff:0x8c780e28da1c1e95!8m2!3d34.1498617!4d74.802458?authuser=0&hl=en&rclk=1,34.1498617,74.802458
Dr rajesh gupta,Orthopedic surgeon,"422/A, Apsara Road, Gandhi Nagar, jammu, Jammu, Jammu and Kashmir 180004",https://www.google.co.kr/maps/place/Dr+rajesh+gupta/data=!4m5!3m4!1s0x391e84b143107c47:0xd3bece596977810!8m2!3d32.6982302!4d74.8586336?authuser=0&hl=en&rclk=1,32.6982302,74.8586336
Government Primary Health Center Nihama,Hospital,"Nihama, 192233",https://www.google.co.kr/maps/place/Government+Primary+Health+Center+Nihama/data=!4m5!3m4!1s0x38e1ff773be49b1f:0xdafdc4c2d8357826!8m2!3d33.6385447!4d74.8956781?authuser=0&hl=en&rclk=1,33.6385447,74.8956781
Dr. Nadeem Niyaz Jan,Doctor,"KC Mediplex, near KC Cineplex, Bakshi Nagar, Jammu, Jammu and Kashmir 180001",https://www.google.co.kr/maps/place/Dr.+Nadeem+Niyaz+Jan/data=!4m5!3m4!1s0x391e8489e36a1225:0x6d92bb1bd30493f7!8m2!3d32.73443!4d74.857387?authuser=0&hl=en&rclk=1,32.73443,74.857387
Dr. Bharat Bhushan Gupta I Mediwell Gastroenterology Centre,Gastroenterologist,"24-A, Shastri Nagar, Jammu, Jammu and Kashmir 180004",https://www.google.co.kr/maps/place/Dr.+Bharat+Bhushan+Gupta+I+Mediwell+Gastroenterology+Centre/data=!4m5!3m4!1s0x391e84b443de03d7:0xc86853a9614d3229!8m2!3d32.69404!4d74.854826?authuser=0&hl=en&rclk=1,32.69404,74.854826
Dr. Naveed Nazir Shah,Pulmonologist,"Dalgate, near Chest Disease Hospital, Srinagar, Jammu and Kashmir 190002",https://www.google.co.kr/maps/place/Dr.+Naveed+Nazir+Shah/data=!4m5!3m4!1s0x38e18f78fbbe6b3b:0x87c0d2e6a82fe784!8m2!3d34.081722!4d74.8297801?authuser=0&hl=en&rclk=1,34.081722,74.8297801
Kanav Bone & Joint Clinic,Medical clinic,"422-A, Gandhi Nagar, Jammu, Jammu and Kashmir 180004",https://www.google.co.kr/maps/place/Kanav+Bone+%26+Joint+Clinic/data=!4m5!3m4!1s0x391e84b1101b0f67:0xcb21e996f4deaec6!8m2!3d32.6982799!4d74.858723?authuser=0&hl=en&rclk=1,32.6982799,74.858723
JK Service Station,Gas station,"Phalyana, opposite Army Hospital, Rajouri, Jammu and Kashmir 185151",https://www.google.co.kr/maps/place/JK+Service+Station/data=!4m5!3m4!1s0x391e2e6cdc69334b:0xd504fe3b2b68975f!8m2!3d33.3500999!4d74.3270475?authuser=0&hl=en&rclk=1,33.3500999,74.3270475
The Shoulder Clinic,Doctor,"160/1, Circular Road, Gujjar Nagar, opposite Police Post Jammu Jammu and Kashmir, 180001",https://www.google.co.kr/maps/place/The+Shoulder+Clinic/data=!4m5!3m4!1s0x391e8555d951ff57:0x242ffe2a1b0df42f!8m2!3d32.7275643!4d74.8726201?authuser=0&hl=en&rclk=1,32.7275643,74.8726201
City Hospital,Hospital,"4PVV+3R5, Sector F 1 New Mirpur City, Azad Jammu and Kashmir 10250",https://www.google.co.kr/maps/place/City+Hospital/data=!4m5!3m4!1s0x391fec0b21da66f1:0x777e10232fa00422!8m2!3d33.1426296!4d73.7446139?authuser=0&hl=en&rclk=1,33.1426296,73.7446139
SRL Diagnostics,Diagnostic center,"Ward No. 13, District Hospital Road, near Nehru School, Adarsh Colony, Udhampur, Jammu and Kashmir 182101",https://www.google.co.kr/maps/place/SRL+Diagnostics/data=!4m5!3m4!1s0x391dd3fb1b124e1f:0x86cf89dee4cc5268!8m2!3d32.9198858!4d75.1335283?authuser=0&hl=en&rclk=1,32.9198858,75.1335283
Santosh Eye Care Centre - Dr Anil Mahajan,Ophthalmologist,"373 Shastri Nagar, Shastri Nagar, Jammu, Jammu and Kashmir 180004",https://www.google.co.kr/maps/place/Santosh+Eye+Care+Centre+-+Dr+Anil+Mahajan/data=!4m5!3m4!1s0x391e84b40f763de5:0x8efe6a065f6f5acc!8m2!3d32.6951493!4d74.8559824?authuser=0&hl=en&rclk=1,32.6951493,74.8559824
Medical Store,Internal medicine ward,"Nagbal, Banihal, Jammu and Kashmir 182146",https://www.google.co.kr/maps/place/Medical+Store/data=!4m5!3m4!1s0x391df139af88dd17:0xb1c535f21ff191bb!8m2!3d33.4370131!4d75.1939345?authuser=0&hl=en&rclk=1,33.4370131,75.1939345
Amandeep Hospital,Hospital,"Dalhousie Road, Mamun, Pathankot, Punjab 145001, India",https://www.google.co.kr/maps/place/Amandeep+Hospital/data=!4m5!3m4!1s0x391c7febf2320527:0x104f94abb707839e!8m2!3d32.2762841!4d75.6951917?authuser=0&hl=en&rclk=1,32.2762841,75.6951917
The Grand Interiors,Interior designer,"Hospital, Kulgam District Hospital Rd, Aamnu, Kulgam, Jammu and Kashmir 192231",https://www.google.co.kr/maps/place/The+Grand+Interiors/data=!4m5!3m4!1s0x38e201ca34442619:0xb738970d5be8f73e!8m2!3d33.6449087!4d75.031484?authuser=0&hl=en&rclk=1,33.6449087,75.031484
The Associate Group,Recruiter,"Hazari Bazar Masjid, Haji Complex, near JLNM Hospital, Rainawari, Srinagar, Jammu and Kashmir 190003",https://www.google.co.kr/maps/place/The+Associate+Group/data=!4m5!3m4!1s0x38e185b08bc3a1bb:0xccc14a0fa7352e47!8m2!3d34.0968813!4d74.8195728?authuser=0&hl=en&rclk=1,34.0968813,74.8195728
Dr. Rahul Gupta,Pulmonologist,"Bakshi Nagar, Jammu, Jammu and Kashmir 180001",https://www.google.co.kr/maps/place/Dr.+Rahul+Gupta/data=!4m5!3m4!1s0x391e845e132f86af:0x2bed7f45bf1b8ea9!8m2!3d32.7383282!4d74.8492954?authuser=0&hl=en&rclk=1,32.7383282,74.8492954
Regional Passport Office | Passport Seva Kendra,Passport office,"Aquaf Trust Building, 1st Floor, Opposite Gandhi Nagar Hospital, Gandhi Nagar, Jammu, Jammu and Kashmir 180004",https://www.google.co.kr/maps/place/Regional+Passport+Office+%7C+Passport+Seva+Kendra/data=!4m5!3m4!1s0x391e84bae082adf5:0x5a5f20f8dd085414!8m2!3d32.7046519!4d74.8608788?authuser=0&hl=en&rclk=1,32.7046519,74.8608788
Civil Hospital,Hospital,"Subhash Chowk Rd, Moti Tiba, Dalhousie, Himachal Pradesh 176304, India",https://www.google.co.kr/maps/place/Civil+Hospital/data=!4m5!3m4!1s0x391c91148034381d:0x12927af07452776!8m2!3d32.5311523!4d75.9638178?authuser=0&hl=en&rclk=1,32.5311523,75.9638178
NIIT Jammu Rehari Chungi Centre,Educational institution,"2nd Floor,Gurdwara Kalghidar Sahib Bldg Rehari Chungi, B.C Rd, Jammu, Jammu and Kashmir 180005",https://www.google.co.kr/maps/place/NIIT+Jammu+Rehari+Chungi+Centre/data=!4m5!3m4!1s0x391e8464fcf5e74d:0xe846052966506761!8m2!3d32.743065!4d74.860039?authuser=0&hl=en&rclk=1,32.743065,74.860039
Booza,Ice cream shop,"Janglatmandi opposite MMABM hospital Anantnag Jammu and Kashmir Anantnag Jammu and Kashmir, 192101",https://www.google.co.kr/maps/place/Booza/data=!4m5!3m4!1s0x38e2058870decfcf:0x44a2214094d16e39!8m2!3d33.725727!4d75.15257?authuser=0&hl=en&rclk=1,33.725727,75.15257
Chest Specialist Dr Jaskirat Devinder Singh,Pulmonologist,"Consultant at JK Medicity, Narwal Bye Pass, Channi Himat, Jammu, Jammu and Kashmir 180015",https://www.google.co.kr/maps/place/Chest+Specialist+Dr+Jaskirat+Devinder+Singh/data=!4m5!3m4!1s0x391e8355af3ea31d:0x1285ed95370849d!8m2!3d32.6991884!4d74.9001084?authuser=0&hl=en&rclk=1,32.6991884,74.9001084
Gem Opticians,Optician,"1 Gandhi Plaza ,34 -JDA Complex, Gole Market, Jammu, Jammu and Kashmir 180004",https://www.google.co.kr/maps/place/Gem+Opticians/data=!4m5!3m4!1s0x391e85af5ed37543:0x4e1cee4ea262b0a!8m2!3d32.70088!4d74.860125?authuser=0&hl=en&rclk=1,32.70088,74.860125
Animal Hospital,Hospital,"8H7R+CV2, Pathankot, Punjab 145023, India",https://www.google.co.kr/maps/place/Animal+Hospital/data=!4m5!3m4!1s0x391c7914ac8f0bd3:0xda62f194af139569!8m2!3d32.3135139!4d75.5921254?authuser=0&hl=en&rclk=1,32.3135139,75.5921254
Dr. Lovi Padha,Orthopedic surgeon,"Channi Himat, Jammu, Jammu and Kashmir 180015",https://www.google.co.kr/maps/place/Dr.+Lovi+Padha/data=!4m5!3m4!1s0x391e9cb3f1285581:0xf20d0dd45d7b100d!8m2!3d32.6993059!4d74.9001947?authuser=0&hl=en&rclk=1,32.6993059,74.9001947
New Block,Hospital department,"9GQG+R4J, Kathua, 184104",https://www.google.co.kr/maps/place/New+Block/data=!4m5!3m4!1s0x391c71eed8b95f89:0x9fdd23ad30c77c5e!8m2!3d32.3895995!4d75.5252693?authuser=0&hl=en&rclk=1,32.3895995,75.5252693
Sonwar Campus Central University of Kashmir,University department,"M A Road, Near GB Pant Hospital, Ram Munshi Bagh, Guzarwaan Mohalla, Sonwar Bagh, Srinagar, Jammu and Kashmir 190004",https://www.google.co.kr/maps/place/Sonwar+Campus+Central+University+of+Kashmir/data=!4m5!3m4!1s0x38e18f147aa54f35:0xd911ce763e1167f8!8m2!3d34.0662639!4d74.8456418?authuser=0&hl=en&rclk=1,34.0662639,74.8456418
Association of Parents of Disappeared Persons,Non-profit organization,"Airport Rd, Near Al-Amin Hospital, Hyderpora, Srinagar, Jammu and Kashmir 190014",https://www.google.co.kr/maps/place/Association+of+Parents+of+Disappeared+Persons/data=!4m5!3m4!1s0x38e18e2cf932bcd7:0x142cdb83b38b5f2d!8m2!3d34.0382757!4d74.7889245?authuser=0&hl=en&rclk=1,34.0382757,74.7889245
JOB OVERSIGHT,Employment agency,"Khayam Chowk, near Khyber Hospital, Srinagar, Jammu and Kashmir 190001",https://www.google.co.kr/maps/place/JOB+OVERSIGHT/data=!4m5!3m4!1s0x38e18f4c13c20eef:0xc911e1b776ba1c1b!8m2!3d34.083401!4d74.821964?authuser=0&hl=en&rclk=1,34.083401,74.821964
Mahindra & Mahindra Ltd,Tractor dealer,"NH1, near district hospital, Kathua, Jammu and Kashmir 184102",https://www.google.co.kr/maps/place/Mahindra+%26+Mahindra+Ltd/data=!4m5!3m4!1s0x391c7a9e9cec83a3:0xac5e973cce1cc21!8m2!3d32.390036!4d75.531424?authuser=0&hl=en&rclk=1,32.390036,75.531424
Sidhra,,,https://www.google.co.kr/maps/place/Sidhra/data=!4m5!3m4!1s0x391e83c0990b181f:0xaffa9f5a0df1528f!8m2!3d32.7604934!4d74.8989541?authuser=0&hl=en&rclk=1,32.7604934,74.8989541
E-xcort engineers,Air conditioning repair service,"Near sheela devi hospital Kunjwani narwal hiway, Jammu, Jammu and Kashmir 180011",https://www.google.co.kr/maps/place/E-xcort+engineers/data=!4m5!3m4!1s0x391e9dc7b3306637:0xe96aa8cac7d9576c!8m2!3d32.6780905!4d74.8973962?authuser=0&hl=en&rclk=1,32.6780905,74.8973962
Park,Park,"Dobipora, Imamsahib, Jammu and Kashmir 192303",https://www.google.co.kr/maps/place/Park/data=!4m5!3m4!1s0x38e1f7a72ba7b461:0x1169c9e4a4042790!8m2!3d33.7556098!4d74.9309558?authuser=0&hl=en&rclk=1,33.7556098,74.9309558
J&K Bank ATM,ATM,"Rajouri, Kheora, J&K, J&K, near District Hospital",https://www.google.co.kr/maps/place/J%26K+Bank+ATM/data=!4m5!3m4!1s0x391e2e9e5edd65b9:0x10c41218fbe8da32!8m2!3d33.387327!4d74.3145329?authuser=0&hl=en&rclk=1,33.387327,74.3145329
J&K Bank ATM,ATM,Near old hospital Chenani,https://www.google.co.kr/maps/place/J%26K+Bank+ATM/data=!4m5!3m4!1s0x391dc90e488b2737:0x4fc2d78f4180ab40!8m2!3d33.0367237!4d75.2845568?authuser=0&hl=en&rclk=1,33.0367237,75.2845568
Symbolic Kashmir Travels,Travel agency,"Khayam Road, Near Khyber Hospital Srinagar Jammu and Kashmir, 190001",https://www.google.co.kr/maps/place/Symbolic+Kashmir+Travels/data=!4m5!3m4!1s0x38e18f78537bbee5:0xc95355680e34cdd7!8m2!3d34.0834402!4d74.8218757?authuser=0&hl=en&rclk=1,34.0834402,74.8218757
Pooja Sales Corp,Opens Wed Aug 11,"Pucca Gharat H No 34 Hari Nagar Lane No 17, Talab Tillo Rd, near BEE ENN Hospital, Jammu, Jammu and Kashmir 180002",https://www.google.co.kr/maps/place/Pooja+Sales+Corp/data=!4m5!3m4!1s0x391e851ec93b5ced:0xe35bb9bf218ef6e6!8m2!3d32.7308732!4d74.8391648?authuser=0&hl=en&rclk=1,32.7308732,74.8391648
Friend's Fast Food,Restaurant,"Shalamar Rd, opp. SMGS HOSPITAL, Shalamar, Resham Ghar Colony, Jammu, Jammu and Kashmir 180001",https://www.google.co.kr/maps/place/Friend's+Fast+Food/data=!4m5!3m4!1s0x391e858024e744f5:0xfbf31ab9b10ec577!8m2!3d32.730623!4d74.8605863?authuser=0&hl=en&rclk=1,32.730623,74.8605863
J K Media Ground Networking Pvt. Ltd.,Media company,"Near Marble Market, Extension Trikuta Nagar, Jammu",https://www.google.co.kr/maps/place/J+K+Media+Ground+Networking+Pvt.+Ltd./data=!4m5!3m4!1s0x391e9cbb242ce85d:0x9b3911feedd44b6e!8m2!3d32.68002!4d74.8867188?authuser=0&hl=en&rclk=1,32.68002,74.8867188
Vijaypur,,,https://www.google.co.kr/maps/place/Vijaypur/data=!4m5!3m4!1s0x391c21b2dd09d961:0x34cf8838f6172ab6!8m2!3d32.5664109!4d75.0207619?authuser=0&hl=en&rclk=1,32.5664109,75.0207619
Dar Hotel,Bed & breakfast,"JANGLAT MANDI ANANTNAG Near District Hospital Anantnag, Jammu and Kashmir 192101",https://www.google.co.kr/maps/place/Dar+Hotel/data=!4m5!3m4!1s0x38e205880b55adff:0xda7501786431ced5!8m2!3d33.725867!4d75.153093?authuser=0&hl=en&rclk=1,33.725867,75.153093
Samba,,,https://www.google.co.kr/maps/place/Samba/data=!4m5!3m4!1s0x391c2291c21f2831:0x938c8f5a62177f02!8m2!3d32.5530092!4d75.1107527?authuser=0&hl=en&rclk=1,32.5530092,75.1107527
Casino Sweets and Fast Food,,"Old Hospital Rd, Opp Hanuman Mandir, Purani Mandi, Pakki Dhaki, Old Heritage City, Jammu, Jammu and Kashmir 180001",https://www.google.co.kr/maps/place/Casino+Sweets+and+Fast+Food/data=!4m5!3m4!1s0x391e848749f87285:0xaad92bba61157d89!8m2!3d32.7348803!4d74.8678325?authuser=0&hl=en&rclk=1,32.7348803,74.8678325
Akhnoor,,,https://www.google.co.kr/maps/place/Akhnoor/data=!4m5!3m4!1s0x391e63003eaf5f59:0x5537388217668f1f!8m2!3d32.8995235!4d74.7424852?authuser=0&hl=en&rclk=1,32.8995235,74.7424852
Dar Enterprise,Copper supplier,"to, Kulgam District Hospital Rd, Near Jaima Masjid, Imamsahib, Jammu and Kashmir 192303",https://www.google.co.kr/maps/place/Dar+Enterprise/data=!4m5!3m4!1s0x38e1f9e8c980115f:0x65dbb09595b9c183!8m2!3d33.744956!4d74.910772?authuser=0&hl=en&rclk=1,33.744956,74.910772
ANGEL BROKING,Stock broker,"near District Hospital, Janglat Mandi, Anantnag, Jammu and Kashmir 192101",https://www.google.co.kr/maps/place/ANGEL+BROKING/data=!4m5!3m4!1s0x38e2058865555553:0x699b95bc9a59089d!8m2!3d33.724599!4d75.1530972?authuser=0&hl=en&rclk=1,33.724599,75.1530972
Kunjwani,,,https://www.google.co.kr/maps/place/Kunjwani/data=!4m5!3m4!1s0x391e9ca083dc7d15:0x46019c468202bb0c!8m2!3d32.6715277!4d74.8762972?authuser=0&hl=en&rclk=1,32.6715277,74.8762972
Muthi,,,https://www.google.co.kr/maps/place/Muthi/data=!4m5!3m4!1s0x391e85c8a3051639:0xd5a7df11e6f83aab!8m2!3d32.7583199!4d74.8141575?authuser=0&hl=en&rclk=1,32.7583199,74.8141575
Doda,,,https://www.google.co.kr/maps/place/Doda/data=!4m5!3m4!1s0x391da515f03fda15:0xd981543b121e817a!8m2!3d33.0469201!4d75.6208088?authuser=0&hl=en&rclk=1,33.0469201,75.6208088
Afaan guest house,,"Khayam road srinagar kashmir Khayam bilal colony srinagar opp khyber hospital, Srinagar, 190001",https://www.google.co.kr/maps/place/Afaan+guest+house/data=!4m5!3m4!1s0x38e18f815e90141d:0x2e02e0ccd55cef0c!8m2!3d34.0834012!4d74.8226988?authuser=0&hl=en&rclk=1,34.0834012,74.8226988
Janipur,,,https://www.google.co.kr/maps/place/Janipur/data=!4m5!3m4!1s0x391e843e7987a3e1:0x66956a1f415c0aed!8m2!3d32.7553248!4d74.8496706?authuser=0&hl=en&rclk=1,32.7553248,74.8496706
Budgam,,,https://www.google.co.kr/maps/place/Budgam/data=!4m5!3m4!1s0x38e1911163d2eaa1:0x6ea2869ad4e6c82a!8m2!3d33.9348549!4d74.6400432?authuser=0&hl=en&rclk=1,33.9348549,74.6400432
Shopian,,,https://www.google.co.kr/maps/place/Shopian/data=!4m5!3m4!1s0x38e1fa67a633ed11:0x3c0629d0e8eee8b4!8m2!3d33.7593643!4d74.8039205?authuser=0&hl=en&rclk=1,33.7593643,74.8039205
