Company_Name,Category,Address,Url,Latitude,Longitude,State
Nitrro Bespoke Fitness,Gym,"Skybay Hubtown, Skybay Hubtown, Breach Candy, Mumbai, Maharashtra 400026, India",https://www.google.co.kr/maps/place/Nitrro+Bespoke+Fitness/data=!4m5!3m4!1s0x3be7ce782670d0db:0x973a8e97fb07b569!8m2!3d18.9751027!4d72.8062174?authuser=0&hl=en&rclk=1,18.9751027,72.8062174,Maharashtra
3 Fitness India Gym,Gym,"L.B.S Marg, Opp. Pankeshah Dargah, next to Shalimar Hotel, Ghatkopar West, Mumbai, Maharashtra 400086, India",https://www.google.co.kr/maps/place/3+Fitness+India+Gym/data=!4m5!3m4!1s0x3be7c7675d5c71f3:0x29fc9b923de59278!8m2!3d19.0961396!4d72.9151486?authuser=0&hl=en&rclk=1,19.0961396,72.9151486,Maharashtra
Fitness Holic,Gym,"4, Swami Vivekananda Rd, Malad, Reserve Bank of India Staff Quarters, Raheja Twp, Jogeshwari West, Mumbai, Maharashtra 400102, India",https://www.google.co.kr/maps/place/Fitness+Holic/data=!4m5!3m4!1s0x3be7b62bc3c8fa7d:0x6d9d841a9eed6e9e!8m2!3d19.174844!4d72.848494?authuser=0&hl=en&rclk=1,19.174844,72.848494,Maharashtra
Fitness India Gym,Gym,"near Zenda Chowk, Dr.Ambedkar Nagar, Dharampeth, Nagpur, Maharashtra 440010, India",https://www.google.co.kr/maps/place/Fitness+India+Gym/data=!4m5!3m4!1s0x3bd4c17bee6b6617:0x1002689433e8cb8a!8m2!3d21.1413257!4d79.0626775?authuser=0&hl=en&rclk=1,21.1413257,79.0626775,Maharashtra
H FITNESS,Fitness center,"Floor 1,Bapu Bangla, above State Bank of India, Indira Nagar, Nashik, Maharashtra 422009, India",https://www.google.co.kr/maps/place/H+FITNESS/data=!4m5!3m4!1s0x3bddeb3d4085aff9:0x98860bc49803c59d!8m2!3d19.9735609!4d73.785847?authuser=0&hl=en&rclk=1,19.9735609,73.785847,Maharashtra
Global fitness & Gym,Gym,"Kedia Complex, Kirti Nagar, Akola, Maharashtra 444001, India",https://www.google.co.kr/maps/place/Global+fitness+%26+Gym/data=!4m5!3m4!1s0x3bd72fce0a734be7:0x79150713f9fe2367!8m2!3d20.6939864!4d77.0148334?authuser=0&hl=en&rclk=1,20.6939864,77.0148334,Maharashtra
Fitness India,Gym,"Siddi Vinayak Apartment, Plot No.1, Gajanan Mandir Rd, Khare Town, Dharampeth, Nagpur, Maharashtra 440010, India",https://www.google.co.kr/maps/place/Fitness+India/data=!4m5!3m4!1s0x3bd4c060453d531f:0x50cbe69fc6176d34!8m2!3d21.1413449!4d79.0624485?authuser=0&hl=en&rclk=1,21.1413449,79.0624485,Maharashtra
The Gym,Fitness center,"Ganga Home, Row House No.1/2, next to Bank of India, Viman Nagar, Pune, Maharashtra 411014, India",https://www.google.co.kr/maps/place/The+Gym/data=!4m5!3m4!1s0x3bc2c146c481ff81:0xc26293e10b8b3673!8m2!3d18.5646915!4d73.9164632?authuser=0&hl=en&rclk=1,18.5646915,73.9164632,Maharashtra
"PEPT Fitness Bootcamp, India",Fitness center,"A wing, First Floor Aditya Business Center ( Next to Jyoti Restaurant, N Main Rd, Kondhwa, Pune, Maharashtra 411048, India","https://www.google.co.kr/maps/place/PEPT+Fitness+Bootcamp,+India/data=!4m5!3m4!1s0x3bc2eb511244ed1b:0x5ae75f1a6a231311!8m2!3d18.4785044!4d73.8903496?authuser=0&hl=en&rclk=1",18.4785044,73.8903496,Maharashtra
MultiFit Baner,Gym,"Pride Gateway, 1st Floor, Sr. No. 112, Baner Rd, opp. Syngenta India Ltd, Pune, Maharashtra 411045, India",https://www.google.co.kr/maps/place/MultiFit+Baner/data=!4m5!3m4!1s0x3bc2beb56d52eae1:0xb8d2951049fa92c5!8m2!3d18.5658019!4d73.7712535?authuser=0&hl=en&rclk=1,18.5658019,73.7712535,Maharashtra
Cardio Fitness India Pvt. Ltd.,Physical fitness program,"1st Floor, Sai Krupa Building, Samir Chandavarkar Road, Dhanukar Wadi, Off M.G. Road, Kandivali West, Mumbai, Maharashtra 400067, India",https://www.google.co.kr/maps/place/Cardio+Fitness+India+Pvt.+Ltd./data=!4m5!3m4!1s0x3be7b6cff5571651:0xa7274633f7bf7b29!8m2!3d19.2078028!4d72.8382777?authuser=0&hl=en&rclk=1,19.2078028,72.8382777,Maharashtra
Power House Gym,Gym,"ward no, mai building gajanan nagar, 2, Arvi Rd, Wardha, Maharashtra 442001, India",https://www.google.co.kr/maps/place/Power+House+Gym/data=!4m5!3m4!1s0x3bd47f1d47eb8281:0x6b91c319c23b25!8m2!3d20.7587533!4d78.5994003?authuser=0&hl=en&rclk=1,20.7587533,78.5994003,Maharashtra
Life Fitness Gym,Gym,"P833+W96, Gandhinagar, Maharashtra 416119, India",https://www.google.co.kr/maps/place/Life+Fitness+Gym/data=!4m5!3m4!1s0x3bc10109d66349e1:0x83cdc54fe6c6149f!8m2!3d16.7047802!4d74.3033759?authuser=0&hl=en&rclk=1,16.7047802,74.3033759,Maharashtra
Raskar Gym,Gym,"JJFV+4CW, Renuka Nagar, Shrirampur, Maharashtra 413709, India",https://www.google.co.kr/maps/place/Raskar+Gym/data=!4m5!3m4!1s0x3bdc8a56f17bdb91:0x39ef555f2c0675d9!8m2!3d19.6228609!4d74.6435815?authuser=0&hl=en&rclk=1,19.6228609,74.6435815,Maharashtra
Fitness studio,Gym,"Laxmi Nagar, Amrutdham, near UNION BANK OF INDIA, Panchavati, Nashik, Maharashtra 422003, India",https://www.google.co.kr/maps/place/Fitness+studio/data=!4m5!3m4!1s0x3bddeb572178748b:0x46fa01be59b57e96!8m2!3d20.0183076!4d73.8284065?authuser=0&hl=en&rclk=1,20.0183076,73.8284065,Maharashtra
R FITNESS CENTRE with SWIMMING POOL,Fitness center,"Hotel Kalasagar Opp. State Bank Of India, Kasarwadi, Pimpri Colony, Pune, Maharashtra 411017, India",https://www.google.co.kr/maps/place/R+FITNESS+CENTRE+with+SWIMMING+POOL/data=!4m5!3m4!1s0x3bc2b88b53ec1cf5:0xd691c01cc261014f!8m2!3d18.6129!4d73.8184825?authuser=0&hl=en&rclk=1,18.6129,73.8184825,Maharashtra
"Bhosari, Pimpri-Chinchwad, Maharashtra 411039, India",Gym,"JRCX+P8P, Takalewada, Bhosari Gaonthan, Bhosari, Pimpri-Chinchwad, Maharashtra 411039, India","https://www.google.co.kr/maps/place/Bhosari,+Pimpri-Chinchwad,+Maharashtra+411039,+India/data=!4m5!3m4!1s0x3bc2c74acdacd14f:0x8a8242b43d2ae219!8m2!3d18.621827!4d73.8483143?authuser=0&hl=en&rclk=1",18.621827,73.8483143,Maharashtra
Fitbox India,Gym,"Bhosale Garden, near Savala Hari, behind Sahyadri hospital, Hadapsar, Pune, Maharashtra 411028, India",https://www.google.co.kr/maps/place/Fitbox+India/data=!4m5!3m4!1s0x3bc2c1403c5c7d8f:0x631454e99e99a2c7!8m2!3d18.5042098!4d73.9323871?authuser=0&hl=en&rclk=1,18.5042098,73.9323871,Maharashtra
RD fitness studio,Gym,"Laxmi Nagar, Amrutdham, near UNION BANK OF INDIA, Panchavati, Nashik, Maharashtra 422003, India",https://www.google.co.kr/maps/place/RD+fitness+studio/data=!4m5!3m4!1s0x3bddebf900716601:0xee58ceda4ecd9320!8m2!3d20.0183076!4d73.8284065?authuser=0&hl=en&rclk=1,20.0183076,73.8284065,Maharashtra
IFSI Academy,Gym,"IFSI Academy , 2nd Floor , Opp. Central Park, Apte Rd, near HDFC Bank, Deccan Gymkhana, Pune, Maharashtra 411004, India",https://www.google.co.kr/maps/place/IFSI+Academy/data=!4m5!3m4!1s0x3bc2c078fedf5411:0xf846483642394fd4!8m2!3d18.5204276!4d73.8446199?authuser=0&hl=en&rclk=1,18.5204276,73.8446199,Maharashtra
Gold’s Gym Solapur,Gym,"Ramchandra Complex, 139, Laxmi Peth, Solapur, Maharashtra 413001, India",https://www.google.co.kr/maps/place/Gold%E2%80%99s+Gym+Solapur/data=!4m5!3m4!1s0x3bc5d0889fef4b9b:0xc83ff478fa73e042!8m2!3d17.6733613!4d75.8889617?authuser=0&hl=en&rclk=1,17.6733613,75.8889617,Maharashtra
Fitness First Mega Mall,Gym,"2 Mega Mall, New Link Rd, Oshiwara, Andheri West, Mumbai, Maharashtra 400102, India",https://www.google.co.kr/maps/place/Fitness+First+Mega+Mall/data=!4m5!3m4!1s0x3be7b64735bcadad:0x1f55863ffe0c2dcf!8m2!3d19.1515472!4d72.834126?authuser=0&hl=en&rclk=1,19.1515472,72.834126,Maharashtra
Winsome Fitness Centre,Gym,"Ambika Nagar, Behind Sudit Hotel, Jalochi, Ring Road, Baramati, Maharashtra 413102, India",https://www.google.co.kr/maps/place/Winsome+Fitness+Centre/data=!4m5!3m4!1s0x3bc3a01ee50c72c3:0x3784a1b050a6be5e!8m2!3d18.1569931!4d74.5893393?authuser=0&hl=en&rclk=1,18.1569931,74.5893393,Maharashtra
Golds Gym,Gym,"Gopal Nagar, Amravati, Maharashtra 444605, India",https://www.google.co.kr/maps/place/Golds+Gym/data=!4m5!3m4!1s0x3bd6a5e831667df3:0x9175fd04e8cdeb1b!8m2!3d20.915056!4d77.7563719?authuser=0&hl=en&rclk=1,20.915056,77.7563719,Maharashtra
Fitness Pros India,Fitness center,"Shop no 18 shah alpine plot no, near allahabad bank branch navi, Sector 6, Mumbai, Maharashtra 410210, India",https://www.google.co.kr/maps/place/Fitness+Pros+India/data=!4m5!3m4!1s0x3be7c1d458be329f:0x9bd6d3678df0897f!8m2!3d19.0630231!4d73.0700421?authuser=0&hl=en&rclk=1,19.0630231,73.0700421,Maharashtra
Maharashtra Gym,Gymnastics center,"PCMC Link Rd, Bhat Nagar, Pimpri Colony, Pimpri-Chinchwad, Maharashtra 411017, India",https://www.google.co.kr/maps/place/Maharashtra+Gym/data=!4m5!3m4!1s0x3bc2b852f356ce55:0xe16fde6af00fbde0!8m2!3d18.6268391!4d73.7973985?authuser=0&hl=en&rclk=1,18.6268391,73.7973985,Maharashtra
Orangetheory Fitness Kemps Corner,Gym,"Unit 3A, 3rd Floor, Turquoise Building, Kemps Corner, Malabar Hill, Mumbai, Maharashtra 400036, India",https://www.google.co.kr/maps/place/Orangetheory+Fitness+Kemps+Corner/data=!4m5!3m4!1s0x3be7cf5aef72e8ef:0x9c4035cfa03ed67f!8m2!3d18.9641452!4d72.8062565?authuser=0&hl=en&rclk=1,18.9641452,72.8062565,Maharashtra
GYM PLANET,Gym,"Sms Arcade, 3rd floor, above SATISH MOTORS, near SEVEN HILLS FLY OVER, Aurangabad, Maharashtra 431001, India",https://www.google.co.kr/maps/place/GYM+PLANET/data=!4m5!3m4!1s0x3bdba29c120d78dd:0xf96aacc8bed901fe!8m2!3d19.8746779!4d75.3526501?authuser=0&hl=en&rclk=1,19.8746779,75.3526501,Maharashtra
Sheetal fitness zone,Fitness center,"RVRR+XWW, Mastgarh, Laxminarayanpura, Jalna, Maharashtra 431213, India",https://www.google.co.kr/maps/place/Sheetal+fitness+zone/data=!4m5!3m4!1s0x3bda5789ec1c43dd:0xa786feafd31d6b00!8m2!3d19.8424812!4d75.8923162?authuser=0&hl=en&rclk=1,19.8424812,75.8923162,Maharashtra
Thorat fitness works,Gym,"Ichalkaranji Sangli Road, Vrindavan Colony, Asara Nagar, Ichalkaranji, Maharashtra 416121, India",https://www.google.co.kr/maps/place/Thorat+fitness+works/data=!4m5!3m4!1s0x3bc11d86b48f4e0b:0x89a7fdaf1e79feb8!8m2!3d16.7047481!4d74.4778499?authuser=0&hl=en&rclk=1,16.7047481,74.4778499,Maharashtra
THE GOAL GYM INDIA,Gym,"Prashant Nagar, Pathardi Phata, Nashik, Maharashtra 422010, India",https://www.google.co.kr/maps/place/THE+GOAL+GYM+INDIA/data=!4m5!3m4!1s0x3bddeb6b5ef43245:0xc13860a29b8c8a72!8m2!3d19.9552548!4d73.7600472?authuser=0&hl=en&rclk=1,19.9552548,73.7600472,Maharashtra
Gold's Gym India Head Office,Gym,"Dhantak Plaza, 203, 2nd Floor, Makwana Rd, Gamdevi, Marol, Andheri East, Mumbai, Maharashtra 400059, India",https://www.google.co.kr/maps/place/Gold's+Gym+India+Head+Office/data=!4m5!3m4!1s0x3be7c9c619bfb519:0x43f5bfc3d10b5761!8m2!3d19.111428!4d72.8813166?authuser=0&hl=en&rclk=1,19.111428,72.8813166,Maharashtra
World's Gym,Gym,"Sai Prasad, Telengpura, Indira Market Rd, behind Axis Bank, Wardha, Maharashtra 442001, India",https://www.google.co.kr/maps/place/World's+Gym/data=!4m5!3m4!1s0x3bd47f125e692899:0x6b63f99a932ba1c2!8m2!3d20.7398403!4d78.5986081?authuser=0&hl=en&rclk=1,20.7398403,78.5986081,Maharashtra
The Tribe India Fitness,Physical fitness program,"Soni House, 2nd Floor, CD Barfiwala Road, JVPD Scheme, Juhu, Mumbai, Maharashtra 400047, India",https://www.google.co.kr/maps/place/The+Tribe+India+Fitness/data=!4m5!3m4!1s0x3be7c9db4f52fe69:0x9e188c144fce4755!8m2!3d19.1162584!4d72.8348776?authuser=0&hl=en&rclk=1,19.1162584,72.8348776,Maharashtra
Hi-Tech Gym and Fitness center,Gym,"Jamkar Complex, Parbhani - Jintur Rd, Prabhavati Nagar, Parbhani, Maharashtra 431401, India",https://www.google.co.kr/maps/place/Hi-Tech+Gym+and+Fitness+center/data=!4m5!3m4!1s0x3bd01922def0560d:0xc5783f525106a052!8m2!3d19.2732542!4d76.7614468?authuser=0&hl=en&rclk=1,19.2732542,76.7614468,Maharashtra
Superhuman Fitness Arena,Gym,"2nd floor, China market, Ostwal Bypass, Boisar, Maharashtra 401501, India",https://www.google.co.kr/maps/place/Superhuman+Fitness+Arena/data=!4m5!3m4!1s0x3be71f2073f952dd:0x436d500c037ebba7!8m2!3d19.7998097!4d72.7577568?authuser=0&hl=en&rclk=1,19.7998097,72.7577568,Maharashtra
Naigaonkar Fitness Zone,Gym,"Barshi-Osmanabad Rd, Tambari Vibhag, Osmanabad, Maharashtra 413501, India",https://www.google.co.kr/maps/place/Naigaonkar+Fitness+Zone/data=!4m5!3m4!1s0x3bc5a3d0419f857d:0x6066e0b84e51fa30!8m2!3d18.1861187!4d76.0292458?authuser=0&hl=en&rclk=1,18.1861187,76.0292458,Maharashtra
48 Fitness,Fitness center,"3rd Floor, Crystal Point Mall, Link Road, Andheri West, Mumbai, Maharashtra 400053, India",https://www.google.co.kr/maps/place/48+Fitness/data=!4m5!3m4!1s0x3be7b6219ec318db:0xf52c42f45d0dafd8!8m2!3d19.1308742!4d72.8309171?authuser=0&hl=en&rclk=1,19.1308742,72.8309171,Maharashtra
Black box fitness,Gym,"gala no 27, nav nandanvan industrial estate, off pk road,, mulund (west), near State Bank Of India, Mumbai, Maharashtra 400080, India",https://www.google.co.kr/maps/place/Black+box+fitness/data=!4m5!3m4!1s0x3be7b8585459b887:0x3d36cde568a2a5da!8m2!3d19.1691617!4d72.9432961?authuser=0&hl=en&rclk=1,19.1691617,72.9432961,Maharashtra
BodyTransformers Gym,Gym,"2nd Floor, Shoeb Manzil, New Kantwadi Rd, above State Bank of India, Bandra West, Mumbai, Maharashtra 400050, India",https://www.google.co.kr/maps/place/BodyTransformers+Gym/data=!4m5!3m4!1s0x3be7c96ba27f25cd:0x56329ab3af1c8d1!8m2!3d19.0613168!4d72.8244263?authuser=0&hl=en&rclk=1,19.0613168,72.8244263,Maharashtra
Fitness First,Gym,"Yashwant Nagar, Kharadi, Pune, Maharashtra 411014, India",https://www.google.co.kr/maps/place/Fitness+First/data=!4m5!3m4!1s0x3bc2c1c3f0a88d97:0x7aa7611e321d72af!8m2!3d18.5551537!4d73.934599?authuser=0&hl=en&rclk=1,18.5551537,73.934599,Maharashtra
Indian gym,Gym,"Indian gym, Paloji Mohallah, Peth Map, Chiplun, Maharashtra 415605, India",https://www.google.co.kr/maps/place/Indian+gym/data=!4m5!3m4!1s0x3bc2087ef5eee325:0xf859a9ea8ef1fb0d!8m2!3d17.5384168!4d73.5092543?authuser=0&hl=en&rclk=1,17.5384168,73.5092543,Maharashtra
Fitness First,Gym,"No 272, Dhanori-Lohegaon Rd, Laxmi Nagar, Dhanori, Pune, Maharashtra 411015, India",https://www.google.co.kr/maps/place/Fitness+First/data=!4m5!3m4!1s0x3bc2c6b9393dc325:0xc33afaaad9675e42!8m2!3d18.5974489!4d73.9166271?authuser=0&hl=en&rclk=1,18.5974489,73.9166271,Maharashtra
Fitness First,Gym,"Satsheel Lodge Building, Amba Mata Rd, below softech computers, Punit Nagar, Juna Palghar, Palghar, Maharashtra 401404, India",https://www.google.co.kr/maps/place/Fitness+First/data=!4m5!3m4!1s0x3be71df81b379c33:0x52e1263237322959!8m2!3d19.6967499!4d72.7698037?authuser=0&hl=en&rclk=1,19.6967499,72.7698037,Maharashtra
Vicky's Gym & Fitness Center,Gym,"2nd Floor SBI Bank, Vishnupuri, opp. SGGS College, Nanded, Maharashtra, India",https://www.google.co.kr/maps/place/Vicky's+Gym+%26+Fitness+Center/data=!4m5!3m4!1s0x3bce29f9ff09e5d7:0xdf9679c0980c2ba7!8m2!3d19.1130775!4d77.2921168?authuser=0&hl=en&rclk=1,19.1130775,77.2921168,Maharashtra
Skyhealth Fitness (India) Private Limited,Physical fitness program,"Sno 26 2nd Hingane Khurd, Near Ajinkya Nagar, Sinhagad Road, Hingane Khurd, Pune, Maharashtra 411038, India",https://www.google.co.kr/maps/place/Skyhealth+Fitness+(India)+Private+Limited/data=!4m5!3m4!1s0x3bc29558cd0c32df:0x58ee378410e597c8!8m2!3d18.4792128!4d73.831099?authuser=0&hl=en&rclk=1,18.4792128,73.831099,Maharashtra
Fitness First,Gym,"2nd floor, Aishwarya Icon Mall, Chakan, Maharashtra, India",https://www.google.co.kr/maps/place/Fitness+First/data=!4m5!3m4!1s0x3bc2cb80fc5014c5:0xfcfd5e92d7f418fe!8m2!3d18.7641188!4d73.8615906?authuser=0&hl=en&rclk=1,18.7641188,73.8615906,Maharashtra
India fit gym,Gym,"Near by sg traders / light office katewadi tel Baramati, dist, Katewadi, Maharashtra 413102, India",https://www.google.co.kr/maps/place/India+fit+gym/data=!4m5!3m4!1s0x3bc39f5679ce4d29:0x6c3e522dd4cbc1d8!8m2!3d18.125026!4d74.6547467?authuser=0&hl=en&rclk=1,18.125026,74.6547467,Maharashtra
IBBFF,Gym,"V9G8+RPC, Sambhaji Nagar, N 1, Cidco, Aurangabad, Maharashtra 431006, India",https://www.google.co.kr/maps/place/IBBFF/data=!4m5!3m4!1s0x3bdba311d9bc103f:0x17ef44cb2384a259!8m2!3d19.8770703!4d75.3667808?authuser=0&hl=en&rclk=1,19.8770703,75.3667808,Maharashtra
Jerai Fitness Gym,Gym,"Balkrishna Bungalow, Gate no. 2, Behind D'mart, New Link Road, Kandarpada, Dahisar West, Kandarpada Rd, Kandarpada, Dahisar West, Mumbai, Maharashtra 400068, India",https://www.google.co.kr/maps/place/Jerai+Fitness+Gym/data=!4m5!3m4!1s0x3be7b102bc336533:0x6043c771e62dcd67!8m2!3d19.25708!4d72.8503205?authuser=0&hl=en&rclk=1,19.25708,72.8503205,Maharashtra
Matoshri Gym,Gym,"Rane Nagar Rd, Near Rajiv Nagar, Kishor Nagar, Nashik, Maharashtra 422009, India",https://www.google.co.kr/maps/place/Matoshri+Gym/data=!4m5!3m4!1s0x3bddeb39c7593e71:0xb5561e790988fdc3!8m2!3d19.9666089!4d73.775301?authuser=0&hl=en&rclk=1,19.9666089,73.775301,Maharashtra
FRIENDS GYM,Gymnastics center,"30/3, Kat kat Gate, Road, Hudco, Aurangabad, Maharashtra 431001, India",https://www.google.co.kr/maps/place/FRIENDS+GYM/data=!4m5!3m4!1s0x3bdba2a56dae63c5:0xef4103674b21c1af!8m2!3d19.894763!4d75.350847?authuser=0&hl=en&rclk=1,19.894763,75.350847,Maharashtra
Wefit24,Gym,"111 Above Central Bank Of India Smarath Nagar Near Varad Ganesh Mandir, Maharashtra 431003, India",https://www.google.co.kr/maps/place/Wefit24/data=!4m5!3m4!1s0x3bdb9927de874a07:0x26d2643004b76183!8m2!3d19.8786881!4d75.3189037?authuser=0&hl=en&rclk=1,19.8786881,75.3189037,Maharashtra
The Body Factory Gym,Gym,"Beed - Solapur Rd, Mahatma Gandhi Nagar, Galib Nagar, Osmanabad, Maharashtra 413501, India",https://www.google.co.kr/maps/place/The+Body+Factory+Gym/data=!4m5!3m4!1s0x3bc5a113bbe33c35:0x7c99b5ef6cc21c08!8m2!3d18.2043768!4d76.0407889?authuser=0&hl=en&rclk=1,18.2043768,76.0407889,Maharashtra
Sky Fitness Gym By Aakash Pane,Gym,"Saraswati colony near girivihar gate, Korit Rd, Nandurbar, Maharashtra 425412, India",https://www.google.co.kr/maps/place/Sky+Fitness+Gym+By+Aakash+Pane/data=!4m5!3m4!1s0x3bdf09a64c513399:0x920675e70495f3d!8m2!3d21.3789131!4d74.2423056?authuser=0&hl=en&rclk=1,21.3789131,74.2423056,Maharashtra
Marvel Fitness Gym,Gym,"Old MIDC Rd, Vishal Nagar (East), Deep Jyoti Nagar, Latur, Maharashtra 413531, India",https://www.google.co.kr/maps/place/Marvel+Fitness+Gym/data=!4m5!3m4!1s0x3bcf8354ea76333b:0x67c626df7aa705c3!8m2!3d18.4088946!4d76.5623799?authuser=0&hl=en&rclk=1,18.4088946,76.5623799,Maharashtra
Beast House The Gym,Gym,"Lukhi Empire Building dahisar,Opp to Dahisar police station Near Bank Of India dahisar, Swami Vivekananda Marg, Dahisar East, Dahisar, Maharashtra 400068, India",https://www.google.co.kr/maps/place/Beast+House+The+Gym/data=!4m5!3m4!1s0x3be7b15dbc6f5e13:0x8d2eac0a5f35b164!8m2!3d19.2530726!4d72.8652267?authuser=0&hl=en&rclk=1,19.2530726,72.8652267,Maharashtra
AMF Gyms,Fitness center,"Near Pratap Nagar smashan Bhumi, behind peace point residency, Aurangabad, Maharashtra 431005, India",https://www.google.co.kr/maps/place/AMF+Gyms/data=!4m5!3m4!1s0x3bdb99264e6c284b:0x51efa697bfa4a92!8m2!3d19.8565299!4d75.3276679?authuser=0&hl=en&rclk=1,19.8565299,75.3276679,Maharashtra
kk gym,Gym,"Kacheri Rd, Sane Nagar, Amalner, Maharashtra 425401, India",https://www.google.co.kr/maps/place/kk+gym/data=!4m5!3m4!1s0x3bd92c2b20d75225:0xf93024e56b5bca01!8m2!3d21.0459461!4d75.0580333?authuser=0&hl=en&rclk=1,21.0459461,75.0580333,Maharashtra
G9 Fitness,Gym,"Old Ct Ln, near Narsinha mandir, Sinnar, Maharashtra 422103, India",https://www.google.co.kr/maps/place/G9+Fitness/data=!4m5!3m4!1s0x3bddbb0f22ea1763:0x5e83ab4a85af21bf!8m2!3d19.843779!4d73.9985959?authuser=0&hl=en&rclk=1,19.843779,73.9985959,Maharashtra
RESET Bandra,Gym,"KC Marg, Reclamation, Bandra West, Mumbai, Maharashtra 400050, India",https://www.google.co.kr/maps/place/RESET+Bandra/data=!4m5!3m4!1s0x3be7c93932f83281:0xcb2d43163dc65ff7!8m2!3d19.0515529!4d72.8327674?authuser=0&hl=en&rclk=1,19.0515529,72.8327674,Maharashtra
Total Fitness,Gym,"1st Floor, Plot No:-5, G No:, 11, Paithan Rd, opp. Shanti Nursing home, Kanchanwadi, Aurangabad, Maharashtra 431136, India",https://www.google.co.kr/maps/place/Total+Fitness/data=!4m5!3m4!1s0x3bdb9972bfb91f97:0x68340416d7a7e23f!8m2!3d19.832775!4d75.2902729?authuser=0&hl=en&rclk=1,19.832775,75.2902729,Maharashtra
Yuvraj Fitness,Gym,"Ajabnagar, Aurangabad, Maharashtra 431001, India",https://www.google.co.kr/maps/place/Yuvraj+Fitness/data=!4m5!3m4!1s0x3bdb9991568aa4f9:0xab275c3e5099bdd0!8m2!3d19.8762677!4d75.3307786?authuser=0&hl=en&rclk=1,19.8762677,75.3307786,Maharashtra
BODYPRO GYM NANDED,Fitness center,"Ganesh Nagar Rd, Yeshwant Nagar, Nagsen Nagar, Nanded, Maharashtra 431602, India",https://www.google.co.kr/maps/place/BODYPRO+GYM+NANDED/data=!4m5!3m4!1s0x3bd1d73f95c9585d:0x9b05cc0b04799181!8m2!3d19.1709818!4d77.2958859?authuser=0&hl=en&rclk=1,19.1709818,77.2958859,Maharashtra
Defense Fitness,Gym,"Unnamed Road, Sakhar Peth, Solapur, Maharashtra 413005, India",https://www.google.co.kr/maps/place/Defense+Fitness/data=!4m5!3m4!1s0x3bc5da5d361860b3:0x31801f17b04b0883!8m2!3d17.6675253!4d75.9245957?authuser=0&hl=en&rclk=1,17.6675253,75.9245957,Maharashtra
FITNESS POINT Aerobics Center Bhatt Colony Hingoli,Gym,"Bhatt Colony, Siddharth Nagar, Hingoli, Maharashtra 431513, India",https://www.google.co.kr/maps/place/FITNESS+POINT+Aerobics+Center+Bhatt+Colony+Hingoli/data=!4m5!3m4!1s0x3bd05254c4281711:0x3c7b7c3e338a93d!8m2!3d19.7204083!4d77.144565?authuser=0&hl=en&rclk=1,19.7204083,77.144565,Maharashtra
Body Sculptor Juhu,Gym,"Aashiyana Apartment, N S Rd Number 13, Chand Society, JVPD Scheme, Juhu, Mumbai, Maharashtra 400049, India",https://www.google.co.kr/maps/place/Body+Sculptor+Juhu/data=!4m5!3m4!1s0x3be7c9e9dc2bffff:0xfe3244b2d484d46f!8m2!3d19.1106721!4d72.8275226?authuser=0&hl=en&rclk=1,19.1106721,72.8275226,Maharashtra
KYROS FITNESS,Gym,"Diwanji mangal karyale, Sawe Wadi, Latur, Maharashtra 413531, India",https://www.google.co.kr/maps/place/KYROS+FITNESS/data=!4m5!3m4!1s0x3bcf839d6b5aaf95:0x3eb029b4a95170a9!8m2!3d18.4022844!4d76.5729441?authuser=0&hl=en&rclk=1,18.4022844,76.5729441,Maharashtra
Shera Gym,Gym,"2RJ3+C6M, Renuka Mata Nagar, Bhusawal, Maharashtra 425201, India",https://www.google.co.kr/maps/place/Shera+Gym/data=!4m5!3m4!1s0x3bd9a676e20aa9d7:0x7ea509b7dcb8a5de!8m2!3d21.0310802!4d75.8030555?authuser=0&hl=en&rclk=1,21.0310802,75.8030555,Maharashtra
Ojhar Fitness Zone,Gym,"Ojhar Fitness Zone, Bhagwati Shopping Center, near R.K. Memorial Hospital, mig, Ojhar, Maharashtra, India",https://www.google.co.kr/maps/place/Ojhar+Fitness+Zone/data=!4m5!3m4!1s0x3bddc384d66cca4b:0xefcce8a763bdac41!8m2!3d20.0975015!4d73.924543?authuser=0&hl=en&rclk=1,20.0975015,73.924543,Maharashtra
Nitrro fitness hub,Gym,"GV6P+V9X, Camp, Pune, Maharashtra 411001, India",https://www.google.co.kr/maps/place/Nitrro+fitness+hub/data=!4m5!3m4!1s0x3bc2c18b8f866ff5:0x56b27694cf721f20!8m2!3d18.5122303!4d73.8859975?authuser=0&hl=en&rclk=1,18.5122303,73.8859975,Maharashtra
Mozzam gym,Gym,"Gandhi Market, Sawe Wadi, Latur, Maharashtra 413531, India",https://www.google.co.kr/maps/place/Mozzam+gym/data=!4m5!3m4!1s0x3bcf83fe2cb98739:0xc165520b6e5d175b!8m2!3d18.4003567!4d76.5784745?authuser=0&hl=en&rclk=1,18.4003567,76.5784745,Maharashtra
Miracle fitness point,Gym,"Baliram Patil School Rd, Hudco, Ayodhya Nagar, N 9, Cidco, Aurangabad, Maharashtra 431003, India",https://www.google.co.kr/maps/place/Miracle+fitness+point/data=!4m5!3m4!1s0x3bdba33c88cb9c75:0x73c8f079f57bb46f!8m2!3d19.8963456!4d75.3588218?authuser=0&hl=en&rclk=1,19.8963456,75.3588218,Maharashtra
Fitness 5,Gym,"Fitness-5 C/o. "" Siddhi Vinayak Health Care 148/35, Laxmi Vijay Premises, New Link Rd, Laxmi Industrial Estate, Andheri (W, Mumbai, Maharashtra 400053, India",https://www.google.co.kr/maps/place/Fitness+5/data=!4m5!3m4!1s0x3be7b7afdc752001:0x7ea52bd9b9239b6c!8m2!3d19.1358955!4d72.827638?authuser=0&hl=en&rclk=1,19.1358955,72.827638,Maharashtra
GYMPAC FITNESS SYSTEMS PRIVATE LIMITED - LIFEFITNESS INDIA(AUTHORISED PARTNER FOR LIFEFITNESS HAMMER STRENGTH GYM EQUIPMENT IN INDIA),Gym,"STAR Hub, Unit no 203 2nd Floor, Sahar Airport Rd, Andheri East, Mumbai, Maharashtra 400099, India",https://www.google.co.kr/maps/place/GYMPAC+FITNESS+SYSTEMS+PRIVATE+LIMITED+-+LIFEFITNESS+INDIA(AUTHORISED+PARTNER+FOR+LIFEFITNESS+HAMMER+STRENGTH+GYM+EQUIPMENT+IN+INDIA)/data=!4m5!3m4!1s0x3be7c84747e3272b:0x53e1a21e8a7369fd!8m2!3d19.1058919!4d72.8685755?authuser=0&hl=en&rclk=1,19.1058919,72.8685755,Maharashtra
Core Perfect Fitness,Gym,"A1, Kothari Compound, 5 Acers, Manpada, Thane West, Thane, Maharashtra 400610, India",https://www.google.co.kr/maps/place/Core+Perfect+Fitness/data=!4m5!3m4!1s0x3be7bb29a6d47f39:0xbcd2c6f2e69d3c4e!8m2!3d19.236611!4d72.9727907?authuser=0&hl=en&rclk=1,19.236611,72.9727907,Maharashtra
Manjri green fitness centre,Gym,"GX37+6H7, Hadapsar, Pune, Maharashtra 412307, India",https://www.google.co.kr/maps/place/Manjri+green+fitness+centre/data=!4m5!3m4!1s0x3bc2c2723f8bc35f:0xf5ac939b168c49d4!8m2!3d18.5030343!4d73.9639179?authuser=0&hl=en&rclk=1,18.5030343,73.9639179,Maharashtra
AB Fitness Zone,Gym,"8F4W+CPM, Manwath, Maharashtra 431505, India",https://www.google.co.kr/maps/place/AB+Fitness+Zone/data=!4m5!3m4!1s0x3bd009abffffffff:0x2789bd5607fb4bff!8m2!3d19.3060901!4d76.4967919?authuser=0&hl=en&rclk=1,19.3060901,76.4967919,Maharashtra
Vikram's House,Gym,"96P7+G3F, Dadegaon, Maharashtra 414502, India",https://www.google.co.kr/maps/place/Vikram's+House/data=!4m5!3m4!1s0x3bdb69ba5a9990fd:0x98f65403335d3e94!8m2!3d19.3863158!4d75.2126608?authuser=0&hl=en&rclk=1,19.3863158,75.2126608,Maharashtra
Indian Fitness,Gym,"Shanti Nagar Main Rd, Zoppal Pati, Shantinagar Colony, Nagpur, Maharashtra 440002, India",https://www.google.co.kr/maps/place/Indian+Fitness/data=!4m5!3m4!1s0x3bd4c737d29ab5b1:0x25e73e398dc9d493!8m2!3d21.1639951!4d79.1274542?authuser=0&hl=en&rclk=1,21.1639951,79.1274542,Maharashtra
Fitness Zone Gym For Weight Loss- Gym in Cidco Aurangabad,Gym,"134 suvidh app, 431003, N 3, Cidco, Aurangabad, Maharashtra 431009, India",https://www.google.co.kr/maps/place/Fitness+Zone+Gym+For+Weight+Loss-+Gym+in+Cidco+Aurangabad/data=!4m5!3m4!1s0x3bdba28dcbd7ad39:0x247f5ed49c460d6e!8m2!3d19.8709661!4d75.3599483?authuser=0&hl=en&rclk=1,19.8709661,75.3599483,Maharashtra
Focus Fitness,Gym,"behind post office, Borgaon, Manjidana Colony, Nagpur, Maharashtra 440013, India",https://www.google.co.kr/maps/place/Focus+Fitness/data=!4m5!3m4!1s0x3bd4c1a93a3cdcf3:0x9235fc88fced727!8m2!3d21.1798987!4d79.0549501?authuser=0&hl=en&rclk=1,21.1798987,79.0549501,Maharashtra
Body Sculptor,Gym,"202, Fortune Classic, 15th Road, Above Madhubhan Toyota, Khar (West), Mumbai, Maharashtra 400052, India",https://www.google.co.kr/maps/place/Body+Sculptor/data=!4m5!3m4!1s0x3be7c90c48a8f20b:0x11c68e1f1c75c707!8m2!3d19.072936!4d72.832107?authuser=0&hl=en&rclk=1,19.072936,72.832107,Maharashtra
Cult BKC,Fitness center,"Bandra Kurla Complex, G-1,, Ground Floor, North Avenue, Maker Maxity Bandra (East),, Mumbai, Maharashtra 400051, India",https://www.google.co.kr/maps/place/Cult+BKC/data=!4m5!3m4!1s0x3be7c920b7e86df5:0xf3daa767d5465164!8m2!3d19.054385!4d72.850132?authuser=0&hl=en&rclk=1,19.054385,72.850132,Maharashtra
Why Not Fitness,Fitness center,"Laxmi Business Park, 228-233, 2nd Floor, Laxmi Industrial Estate, New Link Rd, Andheri West, Mumbai, Maharashtra 400053, India",https://www.google.co.kr/maps/place/Why+Not+Fitness/data=!4m5!3m4!1s0x3be7b7239697a9ab:0x458b3e584dc5c649!8m2!3d19.1362551!4d72.8307665?authuser=0&hl=en&rclk=1,19.1362551,72.8307665,Maharashtra
The Lift Factory Gym,Gym,"Pendse Nagar, Dombivli East, Dombivli, Maharashtra 421201, India",https://www.google.co.kr/maps/place/The+Lift+Factory+Gym/data=!4m5!3m4!1s0x3be79529a08c39ff:0xbc63c84ffb1beccc!8m2!3d19.2188759!4d73.0947621?authuser=0&hl=en&rclk=1,19.2188759,73.0947621,Maharashtra
Sharayu Fitness,Fitness center,"Tarangan complex, Tal Haveli, Tulapur, Maharashtra 412216, India",https://www.google.co.kr/maps/place/Sharayu+Fitness/data=!4m5!3m4!1s0x3bc2c54cc574f05f:0x2fd6db11c5b1d2fd!8m2!3d18.6690792!4d73.9949339?authuser=0&hl=en&rclk=1,18.6690792,73.9949339,Maharashtra
Gurukrupa Gym,Gym,"3QVQ+852, Ahmednagar, Maharashtra 414002, India",https://www.google.co.kr/maps/place/Gurukrupa+Gym/data=!4m5!3m4!1s0x3bdcaf8106b0385f:0xeae7ab8de74ebe76!8m2!3d19.0932505!4d74.7879049?authuser=0&hl=en&rclk=1,19.0932505,74.7879049,Maharashtra
Atharva's Fitness World,Gym,"Pavan medical lane, Rathi Nagar, near Isckon Temple, Maharashtra 444603, India",https://www.google.co.kr/maps/place/Atharva's+Fitness+World/data=!4m5!3m4!1s0x3bd6a3f0240f5445:0x61f55810bc0ed05b!8m2!3d20.9532317!4d77.7660791?authuser=0&hl=en&rclk=1,20.9532317,77.7660791,Maharashtra
Barbarian Power Gym,Gym,"opp. Delhi Gate Road, Aalamgir Colony, Collector Office Campus, Aurangabad, Maharashtra 431001, India",https://www.google.co.kr/maps/place/Barbarian+Power+Gym/data=!4m5!3m4!1s0x3bdb9806535e7611:0x16fb03c1ecb2e2fe!8m2!3d19.8972809!4d75.3380273?authuser=0&hl=en&rclk=1,19.8972809,75.3380273,Maharashtra
V FITNESS,Gym,"choupad Sonavane Vada, 633, South Kasba, Budhavar Peth, Solapur, Maharashtra 413007, India",https://www.google.co.kr/maps/place/V+FITNESS/data=!4m5!3m4!1s0x3bc5db435c6e4397:0x2ec9a02107b2960e!8m2!3d17.6775296!4d75.901932?authuser=0&hl=en&rclk=1,17.6775296,75.901932,Maharashtra
Gold's Gym Baner,Gym,"Imperial Atria, ABIL House, 4th Floor, ABIL Square, Near, Pan Card Club Rd, Baner, Pune, Maharashtra 411045, India",https://www.google.co.kr/maps/place/Gold's+Gym+Baner/data=!4m5!3m4!1s0x3bc2bf234cb99089:0xad6ac64a035ac1c2!8m2!3d18.5560863!4d73.7730254?authuser=0&hl=en&rclk=1,18.5560863,73.7730254,Maharashtra
MultiFit Kalyani Nagar,Gym,"Gold Adlabs Mariplex Mall, 4th Floor, Kalyani Nagar, Pune, Maharashtra 411014, India",https://www.google.co.kr/maps/place/MultiFit+Kalyani+Nagar/data=!4m5!3m4!1s0x3bc2c10dff51cd3f:0x56e2f234218b26cb!8m2!3d18.54557!4d73.9063292?authuser=0&hl=en&rclk=1,18.54557,73.9063292,Maharashtra
Malhar Fitness Gym,Gym,"JVVF+J2R, Alibag, Maharashtra 402201, India",https://www.google.co.kr/maps/place/Malhar+Fitness+Gym/data=!4m5!3m4!1s0x3be87a41a6958fbd:0xeac7eb9a44bb172!8m2!3d18.644122!4d72.8725091?authuser=0&hl=en&rclk=1,18.644122,72.8725091,Maharashtra
Fitness-Hub,Gym,"Papu Society, 724, room no-7, Press Bazar, Ulhasnagar, Maharashtra 421003, India",https://www.google.co.kr/maps/place/Fitness-Hub/data=!4m5!3m4!1s0x3be794132ea84fa7:0x47111b785bd1fbcf!8m2!3d19.227875!4d73.1670071?authuser=0&hl=en&rclk=1,19.227875,73.1670071,Maharashtra
Swaraj Fitness Center,Gym,"Kedgaon, Ahmednagar, Maharashtra 414005, India",https://www.google.co.kr/maps/place/Swaraj+Fitness+Center/data=!4m5!3m4!1s0x3bdcb0df83b834cf:0x820f44e020a3fe06!8m2!3d19.0673805!4d74.7117916?authuser=0&hl=en&rclk=1,19.0673805,74.7117916,Maharashtra
The Pilates and Altitude Training Studio,Pilates studio,"303/304 Business Plaza Gazdar Bandh Road, SB Patil Rd, Potohar Nagar, Santacruz West, Mumbai, Maharashtra 400054, India",https://www.google.co.kr/maps/place/The+Pilates+and+Altitude+Training+Studio/data=!4m5!3m4!1s0x3be7c90abdf99ce7:0x14f4c316fdbb4868!8m2!3d19.0794065!4d72.8294166?authuser=0&hl=en&rclk=1,19.0794065,72.8294166,Maharashtra
Vivek Fitness Center & Health Clinic,Gym,"Bhagyalakshmi Nagar, Parbhani, Maharashtra 431401, India",https://www.google.co.kr/maps/place/Vivek+Fitness+Center+%26+Health+Clinic/data=!4m5!3m4!1s0x3bd018482bfe1c81:0x46bf5b017f20d2a6!8m2!3d19.2515812!4d76.7888359?authuser=0&hl=en&rclk=1,19.2515812,76.7888359,Maharashtra
Rudram Fitness,Gym,"Gala no.2, ground floor, kazim manjil A prem nagar, no 7, Saki Vihar Rd, opposite L & T Gate, Tunga Village, Powai, Mumbai, Maharashtra 400072, India",https://www.google.co.kr/maps/place/Rudram+Fitness/data=!4m5!3m4!1s0x3be7c981eba3a69d:0x8833ec144d5eea4c!8m2!3d19.121104!4d72.8897911?authuser=0&hl=en&rclk=1,19.121104,72.8897911,Maharashtra
Focus Fitness,Gym,"Shrikant, Unit TK-L & TK-KA, Shrikanth Hadkar Marg, behind Vishwavihar Restaurant, Cotton Green, Mumbai, Maharashtra 400033, India",https://www.google.co.kr/maps/place/Focus+Fitness/data=!4m5!3m4!1s0x3be7cefd87a679a5:0x3926654bcba5738d!8m2!3d18.988232!4d72.8444759?authuser=0&hl=en&rclk=1,18.988232,72.8444759,Maharashtra
Talwalkars Adalat Road,Gym,"3rd Floor, Pagariya Tower, Hotel Aurangabad Ashoka Compound, Adalat Road, Jalna Road, Aurangabad, Maharashtra 431001, India",https://www.google.co.kr/maps/place/Talwalkars+Adalat+Road/data=!4m5!3m4!1s0x3bdb9868c8ed4349:0x475d3b051c462cb5!8m2!3d19.8733205!4d75.3198899?authuser=0&hl=en&rclk=1,19.8733205,75.3198899,Maharashtra
Sk fitness,Gym,"Icon Plaza, Signal 9, Datta Mandir Rd, near Shivdham Mandir, Nashik Road, Nashik, Maharashtra 422214, India",https://www.google.co.kr/maps/place/Sk+fitness/data=!4m5!3m4!1s0x3bdd95fe6f4841ad:0x4fff34bec90c978a!8m2!3d19.955252!4d73.834373?authuser=0&hl=en&rclk=1,19.955252,73.834373,Maharashtra
Aarya Fitness gym,Gym,"R8M2+P58, Kanchanwadi, Aurangabad, Maharashtra 431136, India",https://www.google.co.kr/maps/place/Aarya+Fitness+gym/data=!4m5!3m4!1s0x3bdb98e752c4211b:0x1a3413ab74260ad6!8m2!3d19.8342955!4d75.3004626?authuser=0&hl=en&rclk=1,19.8342955,75.3004626,Maharashtra
Raut Gym,Gym,"Gopikishan Nagar, Gyatri Nagar, Jalna, Maharashtra 431203, India",https://www.google.co.kr/maps/place/Raut+Gym/data=!4m5!3m4!1s0x3bda5750cc83a0b5:0x5ca8461aa4dc6647!8m2!3d19.8492855!4d75.8939114?authuser=0&hl=en&rclk=1,19.8492855,75.8939114,Maharashtra
Nitrro Bespoke Fitness,Gym,"Supreme Business Park, 10th Floor B-Wing, Hiranandani Gardens, Powai, Mumbai, Maharashtra 400076, India",https://www.google.co.kr/maps/place/Nitrro+Bespoke+Fitness/data=!4m5!3m4!1s0x3be7c73fe13d5c0b:0xa9d14159f7f0b59c!8m2!3d19.1115032!4d72.9088475?authuser=0&hl=en&rclk=1,19.1115032,72.9088475,Maharashtra
Vickys Fitness Factory,Gym,"Boisar Rd, Gothan Pura, Palghar, Maharashtra 401404, India",https://www.google.co.kr/maps/place/Vickys+Fitness+Factory/data=!4m5!3m4!1s0x3be71cfac7f091a1:0xae3a21a6ff0f6910!8m2!3d19.7077802!4d72.767314?authuser=0&hl=en&rclk=1,19.7077802,72.767314,Maharashtra
Avishkar Body Care & Gym,Gym,"RVWV+PV5, Rahman Ganj, Jalna, Maharashtra 431203, India",https://www.google.co.kr/maps/place/Avishkar+Body+Care+%26+Gym/data=!4m5!3m4!1s0x3bda5759f005ba77:0xac8bdc55572b6f84!8m2!3d19.8467601!4d75.8947483?authuser=0&hl=en&rclk=1,19.8467601,75.8947483,Maharashtra
Move with V,Fitness center,"Vision Galaxy, Above Ahmednagar Merchant Bank, Nashik - Pune Hwy, opposite Jai Hind HAll, Narayangaon, Maharashtra 410504, India",https://www.google.co.kr/maps/place/Move+with+V/data=!4m5!3m4!1s0x3bdd23130bd949c1:0x93a84c488c89c2f1!8m2!3d19.1479762!4d74.0312121?authuser=0&hl=en&rclk=1,19.1479762,74.0312121,Maharashtra
Evolution Fitness & Combat Sports Academy,Gym,"Bandra Physical Culture Association St Martin's Road, Bandra West, Mumbai, Maharashtra 400050, India",https://www.google.co.kr/maps/place/Evolution+Fitness+%26+Combat+Sports+Academy/data=!4m5!3m4!1s0x3be7c912f06d5951:0xbe7ddf2d72694342!8m2!3d19.0582805!4d72.835532?authuser=0&hl=en&rclk=1,19.0582805,72.835532,Maharashtra
Jaguar Fitness Den,Gym,"3rd floor, padmashree tower, Wadibhokar Rd, near systel petrol pump, Deopur, Dhule, Maharashtra 424001, India",https://www.google.co.kr/maps/place/Jaguar+Fitness+Den/data=!4m5!3m4!1s0x3bdec58d68b80479:0x768f842a76401a52!8m2!3d20.9192443!4d74.7677429?authuser=0&hl=en&rclk=1,20.9192443,74.7677429,Maharashtra
Fit with Swapnali Jambe,Physical fitness program,"Professor chowk, Savedi, Ahmednagar, Maharashtra 414001, India",https://www.google.co.kr/maps/place/Fit+with+Swapnali+Jambe/data=!4m5!3m4!1s0x3bdcbb2631389cbd:0x796c4b883e79595c!8m2!3d19.1184577!4d74.7330597?authuser=0&hl=en&rclk=1,19.1184577,74.7330597,Maharashtra
Shree Fitness,Gym,"Mumbai - Goa Hwy, Nagothane, Maharashtra 402106, India",https://www.google.co.kr/maps/place/Shree+Fitness/data=!4m5!3m4!1s0x3be8133f2fa421a9:0x13bad972ea4c0050!8m2!3d18.5472187!4d73.1371625?authuser=0&hl=en&rclk=1,18.5472187,73.1371625,Maharashtra
Rain Fitness,Gym,"Plot no.18, rajani kamal park 1, opp. Anand aashram school, Palghar West, Palghar, Maharashtra 401404, India",https://www.google.co.kr/maps/place/Rain+Fitness/data=!4m5!3m4!1s0x3be71ddf1e393fd1:0x8804451920dcec4e!8m2!3d19.6916549!4d72.7711311?authuser=0&hl=en&rclk=1,19.6916549,72.7711311,Maharashtra
Power House Gym,Gym,"224,Kavijung nagar, Gulmohar Rd, Savedi, Ahmednagar, Maharashtra 414003, India",https://www.google.co.kr/maps/place/Power+House+Gym/data=!4m5!3m4!1s0x3bdcbb2f116407f5:0x6682d57e356e80ae!8m2!3d19.1195264!4d74.7492479?authuser=0&hl=en&rclk=1,19.1195264,74.7492479,Maharashtra
Run India Run Marathon and Fitness Training Center,Physical fitness program,"Orchard Residence Rd, Amrut Nagar, Ghatkopar West, Mumbai, Maharashtra 400086, India",https://www.google.co.kr/maps/place/Run+India+Run+Marathon+and+Fitness+Training+Center/data=!4m5!3m4!1s0x3be7c7c8a2fc516f:0x425600706f1c35f2!8m2!3d19.099828!4d72.9178285?authuser=0&hl=en&rclk=1,19.099828,72.9178285,Maharashtra
Health Gym,Gym,"B2, Katrap Rd, Belavali, Badlapur, Maharashtra 421503, India",https://www.google.co.kr/maps/place/Health+Gym/data=!4m5!3m4!1s0x3be792d6ef6c207d:0x11e4b73a64b7f403!8m2!3d19.1724867!4d73.2332876?authuser=0&hl=en&rclk=1,19.1724867,73.2332876,Maharashtra
Ace fitness gym,Gym,"New Mondha Rd, Dhangarpura, Jalna, Maharashtra 431203, India",https://www.google.co.kr/maps/place/Ace+fitness+gym/data=!4m5!3m4!1s0x3bda576038e73fad:0x6a53368e9e4fa000!8m2!3d19.8485548!4d75.8981731?authuser=0&hl=en&rclk=1,19.8485548,75.8981731,Maharashtra
Integrated fitness and Sports Institute - Nashik Branch,Physical fitness program,"Euphoria Fitness Club, Old Canal Link Road, Krishnaban Colony, near Govind Nagar, Nashik, Maharashtra 422005, India",https://www.google.co.kr/maps/place/Integrated+fitness+and+Sports+Institute+-+Nashik+Branch/data=!4m5!3m4!1s0x3bddeba13ba2fb07:0x693b8de6a4e11582!8m2!3d19.980746!4d73.7769336?authuser=0&hl=en&rclk=1,19.980746,73.7769336,Maharashtra
King Fitness Center,Fitness center,"Jaywanti Nagar, Ambajogai, Maharashtra 431517, India",https://www.google.co.kr/maps/place/King+Fitness+Center/data=!4m5!3m4!1s0x3bc55f18a280968d:0xb50f4cf1a8624328!8m2!3d18.7314503!4d76.3911137?authuser=0&hl=en&rclk=1,18.7314503,76.3911137,Maharashtra
True Fitness,Gym,"1st floor, Atul Blue Fortuna Tower, near Tanvi Supermarket, Marol, Andheri East, Mumbai, Maharashtra 400059, India",https://www.google.co.kr/maps/place/True+Fitness/data=!4m5!3m4!1s0x3be7c810ffe0c545:0x6c692b4685151025!8m2!3d19.1173981!4d72.8842873?authuser=0&hl=en&rclk=1,19.1173981,72.8842873,Maharashtra
"Zakir Hussain Gym, Bhusawal",Gym,"Millat Nagar, Bhusawal, Maharashtra 425201, India","https://www.google.co.kr/maps/place/Zakir+Hussain+Gym,+Bhusawal/data=!4m5!3m4!1s0x3bd9a6139e5c297f:0xb6c545543f68c74a!8m2!3d21.0419382!4d75.790702?authuser=0&hl=en&rclk=1",21.0419382,75.790702,Maharashtra
Evolution Gym – Men & Women Fitness,Gym,"Infront of Vani Nagar, Pipeline Road,, Ahmednagar, Maharashtra 414003, India",https://www.google.co.kr/maps/place/Evolution+Gym+%E2%80%93+Men+%26+Women+Fitness/data=!4m5!3m4!1s0x3bdcba89a6a6dd73:0xed1772533940caae!8m2!3d19.1290319!4d74.7362806?authuser=0&hl=en&rclk=1,19.1290319,74.7362806,Maharashtra
Run India Run Marathon and Fitness Training Center,Physical fitness program,"4R3F+GRF, Juhu Tara, Juhu, Mumbai, Maharashtra 400047, India",https://www.google.co.kr/maps/place/Run+India+Run+Marathon+and+Fitness+Training+Center/data=!4m5!3m4!1s0x3be7c9eb25e8662f:0xff9ec78780d100ec!8m2!3d19.1038007!4d72.8245403?authuser=0&hl=en&rclk=1,19.1038007,72.8245403,Maharashtra
Heartbeat Gym,Gym,"Canal Rd, Ashtvinayak Nagar, Taroda Kh., Maharashtra 431605, India",https://www.google.co.kr/maps/place/Heartbeat+Gym/data=!4m5!3m4!1s0x3bd1d69c1b7cd841:0xc4645dcd76f1e7d6!8m2!3d19.1883461!4d77.2913772?authuser=0&hl=en&rclk=1,19.1883461,77.2913772,Maharashtra
Keep Fit Gym,Fitness center,"Near Vittal Mandir Dasera Maidan Malegoan Road, Agrawal Nagar, Dhule, Maharashtra 424001, India",https://www.google.co.kr/maps/place/Keep+Fit+Gym/data=!4m5!3m4!1s0x3bdec5fc4f3e1493:0xe221a2b5c91607fb!8m2!3d20.8832146!4d74.7727603?authuser=0&hl=en&rclk=1,20.8832146,74.7727603,Maharashtra
Divekar Akhada (Adarsh Gym),Gym,"P299+86V, Jatharpeth, Akola, Maharashtra 444005, India",https://www.google.co.kr/maps/place/Divekar+Akhada+(Adarsh+Gym)/data=!4m5!3m4!1s0x3bd72e226f2dbd3f:0x83620eac4b383122!8m2!3d20.7183651!4d77.0180556?authuser=0&hl=en&rclk=1,20.7183651,77.0180556,Maharashtra
Golds Gym PCMC Akurdi,Gymnasium Cz,"2nd Floor, Star Bazar Mall, Star Bazar Road, Akurdi, opposite to Cotton Greaves Ltd, Pune, Maharashtra 411035, India",https://www.google.co.kr/maps/place/Golds+Gym+PCMC+Akurdi/data=!4m5!3m4!1s0x3bc2b9ce41650fc9:0xebb89f103d3a7aec!8m2!3d18.6484722!4d73.7873572?authuser=0&hl=en&rclk=1,18.6484722,73.7873572,Maharashtra
Fitness World Gym,Gym,"Shikshak Bhavan, Talegaon Dhamdhere, Maharashtra, India",https://www.google.co.kr/maps/place/Fitness+World+Gym/data=!4m5!3m4!1s0x3bc2d9255cafe659:0x6faf16295646d337!8m2!3d18.676101!4d74.1425667?authuser=0&hl=en&rclk=1,18.676101,74.1425667,Maharashtra
Talwalkars HiFi,Gym,"2nd Floor, Dr. Mhaske's Hospital Bldg,, Opp. Icici Bank, Shirdi-Manmad Road, Savedi, Ahmednagar, Maharashtra 414003, India",https://www.google.co.kr/maps/place/Talwalkars+HiFi/data=!4m5!3m4!1s0x3bdcbb02148bb4a1:0x7456513727ac743c!8m2!3d19.1214485!4d74.7275014?authuser=0&hl=en&rclk=1,19.1214485,74.7275014,Maharashtra
Super Gym,Gym,"Bus Stand Rd, near Sumit Medical, Selu, Maharashtra 431503, India",https://www.google.co.kr/maps/place/Super+Gym/data=!4m5!3m4!1s0x3bda9fb4c63754ff:0x688e4bb17e16951b!8m2!3d19.4506333!4d76.4336495?authuser=0&hl=en&rclk=1,19.4506333,76.4336495,Maharashtra
Krida Sankul Jogging Track,Gym,"krida sankul, Vishal Nagar (East), Deep Jyoti Nagar, Latur, Maharashtra 413531, India",https://www.google.co.kr/maps/place/Krida+Sankul+Jogging+Track/data=!4m5!3m4!1s0x3bcf83faaaaaaaab:0x7f1fe452bab846b2!8m2!3d18.4087934!4d76.5603828?authuser=0&hl=en&rclk=1,18.4087934,76.5603828,Maharashtra
The Jym (Fitness and Health Centre),Gym,"Ground Floor, Near Sai Baba Mandir, Close to the 12th Road Chapp, 12th Rd, Chembur, Mumbai, Maharashtra 400071, India",https://www.google.co.kr/maps/place/The+Jym+(Fitness+and+Health+Centre)/data=!4m5!3m4!1s0x3be7c61c0c228f91:0xee3905bb1fec9b56!8m2!3d19.0573397!4d72.9035756?authuser=0&hl=en&rclk=1,19.0573397,72.9035756,Maharashtra
Run India Run Marathon and Fitness Training Center,Physical fitness program,"2VC3+88V, Matunga, Mumbai, Maharashtra 400019, India",https://www.google.co.kr/maps/place/Run+India+Run+Marathon+and+Fitness+Training+Center/data=!4m5!3m4!1s0x3be7cf273e41f7a9:0xb46abf87dc4bedaf!8m2!3d19.0208662!4d72.8532984?authuser=0&hl=en&rclk=1,19.0208662,72.8532984,Maharashtra
Ganesh Mahale's GM Fitness Centre.,Gym,"Sawata Mandir Rd, Shrirampur, Maharashtra 413709, India",https://www.google.co.kr/maps/place/Ganesh+Mahale's+GM+Fitness+Centre./data=!4m5!3m4!1s0x3bdc8a4cb4b7b0b5:0xdbac1e0f37925607!8m2!3d19.6163724!4d74.656427?authuser=0&hl=en&rclk=1,19.6163724,74.656427,Maharashtra
SOHANE'S FITNESS HUB,Gym,"Plot No. 28, Gate No. 13/1/2, Ramrath, Vidyanagar, Pimprala Rd, near Bhavani Temple, Jalgaon, Maharashtra 425001, India",https://www.google.co.kr/maps/place/SOHANE'S+FITNESS+HUB/data=!4m5!3m4!1s0x3bd90fc4a7d271b7:0xc22f74a8a49206cf!8m2!3d21.0113719!4d75.5400864?authuser=0&hl=en&rclk=1,21.0113719,75.5400864,Maharashtra
Okinawa Fitness,Gym,"987, Jawaharlal Nehru Rd, New Nana Peth, Ganesh Peth, Pune, Maharashtra 411002, India",https://www.google.co.kr/maps/place/Okinawa+Fitness/data=!4m5!3m4!1s0x3bc2c16c6b2cb939:0x3e226230b91da69d!8m2!3d18.5128628!4d73.8686286?authuser=0&hl=en&rclk=1,18.5128628,73.8686286,Maharashtra
Aurangabad,Fitness center,"Anupam, opp. to SB College, Aurangpura, Aurangabad, Maharashtra 431001, India",https://www.google.co.kr/maps/place/Aurangabad/data=!4m5!3m4!1s0x3bdb99113b6609d5:0xb29ce3755bd8e12!8m2!3d19.8781542!4d75.3200699?authuser=0&hl=en&rclk=1,19.8781542,75.3200699,Maharashtra
Galaxy Friends Gym,Gymnastics center,"7QF5+Q3M, Inayat Nagar, Prabhavati Nagar, Parbhani, Maharashtra 431401, India",https://www.google.co.kr/maps/place/Galaxy+Friends+Gym/data=!4m5!3m4!1s0x3bd017606cd033a5:0x513ba992f266e896!8m2!3d19.2744745!4d76.7576798?authuser=0&hl=en&rclk=1,19.2744745,76.7576798,Maharashtra
FOCUS THE FITNESS,Gym,"plot no-92, Sector 8A, CBD Belapur, Navi Mumbai, Maharashtra 400614, India",https://www.google.co.kr/maps/place/FOCUS+THE+FITNESS/data=!4m5!3m4!1s0x3be7c3fe279f53ef:0x810ee248b273fe8b!8m2!3d19.034999!4d73.0421275?authuser=0&hl=en&rclk=1,19.034999,73.0421275,Maharashtra
Ahmednagar Shotokan Karate Do Branch 4,Gym,"Katore Nagar, MIDC, Ahmednagar, Maharashtra 414111, India",https://www.google.co.kr/maps/place/Ahmednagar+Shotokan+Karate+Do+Branch+4/data=!4m5!3m4!1s0x3bdcba4722ff8643:0x4277e63a8636c81d!8m2!3d19.1417604!4d74.7126726?authuser=0&hl=en&rclk=1,19.1417604,74.7126726,Maharashtra
King bouncer Shabbir,Gym,"King bouncer, Ahmednagar - Aurangabad Rd, Mukundnagar, Ahmednagar, Maharashtra 414001, India",https://www.google.co.kr/maps/place/King+bouncer+Shabbir/data=!4m5!3m4!1s0x3bdcb1ada4913b27:0xac66692e37e63afb!8m2!3d19.1068772!4d74.7540065?authuser=0&hl=en&rclk=1,19.1068772,74.7540065,Maharashtra
Nitro Sport & Fitness Center,Gym,"Swantraveer Sawarkar Taran Taloa, Behind Kanhaiyya Nagar, Kopri, Thane East, opposite Kaya, Mumbai, Maharashtra 400603, India",https://www.google.co.kr/maps/place/Nitro+Sport+%26+Fitness+Center/data=!4m5!3m4!1s0x3be7b8dc659d631f:0x1a8fd4095c166032!8m2!3d19.17841!4d72.974662?authuser=0&hl=en&rclk=1,19.17841,72.974662,Maharashtra
Trimurti Gym,Gym,"Unnamed Road, Lokmanya Nagar, Ichalkaranji, Maharashtra 416121, India",https://www.google.co.kr/maps/place/Trimurti+Gym/data=!4m5!3m4!1s0x3bc11d25bdd54269:0x83a85f665784686e!8m2!3d16.7192262!4d74.4410081?authuser=0&hl=en&rclk=1,16.7192262,74.4410081,Maharashtra
THE BODYGARAGE GYM,Gym,"Pimpale Jagatap, Maharashtra 412216, India",https://www.google.co.kr/maps/place/THE+BODYGARAGE+GYM/data=!4m5!3m4!1s0x3bc2d1b2540ef699:0x7dfb12c252a6fb97!8m2!3d18.7083074!4d74.0721906?authuser=0&hl=en&rclk=1,18.7083074,74.0721906,Maharashtra
"ABS FITNESS - CAMP, NEHRU MEMORIAL HALL. GYM in CAMP PUNE. GYMS in Camp. FITNESS CENTRE NEAR CAMP. GYM NEAR CAMP.",Gym,"Atur Foundation House, 4, Dr Baba Saheb Ambedkar Rd, Above Nehru Memorial hall, Camp, Pune, Maharashtra 411001, India","https://www.google.co.kr/maps/place/ABS+FITNESS+-+CAMP,+NEHRU+MEMORIAL+HALL.+GYM+in+CAMP+PUNE.+GYMS+in+Camp.+FITNESS+CENTRE+NEAR+CAMP.+GYM+NEAR+CAMP./data=!4m5!3m4!1s0x3bc2c1c99f746687:0x55e09af415590d28!8m2!3d18.5197542!4d73.8758368?authuser=0&hl=en&rclk=1",18.5197542,73.8758368,Maharashtra
Gymkhana,Gym,"HFQC+QRM, Datta Nagar, Loni, Maharashtra 413713, India",https://www.google.co.kr/maps/place/Gymkhana/data=!4m5!3m4!1s0x3bdcf706ec37cd63:0x80869649e6ea0ae7!8m2!3d19.5894583!4d74.4720495?authuser=0&hl=en&rclk=1,19.5894583,74.4720495,Maharashtra
Hard Knocks Gym,Gymnasium Cz,"46VM+G77, Ambika Nagar, Lasalgaon, Maharashtra 422306, India",https://www.google.co.kr/maps/place/Hard+Knocks+Gym/data=!4m5!3m4!1s0x3bdc32dcf1452fdd:0xca7a15082320d763!8m2!3d20.1437865!4d74.2331684?authuser=0&hl=en&rclk=1,20.1437865,74.2331684,Maharashtra
Nitin Kamble,Fitness center,"19A, Patbandhare Nagar, Taroda Naka, Nanded, Maharashtra 431605, India",https://www.google.co.kr/maps/place/Nitin+Kamble/data=!4m5!3m4!1s0x3bd1d79bf288641f:0x46793b51fd8cf2ec!8m2!3d19.1864805!4d77.3028275?authuser=0&hl=en&rclk=1,19.1864805,77.3028275,Maharashtra
varad peshwe,Gym,"jalam road, Amrut Nagar, Khamgaon, Maharashtra 444312, India",https://www.google.co.kr/maps/place/varad+peshwe/data=!4m5!3m4!1s0x3bd750c3faf2e8bb:0x1f8a0c16acb07c16!8m2!3d20.7225625!4d76.566741?authuser=0&hl=en&rclk=1,20.7225625,76.566741,Maharashtra
Ajay sonune,Gym,"Unnamed Road, Pimpalwadi, Maharashtra 431504, India",https://www.google.co.kr/maps/place/Ajay+sonune/data=!4m5!3m4!1s0x3bda7daeb2a47c5b:0xb291e6068ab7eff6!8m2!3d19.8544726!4d76.2960077?authuser=0&hl=en&rclk=1,19.8544726,76.2960077,Maharashtra
Maruti Steel India,Gym,"MIDC Ambad, Nashik, Maharashtra 422010, India",https://www.google.co.kr/maps/place/Maruti+Steel+India/data=!4m5!3m4!1s0x3bddeca5199111df:0xd03851f0c1f4fc42!8m2!3d19.9639604!4d73.7377959?authuser=0&hl=en&rclk=1,19.9639604,73.7377959,Maharashtra
BADMINTON CLASSES,Gym,"JMF6+6QV, Shrirampur, Maharashtra 413709, India",https://www.google.co.kr/maps/place/BADMINTON+CLASSES/data=!4m5!3m4!1s0x3bdc8a498ce76359:0x544e116f3779e357!8m2!3d19.6231175!4d74.6619074?authuser=0&hl=en&rclk=1,19.6231175,74.6619074,Maharashtra
Pehellwaan gym,Gym,"49/2, Chandan Nagar, Pune, Maharashtra 411014, India",https://www.google.co.kr/maps/place/Pehellwaan+gym/data=!4m5!3m4!1s0x3bc2c1fbc55a427d:0xb4ca71b1029fb0b7!8m2!3d18.5612378!4d73.932586?authuser=0&hl=en&rclk=1,18.5612378,73.932586,Maharashtra
"SBES Sports Complex, Badminton,Table Tennis",Gym,"SBES Area, Saraswatinagar, Aurangpura, Aurangabad, Maharashtra 431001, India","https://www.google.co.kr/maps/place/SBES+Sports+Complex,+Badminton,Table+Tennis/data=!4m5!3m4!1s0x3bdb986d212a5fa5:0xcf7ac9131330bfdd!8m2!3d19.881267!4d75.3268301?authuser=0&hl=en&rclk=1",19.881267,75.3268301,Maharashtra
Walking Plaza,Gym,"V896+XPH, Padampura, Aurangabad, Maharashtra 431002, India",https://www.google.co.kr/maps/place/Walking+Plaza/data=!4m5!3m4!1s0x3bdb99d4e445e62b:0x901d283c1ff8152f!8m2!3d19.8699325!4d75.3118526?authuser=0&hl=en&rclk=1,19.8699325,75.3118526,Maharashtra
TAJ IMC HERBAL INDIA,Gym,"Walli Chowk, Old- Town, Malkapur, Maharashtra, India",https://www.google.co.kr/maps/place/TAJ+IMC+HERBAL+INDIA/data=!4m5!3m4!1s0x3bd9e9eb06c831e3:0x5cb099f6067c7d54!8m2!3d20.8888307!4d76.1982617?authuser=0&hl=en&rclk=1,20.8888307,76.1982617,Maharashtra
"The Pilates Studio by Namrata Purohit, Aundh",Pilates studio,"S No 152/4, CTS No 352, Aundh Opposite Pandit Bheemsen Joshi Auditorium, near PMRDA Office, Bremen Chowk, Pune, Maharashtra 411067, India","https://www.google.co.kr/maps/place/The+Pilates+Studio+by+Namrata+Purohit,+Aundh/data=!4m5!3m4!1s0x3bc2bf5820c61f8b:0x46e4fbdca002181c!8m2!3d18.5636083!4d73.8123877?authuser=0&hl=en&rclk=1",18.5636083,73.8123877,Maharashtra
Viva Fitness,Gym,"286, Palm Beach Rd, Kopri Village, Kopripada, Sector 28, Vashi, Navi Mumbai, Maharashtra 400703, India",https://www.google.co.kr/maps/place/Viva+Fitness/data=!4m5!3m4!1s0x3be7c124f7b0939f:0xba61f1c23e99aea8!8m2!3d19.0887781!4d73.0089438?authuser=0&hl=en&rclk=1,19.0887781,73.0089438,Maharashtra
The Pilates Studio,Pilates studio,"Aston Building, Unit 306, 3rd Floor Sundervan Complex, Lokhandwala Road, Andheri Link Rd, Andheri (W, Mumbai, Maharashtra 400053, India",https://www.google.co.kr/maps/place/The+Pilates+Studio/data=!4m5!3m4!1s0x3be7b70a2d58a1db:0xd6730cda6304c940!8m2!3d19.1374023!4d72.8260224?authuser=0&hl=en&rclk=1,19.1374023,72.8260224,Maharashtra
The Pilates Studio by Namrata Purohit,Pilates studio,"Liberty Society, Phase II, E1, House No 2, Ground Floor, N Main Rd, next to Celio, Koregaon Park, Pune, Maharashtra 411001, India",https://www.google.co.kr/maps/place/The+Pilates+Studio+by+Namrata+Purohit/data=!4m5!3m4!1s0x3bc2c148e094e1d5:0x7df1cb74c3036f9c!8m2!3d18.5398553!4d73.8985554?authuser=0&hl=en&rclk=1,18.5398553,73.8985554,Maharashtra
Pruthvi Agri Biotech,Gym,"Dr Rajendra Prasad Rd, Bhumika, Mission Compound, Jalna, Maharashtra 431203, India",https://www.google.co.kr/maps/place/Pruthvi+Agri+Biotech/data=!4m5!3m4!1s0x3bda59e35d4c1df9:0x6ddb4ff9a959438a!8m2!3d19.846947!4d75.904972?authuser=0&hl=en&rclk=1,19.846947,75.904972,Maharashtra
Chaatak Nature Conservation Sociey,Gym,"2WMR+98X, Ordnance Factory Estate, Kahurkhede, Maharashtra 425308, India",https://www.google.co.kr/maps/place/Chaatak+Nature+Conservation+Sociey/data=!4m5!3m4!1s0x3bd9bafeaf2b7019:0x18117fb93f61fbca!8m2!3d21.0334778!4d75.9408495?authuser=0&hl=en&rclk=1,21.0334778,75.9408495,Maharashtra
The Pilates Studio,Pilates studio,"Dharam Palace, 702 Panchsheel Plaza, Behind, N S Patkar Marg, Gamdevi, Mumbai, Maharashtra 400007, India",https://www.google.co.kr/maps/place/The+Pilates+Studio/data=!4m5!3m4!1s0x3be7ce0e843fb1f7:0x89527e458f05453e!8m2!3d18.9575739!4d72.81232?authuser=0&hl=en&rclk=1,18.9575739,72.81232,Maharashtra
Aadhar Enterprises,Gym,"Aurangpura - Samarthnagar Rd, Sahjeevan Colony, Nutan Colony, Nirala Bazar, Aurangabad, Maharashtra 431001, India",https://www.google.co.kr/maps/place/Aadhar+Enterprises/data=!4m5!3m4!1s0x3bdb986b92a958f1:0x25af7a38d892eb41!8m2!3d19.8777113!4d75.3229783?authuser=0&hl=en&rclk=1,19.8777113,75.3229783,Maharashtra
Badi Masjid Aurangabad,Gym,"V8GV+F88, Kailash Nagar, Mondha, Aurangabad, Maharashtra 431001, India",https://www.google.co.kr/maps/place/Badi+Masjid+Aurangabad/data=!4m5!3m4!1s0x3bdba38d6253b52b:0x1c4c919f49e328ff!8m2!3d19.8761653!4d75.3433139?authuser=0&hl=en&rclk=1,19.8761653,75.3433139,Maharashtra
BRICK HOUSE,Gym,"GVPJ+VH3, Sangamvadi, Pune, Maharashtra 411001, India",https://www.google.co.kr/maps/place/BRICK+HOUSE/data=!4m5!3m4!1s0x3bc2c16f19ae92cf:0xff8336dec2f97ae7!8m2!3d18.5371362!4d73.8814299?authuser=0&hl=en&rclk=1,18.5371362,73.8814299,Maharashtra
Kathak Nritya Mandir,Gym,"Shreeniwas Moreshwar Colony, Akola, Maharashtra, India",https://www.google.co.kr/maps/place/Kathak+Nritya+Mandir/data=!4m5!3m4!1s0x3bd72f1a9c7c4e6f:0xe78d86beea0a8d88!8m2!3d20.7106977!4d77.0182634?authuser=0&hl=en&rclk=1,20.7106977,77.0182634,Maharashtra
Plus Fitness 24/7 Mumbai Central,Gym,"Nathani Heights A Wing, 105, Lamington Rd, Marzban Parsi Colony, Dalal Estate, Mumbai Central, Mumbai, Maharashtra 400008, India",https://www.google.co.kr/maps/place/Plus+Fitness+24%2F7+Mumbai+Central/data=!4m5!3m4!1s0x3be7cf13ef28e809:0x4f1b8debf9f62e61!8m2!3d18.9685986!4d72.8204096?authuser=0&hl=en&rclk=1,18.9685986,72.8204096,Maharashtra
Arihant Reiki Vedic Healing And Yog Swami's Yoga Classes India Pune & Online Distance Reiki Therapist,Yoga studio,"Swami's All Personal Yoga & Reiki Classes Are Independently Held ONLY on Last Floor, 212, Raviwar Peth, Pune, Maharashtra 411002, India",https://www.google.co.kr/maps/place/Arihant+Reiki+Vedic+Healing+And+Yog+Swami's+Yoga+Classes+India+Pune+%26+Online+Distance+Reiki+Therapist/data=!4m5!3m4!1s0x3bc2c068fc305d5d:0xbc525412662302f2!8m2!3d18.5111893!4d73.8602377?authuser=0&hl=en&rclk=1,18.5111893,73.8602377,Maharashtra
