Company_Name,Category,Address,Url,Latitude,Longitude,State
FIT INDIA GYM,Gym,"Bhaskar Nagar, Gopinath Nagar, Binowa Nagar, Kala Pahar, Guwahati, Assam 781001, India",https://www.google.co.kr/maps/place/FIT+INDIA+GYM/data=!4m5!3m4!1s0x375a5bc40c669d69:0xe60a8603fb4f178c!8m2!3d26.1493082!4d91.7407453?authuser=0&hl=en&rclk=1,26.1493082,91.7407453,Assam
Fitness Hub Gym in Ulubari Guwahati,Gym,"Shimla Plaza, Ulubari Flyover 1st Floor, GS Rd, Ulubari, Guwahati, Assam 781008, India",https://www.google.co.kr/maps/place/Fitness+Hub+Gym+in+Ulubari+Guwahati/data=!4m5!3m4!1s0x375a5981062b6311:0x30a53d9bdd0dfdfb!8m2!3d26.1756862!4d91.7569058?authuser=0&hl=en&rclk=1,26.1756862,91.7569058,Assam
Gym Point - Guwahati,Gym,"2nd floor, Baliram sarala Niwas, Gotanagar, Guwahati, Assam 781033, India",https://www.google.co.kr/maps/place/Gym+Point+-+Guwahati/data=!4m5!3m4!1s0x375a5b4d0998bf7b:0x5b502d7b65c2f5c7!8m2!3d26.1399609!4d91.6783806?authuser=0&hl=en&rclk=1,26.1399609,91.6783806,Assam
Fitness World (Ladies Only),Gym,"near Bharath Seva Ashram, Kala Pahad, Bishnu Rava Path, Fatasil Ambari, Guwahati, Assam 781018, India",https://www.google.co.kr/maps/place/Fitness+World+(Ladies+Only)/data=!4m5!3m4!1s0x375a5bc0ca770fe3:0xa9f0bc1915416279!8m2!3d26.1548403!4d91.7356437?authuser=0&hl=en&rclk=1,26.1548403,91.7356437,Assam
P Academy Gym & Fitness Center,Fitness center,"West Jalukbari, Lankeswar,, opp. Indian Red Cross Society, Guwahati, Assam 781001, India",https://www.google.co.kr/maps/place/P+Academy+Gym+%26+Fitness+Center/data=!4m5!3m4!1s0x375a448dce3fa0d9:0xb3f6895110d45eee!8m2!3d26.1451497!4d91.6448858?authuser=0&hl=en&rclk=1,26.1451497,91.6448858,Assam
Studio Fitness,Gym,"5Q3M+VFJ, Manik Nagar, Guwahati, Assam 781006, India",https://www.google.co.kr/maps/place/Studio+Fitness/data=!4m5!3m4!1s0x375a591a03188141:0x3e42f42bbc9affc8!8m2!3d26.1547142!4d91.7836291?authuser=0&hl=en&rclk=1,26.1547142,91.7836291,Assam
stayfit fitness studio,Fitness center,"Das complex, Lokhra Rd, Lal Ganesh, Guwahati, Assam 781034, India",https://www.google.co.kr/maps/place/stayfit+fitness+studio/data=!4m5!3m4!1s0x375a5d7423f7e929:0x5d91682ba27f539b!8m2!3d26.1412941!4d91.7419971?authuser=0&hl=en&rclk=1,26.1412941,91.7419971,Assam
9M GYM,Gym,"Solapara Road Opp Hotel Siroy Lily, Piyali Phukan Rd, near Bank Of India, Complex, Guwahati, Assam 781007, India",https://www.google.co.kr/maps/place/9M+GYM/data=!4m5!3m4!1s0x375a5bd675682ae9:0x6055b87a122475c1!8m2!3d26.1784346!4d91.7533332?authuser=0&hl=en&rclk=1,26.1784346,91.7533332,Assam
Gold's Gym Ulubari,Gym,"ASCU Tower, 4th Floor, Dr B Borooah Rd, opp. B.Baruah College, Ulubari, Guwahati, Assam 781007, India",https://www.google.co.kr/maps/place/Gold's+Gym+Ulubari/data=!4m5!3m4!1s0x375a598130e6062d:0x7877fdb637e3cf74!8m2!3d26.1781328!4d91.7566856?authuser=0&hl=en&rclk=1,26.1781328,91.7566856,Assam
Venus Fitness Planet Guwahati,Gym,"Jatia, Kahilipara Main Rd, Kahilipara, Guwahati, Assam 781019, India",https://www.google.co.kr/maps/place/Venus+Fitness+Planet+Guwahati/data=!4m5!3m4!1s0x375a593c1f9caead:0x7eedec0f6311c782!8m2!3d26.1441101!4d91.7826163?authuser=0&hl=en&rclk=1,26.1441101,91.7826163,Assam
K Fitness Gym +,Gym,"Na-Ali, Dohabora Chowk, Near Jorhat Law College Jorhat Law College Chariali, Assam 785001, India",https://www.google.co.kr/maps/place/K+Fitness+Gym+%2B/data=!4m5!3m4!1s0x3746c28d396125b5:0x5bc37f8926caf59!8m2!3d26.7490975!4d94.2127157?authuser=0&hl=en&rclk=1,26.7490975,94.2127157,Assam
Fitzone Gym & Physical Training,Gym,"Near, Jain Gali, Rehabari, Guwahati, Assam 781008, India",https://www.google.co.kr/maps/place/Fitzone+Gym+%26+Physical+Training/data=!4m5!3m4!1s0x375a5a2cc1d02fd7:0x3b6b006c56bfe3b!8m2!3d26.1740288!4d91.7477009?authuser=0&hl=en&rclk=1,26.1740288,91.7477009,Assam
Gym Nation,Gym,"AMC Road, Magpins Tower. 4th Floor. Opp Jyotshna Cinema Hall, Dibrugarh, Assam 786005, India",https://www.google.co.kr/maps/place/Gym+Nation/data=!4m5!3m4!1s0x3740985951a5687b:0xd2023f93b65192f8!8m2!3d27.4921658!4d94.9303517?authuser=0&hl=en&rclk=1,27.4921658,94.9303517,Assam
"New Fitness India, Sports & Fitness Equiptments",Gym,"Kamarchuburi, Tezpur, Assam 784001, India","https://www.google.co.kr/maps/place/New+Fitness+India,+Sports+%26+Fitness+Equiptments/data=!4m5!3m4!1s0x3744e97bea3af277:0xc43593c4b05d22e6!8m2!3d26.6293045!4d92.7892235?authuser=0&hl=en&rclk=1",26.6293045,92.7892235,Assam
"SK-27 Gym, Guwahati",Fitness center,"Choudhury Complex, 2nd Floor, Achyut &, above Kalyan Jewellers, Bora Service, Guwahati, Assam 781007, India","https://www.google.co.kr/maps/place/SK-27+Gym,+Guwahati/data=!4m5!3m4!1s0x375a59fd9bd68c7f:0xfb51fd013c3fec4d!8m2!3d26.1717282!4d91.7610459?authuser=0&hl=en&rclk=1",26.1717282,91.7610459,Assam
golds gym ganeshguri,Gym,"monal tower 5th floor opp state, Secretariat Rd, Ganeshguri, Guwahati, Assam 781005, India",https://www.google.co.kr/maps/place/golds+gym+ganeshguri/data=!4m5!3m4!1s0x375a5920f68c4f19:0xa999bd09559b8669!8m2!3d26.1453107!4d91.7913558?authuser=0&hl=en&rclk=1,26.1453107,91.7913558,Assam
Lynx Fitness Sivasagar,Gym,"Temple Rd, Sivasagar, Assam 785640, India",https://www.google.co.kr/maps/place/Lynx+Fitness+Sivasagar/data=!4m5!3m4!1s0x374731a7ba9485d9:0x5d759589c79e0ee9!8m2!3d26.9848896!4d94.6330477?authuser=0&hl=en&rclk=1,26.9848896,94.6330477,Assam
Fitness Empire,Gym,"In And Out Building, 3rd, RG Baruah Rd, Guwahati, 781024, India",https://www.google.co.kr/maps/place/Fitness+Empire/data=!4m5!3m4!1s0x375a59b12817f535:0xb24d452fa6d80ace!8m2!3d26.1721528!4d91.7777948?authuser=0&hl=en&rclk=1,26.1721528,91.7777948,Assam
HARDCORE FITNESS,Gym,"Public Health, near Ananta path, GMC Ward Number 44, Hengrabari, Guwahati, Assam 781036, India",https://www.google.co.kr/maps/place/HARDCORE+FITNESS/data=!4m5!3m4!1s0x375a59beba057441:0x3043ed6a573c31c1!8m2!3d26.1530329!4d91.7915625?authuser=0&hl=en&rclk=1,26.1530329,91.7915625,Assam
Change 4 Life,Fitness center,"Guwahati-Shillong Rd, Rajbari Path, Ganeshguri, Guwahati, Assam 781005, India",https://www.google.co.kr/maps/place/Change+4+Life/data=!4m5!3m4!1s0x375a5917779dc889:0xb3d34d1f1d0c26b8!8m2!3d26.1517335!4d91.7824355?authuser=0&hl=en&rclk=1,26.1517335,91.7824355,Assam
Unisex Gym,Gym,"4QPW+3RV, Bali Baat, Rukmini Gaon, Guwahati, Assam 781036, India",https://www.google.co.kr/maps/place/Unisex+Gym/data=!4m5!3m4!1s0x375a58d747a1eb71:0x26662a6e42370fb0!8m2!3d26.1352295!4d91.7970615?authuser=0&hl=en&rclk=1,26.1352295,91.7970615,Assam
SARAIGHAT FITNESS CENTRE,Gym,"MG Road, Rangia, Assam 781354, India",https://www.google.co.kr/maps/place/SARAIGHAT+FITNESS+CENTRE/data=!4m5!3m4!1s0x375bb3abaf65a51f:0x7fb5da0029f76fcd!8m2!3d26.4372518!4d91.6201102?authuser=0&hl=en&rclk=1,26.4372518,91.6201102,Assam
Stay Fit Live Pure Fitness Academy,Fitness center,"2nd Floor, House No. 87, Rajgarh Main Rd Opposite Guwahati Eye Center, adjacent to Canon Servicing Center, Guwahati, Assam 781003, India",https://www.google.co.kr/maps/place/Stay+Fit+Live+Pure+Fitness+Academy/data=!4m5!3m4!1s0x375a59f751e3dcb3:0x889f570d82948f85!8m2!3d26.1731639!4d91.7721659?authuser=0&hl=en&rclk=1,26.1731639,91.7721659,Assam
Saikia gym,Gym,"Borpukhuri Rd, Biswanath Charali, Assam 784176, India",https://www.google.co.kr/maps/place/Saikia+gym/data=!4m5!3m4!1s0x37445f275fd35183:0xdfdc4e81bf995f2a!8m2!3d26.7443057!4d93.144615?authuser=0&hl=en&rclk=1,26.7443057,93.144615,Assam
Viva Health And Fitness - Gym for Women,Gym,"5QC7+FCG, South Sarania, Lachit Nagar, Guwahati, Assam 781003, India",https://www.google.co.kr/maps/place/Viva+Health+And+Fitness+-+Gym+for+Women/data=!4m5!3m4!1s0x375a59781e33a3d9:0x5bb5567b8386396a!8m2!3d26.1711808!4d91.7635665?authuser=0&hl=en&rclk=1,26.1711808,91.7635665,Assam
Body Flex,Gym,"2nd Floor, RG Baruah Rd, Near Punjab National Bank, Sunderpur, Guwahati, Assam 781005, India",https://www.google.co.kr/maps/place/Body+Flex/data=!4m5!3m4!1s0x375a5919be7de983:0x3d7f4135955d20ae!8m2!3d26.1533183!4d91.7841957?authuser=0&hl=en&rclk=1,26.1533183,91.7841957,Assam
K Fitness Gym,Gym,"1st Floor, Upasana Building, Jail Road, near KG Nursing Home, Nandanpur, Jorhat, Assam 785001, India",https://www.google.co.kr/maps/place/K+Fitness+Gym/data=!4m5!3m4!1s0x3746c297d458663f:0xc399ea8fa7a301f7!8m2!3d26.748378!4d94.202601?authuser=0&hl=en&rclk=1,26.748378,94.202601,Assam
Gold's Gym Dibrugarh,Gym,"1st Floor, Kalyani Complex, KC Gogoi Path, Thana Chariali, Khaliamari, Dibrugarh, Assam 786001, India",https://www.google.co.kr/maps/place/Gold's+Gym+Dibrugarh/data=!4m5!3m4!1s0x3740981405e1ac27:0xeccc7aa4aad9c94b!8m2!3d27.4812561!4d94.909712?authuser=0&hl=en&rclk=1,27.4812561,94.909712,Assam
My Gym,Gym,"Allahabad bank, laluk ,chariali, Assam, India",https://www.google.co.kr/maps/place/My+Gym/data=!4m5!3m4!1s0x3741377b7e6c9a49:0xea2d3554a45cc649!8m2!3d27.2340292!4d94.1024762?authuser=0&hl=en&rclk=1,27.2340292,94.1024762,Assam
APM HEALTH GYM,Gym,"Charigaon-Nimati Rd, Koibortta Gaon, Assam 785101, India",https://www.google.co.kr/maps/place/APM+HEALTH+GYM/data=!4m5!3m4!1s0x3746dd59b73e874d:0xde873fc9e4e2dec0!8m2!3d26.8207409!4d94.2415441?authuser=0&hl=en&rclk=1,26.8207409,94.2415441,Assam
FIT FACTOR,Gym,"Tulasi Narayan Sharma Path, Malow Ali, Jorhat, Assam 785001, India",https://www.google.co.kr/maps/place/FIT+FACTOR/data=!4m5!3m4!1s0x3746c36e78fd1051:0x302d5f6f60498645!8m2!3d26.7633386!4d94.2042662?authuser=0&hl=en&rclk=1,26.7633386,94.2042662,Assam
Fitness Gold Gym,Gym,"Hatigaon Bhetapara Rd, Beltola Tiniali, Guwahati, Assam 781028, India",https://www.google.co.kr/maps/place/Fitness+Gold+Gym/data=!4m5!3m4!1s0x375a5ed39cc80b23:0x2ae6e2233d43a27f!8m2!3d26.121702!4d91.7872122?authuser=0&hl=en&rclk=1,26.121702,91.7872122,Assam
Real Builders Gym,Gym,"Sawkuchi Tiniali, Lokhra, Guwahati, Assam 781034, India",https://www.google.co.kr/maps/place/Real+Builders+Gym/data=!4m5!3m4!1s0x375a5c06ad84a583:0x41584b8d98ab384a!8m2!3d26.1201764!4d91.7488415?authuser=0&hl=en&rclk=1,26.1201764,91.7488415,Assam
Avita Gym,Gym,"Mithapukhuri Rd, Babupatty, Jorhat, Assam 785001, India",https://www.google.co.kr/maps/place/Avita+Gym/data=!4m5!3m4!1s0x3746c2c00c798ca3:0x3d3aca4d4043bb14!8m2!3d26.7582853!4d94.2139314?authuser=0&hl=en&rclk=1,26.7582853,94.2139314,Assam
Fitness Freak,Gym,"Jwhwlao Dwimalu Rd, Kokrajhar, Assam 783370, India",https://www.google.co.kr/maps/place/Fitness+Freak/data=!4m5!3m4!1s0x375860304b978db5:0x81837541526f1e2d!8m2!3d26.4054822!4d90.2692367?authuser=0&hl=en&rclk=1,26.4054822,90.2692367,Assam
GYM & Fitness,Fitness center,"4QPF+58C, JANAKPUR, Kahilipara, Guwahati, Assam 781019, India",https://www.google.co.kr/maps/place/GYM+%26+Fitness/data=!4m5!3m4!1s0x375a59481f891c53:0x19947f3fc05be4a6!8m2!3d26.1354433!4d91.7732526?authuser=0&hl=en&rclk=1,26.1354433,91.7732526,Assam
Arun Universal Gym,Fitness center,"Mother Teresa Rd, Geetanagar, Guwahati, Assam 781021, India",https://www.google.co.kr/maps/place/Arun+Universal+Gym/data=!4m5!3m4!1s0x375a59a9eed8eabb:0xc12eee91b692fe50!8m2!3d26.1687642!4d91.7831128?authuser=0&hl=en&rclk=1,26.1687642,91.7831128,Assam
S.M FITNESS,Gym,"7QV5+74Q, Ledo, Assam 786182, India",https://www.google.co.kr/maps/place/S.M+FITNESS/data=!4m5!3m4!1s0x373ed8f65f15b241:0x65b1d88119b9ec61!8m2!3d27.2932131!4d95.7578696?authuser=0&hl=en&rclk=1,27.2932131,95.7578696,Assam
S. Fitness zone,Gym,"Jwhwlao Dwimalu Rd, Kokrajhar, Assam 783370, India",https://www.google.co.kr/maps/place/S.+Fitness+zone/data=!4m5!3m4!1s0x375861d35d6c5c17:0xddf8f8623d29ace1!8m2!3d26.4052391!4d90.2698064?authuser=0&hl=en&rclk=1,26.4052391,90.2698064,Assam
G Gym,Gymnastics center,"98, MS Rd, Machkhowa, Guwahati, Assam 781001, India",https://www.google.co.kr/maps/place/G+Gym/data=!4m5!3m4!1s0x375a5a314b41f6e7:0x34983a58efd2fcf6!8m2!3d26.179836!4d91.7393542?authuser=0&hl=en&rclk=1,26.179836,91.7393542,Assam
Mirza Gym,Gym,"Mirza, Santola, Assam 781015, India",https://www.google.co.kr/maps/place/Mirza+Gym/data=!4m5!3m4!1s0x375a408c2ead3c4b:0xd3c5b8835c7ee3c1!8m2!3d26.0889585!4d91.5355137?authuser=0&hl=en&rclk=1,26.0889585,91.5355137,Assam
OLYMPIA GYM,Gym,"AMBIKAGIRI CHAK AMTOL, near AMBIKAGIRI STATUE, Barpeta Road, Assam 781315, India",https://www.google.co.kr/maps/place/OLYMPIA+GYM/data=!4m5!3m4!1s0x37597541170ca3d3:0x6604000054ac30b9!8m2!3d26.4954231!4d90.9680457?authuser=0&hl=en&rclk=1,26.4954231,90.9680457,Assam
Fitness Hub Dhekiajuli,Gym,"NH 15, Dhekiajuli, Assam 784110, India",https://www.google.co.kr/maps/place/Fitness+Hub+Dhekiajuli/data=!4m5!3m4!1s0x3744cbc1fb067d3f:0xc0ddb259724a3f81!8m2!3d26.7036918!4d92.4808341?authuser=0&hl=en&rclk=1,26.7036918,92.4808341,Assam
Rival Fitness Studio,Gym,"House no 206, NS Ave, Tarapur, Silchar, Assam 788005, India",https://www.google.co.kr/maps/place/Rival+Fitness+Studio/data=!4m5!3m4!1s0x374e4bfbafec0331:0xc2c35b3a48c16748!8m2!3d24.8136496!4d92.7979638?authuser=0&hl=en&rclk=1,24.8136496,92.7979638,Assam
Kingdom Of Fitness,Gym,"8PVH+R74, Niz-Madartola, Assam 781121, India",https://www.google.co.kr/maps/place/Kingdom+Of+Fitness/data=!4m5!3m4!1s0x375a536647fe6f8f:0xaf5cbba9310bcdad!8m2!3d26.3445174!4d91.7281942?authuser=0&hl=en&rclk=1,26.3445174,91.7281942,Assam
APM Health Combat Gym,Gym,"RG Baruah Rd, Zoo Road Tiniali, Zoo Tiniali, Guwahati, Assam 781024, India",https://www.google.co.kr/maps/place/APM+Health+Combat+Gym/data=!4m5!3m4!1s0x375a59a0e10b1937:0xfc56f37056b0cc03!8m2!3d26.1750531!4d91.7767864?authuser=0&hl=en&rclk=1,26.1750531,91.7767864,Assam
"HEALTH ZONE GYM, Biswanath Chariali",Gym,"NH 15, opposite Hotel Pradyut, Biswanath Charali, Assam 784176, India","https://www.google.co.kr/maps/place/HEALTH+ZONE+GYM,+Biswanath+Chariali/data=!4m5!3m4!1s0x37445e35388a3e0d:0x1d2a6a9485f520fa!8m2!3d26.7402371!4d93.138638?authuser=0&hl=en&rclk=1",26.7402371,93.138638,Assam
Diphu Gym,Gymnastics center,"RCRQ+PCJ, Diphu, Assam 782462, India",https://www.google.co.kr/maps/place/Diphu+Gym/data=!4m5!3m4!1s0x3745ed3dd94c19d7:0xe200208688f5e85b!8m2!3d25.8418487!4d93.4385171?authuser=0&hl=en&rclk=1,25.8418487,93.4385171,Assam
Fitness Gym,Gym,"near uco bank, Udalguri, India",https://www.google.co.kr/maps/place/Fitness+Gym/data=!4m5!3m4!1s0x375b14e59eb743a3:0xd956706e44c209af!8m2!3d26.7492764!4d92.0969484?authuser=0&hl=en&rclk=1,26.7492764,92.0969484,Assam
Do The Gym,Gym,"Panigaon Chariyali, Nagaon, Assam 782003, India",https://www.google.co.kr/maps/place/Do+The+Gym/data=!4m5!3m4!1s0x374520d32cc29743:0x534b8d1bb9cde2a2!8m2!3d26.3551573!4d92.6984226?authuser=0&hl=en&rclk=1,26.3551573,92.6984226,Assam
Dynamic Gym,Fitness center,"Athgaon, Guwahati, Assam 781009, India",https://www.google.co.kr/maps/place/Dynamic+Gym/data=!4m5!3m4!1s0x375a5b5eba11b421:0xdf0a8bc70b7c3ac8!8m2!3d26.1719817!4d91.7391102?authuser=0&hl=en&rclk=1,26.1719817,91.7391102,Assam
Body Art,Gym,"K.B. Road,Opposite Sbi Gar Ali Branch, Jorhat, Assam 785001, India",https://www.google.co.kr/maps/place/Body+Art/data=!4m5!3m4!1s0x3746c28541faef5f:0x8ce019337dd74ac6!8m2!3d26.7454158!4d94.2013376?authuser=0&hl=en&rclk=1,26.7454158,94.2013376,Assam
YOUR GYM,Gym,"Assam Trunk Rd, Haibargaon, Nagaon, Assam 782002, India",https://www.google.co.kr/maps/place/YOUR+GYM/data=!4m5!3m4!1s0x374527711ad108af:0xad25988d2e246a1c!8m2!3d26.3495823!4d92.6796315?authuser=0&hl=en&rclk=1,26.3495823,92.6796315,Assam
Rahul Dutta Fitness,Gym,"7QV4+R3X, Ledo, Assam 786182, India",https://www.google.co.kr/maps/place/Rahul+Dutta+Fitness/data=!4m5!3m4!1s0x373ed9b8391bedf5:0x568ae2e65c05bd4f!8m2!3d27.2946111!4d95.7552427?authuser=0&hl=en&rclk=1,27.2946111,95.7552427,Assam
morigaon fitness centre(MFC),Gym,"793C+W8G, Ghasbari, Assam 782105, India",https://www.google.co.kr/maps/place/morigaon+fitness+centre(MFC)/data=!4m5!3m4!1s0x375ad19cda6cf293:0xec93dde1729a2032!8m2!3d26.254814!4d92.3708206?authuser=0&hl=en&rclk=1,26.254814,92.3708206,Assam
Health Land GYM (Unisex),Fitness center,"H/N -17, Pragati Path, Rupnagar, Guwahati, Assam 781007, India",https://www.google.co.kr/maps/place/Health+Land+GYM+(Unisex)/data=!4m5!3m4!1s0x375a5948cac21f81:0xee1d786d9fc078b2!8m2!3d26.1589904!4d91.7601569?authuser=0&hl=en&rclk=1,26.1589904,91.7601569,Assam
Body Fuel,Gym,"JB Rd, Mahabhairab, Tezpur, Assam 784001, India",https://www.google.co.kr/maps/place/Body+Fuel/data=!4m5!3m4!1s0x3744e84a16507bd3:0xdc84ce02e55a1d5a!8m2!3d26.6230755!4d92.7989924?authuser=0&hl=en&rclk=1,26.6230755,92.7989924,Assam
Fitness Yoga Centre,Yoga studio,"5QPR+GV3, Jyoti Nagar, Bamunimaidan, Guwahati, Assam 781021, India",https://www.google.co.kr/maps/place/Fitness+Yoga+Centre/data=!4m5!3m4!1s0x375a59b2da8e1c83:0xa3fe54b8af39f4b3!8m2!3d26.1862735!4d91.792177?authuser=0&hl=en&rclk=1,26.1862735,91.792177,Assam
Studio Crossfit,Gym,"Guwahati,, Manik Nagar, Guwahati, Assam 781006, India",https://www.google.co.kr/maps/place/Studio+Crossfit/data=!4m5!3m4!1s0x375a591a048420db:0x1441ebd19d0ed80b!8m2!3d26.1549161!4d91.7835643?authuser=0&hl=en&rclk=1,26.1549161,91.7835643,Assam
GOLD'S GYM JORHAT,Gym,"4th Floor R.D Complex, KB Rd, DOHABORA, Jorhat, Assam 785001, India",https://www.google.co.kr/maps/place/GOLD'S+GYM+JORHAT/data=!4m5!3m4!1s0x3746c2958db35bc1:0x5cf2258d4c573462!8m2!3d26.7538515!4d94.2125046?authuser=0&hl=en&rclk=1,26.7538515,94.2125046,Assam
FiTNESS HUB (GYM),Gym,"LALUK TINIALI, BIHPURIA, ROAD, Laluk, Assam 784160, India",https://www.google.co.kr/maps/place/FiTNESS+HUB+(GYM)/data=!4m5!3m4!1s0x37414defb24b0351:0x29d7e082b334a!8m2!3d27.1191339!4d93.9298167?authuser=0&hl=en&rclk=1,27.1191339,93.9298167,Assam
Six mile Real Builders Gym,Gymnasium Cz,"Above Central Bank of India, GS Road, near GNRC hospital, Six Mile, Guwahati, Assam 781002, India",https://www.google.co.kr/maps/place/Six+mile+Real+Builders+Gym/data=!4m5!3m4!1s0x375a5931a6097d8f:0x5e46a6e381bdccf7!8m2!3d26.1316519!4d91.8074129?authuser=0&hl=en&rclk=1,26.1316519,91.8074129,Assam
Aeroga fitness studio,Fitness center,"JB Rd, Nagaon, Assam 782001, India",https://www.google.co.kr/maps/place/Aeroga+fitness+studio/data=!4m5!3m4!1s0x37452761bfebf591:0x7849d7c525cdb65f!8m2!3d26.3611567!4d92.6881357?authuser=0&hl=en&rclk=1,26.3611567,92.6881357,Assam
"K2 GYM, Bezera",Gym,"Bezera, North Guwahati, Guwahati, Assam 781121, India","https://www.google.co.kr/maps/place/K2+GYM,+Bezera/data=!4m5!3m4!1s0x375a55cbc28ddb6d:0x18986791b9285a1d!8m2!3d26.3469343!4d91.7794214?authuser=0&hl=en&rclk=1",26.3469343,91.7794214,Assam
FITNESS ARENA OF GUWAHATI,Gym,"Gopal Prasad Sarma Path, No.1, Bylane, near Nagaland House, Six Mile, Guwahati, Assam 781022, India",https://www.google.co.kr/maps/place/FITNESS+ARENA+OF+GUWAHATI/data=!4m5!3m4!1s0x375a595889a1403d:0xa76e5ecaf9fea6fe!8m2!3d26.1356375!4d91.8085938?authuser=0&hl=en&rclk=1,26.1356375,91.8085938,Assam
Mahabeer Gym,Gym,"NH215, Digboi, Assam 786171, India",https://www.google.co.kr/maps/place/Mahabeer+Gym/data=!4m5!3m4!1s0x373f234da512edc5:0xcf0d2c33cca3b257!8m2!3d27.3775802!4d95.6163908?authuser=0&hl=en&rclk=1,27.3775802,95.6163908,Assam
Fitness Palace- Raise the Iron,Gym,"HAZARIKA COMPLEX Lachit Bazar A.T, Assam Trunk Rd, Jorhat, Assam 785001, India",https://www.google.co.kr/maps/place/Fitness+Palace-+Raise+the+Iron/data=!4m5!3m4!1s0x3746c390eccd4bef:0x5a5e44d8317e5458!8m2!3d26.7603077!4d94.2104643?authuser=0&hl=en&rclk=1,26.7603077,94.2104643,Assam
Papu Gym,Gym,"Namdang Bahbari, Assam 786182, India",https://www.google.co.kr/maps/place/Papu+Gym/data=!4m5!3m4!1s0x373f279eac84c32d:0xe40b56919d45dd1e!8m2!3d27.2865596!4d95.7138005?authuser=0&hl=en&rclk=1,27.2865596,95.7138005,Assam
Jagiroad College Gym Centre,Gym,"4693+J3V, Natun Gaon, Jagiroad, Assam 782410, India",https://www.google.co.kr/maps/place/Jagiroad+College+Gym+Centre/data=!4m5!3m4!1s0x375ac1602069df43:0x7ac5ab30cf30e542!8m2!3d26.1191071!4d92.2026622?authuser=0&hl=en&rclk=1,26.1191071,92.2026622,Assam
Muscle & fitness Gym,Gym,"Na Ali, Barbheta, Jorhat, Assam 785001, India",https://www.google.co.kr/maps/place/Muscle+%26+fitness+Gym/data=!4m5!3m4!1s0x3746c37a27f20861:0x5fd85903ed1e0392!8m2!3d26.7452271!4d94.212876?authuser=0&hl=en&rclk=1,26.7452271,94.212876,Assam
ROCK the GYM,Fitness center,"Nagaon - Morigaon Rd, Nabheti, Niz Dandua, Assam 782104, India",https://www.google.co.kr/maps/place/ROCK+the+GYM/data=!4m5!3m4!1s0x375ad3d527893117:0x2672c4c9bd5fa884!8m2!3d26.2528853!4d92.336955?authuser=0&hl=en&rclk=1,26.2528853,92.336955,Assam
D.R. College Gymnasium,Gym,"GXFG+2WR, Golaghat, Assam 785621, India",https://www.google.co.kr/maps/place/D.R.+College+Gymnasium/data=!4m5!3m4!1s0x37468e6e1b69bd53:0xd83862c540c8300c!8m2!3d26.5226009!4d93.9772654?authuser=0&hl=en&rclk=1,26.5226009,93.9772654,Assam
S. D. Fitness Center,Gym,"Nirmal Chari Ali, Assam Trunk Rd, Jorhat, Assam 785001, India",https://www.google.co.kr/maps/place/S.+D.+Fitness+Center/data=!4m5!3m4!1s0x3746c3fcec2ab1b5:0xd45b0c0f63b65ed!8m2!3d26.7610446!4d94.2135026?authuser=0&hl=en&rclk=1,26.7610446,94.2135026,Assam
AMBITION GYM,Gym,"B. K. Boruah Road, Saha Patty Rd, Hojai, Assam 782435, India",https://www.google.co.kr/maps/place/AMBITION+GYM/data=!4m5!3m4!1s0x37456ba8b2972e41:0xdfca127ec961f300!8m2!3d26.0054103!4d92.8540225?authuser=0&hl=en&rclk=1,26.0054103,92.8540225,Assam
Fit7 By MS Dhoni,Gym,"KK Tower, 2nd Floor, GS Rd, near SB Deorah College Borah Service, Guwahati, Assam 781007, India",https://www.google.co.kr/maps/place/Fit7+By+MS+Dhoni/data=!4m5!3m4!1s0x375a59771380690d:0x32ae80fda6b26cd4!8m2!3d26.1684026!4d91.7650017?authuser=0&hl=en&rclk=1,26.1684026,91.7650017,Assam
APM,Fitness center,"AT Rd, Kotoki Pukhuri, Sonali Jayanti Nagar, Tarajan, Jorhat, Assam 785001, India",https://www.google.co.kr/maps/place/APM/data=!4m5!3m4!1s0x3746c294ee518ba1:0x10df2754d1c20032!8m2!3d26.751464!4d94.183564?authuser=0&hl=en&rclk=1,26.751464,94.183564,Assam
F3 FITNESS,Gym,"main road upper airtel store and bandhan bank 4th floor, SURVEY BELTOLA,AG TOWER, Beltola - Basistha Rd, Chandan Nagar, Guwahati, Assam 781028, India",https://www.google.co.kr/maps/place/F3+FITNESS/data=!4m5!3m4!1s0x375a58d45fd02157:0xbda31b8822d337aa!8m2!3d26.1267473!4d91.7969051?authuser=0&hl=en&rclk=1,26.1267473,91.7969051,Assam
Power Factory,Gym,"4th floor, Crystal SR Plaza, Gar-Ali, Jorhat, Assam 785001, India",https://www.google.co.kr/maps/place/Power+Factory/data=!4m5!3m4!1s0x3746c3b1b1f7f287:0x65efb02a55152fb4!8m2!3d26.7566!4d94.2152864?authuser=0&hl=en&rclk=1,26.7566,94.2152864,Assam
RAISE THE BAR (A Unisex Fitness Centre),Gym,"Radha Gobinda Rd, near Masjid, near Tinali, Purnima Nagar, Digboi, Assam 786171, India",https://www.google.co.kr/maps/place/RAISE+THE+BAR+(A+Unisex+Fitness+Centre)/data=!4m5!3m4!1s0x373f23283c1b9379:0xe0354624339e5bf1!8m2!3d27.3974363!4d95.6226554?authuser=0&hl=en&rclk=1,27.3974363,95.6226554,Assam
"Gold's Gym , Tezpur",Gym,"JQGW+CG9, Mahabhairab, Tezpur, Assam 784001, India","https://www.google.co.kr/maps/place/Gold's+Gym+,+Tezpur/data=!4m5!3m4!1s0x3744e941bed26111:0xe90eb8fb307f7d0d!8m2!3d26.6260295!4d92.796344?authuser=0&hl=en&rclk=1",26.6260295,92.796344,Assam
RAW Fitness Gym,Gym,"Q5HX+383, Sarbaibondha, Jorhat, Assam 785001, India",https://www.google.co.kr/maps/place/RAW+Fitness+Gym/data=!4m5!3m4!1s0x3746c3335c7caf55:0xf8790f603b64db3b!8m2!3d26.7776444!4d94.1982998?authuser=0&hl=en&rclk=1,26.7776444,94.1982998,Assam
SRI KRISHNA FITNESS CENTRE(GYM),Gym,"BGR Twp, Bongaigaon, Assam 783385, India",https://www.google.co.kr/maps/place/SRI+KRISHNA+FITNESS+CENTRE(GYM)/data=!4m5!3m4!1s0x3758feaadf8f8675:0x66c5f9ef9b6c0071!8m2!3d26.5017454!4d90.5239367?authuser=0&hl=en&rclk=1,26.5017454,90.5239367,Assam
Fitness Planet,Gym,"Maniram Dewan Rd, Krishna Nagar, Silphukuri, Guwahati, Assam 781003, India",https://www.google.co.kr/maps/place/Fitness+Planet/data=!4m5!3m4!1s0x375a59901b5644df:0x1577b1fb44be6a80!8m2!3d26.1851458!4d91.7638049?authuser=0&hl=en&rclk=1,26.1851458,91.7638049,Assam
S&S fitness,Gym,"Assam Trunk Rd, Bhagamukh, Teok, Assam 785112, India",https://www.google.co.kr/maps/place/S%26S+fitness/data=!4m5!3m4!1s0x37472776504dc29f:0x1bc10bd21549db5e!8m2!3d26.8327663!4d94.4186911?authuser=0&hl=en&rclk=1,26.8327663,94.4186911,Assam
NXT GYM,Gym,"Bus Stop, NXT GYM, 9th Floor, ABC, GS Rd, Bhangagarh, Guwahati, Assam 781005, India",https://www.google.co.kr/maps/place/NXT+GYM/data=!4m5!3m4!1s0x375a59728a190e7b:0xb49d16228c8511a9!8m2!3d26.1616971!4d91.7709849?authuser=0&hl=en&rclk=1,26.1616971,91.7709849,Assam
Gymaholic Guwahati,Gym,"Gogoi Towers, Above Sony Centre, Silphukuri, Guwahati, Assam 781003, India",https://www.google.co.kr/maps/place/Gymaholic+Guwahati/data=!4m5!3m4!1s0x375a59f463969037:0x27ed46f0fb8a44fc!8m2!3d26.184831!4d91.758596?authuser=0&hl=en&rclk=1,26.184831,91.758596,Assam
BE FIT GYM,Gym,"Govinda trade Center, ??National Highway, 37 Road, Boragaon, Guwahati, Assam 781018, India",https://www.google.co.kr/maps/place/BE+FIT+GYM/data=!4m5!3m4!1s0x375a5d3ba621dd4b:0x2a84c8535fd74ec3!8m2!3d26.1226615!4d91.6867391?authuser=0&hl=en&rclk=1,26.1226615,91.6867391,Assam
devsangkor,Gym,"Unnamed Road, Bata Bari, Assam 782123, India",https://www.google.co.kr/maps/place/devsangkor/data=!4m5!3m4!1s0x3744d5f858f10b93:0xbcf628bed747ebc0!8m2!3d26.4083347!4d92.4834595?authuser=0&hl=en&rclk=1,26.4083347,92.4834595,Assam
Snap Fitness Silpukhuri,Gym,"Goswami Service Station, Goswami complex, GNB Rd, Silpukhuri, Guwahati, Assam 781003, India",https://www.google.co.kr/maps/place/Snap+Fitness+Silpukhuri/data=!4m5!3m4!1s0x375a599088cf0aa3:0xe82734783d47dde0!8m2!3d26.1851458!4d91.766352?authuser=0&hl=en&rclk=1,26.1851458,91.766352,Assam
Fitness 24*7 GYM,Gym,"C2MC+W72, Rajapam, Kowar Para, Assam 784529, India",https://www.google.co.kr/maps/place/Fitness+24*7+GYM/data=!4m5!3m4!1s0x375b1d0e9d416e17:0x3f1844449ff74b41!8m2!3d26.4347593!4d92.0206492?authuser=0&hl=en&rclk=1,26.4347593,92.0206492,Assam
New World Gym,Gym,"NH37, Rani Gate, Ganakpara, Guwahati, Assam 781017, India",https://www.google.co.kr/maps/place/New+World+Gym/data=!4m5!3m4!1s0x375a43c20dc61881:0x802d608c617dca8!8m2!3d26.1027525!4d91.6119796?authuser=0&hl=en&rclk=1,26.1027525,91.6119796,Assam
VISION FITNESS,Gym,"College Rd, Islamsupa, Nalbari, Assam 781335, India",https://www.google.co.kr/maps/place/VISION+FITNESS/data=!4m5!3m4!1s0x375bcdf5202f1f99:0xe9aca5138cecea4c!8m2!3d26.4433274!4d91.4422965?authuser=0&hl=en&rclk=1,26.4433274,91.4422965,Assam
Body Building Centre,Gym,"Ghungoor, SMC. Road, Hailakandi Road, Silchar, Assam 788014, India",https://www.google.co.kr/maps/place/Body+Building+Centre/data=!4m5!3m4!1s0x374e49f43c9e9b41:0x418f8823b7215ab3!8m2!3d24.7792366!4d92.7936387?authuser=0&hl=en&rclk=1,24.7792366,92.7936387,Assam
Gym,Gym,"0, Bhetapara Hatigaon Rd, Bhetapara, Guwahati, Assam 781028, India",https://www.google.co.kr/maps/place/Gym/data=!4m5!3m4!1s0x375a5ed370ed9df9:0x600d81c1a15b51d2!8m2!3d26.1224689!4d91.7872677?authuser=0&hl=en&rclk=1,26.1224689,91.7872677,Assam
Fitness Hub Gym,Fitness center,"Weekly Market 1st floor, Town Committee Building, Assam 784509, India",https://www.google.co.kr/maps/place/Fitness+Hub+Gym/data=!4m5!3m4!1s0x375b1533e68d72d9:0xe6d6637643871822!8m2!3d26.741996!4d92.0948271?authuser=0&hl=en&rclk=1,26.741996,92.0948271,Assam
Fitness Gym,Gym,"4QR7+FRQ, Kalyani Nagar, Kahilipara, Guwahati, Assam 781019, India",https://www.google.co.kr/maps/place/Fitness+Gym/data=!4m5!3m4!1s0x375a59de02530e89:0x3b397c7d21ff7834!8m2!3d26.1412069!4d91.7646179?authuser=0&hl=en&rclk=1,26.1412069,91.7646179,Assam
Transformers Fitness Academy,Gym,"Nilgiri Mansion, Block B, Near Primus, GS Rd, SATSANG VIHAR, Bhangagarh, Guwahati, Assam 781005, India",https://www.google.co.kr/maps/place/Transformers+Fitness+Academy/data=!4m5!3m4!1s0x375a5973bf9ac54d:0x72480cc5bfc95dd0!8m2!3d26.1648223!4d91.7697123?authuser=0&hl=en&rclk=1,26.1648223,91.7697123,Assam
Muscle Builder gym,Gym,"near police reserve, Barsarkuchi, Assam 781341, India",https://www.google.co.kr/maps/place/Muscle+Builder+gym/data=!4m5!3m4!1s0x375bcdbe93b17561:0xc3d1da112348faf8!8m2!3d26.4586928!4d91.4359474?authuser=0&hl=en&rclk=1,26.4586928,91.4359474,Assam
Mfit Gym,Fitness center,"Kahilipara Rd, opposite SBI Jatia Branch, Jatia, Kahilipara, Guwahati, Assam 781006, India",https://www.google.co.kr/maps/place/Mfit+Gym/data=!4m5!3m4!1s0x375a59a1e3568137:0xd5f272a209d45489!8m2!3d26.1440708!4d91.7810152?authuser=0&hl=en&rclk=1,26.1440708,91.7810152,Assam
Open Air Gym,Gym,"Fancy Bazaar, Guwahati, Assam 781030, India",https://www.google.co.kr/maps/place/Open+Air+Gym/data=!4m5!3m4!1s0x375a5b09f36e1a1f:0xc380e14432e40022!8m2!3d26.183569!4d91.7377677?authuser=0&hl=en&rclk=1,26.183569,91.7377677,Assam
BULL'S GYM,Gym,"RRR5+GXM, Malugram, Silchar, Assam 788002, India",https://www.google.co.kr/maps/place/BULL'S+GYM/data=!4m5!3m4!1s0x374e4bb14c863143:0x3f47b695228d1818!8m2!3d24.8413277!4d92.8099117?authuser=0&hl=en&rclk=1,24.8413277,92.8099117,Assam
Epicentre Body Studio,Gym,"AK Azad Rd, above Dominos, Rehabari, Guwahati, Assam 781008, India",https://www.google.co.kr/maps/place/Epicentre+Body+Studio/data=!4m5!3m4!1s0x375a5a2b6406a63f:0xf0dbc869bb11eb96!8m2!3d26.1746507!4d91.7495301?authuser=0&hl=en&rclk=1,26.1746507,91.7495301,Assam
Dynamic Gold GYM.,Gym,"Haibargaon, Daccapatty, Nagaon, Assam 782003, India",https://www.google.co.kr/maps/place/Dynamic+Gold+GYM./data=!4m5!3m4!1s0x374526d8f661ce77:0x13cddc0c7865e6ff!8m2!3d26.344883!4d92.68658?authuser=0&hl=en&rclk=1,26.344883,92.68658,Assam
Bhaskar Transformation,Gym,"Zoo Road Tiniali, Zoo Tiniali, Guwahati, Assam 781024, India",https://www.google.co.kr/maps/place/Bhaskar+Transformation/data=!4m5!3m4!1s0x375a597ada9d96d3:0x59457e0b70f1e9b1!8m2!3d26.1745718!4d91.7775281?authuser=0&hl=en&rclk=1,26.1745718,91.7775281,Assam
"D. Fitness Gym Assam Guwahati, Basistha Chariali, Hamlata Market, 2nd Floor",Gym,"2nd Floor, Hemlata Market, Basistha Chariali, Guwahati, Assam 781029, India","https://www.google.co.kr/maps/place/D.+Fitness+Gym+Assam+Guwahati,+Basistha+Chariali,+Hamlata+Market,+2nd+Floor/data=!4m5!3m4!1s0x375a5fd90ff8760d:0x2a3c0c7cd74d502c!8m2!3d26.1125398!4d91.7975411?authuser=0&hl=en&rclk=1",26.1125398,91.7975411,Assam
Biofit Gym Ganeshguri,Gym,"Nayanpur Road, Swati Square, Ganeshguri, Guwahati, Assam 781005, India",https://www.google.co.kr/maps/place/Biofit+Gym+Ganeshguri/data=!4m5!3m4!1s0x375a5918f41539fb:0xce8ea8fe167a347c!8m2!3d26.1508388!4d91.7864434?authuser=0&hl=en&rclk=1,26.1508388,91.7864434,Assam
IRON FITNESS GYM,Gym,"Ganapati Nagar, Lal Ganesh, Guwahati, Assam 781032, India",https://www.google.co.kr/maps/place/IRON+FITNESS+GYM/data=!4m5!3m4!1s0x375a5be921892635:0x5cc8bf8982aca757!8m2!3d26.1445478!4d91.7413903?authuser=0&hl=en&rclk=1,26.1445478,91.7413903,Assam
Fitness Culture Unisex Gym,Gym,"VIP Airport Rd, Ganakpara, Guwahati, Assam 781015, India",https://www.google.co.kr/maps/place/Fitness+Culture+Unisex+Gym/data=!4m5!3m4!1s0x375a414aff835af9:0x16f2272acb72536e!8m2!3d26.1011844!4d91.5970979?authuser=0&hl=en&rclk=1,26.1011844,91.5970979,Assam
Galaxy Body Gym,Gym,"SH 3, Haibargaon, Nagaon, Assam 782002, India",https://www.google.co.kr/maps/place/Galaxy+Body+Gym/data=!4m5!3m4!1s0x3745271dc1fbbef5:0xc12f673622104078!8m2!3d26.3489288!4d92.6730984?authuser=0&hl=en&rclk=1,26.3489288,92.6730984,Assam
Gym Center,Gymnastics center,"XH89+VCG, Kalain, Assam 788815, India",https://www.google.co.kr/maps/place/Gym+Center/data=!4m5!3m4!1s0x374fd3da90dfd3ad:0x23bfa2b879889cab!8m2!3d24.9671809!4d92.5685682?authuser=0&hl=en&rclk=1,24.9671809,92.5685682,Assam
universal Gym,Gym,"Bongshar, Gopinath Nagar, Jonaknagar, Kahilipara, Guwahati, Assam 781034, India",https://www.google.co.kr/maps/place/universal+Gym/data=!4m5!3m4!1s0x375a5958dededf89:0xf8a3bd5d85f3c774!8m2!3d26.1418375!4d91.7561539?authuser=0&hl=en&rclk=1,26.1418375,91.7561539,Assam
Ramdhenu Fitness Studio and Gym,Gym,"Ramdhenu Fitness Gym, Maniari, Assam 781101, India",https://www.google.co.kr/maps/place/Ramdhenu+Fitness+Studio+and+Gym/data=!4m5!3m4!1s0x375a4fe6c60c76d5:0x774fcc1e5f787a63!8m2!3d26.2824119!4d91.6687073?authuser=0&hl=en&rclk=1,26.2824119,91.6687073,Assam
X-Pro Fitness Gym,Fitness center,"House No. 64, Rukmininagar, near Laxmi Mandir, Dispur, Rukmini Gaon, Guwahati, Assam 781006, India",https://www.google.co.kr/maps/place/X-Pro+Fitness+Gym/data=!4m5!3m4!1s0x375a58d0b09b9365:0x7134eb85d61a1ad4!8m2!3d26.13561!4d91.798299?authuser=0&hl=en&rclk=1,26.13561,91.798299,Assam
POWERHOUSE gym,Gym,"Rupanagar Rd, Birubari, Guwahati, Assam 781007, India",https://www.google.co.kr/maps/place/POWERHOUSE+gym/data=!4m5!3m4!1s0x375a596565d5f0a5:0x842d11b071804ed!8m2!3d26.1587145!4d91.7631532?authuser=0&hl=en&rclk=1,26.1587145,91.7631532,Assam
"Aesthetics ,gym & fitness centre",Gym,"Bilasipara Main Rd, Hatipota Pt.II, Assam 783348, India","https://www.google.co.kr/maps/place/Aesthetics+,gym+%26+fitness+centre/data=!4m5!3m4!1s0x3758677972bbce7f:0x1de5b90dacda8d85!8m2!3d26.2313009!4d90.2409309?authuser=0&hl=en&rclk=1",26.2313009,90.2409309,Assam
PERFECT FITNESS ZONE,Gym,"Nimati road, Bahona, Assam 785101, India",https://www.google.co.kr/maps/place/PERFECT+FITNESS+ZONE/data=!4m5!3m4!1s0x3746dd480d156329:0xbb49423a98edd39d!8m2!3d26.8099038!4d94.2410415?authuser=0&hl=en&rclk=1,26.8099038,94.2410415,Assam
BE STRONG GYM,Gym,"Masjid, Assam Trunk Rd, Adabari, Guwahati, Assam 781012, India",https://www.google.co.kr/maps/place/BE+STRONG+GYM/data=!4m5!3m4!1s0x375a5b03ffaf4efb:0x766556d27043af59!8m2!3d26.1578233!4d91.6777519?authuser=0&hl=en&rclk=1,26.1578233,91.6777519,Assam
FITNESS FIRST gym,Gym,"Nagaon-Guwahati Road, Tukulai Bebejia, Assam 782142, India",https://www.google.co.kr/maps/place/FITNESS+FIRST+gym/data=!4m5!3m4!1s0x3745260751348ae9:0xd335b2c2bf8b19b4!8m2!3d26.301435!4d92.6242921?authuser=0&hl=en&rclk=1,26.301435,92.6242921,Assam
Fitness Island Gym,Gym,"Geeta Nagar Rd, Forest Gate, Narengi Tinali, Guwahati, Assam 781171, India",https://www.google.co.kr/maps/place/Fitness+Island+Gym/data=!4m5!3m4!1s0x375a5879595ca31f:0x41ddf3c3a0007061!8m2!3d26.1786108!4d91.8272281?authuser=0&hl=en&rclk=1,26.1786108,91.8272281,Assam
"SFL GYM, ABC",Gym,"Dona Planet, G S Road Gayatri Plaza ABC, GS Rd, Opposite, Guwahati, Assam 781005, India","https://www.google.co.kr/maps/place/SFL+GYM,+ABC/data=!4m5!3m4!1s0x375a5972b21fc481:0xa7dc45d0c502dfb2!8m2!3d26.1613541!4d91.7729663?authuser=0&hl=en&rclk=1",26.1613541,91.7729663,Assam
Iron Kingdom Gym,Gym,"Nalapara, Sarusajai, Guwahati, Assam 781040, India",https://www.google.co.kr/maps/place/Iron+Kingdom+Gym/data=!4m5!3m4!1s0x375a5faa760ae925:0xeb9863d85dda8a93!8m2!3d26.111733!4d91.7628899?authuser=0&hl=en&rclk=1,26.111733,91.7628899,Assam
Strength & Fitness GYM,Gym,"Jayanagar Chariali, Resham Nagar, Beltola Tiniali, Guwahati, Assam 781022, India",https://www.google.co.kr/maps/place/Strength+%26+Fitness+GYM/data=!4m5!3m4!1s0x375a5f336c59235b:0x3780e68b2d5a56d8!8m2!3d26.1222861!4d91.8060879?authuser=0&hl=en&rclk=1,26.1222861,91.8060879,Assam
Unit 6 Fitness Gym,Gym,"Zoo-Narengi Rd, B.L. Plaza, Zoo Tiniali, Guwahati, Assam 781021, India",https://www.google.co.kr/maps/place/Unit+6+Fitness+Gym/data=!4m5!3m4!1s0x375a5912a6e5aa67:0xae344bba00e04eb4!8m2!3d26.1749821!4d91.7768897?authuser=0&hl=en&rclk=1,26.1749821,91.7768897,Assam
SSK Gym,Fitness center,"Lakhimi Path, Nandanpur Path, Beltola Tiniali, Guwahati, Assam 781028, India",https://www.google.co.kr/maps/place/SSK+Gym/data=!4m5!3m4!1s0x375a5f2ca9f4eb2d:0x7079f4f3e8e7e1!8m2!3d26.1243282!4d91.7977582?authuser=0&hl=en&rclk=1,26.1243282,91.7977582,Assam
Madhurjya Hazarika,Gym,"Unnamed Road, Ghiladhari Mukh, Assam 784175, India",https://www.google.co.kr/maps/place/Madhurjya+Hazarika/data=!4m5!3m4!1s0x3744f5a56d2d9847:0x6f84e9cd914318cb!8m2!3d26.7292267!4d93.0290033?authuser=0&hl=en&rclk=1,26.7292267,93.0290033,Assam
BS FITNESS,Gym,"Zoo- tianali, Zoo-Narengi Rd, Hatigarh Chariali, Geetanagar, Guwahati, Assam 781021, India",https://www.google.co.kr/maps/place/BS+FITNESS/data=!4m5!3m4!1s0x375a598fa860f955:0x45a6290f4aa67745!8m2!3d26.1727572!4d91.7844588?authuser=0&hl=en&rclk=1,26.1727572,91.7844588,Assam
Fitness Freaks,Fitness center,"KRB Rd, near post office, Bharalumukh, Guwahati, Assam 781009, India",https://www.google.co.kr/maps/place/Fitness+Freaks/data=!4m5!3m4!1s0x375a5a4b249e0c37:0x577091dda017863f!8m2!3d26.1715308!4d91.7327818?authuser=0&hl=en&rclk=1,26.1715308,91.7327818,Assam
Aerofitness | Beltola,Gym,"Jyoti Complex, Mili Juli Path, Beltola Tiniali, Bongaon, Guwahati, Assam 781028, India",https://www.google.co.kr/maps/place/Aerofitness+%7C+Beltola/data=!4m5!3m4!1s0x375a5f2c89855555:0x75f2c6f138a8ca20!8m2!3d26.1223438!4d91.7987487?authuser=0&hl=en&rclk=1,26.1223438,91.7987487,Assam
Gold's Gym Tinsukia,Gym,"Devipukhari Road, opp. MB's sweets, Assam 786125, India",https://www.google.co.kr/maps/place/Gold's+Gym+Tinsukia/data=!4m5!3m4!1s0x373f6afd0d6525ff:0xaf76ce11a592128c!8m2!3d27.4919687!4d95.3605237?authuser=0&hl=en&rclk=1,27.4919687,95.3605237,Assam
Delight Fitness,Gym,"Kalpabhatta Chowk, Nepali Chowk, 20, Noonmati, Guwahati, Assam 781020, India",https://www.google.co.kr/maps/place/Delight+Fitness/data=!4m5!3m4!1s0x375a58493bd54bc9:0xa51db9e84148c890!8m2!3d26.1906487!4d91.7993629?authuser=0&hl=en&rclk=1,26.1906487,91.7993629,Assam
Saraighat Gym,Gym,"Assam Trunk Rd, Nursery, Guwahati, Assam 781009, India",https://www.google.co.kr/maps/place/Saraighat+Gym/data=!4m5!3m4!1s0x375a5b07c090e519:0xb49e87100e2cef5!8m2!3d26.1623818!4d91.7131336?authuser=0&hl=en&rclk=1,26.1623818,91.7131336,Assam
PFC Fitness & Health Care Centre (GYM),Gym,"Zoo Road, Sendurali Path, Junali, Guwahati, Assam 781024, India",https://www.google.co.kr/maps/place/PFC+Fitness+%26+Health+Care+Centre+(GYM)/data=!4m5!3m4!1s0x375a5909460c1a67:0x5bec9ef0bf284811!8m2!3d26.1671476!4d91.7788392?authuser=0&hl=en&rclk=1,26.1671476,91.7788392,Assam
BS Fitness/ Gymnasium,Fitness center,"Vrindavan Complex Near Karnataka Bank, House Fed Bus Stop ,Dispur, Last Gate, Guwahati, Assam 781006, India",https://www.google.co.kr/maps/place/BS+Fitness%2F+Gymnasium/data=!4m5!3m4!1s0x375a59280bff7e09:0xabbdd102e916b56a!8m2!3d26.136306!4d91.791916?authuser=0&hl=en&rclk=1,26.136306,91.791916,Assam
Fitness Mania Gym,Gym,"5Q2H+76W, Lichubagan, Hengrabari, Guwahati, Assam 781036, India",https://www.google.co.kr/maps/place/Fitness+Mania+Gym/data=!4m5!3m4!1s0x375a58e709028879:0x8aeb42dddc81c5dc!8m2!3d26.1507315!4d91.778067?authuser=0&hl=en&rclk=1,26.1507315,91.778067,Assam
THE MESOMORPH Unisex GYM,Gym,"railway station, Narngi, Guwahati, Assam 781026, India",https://www.google.co.kr/maps/place/THE+MESOMORPH+Unisex+GYM/data=!4m5!3m4!1s0x375af7fbc93ec923:0x2ebdf967566cb2a3!8m2!3d26.1816143!4d91.83447?authuser=0&hl=en&rclk=1,26.1816143,91.83447,Assam
The Imperium Gym,Gym,"Taxi Ali, Jengonikatia, Sivasagar, Assam 785640, India",https://www.google.co.kr/maps/place/The+Imperium+Gym/data=!4m5!3m4!1s0x374731d3f54d2c31:0x43c2d1d7c47b836a!8m2!3d26.9956138!4d94.6200842?authuser=0&hl=en&rclk=1,26.9956138,94.6200842,Assam
The Iron Gym,Gym,"Jajori, Jajari, Assam 782413, India",https://www.google.co.kr/maps/place/The+Iron+Gym/data=!4m5!3m4!1s0x3745293bf892eb6f:0x1b6921b2464b08a!8m2!3d26.3197414!4d92.564798?authuser=0&hl=en&rclk=1,26.3197414,92.564798,Assam
Body Tech Gym,Gym,"Tezpur, Kacharigaon, Kamarchuburi, Tezpur, Assam 784001, India",https://www.google.co.kr/maps/place/Body+Tech+Gym/data=!4m5!3m4!1s0x3744e832d7f5d77d:0x930cd641a7fc76a7!8m2!3d26.6273633!4d92.7903711?authuser=0&hl=en&rclk=1,26.6273633,92.7903711,Assam
Tiens Nagaon Office,Gym,"Amolapatty Natya Mandir, Nagaon, Assam, India",https://www.google.co.kr/maps/place/Tiens+Nagaon+Office/data=!4m5!3m4!1s0x3745272e23ba725b:0x34f78f29d39a2462!8m2!3d26.3583096!4d92.691978?authuser=0&hl=en&rclk=1,26.3583096,92.691978,Assam
FIT 7 GYM & fitness centre,Gym,"Lachit Nagar, Guwahati, Assam 781007, India",https://www.google.co.kr/maps/place/FIT+7+GYM+%26+fitness+centre/data=!4m5!3m4!1s0x375a59859c0c6bd5:0x1b902bc4994841b2!8m2!3d26.1685079!4d91.7650261?authuser=0&hl=en&rclk=1,26.1685079,91.7650261,Assam
Flexy Gym,Gym,"Rajgarh Rd, Bihutoli, Lachit Nagar, Guwahati, Assam 781003, India",https://www.google.co.kr/maps/place/Flexy+Gym/data=!4m5!3m4!1s0x375a59757860c777:0x1361b1943fcaeb40!8m2!3d26.1717868!4d91.7709903?authuser=0&hl=en&rclk=1,26.1717868,91.7709903,Assam
"Daroon Gym, Rowta",Gym,"Maibra Gym, Rowta, Assam 784508, India","https://www.google.co.kr/maps/place/Daroon+Gym,+Rowta/data=!4m5!3m4!1s0x375b3f2648fccf37:0x8946137348d68b60!8m2!3d26.7141154!4d92.2001275?authuser=0&hl=en&rclk=1",26.7141154,92.2001275,Assam
Aryans,Gym,"4P2R+4XR, Sonaighuli, Guwahati, Assam 781029, India",https://www.google.co.kr/maps/place/Aryans/data=!4m5!3m4!1s0x375a5d228570aa3f:0x8a3c37b699719ce!8m2!3d26.1003678!4d91.7423828?authuser=0&hl=en&rclk=1,26.1003678,91.7423828,Assam
Pk Fitness factory,Gym,"Lal Ganesh, Lokhra Rd, Barsapara, Guwahati, Assam 781034, India",https://www.google.co.kr/maps/place/Pk+Fitness+factory/data=!4m5!3m4!1s0x375a5bbf9fcf6939:0xa0b43a9024e9d798!8m2!3d26.1418892!4d91.7415661?authuser=0&hl=en&rclk=1,26.1418892,91.7415661,Assam
Shape up fitness,Gym,"SH 2, Amingaon, Guwahati, Assam 781039, India",https://www.google.co.kr/maps/place/Shape+up+fitness/data=!4m5!3m4!1s0x375a452458dc50b9:0xcb2963845ba6d913!8m2!3d26.1846605!4d91.6671106?authuser=0&hl=en&rclk=1,26.1846605,91.6671106,Assam
FITNESS PEOPLE,Gym,"Kahikuchi Rd, VIP Chowk, Ganakpara, Guwahati, Assam 781017, India",https://www.google.co.kr/maps/place/FITNESS+PEOPLE/data=!4m5!3m4!1s0x375a43df84a9b47f:0x7eb6d7062e03057b!8m2!3d26.1009125!4d91.5989744?authuser=0&hl=en&rclk=1,26.1009125,91.5989744,Assam
BIOFIT SHANTIPUR,Gym,"1st Floor, Opus Pinnacle, Above TI Ford Showroom, Opposite Sonaram Field, Bharalumukh, Guwahati, Assam 781009, India",https://www.google.co.kr/maps/place/BIOFIT+SHANTIPUR/data=!4m5!3m4!1s0x375a5b86ec85727d:0x1d8252465b7b289d!8m2!3d26.174057!4d91.733422?authuser=0&hl=en&rclk=1,26.174057,91.733422,Assam
IB Fitness Center,Gym,"near BVFCL Guest House, Sector D, Namrup, Assam 786623, India",https://www.google.co.kr/maps/place/IB+Fitness+Center/data=!4m5!3m4!1s0x373f4974404cc603:0x39cc6ad69af00b0!8m2!3d27.1851806!4d95.3476959?authuser=0&hl=en&rclk=1,27.1851806,95.3476959,Assam
Health Land Gym,Gym,"17, Pragati Path, Birubari, Guwahati, Assam 781007, India",https://www.google.co.kr/maps/place/Health+Land+Gym/data=!4m5!3m4!1s0x375a5be57e935845:0x6816ee3056385ca7!8m2!3d26.1399274!4d91.7443728?authuser=0&hl=en&rclk=1,26.1399274,91.7443728,Assam
TITAN GYM,Gym,"Dangoria ali, Kopora Dhora Gaon, Assam 785700, India",https://www.google.co.kr/maps/place/TITAN+GYM/data=!4m5!3m4!1s0x3746dc364a110643:0xa38d6100cc5a81c!8m2!3d26.7819148!4d94.2974547?authuser=0&hl=en&rclk=1,26.7819148,94.2974547,Assam
FITNESS ZONE,Fitness center,"Tamulbari Field, Near, Assam Trunk Rd, Tinsukia, Assam 786125, India",https://www.google.co.kr/maps/place/FITNESS+ZONE/data=!4m5!3m4!1s0x373f6a5654fb6a7d:0x49d9b565985aa2c0!8m2!3d27.4853497!4d95.3496602?authuser=0&hl=en&rclk=1,27.4853497,95.3496602,Assam
Super Flex Gym,Gym,"5Q6J+W52, Borah Market, Sree Nagar, Guwahati, Assam 781006, India",https://www.google.co.kr/maps/place/Super+Flex+Gym/data=!4m5!3m4!1s0x375a590e4bf918c9:0x9ef8d07f6fd624de!8m2!3d26.1622746!4d91.7803816?authuser=0&hl=en&rclk=1,26.1622746,91.7803816,Assam
Saim fitness,Gym,"opposite Hanuman Mandir, South Sarania, Lachit Nagar, Guwahati, Assam 781007, India",https://www.google.co.kr/maps/place/Saim+fitness/data=!4m5!3m4!1s0x375a59134357400b:0xa08d31ae424fff6!8m2!3d26.1716807!4d91.7606045?authuser=0&hl=en&rclk=1,26.1716807,91.7606045,Assam
Jharobari Multi Gym,Gym,"Jharobari Block Rd, Jharobari, Parakuchi, Assam 781125, India",https://www.google.co.kr/maps/place/Jharobari+Multi+Gym/data=!4m5!3m4!1s0x375a3fb9403ec9cd:0xd17882b5c058db22!8m2!3d26.0618719!4d91.4955139?authuser=0&hl=en&rclk=1,26.0618719,91.4955139,Assam
HUMAN SHIELD MMA AND FITNESS GYM,Gym,":, near I.T.I College, Bhehpara, Dhemaji, Assam 787057, India",https://www.google.co.kr/maps/place/HUMAN+SHIELD+MMA+AND+FITNESS+GYM/data=!4m5!3m4!1s0x3740c39049b641df:0x4d13c2aaba79fa3a!8m2!3d27.4720688!4d94.5650217?authuser=0&hl=en&rclk=1,27.4720688,94.5650217,Assam
MR BODY SOLUTION,Gym,"Bhati Para, Saualkuchi, Assam 781103, India",https://www.google.co.kr/maps/place/MR+BODY+SOLUTION/data=!4m5!3m4!1s0x375a46fba6c2539b:0x26cf5be91a527114!8m2!3d26.1661358!4d91.5660842?authuser=0&hl=en&rclk=1,26.1661358,91.5660842,Assam
ITKHOLA GYM,Gym,"QXX9+WV8, Itakhola, Assam 784182, India",https://www.google.co.kr/maps/place/ITKHOLA+GYM/data=!4m5!3m4!1s0x37448d1bd03b44c3:0x7e06a875852c7f77!8m2!3d26.7997958!4d92.96971?authuser=0&hl=en&rclk=1,26.7997958,92.96971,Assam
Aerofit GYM,Gym,"Goalpara - Guwahati Rd, Azara, Guwahati, Assam 781017, India",https://www.google.co.kr/maps/place/Aerofit+GYM/data=!4m5!3m4!1s0x375a45d7ba79ed01:0x608d6c58d10a85ee!8m2!3d26.1311703!4d91.6223985?authuser=0&hl=en&rclk=1,26.1311703,91.6223985,Assam
AeroFitness,Gym,"Matu Complex, Mahapurush Madhabdev Path, Six Mile, Guwahati, Assam Ghy - 37, India",https://www.google.co.kr/maps/place/AeroFitness/data=!4m5!3m4!1s0x375a59fd0e2c795b:0xc8e36e2f3f1647e0!8m2!3d26.1318596!4d91.8082456?authuser=0&hl=en&rclk=1,26.1318596,91.8082456,Assam
Bhabajeet Choudhury : Train With Bhabajeet,Fitness center,"Sundarpur, RG Baruah Road DD Complex 2, Second Floor, Guwahati, Assam 781006, India",https://www.google.co.kr/maps/place/Bhabajeet+Choudhury+:+Train+With+Bhabajeet/data=!4m5!3m4!1s0x375a598f9c6bbeb1:0xbc9925bdbe3b0979!8m2!3d26.1610333!4d91.7810805?authuser=0&hl=en&rclk=1,26.1610333,91.7810805,Assam
Dadu's Fitness Studio,Gym,"Ttiloi Bari, Dibrugarh, Assam 786001, India",https://www.google.co.kr/maps/place/Dadu's+Fitness+Studio/data=!4m5!3m4!1s0x37409873333ee637:0xce957254a1c5df44!8m2!3d27.4708608!4d94.9142109?authuser=0&hl=en&rclk=1,27.4708608,94.9142109,Assam
Bodybuilding,Gym,"Tiwa Path, Birkuchi, Narengi Tinali, Guwahati, Assam 781026, India",https://www.google.co.kr/maps/place/Bodybuilding/data=!4m5!3m4!1s0x375af72cb3c2627b:0x9cd521f847fcf8b0!8m2!3d26.1862839!4d91.8502248?authuser=0&hl=en&rclk=1,26.1862839,91.8502248,Assam
Renuka Health Care Gym,Gym,"CCRP+6JX, Khat, Nalbari, Assam 781335, India",https://www.google.co.kr/maps/place/Renuka+Health+Care+Gym/data=!4m5!3m4!1s0x375bcc9973d8b61d:0x6bc1af67bf666a1c!8m2!3d26.4406011!4d91.4366183?authuser=0&hl=en&rclk=1,26.4406011,91.4366183,Assam
Fit Up Fitness Center,Gym,"4PXH+G9Q, Dhirenpara, Guwahati, Assam 781009, India",https://www.google.co.kr/maps/place/Fit+Up+Fitness+Center/data=!4m5!3m4!1s0x375a5b9618d7c253:0xf777845534630130!8m2!3d26.14885!4d91.728483?authuser=0&hl=en&rclk=1,26.14885,91.728483,Assam
The Iron City Gym-silchar,Gym,"RR96+6P7, Chamragudam, Madhurbond, Uttar Krishnapur Pt II, Assam 788001, India",https://www.google.co.kr/maps/place/The+Iron+City+Gym-silchar/data=!4m5!3m4!1s0x374e4b11ccf3447b:0xb6fefb49f68c8c24!8m2!3d24.8180364!4d92.8118066?authuser=0&hl=en&rclk=1,24.8180364,92.8118066,Assam
Tularam Fitness Centre,Gym,"Lake, near HANGING BRIDGE, Halflong East, Haflong, Assam 788819, India",https://www.google.co.kr/maps/place/Tularam+Fitness+Centre/data=!4m5!3m4!1s0x374fa3f440ca5161:0x8897b7e4428adb24!8m2!3d25.1657523!4d93.0162258?authuser=0&hl=en&rclk=1,25.1657523,93.0162258,Assam
Deh Vikash The Gym,Gym,"Junaki path, Rupai Siding, Assam 786153, India",https://www.google.co.kr/maps/place/Deh+Vikash+The+Gym/data=!4m5!3m4!1s0x373f11ed84fe46a3:0x97d45f4c2e11a666!8m2!3d27.6018066!4d95.5563573?authuser=0&hl=en&rclk=1,27.6018066,95.5563573,Assam
My GYM,Gym,"Japorigog Rd, Lichubagan, Hengrabari, Guwahati, Assam 781036, India",https://www.google.co.kr/maps/place/My+GYM/data=!4m5!3m4!1s0x375a59a39eb4456b:0x969f1fd6f11994bc!8m2!3d26.1503043!4d91.7998125?authuser=0&hl=en&rclk=1,26.1503043,91.7998125,Assam
BRAHMAPUTRA GYM,Gym,"Madrasa Sodilapur Rd, Gopinath Bordoloi Nagar, Jalukbari, Guwahati, Assam 781014, India",https://www.google.co.kr/maps/place/BRAHMAPUTRA+GYM/data=!4m5!3m4!1s0x375a45a7570f7343:0x69497f1ec534ba22!8m2!3d26.16928!4d91.667981?authuser=0&hl=en&rclk=1,26.16928,91.667981,Assam
PRO FIT,Gym,"1st floor, BB Complex, Basistha Rd, Bakarapara, Guwahati, Assam 781029, India",https://www.google.co.kr/maps/place/PRO+FIT/data=!4m5!3m4!1s0x375a5facd6531b1b:0x5a12247a7bcac22c!8m2!3d26.1082262!4d91.7996163?authuser=0&hl=en&rclk=1,26.1082262,91.7996163,Assam
DEEP FITNESS STUDIO,Gym,"Pakiza Samsun Plaza, Maniram Dewan Rd, Bamunimaidan, Guwahati, Assam 781021, India",https://www.google.co.kr/maps/place/DEEP+FITNESS+STUDIO/data=!4m5!3m4!1s0x375a59547994c733:0x6b672294f0625093!8m2!3d26.1833763!4d91.7800911?authuser=0&hl=en&rclk=1,26.1833763,91.7800911,Assam
Bhagabatipara Gym,Gym,"Assam 781122, India",https://www.google.co.kr/maps/place/Bhagabatipara+Gym/data=!4m5!3m4!1s0x375a3efe744501fd:0x40352628da49d5f4!8m2!3d26.0867612!4d91.4807162?authuser=0&hl=en&rclk=1,26.0867612,91.4807162,Assam
Pace Aerobics,Gym,"4, By Lane Number 2, Tarun Nagar, Guwahati, Assam 781006, India",https://www.google.co.kr/maps/place/Pace+Aerobics/data=!4m5!3m4!1s0x375a5972d1b97103:0xd4cb032b56e0155a!8m2!3d26.1628598!4d91.7729493?authuser=0&hl=en&rclk=1,26.1628598,91.7729493,Assam
Udit Gym,Gym,"Mirza, Maliata, Assam 781125, India",https://www.google.co.kr/maps/place/Udit+Gym/data=!4m5!3m4!1s0x375a408fe7cc1d6f:0xa5610544d68ca661!8m2!3d26.0917287!4d91.5316245?authuser=0&hl=en&rclk=1,26.0917287,91.5316245,Assam
GROUP FITNESS,Fitness center,"VIP Ln, Tarun Nagar, Guwahati, Assam 781001, India",https://www.google.co.kr/maps/place/GROUP+FITNESS/data=!4m5!3m4!1s0x375a597af4e17805:0x256f3577fcf79f51!8m2!3d26.1629443!4d91.7758362?authuser=0&hl=en&rclk=1,26.1629443,91.7758362,Assam
Universal Iron Unisex Fitness Centre,Gym,"Kalapahar, Cycle Factory Tiniali, Guwahati, Assam 781016, India",https://www.google.co.kr/maps/place/Universal+Iron+Unisex+Fitness+Centre/data=!4m5!3m4!1s0x375a5bc59880f871:0x216a9a42d291c788!8m2!3d26.1594531!4d91.7412656?authuser=0&hl=en&rclk=1,26.1594531,91.7412656,Assam
ELITE GYM,Gym,"Station Rd, Karimganj, Assam 788710, India",https://www.google.co.kr/maps/place/ELITE+GYM/data=!4m5!3m4!1s0x3751d343ef9732bb:0x67248088154a33a5!8m2!3d24.8668585!4d92.367227?authuser=0&hl=en&rclk=1,24.8668585,92.367227,Assam
SARAIGHAT GYM,Gym,"Assam forest School, Assam 782441, India",https://www.google.co.kr/maps/place/SARAIGHAT+GYM/data=!4m5!3m4!1s0x3745114ca2ddbb49:0x9f5f87b37927effd!8m2!3d26.2006042!4d92.9375738?authuser=0&hl=en&rclk=1,26.2006042,92.9375738,Assam
L R FITNESS,Gym,"4QQ3+RC9, Odalbakra, Kahilipara, Guwahati, Assam 781034, India",https://www.google.co.kr/maps/place/L+R+FITNESS/data=!4m5!3m4!1s0x375a5b59379cc569:0xfc10fcb2a7baeef3!8m2!3d26.1395418!4d91.7536234?authuser=0&hl=en&rclk=1,26.1395418,91.7536234,Assam
HEALTH GYM,Gym,"B-11/2, Jagiroad, Assam 782413, India",https://www.google.co.kr/maps/place/HEALTH+GYM/data=!4m5!3m4!1s0x375ac41c7db7ff0d:0xab752011b7b212da!8m2!3d26.1242379!4d92.2363495?authuser=0&hl=en&rclk=1,26.1242379,92.2363495,Assam
Spunk Paradise,Gym,"Rehabari, Guwahati, Assam 781008, India",https://www.google.co.kr/maps/place/Spunk+Paradise/data=!4m5!3m4!1s0x375a5b71b6eff837:0xdcd8e03660ae6b6a!8m2!3d26.1720937!4d91.7458264?authuser=0&hl=en&rclk=1,26.1720937,91.7458264,Assam
LIVESTRONG FITNESS WORLD UNISEX GYM,Gym,"Radha nagar path, Village, Radha Nagar, Borbari, Guwahati, Assam 781023, India",https://www.google.co.kr/maps/place/LIVESTRONG+FITNESS+WORLD+UNISEX+GYM/data=!4m5!3m4!1s0x375a58be945ca989:0xc2a7ddd32cbed6ec!8m2!3d26.14401!4d91.8161774?authuser=0&hl=en&rclk=1,26.14401,91.8161774,Assam
Evolution Gym,Gym,"Digholi Pukhuri East, Dighalipukhuri, Guwahati, Assam 781001, India",https://www.google.co.kr/maps/place/Evolution+Gym/data=!4m5!3m4!1s0x375a5a27edf04847:0xd442d9fdc0f3b9c6!8m2!3d26.185543!4d91.7532944?authuser=0&hl=en&rclk=1,26.185543,91.7532944,Assam
Optimum Fitness,Gym,"GNB Rd, Dhanua Nagar, Tezpur, Assam 784001, India",https://www.google.co.kr/maps/place/Optimum+Fitness/data=!4m5!3m4!1s0x3744e9b7722deee5:0x834a610396e34831!8m2!3d26.6448004!4d92.7985968?authuser=0&hl=en&rclk=1,26.6448004,92.7985968,Assam
Attitude Unisex Parlour,Gym,"4th floor, Oasis Building, Dr. B Borooah Road, opposite Landmark Hotel, Guwahati, Assam, India",https://www.google.co.kr/maps/place/Attitude+Unisex+Parlour/data=!4m5!3m4!1s0x375a5beb6d879e0f:0x9bfcae05e846856f!8m2!3d26.1445169!4d91.7362364?authuser=0&hl=en&rclk=1,26.1445169,91.7362364,Assam
Marshall Gym,Gym,"House No 10, Arunodoi Path, Christian Basti, Guwahati, Assam 781005, India",https://www.google.co.kr/maps/place/Marshall+Gym/data=!4m5!3m4!1s0x375a5912dfe6d04d:0xf49ea70dce17245!8m2!3d26.1556556!4d91.7769883?authuser=0&hl=en&rclk=1,26.1556556,91.7769883,Assam
Fitness Centre,Gym,"NH 15, Singimari Kuch Gaon, Assam 784112, India",https://www.google.co.kr/maps/place/Fitness+Centre/data=!4m5!3m4!1s0x375b35a7dd898d89:0xce67469598525fe3!8m2!3d26.6978526!4d92.3925948?authuser=0&hl=en&rclk=1,26.6978526,92.3925948,Assam
Maa Fitness GYM,Fitness center,"C4FX+PVH, Kawaimarikaragari Reserve, Assam 781352, India",https://www.google.co.kr/maps/place/Maa+Fitness+GYM/data=!4m5!3m4!1s0x37597fe7093ee7e7:0x2de68bb36f3c0cda!8m2!3d26.4243115!4d91.1497319?authuser=0&hl=en&rclk=1,26.4243115,91.1497319,Assam
MAX FITNESS UNISEX GYM,Gym,"RNB Rd, opposite Ruchika Restaurant, Bagansali, Tengapara, Kokrajhar, Assam 783370, India",https://www.google.co.kr/maps/place/MAX+FITNESS+UNISEX+GYM/data=!4m5!3m4!1s0x375861ca1be8cc71:0x25448578ab26255f!8m2!3d26.4004069!4d90.2748543?authuser=0&hl=en&rclk=1,26.4004069,90.2748543,Assam
Gym Holic,Gym,"2, Assam Trunk Rd, Adabari Tiniali, Adabari, Guwahati, Assam 781012, India",https://www.google.co.kr/maps/place/Gym+Holic/data=!4m5!3m4!1s0x375a5b308802a863:0x3f4d3aa2b71f19d0!8m2!3d26.1586466!4d91.6842838?authuser=0&hl=en&rclk=1,26.1586466,91.6842838,Assam
Perfect Fitness,Gym,"Maniram Dewan Rd, Bamunimaidan, Guwahati, Assam 781003, India",https://www.google.co.kr/maps/place/Perfect+Fitness/data=!4m5!3m4!1s0x375a59c2ac714e1d:0x8c08e142c7dcafef!8m2!3d26.1832335!4d91.7828536?authuser=0&hl=en&rclk=1,26.1832335,91.7828536,Assam
Bordoua soruhisha,Gym,"8MWM+GJV, Haibargaon, Daccapatty, Nagaon, Assam 782003, India",https://www.google.co.kr/maps/place/Bordoua+soruhisha/data=!4m5!3m4!1s0x374526d8b01a1a4b:0xb443a6936d1c55b0!8m2!3d26.3463713!4d92.6840426?authuser=0&hl=en&rclk=1,26.3463713,92.6840426,Assam
GymX Fitness Studio Bihpuria,Gym,"Bihpuria ward no 2 Near North East Small Finance Bank, near North East Small Finance Bank, Bihpuria, Assam 784161, India",https://www.google.co.kr/maps/place/GymX+Fitness+Studio+Bihpuria/data=!4m5!3m4!1s0x3746b1573b2aa8ff:0x39b9b17299a12de4!8m2!3d27.0202797!4d93.9189343?authuser=0&hl=en&rclk=1,27.0202797,93.9189343,Assam
THE FIT HUB,Gym,"Basanaghat, Forest Gate, Aujari Pathar, Assam 782105, India",https://www.google.co.kr/maps/place/THE+FIT+HUB/data=!4m5!3m4!1s0x375ad168728853ed:0xc4d24afebd34b11!8m2!3d26.2426936!4d92.3085776?authuser=0&hl=en&rclk=1,26.2426936,92.3085776,Assam
Glorious Gym,Gym,"DRDA Rd, Mangaldoi, Assam 784125, India",https://www.google.co.kr/maps/place/Glorious+Gym/data=!4m5!3m4!1s0x375b1dbd2506f6c7:0x90b963d2605845c4!8m2!3d26.431068!4d92.0287284?authuser=0&hl=en&rclk=1,26.431068,92.0287284,Assam
Aero fitness,Gym,"Mahapurush Madhabdev Path, Bormotoria, Guwahati, Assam 781036, India",https://www.google.co.kr/maps/place/Aero+fitness/data=!4m5!3m4!1s0x375a590062b1355f:0x1b06b065fae7bd04!8m2!3d26.1414211!4d91.8117107?authuser=0&hl=en&rclk=1,26.1414211,91.8117107,Assam
Morigaon H S Feild,Gym,"Bakarigaon, Assam 782105, India",https://www.google.co.kr/maps/place/Morigaon+H+S+Feild/data=!4m5!3m4!1s0x375ad1aae57299bb:0xa2533d53afc9ffcd!8m2!3d26.2563806!4d92.343619?authuser=0&hl=en&rclk=1,26.2563806,92.343619,Assam
Ssweat Gym Silchar / Ssweat Fitness Centre/ Best Gym/ Top Gym/Gym Near Me In Silchar,Gym,"House No.1, Lane, No. 29, Vivekananda Rd, opposite Sreema Bibah Bhawan, Silchar, Assam 788007, India",https://www.google.co.kr/maps/place/Ssweat+Gym+Silchar+%2F+Ssweat+Fitness+Centre%2F+Best+Gym%2F+Top+Gym%2FGym+Near+Me+In+Silchar/data=!4m5!3m4!1s0x374e4a700d2e9677:0x3443a88893cb33cd!8m2!3d24.8184366!4d92.7864666?authuser=0&hl=en&rclk=1,24.8184366,92.7864666,Assam
Dolphin Gym,Gym,"Kaliani Pathar, Assam 785101, India",https://www.google.co.kr/maps/place/Dolphin+Gym/data=!4m5!3m4!1s0x3746c3745737af03:0xf688dce5dda8d305!8m2!3d26.8156118!4d94.2177807?authuser=0&hl=en&rclk=1,26.8156118,94.2177807,Assam
Police Reserve GYM,Gym,"JRF4+PJJ, Mahabhairab, Tezpur, Assam 784001, India",https://www.google.co.kr/maps/place/Police+Reserve+GYM/data=!4m5!3m4!1s0x3744e93903ce4f63:0x9fe647ca815111df!8m2!3d26.6243277!4d92.8065294?authuser=0&hl=en&rclk=1,26.6243277,92.8065294,Assam
Glorious Gym & Fitness Centre,Gym,"Bus Stand, Ward No 9 Bhebarghat Near, Mangaldoi, Assam 784125, India",https://www.google.co.kr/maps/place/Glorious+Gym+%26+Fitness+Centre/data=!4m5!3m4!1s0x375b1dc47f473995:0x65d97d1c61a82ee5!8m2!3d26.4350487!4d92.0232563?authuser=0&hl=en&rclk=1,26.4350487,92.0232563,Assam
Pankhuri House,Gym,"9M7H+CF5, Ranga Gara Huzz, Assam 782002, India",https://www.google.co.kr/maps/place/Pankhuri+House/data=!4m5!3m4!1s0x374527f6c9c060ed:0x1935dfd32215fef!8m2!3d26.363523!4d92.678745?authuser=0&hl=en&rclk=1,26.363523,92.678745,Assam
Maa. A Fitness Hub,Gym,"opposite kv, Jaya Nagar, Khanapara, Guwahati, Assam 781028, India",https://www.google.co.kr/maps/place/Maa.+A+Fitness+Hub/data=!4m5!3m4!1s0x375a5f5ea809eb63:0x216417b1eb7468a5!8m2!3d26.1225437!4d91.8107264?authuser=0&hl=en&rclk=1,26.1225437,91.8107264,Assam
Fitness Zone,Gym,"2no, Kiran Nagar, phool bari, Silapathar, Moranhat Town, Assam 787058, India",https://www.google.co.kr/maps/place/Fitness+Zone/data=!4m5!3m4!1s0x3740adbd21d54905:0x21fdb80615d1b88d!8m2!3d27.1684345!4d94.8974106?authuser=0&hl=en&rclk=1,27.1684345,94.8974106,Assam
KARNAV FITNESS GYM,Gym,"6JCG+692, Singimari, Assam 781132, India",https://www.google.co.kr/maps/place/KARNAV+FITNESS+GYM/data=!4m5!3m4!1s0x375a459e91ec0c77:0x48130b6de785a329!8m2!3d26.2205017!4d91.6258897?authuser=0&hl=en&rclk=1,26.2205017,91.6258897,Assam
NK Universe Gym,Gym,"5M6P+2WF, Pandav Nagar, Pandu, Guwahati, Assam 781012, India",https://www.google.co.kr/maps/place/NK+Universe+Gym/data=!4m5!3m4!1s0x375a5b3ac1dbd6af:0x8915d930512c92f5!8m2!3d26.1600577!4d91.6872945?authuser=0&hl=en&rclk=1,26.1600577,91.6872945,Assam
Bodybuilding,Gym,"Tiwa path, Dayal Nagar, Birkuchi, Narengi Tinali, Guwahati, Assam 781026, India",https://www.google.co.kr/maps/place/Bodybuilding/data=!4m5!3m4!1s0x375af72ce2024233:0xaece6acc733afbb5!8m2!3d26.1868865!4d91.8521582?authuser=0&hl=en&rclk=1,26.1868865,91.8521582,Assam
Rough Fitness Gym,Gym,"Q648+5J7, Gar-Ali, Jorhat, Assam 785001, India",https://www.google.co.kr/maps/place/Rough+Fitness+Gym/data=!4m5!3m4!1s0x3746c2bf18a22f53:0x263eb8094f6e482b!8m2!3d26.7554005!4d94.2165432?authuser=0&hl=en&rclk=1,26.7554005,94.2165432,Assam
Fitness Station,Fitness center,"Ambikagiri nagar path, Guwahati, Assam 781024, India",https://www.google.co.kr/maps/place/Fitness+Station/data=!4m5!3m4!1s0x375a59a827335ac1:0xb25585dc7b0c6249!8m2!3d26.172248!4d91.784809?authuser=0&hl=en&rclk=1,26.172248,91.784809,Assam
U FIT GYM,Fitness center,"Chandan Nagar ,survey, opposite - chandaan nagar namghar, Beltola Tiniali, Guwahati, Assam 781028, India",https://www.google.co.kr/maps/place/U+FIT+GYM/data=!4m5!3m4!1s0x375a58d476a5612f:0x6485a2d209147426!8m2!3d26.1288294!4d91.797542?authuser=0&hl=en&rclk=1,26.1288294,91.797542,Assam
HARDCORE GYM,Fitness center,"Ramdia Nampara chowk road, Guwahati, Assam 781102, India",https://www.google.co.kr/maps/place/HARDCORE+GYM/data=!4m5!3m4!1s0x375a37fbb77cdca3:0xcd8e31ce598dfb22!8m2!3d26.2281854!4d91.4970311?authuser=0&hl=en&rclk=1,26.2281854,91.4970311,Assam
Berinton's Apartment,Gym,"Dhekerigaon, Assam 784116, India",https://www.google.co.kr/maps/place/Berinton's+Apartment/data=!4m5!3m4!1s0x375b257913cc809b:0x55a4e0034521a60!8m2!3d26.5699089!4d92.2458096?authuser=0&hl=en&rclk=1,26.5699089,92.2458096,Assam
BULLS GYM,Gym,"NH 15, North Lakhimpur, Assam 787031, India",https://www.google.co.kr/maps/place/BULLS+GYM/data=!4m5!3m4!1s0x374137fe49597aab:0x449efddfbf548847!8m2!3d27.2288603!4d94.0946174?authuser=0&hl=en&rclk=1,27.2288603,94.0946174,Assam
Fitness Point,Gym,"ward no 11, alternative road, near maternity hospital, Khat, Nalbari, Assam 781335, India",https://www.google.co.kr/maps/place/Fitness+Point/data=!4m5!3m4!1s0x375bcd1b48195fa3:0xc9578cfa9ff62979!8m2!3d26.4406182!4d91.4358897?authuser=0&hl=en&rclk=1,26.4406182,91.4358897,Assam
24 fitness,Gym,"Jyoti Nagar, Bamunimaidan, Guwahati, Assam 781021, India",https://www.google.co.kr/maps/place/24+fitness/data=!4m5!3m4!1s0x375a5beb6d879e09:0x37515e6ed1ad468f!8m2!3d26.1853722!4d91.7940582?authuser=0&hl=en&rclk=1,26.1853722,91.7940582,Assam
Multi Gym,Gym,"3GQP+G8M, Mirza, Santola, Assam 781015, India",https://www.google.co.kr/maps/place/Multi+Gym/data=!4m5!3m4!1s0x375a408c2f1deea3:0x9de3a0f8b87479b7!8m2!3d26.0888453!4d91.53579?authuser=0&hl=en&rclk=1,26.0888453,91.53579,Assam
IRON Fitness centre,Gym,"Thana Road, Babupatty, Jorhat, Assam 785001, India",https://www.google.co.kr/maps/place/IRON+Fitness+centre/data=!4m5!3m4!1s0x3746c341f0cf5661:0xe23bd29024d0645e!8m2!3d26.7554595!4d94.2141193?authuser=0&hl=en&rclk=1,26.7554595,94.2141193,Assam
OLYMPUS GYM Azara,Gym,"OLYMPUS GYM, opposite Pooja Apartment, Azara, Guwahati, Assam 781017, India",https://www.google.co.kr/maps/place/OLYMPUS+GYM+Azara/data=!4m5!3m4!1s0x375a430db1b50c89:0x9bf2f50ee4bc5cab!8m2!3d26.1238778!4d91.6173496?authuser=0&hl=en&rclk=1,26.1238778,91.6173496,Assam
Health Living Cafe .,Gym,"Kacharigaon, Kamarchuburi, Tezpur, Assam 784001, India",https://www.google.co.kr/maps/place/Health+Living+Cafe+./data=!4m5!3m4!1s0x3744e8328f6b2a33:0x18a376b874fd155a!8m2!3d26.6256516!4d92.7886394?authuser=0&hl=en&rclk=1,26.6256516,92.7886394,Assam
Muscle World Gym,Gym,"5RR4+8JM, Noonmati, Guwahati, Assam 781020, India",https://www.google.co.kr/maps/place/Muscle+World+Gym/data=!4m5!3m4!1s0x375a5846b94a388d:0x4ea992110962ffc2!8m2!3d26.1908372!4d91.8065593?authuser=0&hl=en&rclk=1,26.1908372,91.8065593,Assam
International Industries Gym Shop,Gym,"Gar Ali Rd, Babupatty, Jorhat, Assam 785001, India",https://www.google.co.kr/maps/place/International+Industries+Gym+Shop/data=!4m5!3m4!1s0x3746c2bf9e83bb85:0x392bdc76e3764c78!8m2!3d26.7567923!4d94.2152091?authuser=0&hl=en&rclk=1,26.7567923,94.2152091,Assam
New Edge Fitness,Gym,"2, Masjid Path, Katahbari, Dhirenpara, Guwahati, Assam 781009, India",https://www.google.co.kr/maps/place/New+Edge+Fitness/data=!4m5!3m4!1s0x375a5da634cc9775:0x3d3ed484c84339e!8m2!3d26.1255383!4d91.7208855?authuser=0&hl=en&rclk=1,26.1255383,91.7208855,Assam
The Stay Fitness,Fitness center,"1st Floor, House No. 1, Jhilmil Path, Beltola Tiniali, Guwahati, Assam 781038, India",https://www.google.co.kr/maps/place/The+Stay+Fitness/data=!4m5!3m4!1s0x375a5908502adb6b:0x96588e78047ada64!8m2!3d26.1964796!4d91.7672431?authuser=0&hl=en&rclk=1,26.1964796,91.7672431,Assam
UPS Fitness Gym,Gym,"4PHP+PVR, Jyotikuchi, Guwahati, Assam 781034, India",https://www.google.co.kr/maps/place/UPS+Fitness+Gym/data=!4m5!3m4!1s0x375a5ba4e0cb16e7:0x299713f39210eba9!8m2!3d26.1293697!4d91.7371434?authuser=0&hl=en&rclk=1,26.1293697,91.7371434,Assam
Team Heroes,Gym,"Divine Annexe, (Behind Divine Plaza, GS Rd, Dispur, Guwahati, Assam 781006, India",https://www.google.co.kr/maps/place/Team+Heroes/data=!4m5!3m4!1s0x375a5957777dac3f:0x400f293e76e938c4!8m2!3d26.1448263!4d91.7915316?authuser=0&hl=en&rclk=1,26.1448263,91.7915316,Assam
24 Fitness Gym,Gym,"9QVF+9XJ, Barkharikata, Assam 781121, India",https://www.google.co.kr/maps/place/24+Fitness+Gym/data=!4m5!3m4!1s0x375a55c552c69eeb:0x5bdceeb1945d752b!8m2!3d26.3934635!4d91.7748861?authuser=0&hl=en&rclk=1,26.3934635,91.7748861,Assam
Azara Gym,Gym,"NH 37, Azara, Guwahati, Assam 781017, India",https://www.google.co.kr/maps/place/Azara+Gym/data=!4m5!3m4!1s0x375a43f391ea86dd:0x6760417f4cf5d632!8m2!3d26.120217!4d91.6145463?authuser=0&hl=en&rclk=1,26.120217,91.6145463,Assam
Sportholics-Fitness Studio,Gym,"Assam Trunk Rd, Jakhalabandha, Assam 782136, India",https://www.google.co.kr/maps/place/Sportholics-Fitness+Studio/data=!4m5!3m4!1s0x3744f12e8512f871:0x88ebc75fd62bb2e9!8m2!3d26.584308!4d92.9894817?authuser=0&hl=en&rclk=1,26.584308,92.9894817,Assam
ENRICH TAEKWONDO ACCADEMY,Physical fitness program,"G.B.ROAD, near NAMGHAR, Nagaon, Assam 782003, India",https://www.google.co.kr/maps/place/ENRICH+TAEKWONDO+ACCADEMY/data=!4m5!3m4!1s0x3745273c3d75fa8b:0x621a49740dd0a659!8m2!3d26.348009!4d92.6838111?authuser=0&hl=en&rclk=1,26.348009,92.6838111,Assam
Medicos GYM,Gym,"4G34+J8F, Bijoynagar, Assam 781122, India",https://www.google.co.kr/maps/place/Medicos+GYM/data=!4m5!3m4!1s0x375a3f6a05e8d833:0x6a1c82892444b56b!8m2!3d26.1040615!4d91.5057948?authuser=0&hl=en&rclk=1,26.1040615,91.5057948,Assam
FIT TECH GYM.,Gym,"Baihata Chariali, Assam 781381, India",https://www.google.co.kr/maps/place/FIT+TECH+GYM./data=!4m5!3m4!1s0x375a53bb0452dbaf:0x812130d33099552c!8m2!3d26.3475691!4d91.7275709?authuser=0&hl=en&rclk=1,26.3475691,91.7275709,Assam
"(Cycle Market)Gear Up , Scott...",Gym,"Ulubari Flyover, South Sarania, Ulubari, Guwahati, Assam 781007, India","https://www.google.co.kr/maps/place/(Cycle+Market)Gear+Up+,+Scott.../data=!4m5!3m4!1s0x375a5981097242dd:0xac27f5d243e37218!8m2!3d26.1757147!4d91.7571644?authuser=0&hl=en&rclk=1",26.1757147,91.7571644,Assam
Gym Star & Fitness Center,Gym,"madhayam khanda, Assam 781030, India",https://www.google.co.kr/maps/place/Gym+Star+%26+Fitness+Center/data=!4m5!3m4!1s0x375a5bcc23bfa463:0x35250b8d85c93181!8m2!3d26.2039585!4d91.7270348?authuser=0&hl=en&rclk=1,26.2039585,91.7270348,Assam
Shg Hut Donkamukam,Gym,"WPJ2+WRV, Dongkamukam, Assam 782485, India",https://www.google.co.kr/maps/place/Shg+Hut+Donkamukam/data=!4m5!3m4!1s0x374541526b0c640b:0x64121d8e187f6892!8m2!3d25.932355!4d92.7020387?authuser=0&hl=en&rclk=1,25.932355,92.7020387,Assam
Fitness & Health Gym,Gym,"Unnamed Road, Niz-Gumutha Gaon, Assam 782003, India",https://www.google.co.kr/maps/place/Fitness+%26+Health+Gym/data=!4m5!3m4!1s0x3745204b32e06c63:0x4323301ee1d98ba5!8m2!3d26.3459103!4d92.7548097?authuser=0&hl=en&rclk=1,26.3459103,92.7548097,Assam
Siang Villa,Gym,"Kumargaon Rd, Kamarchuburi, Tezpur, Assam 784001, India",https://www.google.co.kr/maps/place/Siang+Villa/data=!4m5!3m4!1s0x3744e8320962d957:0x5628aa302ffcd286!8m2!3d26.6233381!4d92.788123?authuser=0&hl=en&rclk=1,26.6233381,92.788123,Assam
NAZ SLIMMING CENTER,Fitness center,"Azara, Guwahati, Assam 781017, India",https://www.google.co.kr/maps/place/NAZ+SLIMMING+CENTER/data=!4m5!3m4!1s0x375a45baf3d29875:0x9f5ce2ccc45d5d95!8m2!3d26.1319105!4d91.6231153?authuser=0&hl=en&rclk=1,26.1319105,91.6231153,Assam
. . FITNESS CENTER,Gym,"RGRQ+7QF, , Assam 784172, India",https://www.google.co.kr/maps/place/%E0%A6%86%E0%A7%B0.+%E0%A6%AC%E0%A6%BF.+FITNESS+CENTER/data=!4m5!3m4!1s0x3744177d94bf1bfd:0xfa5fce196a2de7b5!8m2!3d26.8406978!4d93.5394334?authuser=0&hl=en&rclk=1,26.8406978,93.5394334,Assam
CHC GYM,Fitness center,"Jail Rd, near KG Nursing home, Kushal Nagar, Atilagaon, Jorhat, Assam 785001, India",https://www.google.co.kr/maps/place/CHC+GYM/data=!4m5!3m4!1s0x3746c38273c35ca9:0xc2fcab80007905d6!8m2!3d26.7471625!4d94.2018621?authuser=0&hl=en&rclk=1,26.7471625,94.2018621,Assam
Fitness Corner,Gym,"Jitu Market, Central Rd, Gandhi Bagh, Ambicapatty, Silchar, Assam 788001, India",https://www.google.co.kr/maps/place/Fitness+Corner/data=!4m5!3m4!1s0x374e4a5e5184082f:0xa4aaf6da9186bcfa!8m2!3d24.8272925!4d92.799905?authuser=0&hl=en&rclk=1,24.8272925,92.799905,Assam
Six Brothers,Gym,"82J4+RGG, Muslimpatty, Barpeta, Assam 781301, India",https://www.google.co.kr/maps/place/Six+Brothers/data=!4m5!3m4!1s0x37599c71f47aec21:0x5ed5fce837331ce3!8m2!3d26.3320558!4d91.0063176?authuser=0&hl=en&rclk=1,26.3320558,91.0063176,Assam
NEW FLEXY GYM,Gym,"near Pioneer academy, Bezera, Assam 781121, India",https://www.google.co.kr/maps/place/NEW+FLEXY+GYM/data=!4m5!3m4!1s0x375a55c963c462df:0x9c021980ddc20db0!8m2!3d26.3459765!4d91.7760017?authuser=0&hl=en&rclk=1,26.3459765,91.7760017,Assam
"NES-Yoga Centre, DYC Maligaon",Yoga studio,"3rd Floor, A T Maligaon, Opp. LCB College, Kamakhya, Assam Trunk Rd, Guwahati, Assam 781012, India","https://www.google.co.kr/maps/place/NES-Yoga+Centre,+DYC+Maligaon/data=!4m5!3m4!1s0x375a5b08a7eeb707:0xb943b775d9d377a5!8m2!3d26.1612379!4d91.7107759?authuser=0&hl=en&rclk=1",26.1612379,91.7107759,Assam
Gym India,Gymnasium Cz,"AT Road 3rd floor, SBI Bhootnath Kalipur Branch Building, Guwahati, Assam 781009, India",https://www.google.co.kr/maps/place/Gym+India/data=!4m5!3m4!1s0x375a5bf87a188709:0x8bf12395d380f6b2!8m2!3d26.1675451!4d91.7200112?authuser=0&hl=en&rclk=1,26.1675451,91.7200112,Assam
Ultimate Fitness Gym,Gym,"Convent Rd, Halflong East, Haflong, Assam 788819, India",https://www.google.co.kr/maps/place/Ultimate+Fitness+Gym/data=!4m5!3m4!1s0x374fa3fc833380bf:0xccaad75a3addf226!8m2!3d25.1676252!4d93.0136479?authuser=0&hl=en&rclk=1,25.1676252,93.0136479,Assam
H & F GYM,Gym,"near Assam Gramin Vikash Bank, Jharobari, Baranti Maniari, Assam 781122, India",https://www.google.co.kr/maps/place/H+%26+F+GYM/data=!4m5!3m4!1s0x375a3fadc440d509:0xf01ca73a443b1a17!8m2!3d26.0617593!4d91.4954523?authuser=0&hl=en&rclk=1,26.0617593,91.4954523,Assam
JERAI FITNESS PVT LTD,Gym,"2nd Floor , Mac Tower Lalmati, NH37, Lalmati, Guwahati, Assam 781029, India",https://www.google.co.kr/maps/place/JERAI+FITNESS+PVT+LTD/data=!4m5!3m4!1s0x375a5f57c45666bb:0x1a34385ceeb3b921!8m2!3d26.1102929!4d91.775782?authuser=0&hl=en&rclk=1,26.1102929,91.775782,Assam
HERBALIFE INDIA,Weight loss service,"G.N.B road silpukhuri House No.31 near aganbadi club backside of, Silpukhuri, Guwahati, Assam 781003, India",https://www.google.co.kr/maps/place/HERBALIFE+INDIA/data=!4m5!3m4!1s0x375a598554df3cc3:0x7649d9408a2efc46!8m2!3d26.183912!4d91.763161?authuser=0&hl=en&rclk=1,26.183912,91.763161,Assam
MemberX,Gym,"3H4F+6FC, Jangali Para, Assam 781015, India",https://www.google.co.kr/maps/place/MemberX/data=!4m5!3m4!1s0x375a412fb962086d:0x2cdd09ee94050d29!8m2!3d26.0555736!4d91.5736473?authuser=0&hl=en&rclk=1,26.0555736,91.5736473,Assam
sant nirankari satsang bhawan land,Gym,"Beseria, Kataki Chuburi, Assam 784501, India",https://www.google.co.kr/maps/place/sant+nirankari+satsang+bhawan+land/data=!4m5!3m4!1s0x3744c2162118e785:0xb08cb67bcc801081!8m2!3d26.65991!4d92.75825?authuser=0&hl=en&rclk=1,26.65991,92.75825,Assam
Lifestyle Yoga and Sports,Yoga studio,"Mamasjid road, Tenali, Salonibari, Tezpur, Assam 784104, India",https://www.google.co.kr/maps/place/Lifestyle+Yoga+and+Sports/data=!4m5!3m4!1s0x3744c12c71c7d2e9:0xd4638e8207be57f9!8m2!3d26.7197082!4d92.7660414?authuser=0&hl=en&rclk=1,26.7197082,92.7660414,Assam
Yoga Coliseum,Yoga studio,"Diphalu-Namghar Rd, Diphalu, Nagaon, Assam 782003, India",https://www.google.co.kr/maps/place/Yoga+Coliseum/data=!4m5!3m4!1s0x374521bef9efc8a5:0xf6536d14f29b7b2!8m2!3d26.3627701!4d92.7081608?authuser=0&hl=en&rclk=1,26.3627701,92.7081608,Assam
FAST FITNESS GYM,Fitness center,"Ambicapatty, Silchar, Assam 788004, India",https://www.google.co.kr/maps/place/FAST+FITNESS+GYM/data=!4m5!3m4!1s0x374e4bed476bc0a3:0xfbce49bfafdb7494!8m2!3d24.8168912!4d92.7950613?authuser=0&hl=en&rclk=1,24.8168912,92.7950613,Assam
"Sarva Yoga Studio - Guwahati, Assam",Yoga studio,"1st Floor, F Fort, Kachari Basti, G S Road, Ulubari,, near KFC, Guwahati, Assam 781007, India","https://www.google.co.kr/maps/place/Sarva+Yoga+Studio+-+Guwahati,+Assam/data=!4m5!3m4!1s0x375a592522b85889:0xcb402d8fb61f7eb0!8m2!3d26.172586!4d91.759667?authuser=0&hl=en&rclk=1",26.172586,91.759667,Assam
Arunima Dutta'sThe yoga Studio,Yoga studio,"Chandmari U Turn, Chandmari Flyover, above Panasonic Showroom, Chandmari, Guwahati, Assam 781004, India",https://www.google.co.kr/maps/place/Arunima+Dutta'sThe+yoga+Studio/data=!4m5!3m4!1s0x375a59bd3084d929:0x4bf0a495583cd35f!8m2!3d26.1848353!4d91.774996?authuser=0&hl=en&rclk=1,26.1848353,91.774996,Assam
Himalayan Yoga and Meditation,Yoga studio,"GS Rd, Bormotoria, Guwahati, Assam 781036, India",https://www.google.co.kr/maps/place/Himalayan+Yoga+and+Meditation/data=!4m5!3m4!1s0x375a5977390670f9:0xfd6e76f2d5ce9af9!8m2!3d26.1320555!4d91.807615?authuser=0&hl=en&rclk=1,26.1320555,91.807615,Assam
Urban Dharma,Yoga studio,"House No 7, Damoderdev Path, Mother Teresa Rd, Ambikagirinagar, Guwahati, Assam 781024, India",https://www.google.co.kr/maps/place/Urban+Dharma/data=!4m5!3m4!1s0x375a5907fba26ec7:0xb46e81d460dcab2!8m2!3d26.1717096!4d91.7834836?authuser=0&hl=en&rclk=1,26.1717096,91.7834836,Assam
