Company_Name,Category,Address,Url,latitude,longtitude
Clinic In jammu,Dental clinic,"Road, Kacchi Chawni, Ambphalla, Jammu, Jammu and Kashmir 180001",https://www.google.co.kr/maps/place/Clinic+In+jammu/data=!4m5!3m4!1s0x391e9cc143045675:0x7125c49f075e58cb!8m2!3d32.7401015!4d74.8658051?authuser=0&hl=en&rclk=1,32.7401015,74.8658051
Family Clinic,Medical clinic,"33 Green Avenue 1/A extension Trikuta Nagar, Jammu, Jammu and Kashmir 180020",https://www.google.co.kr/maps/place/Family+Clinic/data=!4m5!3m4!1s0x391e9ca58a20f3e5:0x9022bb494ac9d5d6!8m2!3d32.682447!4d74.881772?authuser=0&hl=en&rclk=1,32.682447,74.881772
JK Physiotherapy & Rehabilitation Clinic,Physical therapy clinic,"135-A, Near Shiv Mandir, Opp. Govt. Quarters, Gandhi Nagar, Jammu, Jammu and Kashmir 180004",https://www.google.co.kr/maps/place/JK+Physiotherapy+%26+Rehabilitation+Clinic/data=!4m5!3m4!1s0x391e84b74dbc22e5:0xdbe29f492d683fe6!8m2!3d32.7006626!4d74.8563738?authuser=0&hl=en&rclk=1,32.7006626,74.8563738
J.K. Dental Clinic,Dental clinic,"Opposite Bus Stop, Nai Basti, Jammu, Jammu and Kashmir",https://www.google.co.kr/maps/place/J.K.+Dental+Clinic/data=!4m5!3m4!1s0x391e84ca1cd8e11d:0xa83712a881579ef8!8m2!3d32.694998!4d74.84992?authuser=0&hl=en&rclk=1,32.694998,74.84992
Jammu Eye Clinic,Eye care center,"opp. Krishna Building, Pakki Dhaki, New Plots, Jammu, Jammu and Kashmir 180001",https://www.google.co.kr/maps/place/Jammu+Eye+Clinic/data=!4m5!3m4!1s0x391e846eb622cdd3:0x88966d69672be5a9!8m2!3d32.7384409!4d74.8653331?authuser=0&hl=en&rclk=1,32.7384409,74.8653331
Badrinath Hospital Jammu,Medical clinic,"Near Indian Oil Petrol Pump, Gangyal Sector -1, Gangayal, Jammu, 180010",https://www.google.co.kr/maps/place/Badrinath+Hospital+Jammu/data=!4m5!3m4!1s0x391e9b4bd1770cdb:0xf49cde2d746fac80!8m2!3d32.6704856!4d74.8628834?authuser=0&hl=en&rclk=1,32.6704856,74.8628834
Imperial polyclinic,Hospital,"Radiocolony, Rajbagh, Srinagar, Jammu and Kashmir 190008",https://www.google.co.kr/maps/place/Imperial+polyclinic/data=!4m5!3m4!1s0x38e18fbb2e4690ed:0x757ece87fb9dbee!8m2!3d34.0652043!4d74.8212759?authuser=0&hl=en&rclk=1,34.0652043,74.8212759
Maximum Clinics,Medical clinic,"Gole Market, 358/A Opp. Peer Baba Apsara Road, Gandhi Nagar, Jammu, Jammu and Kashmir 180004",https://www.google.co.kr/maps/place/Maximum+Clinics/data=!4m5!3m4!1s0x391e84b044abcd43:0xfc3648a9031bd5d8!8m2!3d32.7002309!4d74.860236?authuser=0&hl=en&rclk=1,32.7002309,74.860236
Humane Clinic Pvt. Ltd.,Alternative medicine practitioner,"2-3, Industrial Extension Area, Satwari, Jammu and Kashmir 180003",https://www.google.co.kr/maps/place/Humane+Clinic+Pvt.+Ltd./data=!4m5!3m4!1s0x391e84b5449ec0e1:0xfd2dcdb5450d2297!8m2!3d32.690882!4d74.851552?authuser=0&hl=en&rclk=1,32.690882,74.851552
International Health Clinic,Non-profit organization,"Barzulla Bridge, 38, New Airport Rd, Baghat, Srinagar, Jammu and Kashmir 190015",https://www.google.co.kr/maps/place/International+Health+Clinic/data=!4m5!3m4!1s0x38e191d9bab51dfd:0x2438ea813b4f9dab!8m2!3d34.0433648!4d74.8006893?authuser=0&hl=en&rclk=1,34.0433648,74.8006893
AYUR HEALTH CARE,Alternative medicine practitioner,"Bikram Chowk.Near Tawi Bridge, University Rd, Jammu, Jammu and Kashmir 180001",https://www.google.co.kr/maps/place/AYUR+HEALTH+CARE/data=!4m5!3m4!1s0x391e84972ab5419f:0xa5f6a14193eb507c!8m2!3d32.718286!4d74.8594969?authuser=0&hl=en&rclk=1,32.718286,74.8594969
Kashmir Clinics,Hospital,"263, Balgarden - Nursing garh Rd, Balgarden, Srinagar, Jammu and Kashmir 190010",https://www.google.co.kr/maps/place/Kashmir+Clinics/data=!4m5!3m4!1s0x38e18ff1ed390c91:0xfc5d2a5373ccd8f5!8m2!3d34.0757658!4d74.7972311?authuser=0&hl=en&rclk=1,34.0757658,74.7972311
HEALTHPLUS The Clinic,Medical clinic,"Main Bazar Kandoli Nagrota, Jammu, Jammu and Kashmir 181221",https://www.google.co.kr/maps/place/HEALTHPLUS+The+Clinic/data=!4m5!3m4!1s0x391e81cb5fb50c9f:0x437739b886b13aae!8m2!3d32.7986605!4d74.9157597?authuser=0&hl=en&rclk=1,32.7986605,74.9157597
"Aastha Skin Centre (Dr Cheena Langer; Skin Specialist, Laser & Hair Transplant Surgeon)",Dermatologist,"Amphalla Chowk, Karan Nagar, Jammu, Jammu and Kashmir 180005","https://www.google.co.kr/maps/place/Aastha+Skin+Centre+(Dr+Cheena+Langer;+Skin+Specialist,+Laser+%26+Hair+Transplant+Surgeon)/data=!4m5!3m4!1s0x391e847a46345599:0xfad2a8f6030c76ac!8m2!3d32.74491!4d74.866576?authuser=0&hl=en&rclk=1",32.74491,74.866576
Dr Neeraj Mahajan (Health For All Clinic),Heart hospital,"Plot No 3, Sector 1A, East Extention (Opp Shiv Mandir, Trikuta Nagar, Jammu, Jammu and Kashmir 180012",https://www.google.co.kr/maps/place/Dr+Neeraj+Mahajan+(Health+For+All+Clinic)/data=!4m5!3m4!1s0x391e9ded4228acd3:0xbf4299a188b2adea!8m2!3d32.6905684!4d74.8823577?authuser=0&hl=en&rclk=1,32.6905684,74.8823577
Care Eye Clinic,Eye care center,"Near Commerce College, Canal Road, Jammu, Jammu and Kashmir 180016",https://www.google.co.kr/maps/place/Care+Eye+Clinic/data=!4m5!3m4!1s0x391e848cb9364b47:0x49ae0df4b1558b13!8m2!3d32.7274096!4d74.851549?authuser=0&hl=en&rclk=1,32.7274096,74.851549
Care physiotherapy clinic 218/9 Nanak nagar jammu,Physical therapy clinic,"218, 9, Guru Nanak Nagar, Jammu, Jammu and Kashmir 180004",https://www.google.co.kr/maps/place/Care+physiotherapy+clinic+218%2F9+Nanak+nagar+jammu/data=!4m5!3m4!1s0x391e84ad51b212c1:0x5a8d31f1b00b6e99!8m2!3d32.694451!4d74.8654954?authuser=0&hl=en&rclk=1,32.694451,74.8654954
KSS Super Speciality Clinic,Specialized clinic,"38-F Rehari Colony Rehari Chungi Jammu Jammu Jammu and Kashmir, near Gurudwara, 180005",https://www.google.co.kr/maps/place/KSS+Super+Speciality+Clinic/data=!4m5!3m4!1s0x391e8552ca1574f3:0xc715509be61c272e!8m2!3d32.7435014!4d74.8578138?authuser=0&hl=en&rclk=1,32.7435014,74.8578138
"Dr.Sahil's Multi Speciality Homeopathic Clinic Jammu(Drug DeAddiction,Mental Health & Counseling)",Homeopath,"Purmandal Morh Ratnuchak, Planet Health Club, Jammu, Jammu and Kashmir 180010","https://www.google.co.kr/maps/place/Dr.Sahil's+Multi+Speciality+Homeopathic+Clinic+Jammu(Drug+DeAddiction,Mental+Health+%26+Counseling)/data=!4m5!3m4!1s0x391e9cf5ea5d576b:0xef318b4d0bd30999!8m2!3d32.6532438!4d74.9020832?authuser=0&hl=en&rclk=1",32.6532438,74.9020832
Chand Eye Clinic,Doctor,"32, Gurha, Bakshi Nagar, Jammu, Jammu and Kashmir 180001",https://www.google.co.kr/maps/place/Chand+Eye+Clinic/data=!4m5!3m4!1s0x391e845ee5df2165:0xeb50607415acb89f!8m2!3d32.7369717!4d74.8468271?authuser=0&hl=en&rclk=1,32.7369717,74.8468271
Dr.Khuroo's Medical Trust,Medical clinic,"Palapora, Srinagar, Jammu and Kashmir 190017",https://www.google.co.kr/maps/place/Dr.Khuroo's+Medical+Trust/data=!4m5!3m4!1s0x38e19aae44bd1f9d:0x37f47491adf73953!8m2!3d34.0911604!4d74.7727883?authuser=0&hl=en&rclk=1,34.0911604,74.7727883
Dr. KD's Eye Hospital - Jammu,Eye care center,"513- C, Sector-C, Sainik Colony, Jammu, Jammu and Kashmir 180011",https://www.google.co.kr/maps/place/Dr.+KD's+Eye+Hospital+-+Jammu/data=!4m5!3m4!1s0x391e9ce6554670e9:0xd7d0c42ab60b92cb!8m2!3d32.6838277!4d74.9092779?authuser=0&hl=en&rclk=1,32.6838277,74.9092779
Taj hair transplant Jammu Kashmir FUE,Hair transplantation clinic,"H.No. 7A Pvt, Gandhi Nagar, Jammu, Jammu and Kashmir 180004",https://www.google.co.kr/maps/place/Taj+hair+transplant+Jammu+Kashmir+FUE/data=!4m5!3m4!1s0x391e854a384d6bf1:0x3b4deeb735287770!8m2!3d32.6992019!4d74.8587214?authuser=0&hl=en&rclk=1,32.6992019,74.8587214
"Dr Ripudaman Mahajan M.D (Hom), Homoeopathic Physician Specialist",Doctor,"799-A-Special Last Morh, near Govt.Treasury, Gandhi Nagar, Jammu, Jammu and Kashmir 180004","https://www.google.co.kr/maps/place/Dr+Ripudaman+Mahajan+M.D+(Hom),+Homoeopathic+Physician+Specialist/data=!4m5!3m4!1s0x391e84b3f8783bc9:0x6fd59f4099cd52b2!8m2!3d32.6953693!4d74.8565071?authuser=0&hl=en&rclk=1",32.6953693,74.8565071
Amandeep Hospital Opd Clinic Jammu,Private hospital,"Greater Kailash, Jammu, Jammu and Kashmir 180011",https://www.google.co.kr/maps/place/Amandeep+Hospital+Opd+Clinic+Jammu/data=!4m5!3m4!1s0x391e9cbdc71deca1:0xf0551d0ce03c2afe!8m2!3d32.6744413!4d74.8905004?authuser=0&hl=en&rclk=1,32.6744413,74.8905004
Shri Mata Vaishno Devi Narayana Multispeciality clinic,Specialized clinic,"15-C, Sansar Tower 2nd Extension, Gandhi Nagar, Jammu, Jammu and Kashmir 180001",https://www.google.co.kr/maps/place/Shri+Mata+Vaishno+Devi+Narayana+Multispeciality+clinic/data=!4m5!3m4!1s0x391e852789746c75:0xc0d3f62cd78ca3d!8m2!3d32.7052649!4d74.8703671?authuser=0&hl=en&rclk=1,32.7052649,74.8703671
Sachdeva Netralaya,Eye care center,"3 B Ext, Gandhi Nagar, Jammu, Jammu and Kashmir 180004",https://www.google.co.kr/maps/place/Sachdeva+Netralaya/data=!4m5!3m4!1s0x391e84a580e3b2b3:0x9c29b673dd20ebff!8m2!3d32.702784!4d74.865576?authuser=0&hl=en&rclk=1,32.702784,74.865576
Dr Arti Sakral_Jammu Skin and Hair Clinic,Skin care clinic,"Kamla Palace Road Bharat Nagar Jammu Jammu and Kashmir, 180002",https://www.google.co.kr/maps/place/Dr+Arti+Sakral_Jammu+Skin+and+Hair+Clinic/data=!4m5!3m4!1s0x391e845373099e47:0xd9f24cdd3422b6dd!8m2!3d32.738062!4d74.829761?authuser=0&hl=en&rclk=1,32.738062,74.829761
Oracare Dental Clinic,Dental clinic,"Near J.K Public school, Kunjwani, Jammu, Jammu and Kashmir 180010",https://www.google.co.kr/maps/place/Oracare+Dental+Clinic/data=!4m5!3m4!1s0x391e9de2dcc3df93:0xedd2f64321b85ef6!8m2!3d32.6658722!4d74.8707089?authuser=0&hl=en&rclk=1,32.6658722,74.8707089
Jammu Teeth Clinic - Dentist in Jammu | Dental Clinic In Bari Brahmana,Dental clinic,"First Floor, Opposite Tandoori Tikka Town, SIDCO Chowk Bari Brahmana, Cantonment, Jammu, Jammu and Kashmir 181133",https://www.google.co.kr/maps/place/Jammu+Teeth+Clinic+-+Dentist+in+Jammu+%7C+Dental+Clinic+In+Bari+Brahmana/data=!4m5!3m4!1s0x391e9c5bbb271be7:0x7505c74ea6c36e92!8m2!3d32.6447285!4d74.9054278?authuser=0&hl=en&rclk=1,32.6447285,74.9054278
Dr Vikas Gupta Ayurvedic Treatment And Panchkarma Centre,Alternative medicine practitioner,"Bikram Chowk University Road, Near, Tawi Bridge, Jammu, Jammu and Kashmir 180020",https://www.google.co.kr/maps/place/Dr+Vikas+Gupta+Ayurvedic+Treatment+And+Panchkarma+Centre/data=!4m5!3m4!1s0x391e9caa9fe4083b:0x6b68ffd320757ff0!8m2!3d32.7179933!4d74.8594541?authuser=0&hl=en&rclk=1,32.7179933,74.8594541
Studio 6 Lifestyle Clinic Pvt.Ltd. Jammu,Hair transplantation clinic,"Bahu Plaza Park, South Block, Hall 207 2A, Jammu, Jammu and Kashmir 180001",https://www.google.co.kr/maps/place/Studio+6+Lifestyle+Clinic+Pvt.Ltd.+Jammu/data=!4m5!3m4!1s0x391e85ad098fc48b:0x6967a769b1a364e2!8m2!3d32.7044924!4d74.8727988?authuser=0&hl=en&rclk=1,32.7044924,74.8727988
Mother Care Clinic,Women's health clinic,"Link Road Udhampur, Lambi Gali, Udhampur, Jammu and Kashmir 182101",https://www.google.co.kr/maps/place/Mother+Care+Clinic/data=!4m5!3m4!1s0x391dd2c1aa60c869:0xdc5fb64bcea9d11c!8m2!3d32.9194113!4d75.1280656?authuser=0&hl=en&rclk=1,32.9194113,75.1280656
American Oncology Institute (Cancer Treatment Hospital) - Jammu,Private hospital,"Acharya Shri Chander College of Medical Sciences (ASCOMS By-Pass Road, Sidrah, Jammu, Jammu and Kashmir 180017",https://www.google.co.kr/maps/place/American+Oncology+Institute+(Cancer+Treatment+Hospital)+-+Jammu/data=!4m5!3m4!1s0x391e83008b1b4f0f:0x5dc6b8d15ebed492!8m2!3d32.7511347!4d74.9102711?authuser=0&hl=en&rclk=1,32.7511347,74.9102711
Mothers Care Clinic,Women's health clinic,"Hadiku complex 1st Floor, Baghat barzulla, Airport Rd, Srinagar, Jammu and Kashmir 190015",https://www.google.co.kr/maps/place/Mothers+Care+Clinic/data=!4m5!3m4!1s0x38e18fca49e7670b:0x836fde30ba1d4b0f!8m2!3d34.0464132!4d74.8014472?authuser=0&hl=en&rclk=1,34.0464132,74.8014472
Jk Medicity Hospital Pvt Ltd,Hospital,"Nh-1, Narwal Bye Pass Road, Jammu, Jammu and Kashmir 180015",https://www.google.co.kr/maps/place/Jk+Medicity+Hospital+Pvt+Ltd/data=!4m5!3m4!1s0x38e3039845f6356d:0xcd780c7fb87f5fae!8m2!3d32.6991155!4d74.9001379?authuser=0&hl=en&rclk=1,32.6991155,74.9001379
"Dr Mrinal Gupta, Dermatologist, Hair and Laser Specialist",Dermatologist,"343-A, Capital Clinic (SRL Laboratory), Gandhi Nagar, near Pahalwan Di Hatti, Jammu, Jammu and Kashmir 180004","https://www.google.co.kr/maps/place/Dr+Mrinal+Gupta,+Dermatologist,+Hair+and+Laser+Specialist/data=!4m5!3m4!1s0x391e84b06bffd8bd:0xb55f78362938e398!8m2!3d32.700967!4d74.860582?authuser=0&hl=en&rclk=1",32.700967,74.860582
Sood Eye Centre,Eye care center,"PVV6+GFF, Ambphalla, Old Heritage City, Jammu, Jammu and Kashmir 180001",https://www.google.co.kr/maps/place/Sood+Eye+Centre/data=!4m5!3m4!1s0x391e846523da243f:0xca367915a4052609!8m2!3d32.743812!4d74.8611832?authuser=0&hl=en&rclk=1,32.743812,74.8611832
Health Point Physiotherapy Clinic opposite Emergency Hospital Qazigund Anantnag.Govt Registered,Physical therapy clinic,"near Emergency Hospital, Qazigund, Jammu and Kashmir 192221",https://www.google.co.kr/maps/place/Health+Point+Physiotherapy+Clinic+opposite+Emergency+Hospital+Qazigund+Anantnag.Govt+Registered/data=!4m5!3m4!1s0x391df7db1aa760ab:0x7da41c7ddf56113!8m2!3d33.598049!4d75.1603528?authuser=0&hl=en&rclk=1,33.598049,75.1603528
Dr Amandeep K Anand OBGYN Clinic,Women's health clinic,"37-D, B/C, behind Ankur Gift Shop, Gandhi Nagar, Jammu, Jammu and Kashmir 180004",https://www.google.co.kr/maps/place/Dr+Amandeep+K+Anand+OBGYN+Clinic/data=!4m5!3m4!1s0x391e84f17117feb1:0x7d7627629dd717e0!8m2!3d32.7058713!4d74.8611681?authuser=0&hl=en&rclk=1,32.7058713,74.8611681
CareU Clinic,Medical clinic,"Sherpora Achabal, Road, Anantnag, Jammu and Kashmir 192101",https://www.google.co.kr/maps/place/CareU+Clinic/data=!4m5!3m4!1s0x38e20fa832b87285:0x4c84ec484b85f0df!8m2!3d33.7251261!4d75.1579142?authuser=0&hl=en&rclk=1,33.7251261,75.1579142
The Shoulder Clinic,Doctor,"160/1, Circular Road, Gujjar Nagar, opposite Police Post Jammu Jammu and Kashmir, 180001",https://www.google.co.kr/maps/place/The+Shoulder+Clinic/data=!4m5!3m4!1s0x391e8555d951ff57:0x242ffe2a1b0df42f!8m2!3d32.7275643!4d74.8726201?authuser=0&hl=en&rclk=1,32.7275643,74.8726201
Namah Physiotherapy Clinic,Physical therapy clinic,"nasib Naseeb Nagar, Jammu, Jammu and Kashmir 180007",https://www.google.co.kr/maps/place/Namah+Physiotherapy+Clinic/data=!4m5!3m4!1s0x391e843fbde16a2b:0xeb186db36a26e9d!8m2!3d32.7584263!4d74.8467339?authuser=0&hl=en&rclk=1,32.7584263,74.8467339
Asia Dental Clinic,Dentist,"320, near Vishal Mega Mart, Bakshi Nagar, Jammu, Jammu and Kashmir 180001",https://www.google.co.kr/maps/place/Asia+Dental+Clinic/data=!4m5!3m4!1s0x391e84606b676a97:0xa4ca2513e8de382!8m2!3d32.7378396!4d74.849251?authuser=0&hl=en&rclk=1,32.7378396,74.849251
Unani & Ayurvedic Clinic,Medical clinic,"4R84+HF4, Alamgari Bazar, Srinagar, Jammu and Kashmir 190011",https://www.google.co.kr/maps/place/Unani+%26+Ayurvedic+Clinic/data=!4m5!3m4!1s0x38e18517ad56faa3:0xa8fa1762813ca5f4!8m2!3d34.116387!4d74.8062099?authuser=0&hl=en&rclk=1,34.116387,74.8062099
Dr Anil Kumar Dhar's Clinic,Medical clinic,"48/1, Bhagwati Nagar Rd, Bhagwati Nagar, Canal Road, Jammu, Jammu and Kashmir 180016",https://www.google.co.kr/maps/place/Dr+Anil+Kumar+Dhar's+Clinic/data=!4m5!3m4!1s0x391e84f01a6f115d:0x6adc74cd8bfc0389!8m2!3d32.7237877!4d74.8437219?authuser=0&hl=en&rclk=1,32.7237877,74.8437219
Dr. Anil K. Sharma's Clinic,Diabetes center,"Exchange Rd, Opposite Telephone Exchange, Kacchi Chawni, Ambphalla, Old Heritage City, Jammu, Jammu and Kashmir 180001",https://www.google.co.kr/maps/place/Dr.+Anil+K.+Sharma's+Clinic/data=!4m5!3m4!1s0x391e847c8cb2e105:0x348ab716a2b513df!8m2!3d32.7397737!4d74.8649114?authuser=0&hl=en&rclk=1,32.7397737,74.8649114
SP Dental and Maxillofacial Centre (Best Dental Clinic/Jaw Fracture treatment),Dental clinic,"Above JK Wall putty store, nearJK Farms, Satyam Road, near Florence Apartments, Trikuta Nagar, extension, Jammu and Kashmir 180011",https://www.google.co.kr/maps/place/SP+Dental+and+Maxillofacial+Centre+(Best+Dental+Clinic%2FJaw+Fracture+treatment)/data=!4m5!3m4!1s0x391e9ca4f8de7eff:0x1d2c727c49764324!8m2!3d32.6795569!4d74.8830842?authuser=0&hl=en&rclk=1,32.6795569,74.8830842
Poonch Diagnostic Center,Diagnostic center,"MOHALLA DISTRICT HOSPITAL ROAD, JandK, Poonch, Jammu and Kashmir, Kamsar, Poonch",https://www.google.co.kr/maps/place/Poonch+Diagnostic+Center/data=!4m5!3m4!1s0x38e036f3ffffffff:0x317ac7b6d0e857b4!8m2!3d33.7717124!4d74.0946311?authuser=0&hl=en&rclk=1,33.7717124,74.0946311
A-One Ultrasound Center,Diagnostic center,"H.No-19, Sector -6, Trikuta Nagar, Jammu, Jammu and Kashmir 180015",https://www.google.co.kr/maps/place/A-One+Ultrasound+Center/data=!4m5!3m4!1s0x391e83565e5df3c7:0x48cc1f1954a49ef5!8m2!3d32.694893!4d74.8793446?authuser=0&hl=en&rclk=1,32.694893,74.8793446
Dr Sheetal Singh's Clinic,Hospital,"39-C Sector 1-A, Trikuta Nagar Jammu Jammu and Kashmir, 180020",https://www.google.co.kr/maps/place/Dr+Sheetal+Singh's+Clinic/data=!4m5!3m4!1s0x391e9cacbd94ea75:0x95dd7b6d0a005e14!8m2!3d32.6921592!4d74.8809905?authuser=0&hl=en&rclk=1,32.6921592,74.8809905
Dr Batra's Homeopathy,Homeopath,"SN 34B, Ground Floor, Bahu Plaza North Block, Bahu Plaza, near Da France Coffee Shop, Jammu, Jammu and Kashmir 180001",https://www.google.co.kr/maps/place/Dr+Batra's+Homeopathy/data=!4m5!3m4!1s0x391e84840ba96047:0x95e20ad48ef5be5b!8m2!3d32.7051144!4d74.8725224?authuser=0&hl=en&rclk=1,32.7051144,74.8725224
Ahal Dental Clinic,Dental clinic,"Apsara Theater Ahal Dental Clinic, First Floor, Opposite Apsara Theater, Gandhi Nagar, Jammu, Jammu and Kashmir 180004",https://www.google.co.kr/maps/place/Ahal+Dental+Clinic/data=!4m5!3m4!1s0x391e84b0e31434a3:0x3b5840aa99af303f!8m2!3d32.6997726!4d74.8586801?authuser=0&hl=en&rclk=1,32.6997726,74.8586801
Dr Abhishek Chauhan,Psychiatrist,"Treatwell medicate, opposite science college, Ambphalla, Jammu, Jammu and Kashmir 180002",https://www.google.co.kr/maps/place/Dr+Abhishek+Chauhan/data=!4m5!3m4!1s0x391e848cf362c917:0x168bdbff14c77437!8m2!3d32.727178!4d74.853265?authuser=0&hl=en&rclk=1,32.727178,74.853265
Dr. Imran Khan Orthopaedic in Anantnag J&K,Orthopedic clinic,"IBN SINA POLYCLINIC EID GAH ROAD, Ganjiwara St, Anantnag, Jammu and Kashmir 192101",https://www.google.co.kr/maps/place/Dr.+Imran+Khan+Orthopaedic+in+Anantnag+J%26K/data=!4m5!3m4!1s0x38e205c2c13dff95:0x961408c37fc5d0ab!8m2!3d33.7277182!4d75.1501602?authuser=0&hl=en&rclk=1,33.7277182,75.1501602
Hair Transplant Clinic in Jammu - Hair Doctors,Hair transplantation clinic,"Premises No.F -1794, 1st Floor, Main Road, above PNB Bank, Shastri Nagar, Jammu, Jammu and Kashmir 180004",https://www.google.co.kr/maps/place/Hair+Transplant+Clinic+in+Jammu+-+Hair+Doctors/data=!4m5!3m4!1s0x391e85197d16d365:0x2a6acf73d226e492!8m2!3d32.693451!4d74.8601283?authuser=0&hl=en&rclk=1,32.693451,74.8601283
Indo American Health,Medical group,"24 A Extension Gandhi Nagar, Jammu, Jammu and Kashmir 180004",https://www.google.co.kr/maps/place/Indo+American+Health/data=!4m5!3m4!1s0x391e84b1e6318d69:0xbdf71065af368b6a!8m2!3d32.697816!4d74.86173?authuser=0&hl=en&rclk=1,32.697816,74.86173
Dental Clinic,Dental clinic,"5, JDA, New Rehari, near Sukanta theater, Jammu, Jammu and Kashmir",https://www.google.co.kr/maps/place/Dental+Clinic/data=!4m5!3m4!1s0x391e8463996b2dd9:0x295b9a698e073c7d!8m2!3d32.7393016!4d74.8590146?authuser=0&hl=en&rclk=1,32.7393016,74.8590146
JK OPTICALS & JK MEDICOSE,Medical clinic,"near Skims Sarai-2, near Post Office, Soura, Srinagar, Jammu and Kashmir 190011",https://www.google.co.kr/maps/place/JK+OPTICALS+%26+JK+MEDICOSE/data=!4m5!3m4!1s0x38e185039cf35c25:0x42002e0482deca3f!8m2!3d34.1327696!4d74.802718?authuser=0&hl=en&rclk=1,34.1327696,74.802718
Braces and dental clinic,Orthodontist,"Hno. 154/1, Digiana, Sanjay Nagar, Jammu, Jammu and Kashmir 180004",https://www.google.co.kr/maps/place/Braces+and+dental+clinic/data=!4m5!3m4!1s0x391e9b8ee5f9795d:0x9af6e460a79af7b6!8m2!3d32.6871845!4d74.8587021?authuser=0&hl=en&rclk=1,32.6871845,74.8587021
Shah Multi Speciality Clinic,Dermatologist,"1st Floor, Auqal Complex, and Kashmir, Residency Rd, Pakki Dhaki, Jammu, 180001",https://www.google.co.kr/maps/place/Shah+Multi+Speciality+Clinic/data=!4m5!3m4!1s0x391e84842fef8563:0xe996d1274e6b5f99!8m2!3d32.7294099!4d74.8679195?authuser=0&hl=en&rclk=1,32.7294099,74.8679195
Advanced Dental Clinic,Dental clinic,"vikas nagar, patoli chowk, road, Sarwal, Jammu, Jammu and Kashmir 180007",https://www.google.co.kr/maps/place/Advanced+Dental+Clinic/data=!4m5!3m4!1s0x391e85efa72b6d6f:0x449fcd6f16044313!8m2!3d32.7522075!4d74.8463093?authuser=0&hl=en&rclk=1,32.7522075,74.8463093
Royal Infertility Clinic,Fertility clinic,"Rajbagh, Srinagar, Jammu and Kashmir 190008",https://www.google.co.kr/maps/place/Royal+Infertility+Clinic/data=!4m5!3m4!1s0x38e18f9f91c37449:0x5c1a2e84329d19fd!8m2!3d34.0678628!4d74.825381?authuser=0&hl=en&rclk=1,34.0678628,74.825381
Centre For Sight,Eye care center,"4/A Extension, Near Shaurya Motors Jammu Kunjwani BYE-pass Road, Jammu and Kashmir 180011",https://www.google.co.kr/maps/place/Centre+For+Sight/data=!4m5!3m4!1s0x391e8429524afe91:0xb9592fb2cc424128!8m2!3d32.7705951!4d74.833718?authuser=0&hl=en&rclk=1,32.7705951,74.833718
Vitasta Hospital,Hospital,"Swarn Vihar, Durga Nagar, Jammu, Jammu and Kashmir 181205",https://www.google.co.kr/maps/place/Vitasta+Hospital/data=!4m5!3m4!1s0x391e85d709c4af39:0x624d71dd10de1c!8m2!3d32.771097!4d74.8175637?authuser=0&hl=en&rclk=1,32.771097,74.8175637
"DR.Chander Mohan Kids Specialist - Dr. Vikas Sadhotra, Children Specialist in Udhampur, Kids Specialist in Udhampur, Best Child Specialist in Udhampur",Medical clinic,"near shivaye sweets shop, Adarsh Colony, Udhampur, Jammu and Kashmir 182101","https://www.google.co.kr/maps/place/DR.Chander+Mohan+Kids+Specialist+-+Dr.+Vikas+Sadhotra,+Children+Specialist+in+Udhampur,+Kids+Specialist+in+Udhampur,+Best+Child+Specialist+in+Udhampur/data=!4m5!3m4!1s0x391dd296c2c3398b:0xbf51fc31ce9353e2!8m2!3d32.9208397!4d75.1348362?authuser=0&hl=en&rclk=1",32.9208397,75.1348362
MEDANTA Mediconsult Centre,Hospital,"87-A Gole Market, Gandhi Nagar, Jammu, Jammu and Kashmir 180004",https://www.google.co.kr/maps/place/MEDANTA+Mediconsult+Centre/data=!4m5!3m4!1s0x391e84ba0de8505d:0xb80cbd861738ce17!8m2!3d32.7022672!4d74.8577124?authuser=0&hl=en&rclk=1,32.7022672,74.8577124
Kanav Bone & Joint Clinic,Medical clinic,"422-A, Gandhi Nagar, Jammu, Jammu and Kashmir 180004",https://www.google.co.kr/maps/place/Kanav+Bone+%26+Joint+Clinic/data=!4m5!3m4!1s0x391e84b1101b0f67:0xcb21e996f4deaec6!8m2!3d32.6982799!4d74.858723?authuser=0&hl=en&rclk=1,32.6982799,74.858723
Sapolia Dental Clinic Opp.Sub Distt Hospital Akhnoor,Dental clinic,"akhnoor jammu, Ambaran, Jammu and Kashmir 181201",https://www.google.co.kr/maps/place/Sapolia+Dental+Clinic+Opp.Sub+Distt+Hospital+Akhnoor/data=!4m5!3m4!1s0x391e6328fc0cbb1f:0xdc1d05bb6eb1a5df!8m2!3d32.8982695!4d74.7378729?authuser=0&hl=en&rclk=1,32.8982695,74.7378729
MED AGE Infertility Centre & Gynae Solutions,Reproductive health clinic,"21-Green Belt, Hamza Colony, opp. Womens Polytechnic, Bemina, Srinagar, Jammu and Kashmir 190018",https://www.google.co.kr/maps/place/MED+AGE+Infertility+Centre+%26+Gynae+Solutions/data=!4m5!3m4!1s0x38e19009000000f9:0x92751ea95ccd1c12!8m2!3d34.080113!4d74.765518?authuser=0&hl=en&rclk=1,34.080113,74.765518
Holistic Care Homoeopathic Clinic,Medical clinic,"Warsi Complex,2nd floor, opposite DPL, Ompura, Jammu and Kashmir 191111",https://www.google.co.kr/maps/place/Holistic+Care+Homoeopathic+Clinic/data=!4m5!3m4!1s0x38e19199403d72d5:0x12853be881f11db9!8m2!3d34.0274009!4d74.7348205?authuser=0&hl=en&rclk=1,34.0274009,74.7348205
Dr Indu Kaul Gynae Clinic,Doctor,"House No.1-A, Jammu and Kashmir, Sector 1, Channi Hinmat, Jammu, 180015",https://www.google.co.kr/maps/place/Dr+Indu+Kaul+Gynae+Clinic/data=!4m5!3m4!1s0x391e9cc9fd2c50cb:0x1743943e612ee135!8m2!3d32.6894!4d74.897402?authuser=0&hl=en&rclk=1,32.6894,74.897402
Dr. Rattan P Kudyar,Hospital,"National Highway Bypass, Sidhra, Jammu, Jammu and Kashmir 180017",https://www.google.co.kr/maps/place/Dr.+Rattan+P+Kudyar/data=!4m5!3m4!1s0x391e83bfc0000001:0x2ae3c7dc4a50287!8m2!3d32.7604934!4d74.8989541?authuser=0&hl=en&rclk=1,32.7604934,74.8989541
Mother's Pride Clinic,Doctor,"NH 44, Greater Kailash, Jammu, Jammu and Kashmir 180010",https://www.google.co.kr/maps/place/Mother's+Pride+Clinic/data=!4m5!3m4!1s0x391e9d0393b325fd:0xe66adc7df9a8fa49!8m2!3d32.6592453!4d74.8908739?authuser=0&hl=en&rclk=1,32.6592453,74.8908739
Dr Goel Dental Clinic,Dental clinic,"Rajinder Bazar Road, near National Furnishing, Talab Khitikan, Pakki Dhaki, Jammu, Jammu and Kashmir 180001",https://www.google.co.kr/maps/place/Dr+Goel+Dental+Clinic/data=!4m5!3m4!1s0x391e858393430883:0xf164fc19ac19dee7!8m2!3d32.7310891!4d74.8670909?authuser=0&hl=en&rclk=1,32.7310891,74.8670909
Ankur Maitrika Hospital,Hospital,"Ward No. 55, Deeli, near Jodhamal School, Channi Himat, Jammu, Jammu and Kashmir 180011",https://www.google.co.kr/maps/place/Ankur+Maitrika+Hospital/data=!4m5!3m4!1s0x391e9df1ad152c69:0xb7b8ce7203fa8f78!8m2!3d32.6825609!4d74.9036888?authuser=0&hl=en&rclk=1,32.6825609,74.9036888
CNC HOSPITAL,Hospital,"78/8, New By-Pass Road, Near Railway Station, Thrikoota Nagar, Jammu, Jammu and Kashmir 180001",https://www.google.co.kr/maps/place/CNC+HOSPITAL/data=!4m5!3m4!1s0x391e835727bdc9d5:0xfb05fff03eeb62c2!8m2!3d32.7016216!4d74.879101?authuser=0&hl=en&rclk=1,32.7016216,74.879101
Physio First Physiotherapy Clinic,Hospital,"MVX4+WG5, Gandhi Nagar, Jammu, Jammu and Kashmir 180004",https://www.google.co.kr/maps/place/Physio+First+Physiotherapy+Clinic/data=!4m5!3m4!1s0x391e84b72f4e1b0b:0xc2a9c77fe1d9d780!8m2!3d32.6997612!4d74.8563723?authuser=0&hl=en&rclk=1,32.6997612,74.8563723
IM Clinics,Private hospital,"Basant Nagar, Sabzi Mandi, Janipur, Jammu, Jammu and Kashmir 180005",https://www.google.co.kr/maps/place/IM+Clinics/data=!4m5!3m4!1s0x391e843adc580423:0x49975b9c40a5fd5a!8m2!3d32.7629106!4d74.844363?authuser=0&hl=en&rclk=1,32.7629106,74.844363
Dr Ashok Sharma,Ophthalmology clinic,"SDDM Hospital, Sector 2, Channi Himat, Jammu, Jammu and Kashmir 180015",https://www.google.co.kr/maps/place/Dr+Ashok+Sharma/data=!4m5!3m4!1s0x391e9db03afa0daf:0x5dd63cc36582767e!8m2!3d32.691167!4d74.8961257?authuser=0&hl=en&rclk=1,32.691167,74.8961257
Jammu Gynecologist Clinic Ahmad Medicate,Obstetrician-gynecologist,"Vidhata Nagar line, no 7, Bathindi Rd, Jammu, Jammu and Kashmir 181152",https://www.google.co.kr/maps/place/Jammu+Gynecologist+Clinic+Ahmad+Medicate/data=!4m5!3m4!1s0x391e833b1b839179:0x7f4e823d4ed8c019!8m2!3d32.7121791!4d74.9019817?authuser=0&hl=en&rclk=1,32.7121791,74.9019817
Dr.Arun Sharma (Apollo Gastro Liver and Gynae Clinic) Jammu,Gastroenterologist,"8 C 2nd Extension Bahu Plaza, near SRL Lab, Jammu, Jammu and Kashmir 180004",https://www.google.co.kr/maps/place/Dr.Arun+Sharma+(Apollo+Gastro+Liver+and+Gynae+Clinic)+Jammu/data=!4m5!3m4!1s0x391e8566ab39857b:0x23b6c7208f6110f7!8m2!3d32.7049849!4d74.8702068?authuser=0&hl=en&rclk=1,32.7049849,74.8702068
Goja Dental Clinic,Dental clinic,"Lane 4, Durga Nagar, Jammu, Jammu and Kashmir 180013",https://www.google.co.kr/maps/place/Goja+Dental+Clinic/data=!4m5!3m4!1s0x391e85d4d821b205:0x6fde092193a6263b!8m2!3d32.7723076!4d74.8257696?authuser=0&hl=en&rclk=1,32.7723076,74.8257696
Nissar x-ray & Diagnostic centre,Diagnostic center,"Baramulla - Handwara Hwy, Handwara, Jammu and Kashmir 193221",https://www.google.co.kr/maps/place/Nissar+x-ray+%26+Diagnostic+centre/data=!4m5!3m4!1s0x38e11cedb0c60f47:0x1c4406504aaf070f!8m2!3d34.3982153!4d74.2833665?authuser=0&hl=en&rclk=1,34.3982153,74.2833665
SDDM Hospital,General hospital,"Plot NS, Srinagar Kanyakumari Highway, Sector - 2 Channi Himmat, Jammu, Jammu and Kashmir 180015",https://www.google.co.kr/maps/place/SDDM+Hospital/data=!4m5!3m4!1s0x391e9cb5aaaaaaab:0x91d3522e82b6c433!8m2!3d32.69116!4d74.8961974?authuser=0&hl=en&rclk=1,32.69116,74.8961974
Triveni Nursing Home,Hospital,"8-C/C, Gandhi Nagar, Jammu, Jammu and Kashmir 180004",https://www.google.co.kr/maps/place/Triveni+Nursing+Home/data=!4m5!3m4!1s0x391e83677e54589b:0x79d82785a0255b0e!8m2!3d32.7067275!4d74.8627415?authuser=0&hl=en&rclk=1,32.7067275,74.8627415
Dr Neeraj Nagpal,Medical Center,"Nagrota Bypass, Channi Himat, Jammu, Jammu and Kashmir 180015",https://www.google.co.kr/maps/place/Dr+Neeraj+Nagpal/data=!4m5!3m4!1s0x391e9cc74b1ab57d:0x22a542eb08ba07cc!8m2!3d32.6791965!4d74.8987139?authuser=0&hl=en&rclk=1,32.6791965,74.8987139
Dental Health Care Clinic,Dental clinic,"Main Bazar, Batote, Jammu and Kashmir 182143",https://www.google.co.kr/maps/place/Dental+Health+Care+Clinic/data=!4m5!3m4!1s0x391dc76c7f7dd537:0xd6267171c8410aa7!8m2!3d33.1215891!4d75.3216488?authuser=0&hl=en&rclk=1,33.1215891,75.3216488
Cancer Society of Kashmir,Cancer treatment center,"2RG5+3R3, Lalnagar, Chanpora, Srinagar, Jammu and Kashmir 190015",https://www.google.co.kr/maps/place/Cancer+Society+of+Kashmir/data=!4m5!3m4!1s0x38e18e416304b2f3:0x160d959b2504475f!8m2!3d34.0251477!4d74.8095614?authuser=0&hl=en&rclk=1,34.0251477,74.8095614
Florence Hospital,Private hospital,"Chanpora, Srinagar, Jammu and Kashmir 190005",https://www.google.co.kr/maps/place/Florence+Hospital/data=!4m5!3m4!1s0x38e18e4bf1899809:0x3debe878bb381ef1!8m2!3d34.0389437!4d74.8087769?authuser=0&hl=en&rclk=1,34.0389437,74.8087769
Shri Maharaja Gulab Singh Hospital,General hospital,"PVM6+7QJ, Shalamar, Resham Ghar Colony, Jammu, Jammu and Kashmir 180001",https://www.google.co.kr/maps/place/Shri+Maharaja+Gulab+Singh+Hospital/data=!4m5!3m4!1s0x391e848e86e7c5b3:0x345b0b4d28b6bf81!8m2!3d32.7332051!4d74.8618775?authuser=0&hl=en&rclk=1,32.7332051,74.8618775
Shuddhi Clinic By Guru Manish Ji - Best Ayurveda Doctor & Ayurvedic Treatment,Ayurvedic clinic,"Sector 11, Shivaji Chowk, Nanak Nagar Main Road J&K Bank Vali Road, Jammu, Jammu and Kashmir 180004",https://www.google.co.kr/maps/place/Shuddhi+Clinic+By+Guru+Manish+Ji+-+Best+Ayurveda+Doctor+%26+Ayurvedic+Treatment/data=!4m5!3m4!1s0x391e84ac550949cf:0x1782fcdc96ce8326!8m2!3d32.700707!4d74.8686914?authuser=0&hl=en&rclk=1,32.700707,74.8686914
S.H.S Memorial Hospital & Maternity Centre,Private hospital,"33, Rehari Chungi, Gurudwara Road Jammu Jammu and Kashmir, 180005",https://www.google.co.kr/maps/place/S.H.S+Memorial+Hospital+%26+Maternity+Centre/data=!4m5!3m4!1s0x391e8465b2c9b843:0xaf65c3b8817e0be7!8m2!3d32.7431623!4d74.8586568?authuser=0&hl=en&rclk=1,32.7431623,74.8586568
SMILEMAX DENTAL CLINIC,Dentist,"Main chowk, near Self Care Chemist, Rehari Colony, Jammu, Jammu and Kashmir 180005",https://www.google.co.kr/maps/place/SMILEMAX+DENTAL+CLINIC/data=!4m5!3m4!1s0x391e85543991757b:0x3dc875d78b03b63c!8m2!3d32.7444162!4d74.8524019?authuser=0&hl=en&rclk=1,32.7444162,74.8524019
Asa's Dental clinic and implant centre,Dental clinic,"Jammu Rd, Katra, Jammu and Kashmir 182301",https://www.google.co.kr/maps/place/Asa's+Dental+clinic+and+implant+centre/data=!4m5!3m4!1s0x391e79791f113383:0x78cad3a07212e566!8m2!3d32.9891004!4d74.9258077?authuser=0&hl=en&rclk=1,32.9891004,74.9258077
Jammu Healthcare & Diagnostics Pvt Ltd,Diagnostic center,"F. No. 12 B, Bakshi Nagar, opp. Punjab National Bank, Jammu, Jammu and Kashmir 180016",https://www.google.co.kr/maps/place/Jammu+Healthcare+%26+Diagnostics+Pvt+Ltd/data=!4m5!3m4!1s0x391e8460137a68f7:0x190cb518639ede38!8m2!3d32.7351768!4d74.8517686?authuser=0&hl=en&rclk=1,32.7351768,74.8517686
KALINDI HOSPITAL AND DIAGNOSTIC CENTRE,Hospital,"2/155 subash nagar,vikas nagar, Jammu, Jammu and Kashmir 180005",https://www.google.co.kr/maps/place/KALINDI+HOSPITAL+AND+DIAGNOSTIC+CENTRE/data=!4m5!3m4!1s0x391e8443db51104b:0x331cdf1ee3b51a80!8m2!3d32.7492736!4d74.8467234?authuser=0&hl=en&rclk=1,32.7492736,74.8467234
JK Medicare & Healthcare Services (India) Pvt. Ltd.,Medical Center,"Plot No. 185, Sec-7, Channi Himmat, Housing Colony, Jammu, Jammu and Kashmir 180015",https://www.google.co.kr/maps/place/JK+Medicare+%26+Healthcare+Services+(India)+Pvt.+Ltd./data=!4m5!3m4!1s0x391e843ceaaaaaa9:0x13d638f84e7c2a56!8m2!3d32.7650451!4d74.846327?authuser=0&hl=en&rclk=1,32.7650451,74.846327
Elite Smile Dental Clinic,Dental clinic,"80-A/A, Near Jammu, Main Stop Gandhinagar, Gandhi Nagar, Jammu, Jammu and Kashmir 180004",https://www.google.co.kr/maps/place/Elite+Smile+Dental+Clinic/data=!4m5!3m4!1s0x391e84ba477a8ffb:0x2d174feb232902de!8m2!3d32.702747!4d74.85753?authuser=0&hl=en&rclk=1,32.702747,74.85753
Pearls Dental Clinic,Dental clinic,"380-a Gandhinagar behind Monalisa showroom, Jammu, Jammu and Kashmir 180004",https://www.google.co.kr/maps/place/Pearls+Dental+Clinic/data=!4m5!3m4!1s0x391e852103ee202b:0x48c02f02b136a970!8m2!3d32.6997738!4d74.8594234?authuser=0&hl=en&rclk=1,32.6997738,74.8594234
Orthopaedics and Ent clinic,Medical clinic,"New housing Colony plot 33, Udhampur, Jammu and Kashmir 182101",https://www.google.co.kr/maps/place/Orthopaedics+and+Ent+clinic/data=!4m5!3m4!1s0x391dd3e3db9e2c37:0xf52d39159ed30f7f!8m2!3d32.9331625!4d75.1429507?authuser=0&hl=en&rclk=1,32.9331625,75.1429507
Dr MANU ARORA PSYCHIATRY CLINIC - [CARE MIND CLINIC],Medical clinic,"Near Chowadi Chowk, NATIONAL HIGHWAY, BYE PASS, Jammu, Jammu and Kashmir 180015",https://www.google.co.kr/maps/place/Dr+MANU+ARORA+PSYCHIATRY+CLINIC+-+%5BCARE+MIND+CLINIC%5D/data=!4m5!3m4!1s0x391e9cc82a23a8a3:0xf78def2db2ba707e!8m2!3d32.6837596!4d74.9059738?authuser=0&hl=en&rclk=1,32.6837596,74.9059738
Sood Eye Centre,Doctor,"67/6, Trikuta Nagar, Jammu, Jammu and Kashmir 180012",https://www.google.co.kr/maps/place/Sood+Eye+Centre/data=!4m5!3m4!1s0x391e844414849f51:0x94ebd36ac504721a!8m2!3d32.7007566!4d74.8745127?authuser=0&hl=en&rclk=1,32.7007566,74.8745127
CANAL EYE CLINIC,Optician,"Krishna Nagar, Canal Rd, opposite Commerce College, Jammu, Jammu and Kashmir 180001",https://www.google.co.kr/maps/place/CANAL+EYE+CLINIC/data=!4m5!3m4!1s0x391e8514dcea1997:0x271a0645dd445ebe!8m2!3d32.7275429!4d74.8520171?authuser=0&hl=en&rclk=1,32.7275429,74.8520171
Sudan Dental Clinic,Dental clinic,"LIG 5, Housing Colony, Udhampur, Jammu and Kashmir 182101",https://www.google.co.kr/maps/place/Sudan+Dental+Clinic/data=!4m5!3m4!1s0x391dd29070d4f975:0xb11e62b5b168c635!8m2!3d32.932943!4d75.142488?authuser=0&hl=en&rclk=1,32.932943,75.142488
Dr.Ajay Wakhloo Clicnic,Hospital,"Gandhi Nagar, Jammu, Jammu and Kashmir 180004",https://www.google.co.kr/maps/place/Dr.Ajay+Wakhloo+Clicnic/data=!4m5!3m4!1s0x391e84ba95555555:0x318558a368bf375e!8m2!3d32.7034322!4d74.8609472?authuser=0&hl=en&rclk=1,32.7034322,74.8609472
Sudan Heart Care Centre,Heart hospital,"Satwari-R S Pura Road, Rohi, Morh, Jammu, Jammu and Kashmir 181101",https://www.google.co.kr/maps/place/Sudan+Heart+Care+Centre/data=!4m5!3m4!1s0x391e9b1b5e63bc13:0x4b5d15f4be2caf65!8m2!3d32.655675!4d74.833736?authuser=0&hl=en&rclk=1,32.655675,74.833736
Homeocare Clinic,Medical clinic,"Kandoo Mohalla, opposite district hospital, Kishtwar, Jammu and Kashmir 182204",https://www.google.co.kr/maps/place/Homeocare+Clinic/data=!4m5!3m4!1s0x391d0b9f51dc9dab:0xa6ede58aef2e8673!8m2!3d33.3137099!4d75.7692064?authuser=0&hl=en&rclk=1,33.3137099,75.7692064
Jammu ENT clinic and Research Centre,Medical Center,"73 B/B, Gandhi Nagar, Jammu, Jammu and Kashmir 180004",https://www.google.co.kr/maps/place/Jammu+ENT+clinic+and+Research+Centre/data=!4m5!3m4!1s0x391e8532c0424a81:0x6cffb6df3ccbc1f!8m2!3d32.7011406!4d74.8639791?authuser=0&hl=en&rclk=1,32.7011406,74.8639791
MAHARISHI DAYANAND HOSPITAL & MEDICAL RESEARCH CENTRE,Hospital,"PVG3+6G9, Nawabad, Jammu, Jammu and Kashmir 180016",https://www.google.co.kr/maps/place/MAHARISHI+DAYANAND+HOSPITAL+%26+MEDICAL+RESEARCH+CENTRE/data=!4m5!3m4!1s0x391e848da9101f8d:0x1a97151ee01c4aec!8m2!3d32.7255321!4d74.8538661?authuser=0&hl=en&rclk=1,32.7255321,74.8538661
Jammu Dental Center,Dental clinic,"Shop no 2 Near Nokia Care Center, Municipal Market, Bakshi Nagar Jammu, Jammu and Kashmir 180001",https://www.google.co.kr/maps/place/Jammu+Dental+Center/data=!4m5!3m4!1s0x391e845fbc1eda3b:0xc84abd6c8225e40b!8m2!3d32.735306!4d74.848866?authuser=0&hl=en&rclk=1,32.735306,74.848866
"Sharp Sight Eye Hospital, Jammu",Eye care center,"23 Ac, opposite Womens College, Gandhi Nagar, Jammu, Jammu and Kashmir 180001","https://www.google.co.kr/maps/place/Sharp+Sight+Eye+Hospital,+Jammu/data=!4m5!3m4!1s0x391e85bcbcf52ab5:0x9f69d6bc56b82d71!8m2!3d32.7085209!4d74.8587009?authuser=0&hl=en&rclk=1",32.7085209,74.8587009
Dr. PR Sharma,Doctor,"155, near Medical Collage, Maheshpura, Jammu, Jammu and Kashmir 180001",https://www.google.co.kr/maps/place/Dr.+PR+Sharma/data=!4m5!3m4!1s0x391e8489e4df87d7:0x60ec4e9717ca78c2!8m2!3d32.734574!4d74.857625?authuser=0&hl=en&rclk=1,32.734574,74.857625
AL- MUNTAHA MEDICAL STORE,Medical clinic,"Opposite Eidgah Achabal, Jammu and Kashmir Anantnag Jammu and Kashmir, 192201",https://www.google.co.kr/maps/place/AL-+MUNTAHA+MEDICAL+STORE/data=!4m5!3m4!1s0x38e20921340fccf7:0x58ac2f86563a42c5!8m2!3d33.6820807!4d75.2194797?authuser=0&hl=en&rclk=1,33.6820807,75.2194797
Piles Fistula Clinic & Research Centre,Medical clinic,"PILES FISTULA CLINIC & RESEARCH CENTRE, PERFECT MEDICOS, NEAR PRESS CLUB, JEWEL CHOWK, Jammu",https://www.google.co.kr/maps/place/Piles+Fistula+Clinic+%26+Research+Centre/data=!4m5!3m4!1s0x391e847e9f5f98fb:0x51d50b59bbde5c5b!8m2!3d32.7229141!4d74.8577734?authuser=0&hl=en&rclk=1,32.7229141,74.8577734
Shri Mata Vaishno Devi Narayana Superspeciality Hospital,General hospital,"Kakryal (Village & Post) Katra Tehsil Reasi District, Katra, Jammu and Kashmir 182320",https://www.google.co.kr/maps/place/Shri+Mata+Vaishno+Devi+Narayana+Superspeciality+Hospital/data=!4m5!3m4!1s0x391e78e060aa11f9:0x2ab1a509c1d5ee9f!8m2!3d32.9470427!4d74.9476056?authuser=0&hl=en&rclk=1,32.9470427,74.9476056
Headmasters Wellness Zone Salon And Spa - Hair Transplant & Skin Clinic,Beauty salon,"47/7, Trikuta Nagar, Jammu, Jammu and Kashmir 180012",https://www.google.co.kr/maps/place/Headmasters+Wellness+Zone+Salon+And+Spa+-+Hair+Transplant+%26+Skin+Clinic/data=!4m5!3m4!1s0x391e835685ee0033:0xbbef044dfb661c5d!8m2!3d32.69917!4d74.877502?authuser=0&hl=en&rclk=1,32.69917,74.877502
Kinesis Physiotherapy Clinic,Physical therapy clinic,"444, Sector F, Sainik Colony, Jammu, Jammu and Kashmir 180011",https://www.google.co.kr/maps/place/Kinesis+Physiotherapy+Clinic/data=!4m5!3m4!1s0x391e9de474d4989f:0xbb2b3397285e5e94!8m2!3d32.6710653!4d74.9032245?authuser=0&hl=en&rclk=1,32.6710653,74.9032245
Al-Hira Hair Transplant / Laser & Skin Care Center,Skin care clinic,"Kishtwar Shinthan Highway Dugga Abdal Abad 500 Meter Away From Giri Nagar Chowk, Kishtwar, Jammu and Kashmir 182204",https://www.google.co.kr/maps/place/Al-Hira+Hair+Transplant+%2F+Laser+%26+Skin+Care+Center/data=!4m5!3m4!1s0x391d755ee8c44cbb:0x9a5ad2331e3c31b5!8m2!3d33.3480003!4d75.752787?authuser=0&hl=en&rclk=1,33.3480003,75.752787
Zulfiqar Ali,Pain management physician,"Alamgari Bazar, Srinagar, Jammu and Kashmir 190011",https://www.google.co.kr/maps/place/Zulfiqar+Ali/data=!4m5!3m4!1s0x38e185144b86a139:0xc806a483cb41e162!8m2!3d34.1120794!4d74.8070555?authuser=0&hl=en&rclk=1,34.1120794,74.8070555
"Government Hospital Gandhi Nagar, Jammu",General hospital,"Gandhi Nagar, Jammu, Jammu and Kashmir 180004","https://www.google.co.kr/maps/place/Government+Hospital+Gandhi+Nagar,+Jammu/data=!4m5!3m4!1s0x391e84bb083b34c1:0xc002e9812efebfd3!8m2!3d32.705216!4d74.860034?authuser=0&hl=en&rclk=1",32.705216,74.860034
Dr Lal PathLabs,Diagnostic center,"C/O Mrs.Nusrat Ara, Opp.District Hospital, Ramban - 180001, Jammu And Kashmir, Opp.District Hospital, Jammu and Kashmir 180001",https://www.google.co.kr/maps/place/Dr+Lal+PathLabs/data=!4m5!3m4!1s0x391dc222f8aefe3d:0x698d4eea8695a1!8m2!3d33.2412702!4d75.2390544?authuser=0&hl=en&rclk=1,33.2412702,75.2390544
Dental Health Care Clinic,Dental clinic,"Sawni, Ramban, Jammu and Kashmir 182143",https://www.google.co.kr/maps/place/Dental+Health+Care+Clinic/data=!4m5!3m4!1s0x391dc79c4f1fce73:0xe7798fccdbd7d3a6!8m2!3d33.1595178!4d75.2712393?authuser=0&hl=en&rclk=1,33.1595178,75.2712393
J and K Government Hospital,Hospital,"Kuri Gam, Kulgam, NH-1A, Srinagar Jammu Highway, Qazigund, Qazigund, Jammu and Kashmir 192221",https://www.google.co.kr/maps/place/J+and+K+Government+Hospital/data=!4m5!3m4!1s0x391df7fa2b0801ad:0x6d965dc0e4e75dab!8m2!3d33.598449!4d75.160604?authuser=0&hl=en&rclk=1,33.598449,75.160604
Super Speciality Hospital Government Medical College Jammu,Hospital,"Resham Ghar Colony, Jammu, Jammu and Kashmir 180016",https://www.google.co.kr/maps/place/Super+Speciality+Hospital+Government+Medical+College+Jammu/data=!4m5!3m4!1s0x391e84895b3b0d9f:0x779e8bea4a5d9854!8m2!3d32.7300757!4d74.8571987?authuser=0&hl=en&rclk=1,32.7300757,74.8571987
Dr. Anil Gupta,Doctor,"PV23+4M3, Gandhi Nagar, Jammu, Jammu and Kashmir 180004",https://www.google.co.kr/maps/place/Dr.+Anil+Gupta/data=!4m5!3m4!1s0x391e84b7717422a7:0x787cfdaeaa1d5de7!8m2!3d32.7002521!4d74.8541684?authuser=0&hl=en&rclk=1,32.7002521,74.8541684
Baba Nanak Medicity,Hospital,"opp reen palace, Gadigarh, Jammu, Jammu and Kashmir 180003",https://www.google.co.kr/maps/place/Baba+Nanak+Medicity/data=!4m5!3m4!1s0x391e9b2387afffc5:0x15ed4aeea79329e0!8m2!3d32.671407!4d74.835029?authuser=0&hl=en&rclk=1,32.671407,74.835029
Dr. Jaagmeet : Best Sexologist | Erectile Problem Doctor | Sperm count Increase Treatment | Piles Treatment in Jammu,Sexologist,"11-B, near ESIC Regional Office, Digiana, Shastri Nagar, Jammu, Jammu and Kashmir 180004",https://www.google.co.kr/maps/place/Dr.+Jaagmeet+:+Best+Sexologist+%7C+Erectile+Problem+Doctor+%7C+Sperm+count+Increase+Treatment+%7C+Piles+Treatment+in+Jammu/data=!4m5!3m4!1s0x391e9b3d0121f11b:0x3a755d188038ab77!8m2!3d32.6898992!4d74.8560058?authuser=0&hl=en&rclk=1,32.6898992,74.8560058
Government Dental College And Hospital,Dental school,"Shreen Bagh Karan Nagar, Srinagar, Jammu and Kashmir 190010",https://www.google.co.kr/maps/place/Government+Dental+College+And+Hospital/data=!4m5!3m4!1s0x38e185591cb1b261:0xefdd454f9fc69987!8m2!3d34.0876528!4d74.7962183?authuser=0&hl=en&rclk=1,34.0876528,74.7962183
Rattan Medico,Alternative medicine clinic,"Jammu and Kashmir, Gole Market, opposite, Lambi Gali, Udhampur, Jammu and Kashmir 182101",https://www.google.co.kr/maps/place/Rattan+Medico/data=!4m5!3m4!1s0x391dd29542152703:0xe79414b434b3a80c!8m2!3d32.9228334!4d75.1346831?authuser=0&hl=en&rclk=1,32.9228334,75.1346831
Modern Hospital,Private hospital,"Zero Bridge, Rajbagh, Srinagar, Jammu and Kashmir 190008",https://www.google.co.kr/maps/place/Modern+Hospital/data=!4m5!3m4!1s0x38e18f74cc5fc3f5:0xe1f1636bd5efbe7a!8m2!3d34.0681309!4d74.8315501?authuser=0&hl=en&rclk=1,34.0681309,74.8315501
Noora Hospital,Private hospital,"Umer Abad, Zainakote, Ummer Abad, Srinagar, Jammu and Kashmir 190012",https://www.google.co.kr/maps/place/Noora+Hospital/data=!4m5!3m4!1s0x38e185544da68b53:0xbe116c11c865347f!8m2!3d34.112191!4d74.7255271?authuser=0&hl=en&rclk=1,34.112191,74.7255271
Patigaru Medical Store,Drug store,"Cheeni Chowk, Sherbagh Road, Janglat Mandi, Anantnag, Jammu and Kashmir 192101",https://www.google.co.kr/maps/place/Patigaru+Medical+Store/data=!4m5!3m4!1s0x38e2058774bbf553:0x2345ca5e204e66c9!8m2!3d33.7292214!4d75.1531877?authuser=0&hl=en&rclk=1,33.7292214,75.1531877
Sexologist In Srinagar (Dr. Masroor Wani ..Certified by: American Board of Sexology (USA),Doctor,"Health Zone Sexology Clinic opp. LD Hospital Rd Wazir Bagh, Lal Mandi, road, Srinagar, Jammu and Kashmir 190008",https://www.google.co.kr/maps/place/Sexologist+In+Srinagar+(Dr.+Masroor+Wani+..Certified+by:+American+Board+of+Sexology+(USA)/data=!4m5!3m4!1s0x38e18fe17d1418b9:0xb8a063bf36af3952!8m2!3d34.0663178!4d74.8092945?authuser=0&hl=en&rclk=1,34.0663178,74.8092945
Sood Eye Centre,Doctor,"67/6, Trikuta Nagar, Jammu, Jammu and Kashmir 180012",https://www.google.co.kr/maps/place/Sood+Eye+Centre/data=!4m5!3m4!1s0x391e83562c69edcb:0xec2322b43bca0a3e!8m2!3d32.7006957!4d74.8746066?authuser=0&hl=en&rclk=1,32.7006957,74.8746066
Dr. Satish Mehta Clinic,Otolaryngologist,"1st Floor, Satish Mehta Clinic & Research Centre pvt ltd, 10, Shalamar Rd, opp. SMGS Hospital, Resham Ghar Colony, Jammu, Jammu and Kashmir 180001",https://www.google.co.kr/maps/place/Dr.+Satish+Mehta+Clinic/data=!4m5!3m4!1s0x391e8573e13de18d:0xbb72c71ba41f5bb9!8m2!3d32.7322262!4d74.8621914?authuser=0&hl=en&rclk=1,32.7322262,74.8621914
Sher E Kashmir Institute of Medical Sciences Srinagar,University hospital,"SKIMS Main Rd, Soura, Srinagar, Jammu and Kashmir 190011",https://www.google.co.kr/maps/place/Sher+E+Kashmir+Institute+of+Medical+Sciences+Srinagar/data=!4m5!3m4!1s0x38e1900855555555:0xb81ae8b776707791!8m2!3d34.136145!4d74.8000465?authuser=0&hl=en&rclk=1,34.136145,74.8000465
Public Health Center,Government hospital,"MXPJ+QC7, Khee Jogipora, Jammu and Kashmir 192232",https://www.google.co.kr/maps/place/Public+Health+Center/data=!4m5!3m4!1s0x38e203f0800002d9:0x7881b877a1f71f71!8m2!3d33.6869133!4d74.9810404?authuser=0&hl=en&rclk=1,33.6869133,74.9810404
Dr rajesh gupta,Orthopedic surgeon,"422/A, Apsara Road, Gandhi Nagar, jammu, Jammu, Jammu and Kashmir 180004",https://www.google.co.kr/maps/place/Dr+rajesh+gupta/data=!4m5!3m4!1s0x391e84b143107c47:0xd3bece596977810!8m2!3d32.6982302!4d74.8586336?authuser=0&hl=en&rclk=1,32.6982302,74.8586336
"Psychological Counselling - Marital Counselling, Depression/Stress/Anxiety/Mood Swing/Sleep Disorder, Relationship Counselling, Adolescent Counselling, Reiki Healing, Behavioral Therapy",Psychologist,"#200 A/D, Left Lane of Panch Mandir, 1st Floor, Gandhi Nagar, Jammu, Jammu and Kashmir 180004","https://www.google.co.kr/maps/place/Psychological+Counselling+-+Marital+Counselling,+Depression%2FStress%2FAnxiety%2FMood+Swing%2FSleep+Disorder,+Relationship+Counselling,+Adolescent+Counselling,+Reiki+Healing,+Behavioral+Therapy/data=!4m5!3m4!1s0x391e84babc437345:0x9562a454fde5af7c!8m2!3d32.7072208!4d74.8689979?authuser=0&hl=en&rclk=1",32.7072208,74.8689979
Dr. Vipan Gupta,Endocrinologist,"263 A, Shastri Nagar, Jammu, Jammu and Kashmir 180004",https://www.google.co.kr/maps/place/Dr.+Vipan+Gupta/data=!4m5!3m4!1s0x391e84bba0280bc7:0x4d4105f957ca3b59!8m2!3d32.6945821!4d74.8583045?authuser=0&hl=en&rclk=1,32.6945821,74.8583045
"Jiva Ayurveda Clinic - Trikuta Nagar, Jammu",Alternative medicine clinic,"Chopra Central, Commercial Strip, adjacent to Plot No 62, Sector 8, Trikuta Nagar, Jammu, Jammu and Kashmir 180012","https://www.google.co.kr/maps/place/Jiva+Ayurveda+Clinic+-+Trikuta+Nagar,+Jammu/data=!4m5!3m4!1s0x391e9cc4011cc54f:0xd658884200a252e5!8m2!3d32.7014199!4d74.8792787?authuser=0&hl=en&rclk=1",32.7014199,74.8792787
SMILE N SHINE DENTAL CLINIC,,"Sungal Morh, AKHNOOR, Jammu and Kashmir 181201",https://www.google.co.kr/maps/place/SMILE+N+SHINE+DENTAL+CLINIC/data=!4m5!3m4!1s0x391e636bfc18a07d:0x301d37f745347b89!8m2!3d32.8994115!4d74.7333428?authuser=0&hl=en&rclk=1,32.8994115,74.7333428
Bee Enn General Hospital,General hospital,"Talab Tillo Rd, Garden Avenue, Bhagwati Nagar, Jammu, Jammu and Kashmir 180002",https://www.google.co.kr/maps/place/Bee+Enn+General+Hospital/data=!4m5!3m4!1s0x391e84f7089392b7:0x859f864930923d4a!8m2!3d32.7300336!4d74.8409147?authuser=0&hl=en&rclk=1,32.7300336,74.8409147
"Primary Health Centre, Kukerwas",Community health centre,"bimal naag road, Kukerwas, drabshalla, Jammu and Kashmir 182204","https://www.google.co.kr/maps/place/Primary+Health+Centre,+Kukerwas/data=!4m5!3m4!1s0x391d0fd711603937:0xf5fefc1adeb041b5!8m2!3d33.1770625!4d75.8768653?authuser=0&hl=en&rclk=1",33.1770625,75.8768653
Max Care Multispeciality Dental Clinic,Dental clinic,"Near dak bungalow chakka dandi road, Bhadarwah 182222, Jammu and Kashmir 182222",https://www.google.co.kr/maps/place/Max+Care+Multispeciality+Dental+Clinic/data=!4m5!3m4!1s0x391daba86e365351:0x9bea9cc04ea4bca1!8m2!3d32.982574!4d75.708942?authuser=0&hl=en&rclk=1,32.982574,75.708942
Sarah Dental Clinic,Dental clinic,"Yaripora, Jammu and Kashmir 192232",https://www.google.co.kr/maps/place/Sarah+Dental+Clinic/data=!4m5!3m4!1s0x38e2038df274dff3:0xbdd83e605fe13ea7!8m2!3d33.7242281!4d75.0171708?authuser=0&hl=en&rclk=1,33.7242281,75.0171708
"Dr. Gupta's ENT, Allergy and Vertigo Centre",Doctor,"110, Sector 1, near post office, Trikuta Nagar, Jammu, Jammu and Kashmir 180015","https://www.google.co.kr/maps/place/Dr.+Gupta's+ENT,+Allergy+and+Vertigo+Centre/data=!4m5!3m4!1s0x391e8385ada595bd:0xf7f33a6ee7d9c22e!8m2!3d32.6934693!4d74.8791284?authuser=0&hl=en&rclk=1",32.6934693,74.8791284
Kd Salhotra,Mental health service,"Sanasar Ramaban Jammu and Kashmir, Sanasar, Jammu and Kashmir 182143",https://www.google.co.kr/maps/place/Kd+Salhotra/data=!4m5!3m4!1s0x391dc71e9280be11:0xfd210e56089c2f20!8m2!3d33.1265324!4d75.2575985?authuser=0&hl=en&rclk=1,33.1265324,75.2575985
Esthetics Dental Clinic,Dental clinic,"Unnamed Road, Hyder Colony, Kadi Pora, Anantnag, Jammu and Kashmir 192101",https://www.google.co.kr/maps/place/Esthetics+Dental+Clinic/data=!4m5!3m4!1s0x38e20ffec161073d:0xdc79934fbe143161!8m2!3d33.7343357!4d75.1581863?authuser=0&hl=en&rclk=1,33.7343357,75.1581863
Swastik Diagnostic Laboratory,Diagnostic center,"Dogra Hall, New, Secretariat Rd, Kacchi Chawni, Ambphalla, Jammu, Jammu and Kashmir 180001",https://www.google.co.kr/maps/place/Swastik+Diagnostic+Laboratory/data=!4m5!3m4!1s0x391e847d1fbd6a43:0xf553df931921f246!8m2!3d32.7389198!4d74.864674?authuser=0&hl=en&rclk=1,32.7389198,74.864674
SHAHEEN DIAGNOSTIC CENTRE KULGAM ( COMPLETE USG CLINIC),Medical diagnostic imaging center,"opposite DISTRICT HOSPITAL, Gousia Colony, Kulgam, Jammu and Kashmir 192231",https://www.google.co.kr/maps/place/SHAHEEN+DIAGNOSTIC+CENTRE+KULGAM+(+COMPLETE+USG+CLINIC)/data=!4m5!3m4!1s0x38e201427d7127d9:0xc193832297756234!8m2!3d33.6450737!4d75.0269113?authuser=0&hl=en&rclk=1,33.6450737,75.0269113
EAR CONNECT Speech & Hearing clinic,Speech pathologist,"25, JDA Complex, Janipur, near Post Office, Jammu, Jammu and Kashmir 180007",https://www.google.co.kr/maps/place/EAR+CONNECT+Speech+%26+Hearing+clinic/data=!4m5!3m4!1s0x391e8574d47c794d:0x692160e4e35a1c03!8m2!3d32.7574846!4d74.8499554?authuser=0&hl=en&rclk=1,32.7574846,74.8499554
jk dental health clinic,Dentist,"opposite bharat petroleum pump, Pantha Chowk, Srinagar, Jammu and Kashmir 191101",https://www.google.co.kr/maps/place/jk+dental+health+clinic/data=!4m5!3m4!1s0x38e189f13be88443:0xa909338a5163f29e!8m2!3d34.0390751!4d74.8810875?authuser=0&hl=en&rclk=1,34.0390751,74.8810875
Homeopathic Clinic/Store,Homeopathic pharmacy,"Mukheerji bazaar Raghunath market Near Pandav Mandir, Luxmi sweet shop 1st floor, above Janta Mills, Udhampur, Jammu and Kashmir 182101",https://www.google.co.kr/maps/place/Homeopathic+Clinic%2FStore/data=!4m5!3m4!1s0x391dd3b8c07c4227:0xef03f8842a896011!8m2!3d32.922796!4d75.1351616?authuser=0&hl=en&rclk=1,32.922796,75.1351616
"Chenab Hospital, NHPC, Kishtwar",Hospital,"8Q5F+PJ7, Akhyar Abad, Kishtwar, Jammu and Kashmir 182204","https://www.google.co.kr/maps/place/Chenab+Hospital,+NHPC,+Kishtwar/data=!4m5!3m4!1s0x391d0b610f87fc4d:0x519d3fac753df68f!8m2!3d33.3092765!4d75.7740398?authuser=0&hl=en&rclk=1",33.3092765,75.7740398
"NATIONAL HOSPITAL ,Karan Bagh ,Airport Road Jammu",Hospital,"Airport Road, Karan Bagh, Near St.Peter's School Jammu Jammu and Kashmir, 181101","https://www.google.co.kr/maps/place/NATIONAL+HOSPITAL+,Karan+Bagh+,Airport+Road+Jammu/data=!4m5!3m4!1s0x391e9b22a69929a1:0x9819ddb7d43ab5cc!8m2!3d32.666453!4d74.838023?authuser=0&hl=en&rclk=1",32.666453,74.838023
Dr. S. K. Gupta,Neurologist,"718-A, Last Morh, Gandhinagar, Jammu, Jammu and Kashmir 180004",https://www.google.co.kr/maps/place/Dr.+S.+K.+Gupta/data=!4m5!3m4!1s0x391e84b6e55965ef:0xd4f90bc194b66b3c!8m2!3d32.6977649!4d74.854405?authuser=0&hl=en&rclk=1,32.6977649,74.854405
ident idyll dental care,Dental clinic,"Muthi camp phase 2nd vikas colony house no 158, Jammu, Jammu and Kashmir 180013",https://www.google.co.kr/maps/place/ident+idyll+dental+care/data=!4m5!3m4!1s0x391e8732e5e78bd7:0xae921341400f04aa!8m2!3d32.7562679!4d74.8269012?authuser=0&hl=en&rclk=1,32.7562679,74.8269012
Government Hospital For Bone & Joint Surgery,Government hospital,"Barzulla, Badgam, Srinagar, Jammu and Kashmir 190005",https://www.google.co.kr/maps/place/Government+Hospital+For+Bone+%26+Joint+Surgery/data=!4m5!3m4!1s0x38e18fb5e0ff4a01:0x768538620a5d8859!8m2!3d34.0475678!4d74.8064353?authuser=0&hl=en&rclk=1,34.0475678,74.8064353
K.S Dental Clinic and Implant Centre,Dental clinic,"chowk, opposite j&k bank, Tikhri, Jammu and Kashmir 182121",https://www.google.co.kr/maps/place/K.S+Dental+Clinic+and+Implant+Centre/data=!4m5!3m4!1s0x391dd5c15e5b6937:0x2936939a3903004f!8m2!3d32.94642!4d74.9827433?authuser=0&hl=en&rclk=1,32.94642,74.9827433
Lal Ded Hospital old block,Hospital,"LD Hospital Rd, Wazir Bagh, Srinagar, Jammu and Kashmir 190008",https://www.google.co.kr/maps/place/Lal+Ded+Hospital+old+block/data=!4m5!3m4!1s0x38e18f95b9af5353:0x9f7a244e6664ce95!8m2!3d34.0668388!4d74.8080922?authuser=0&hl=en&rclk=1,34.0668388,74.8080922
Dr Lal PathLabs,Diagnostic center,"Naik Building, Naik Pora Kulgam, Near Dist. Hospital, Teh &Distt-- Kulgam, Kashm, Near Distt. Hospital, Jammu and Kashmir 180001",https://www.google.co.kr/maps/place/Dr+Lal+PathLabs/data=!4m5!3m4!1s0x38e201088e1d501d:0x13c16e9e1ef5fd6a!8m2!3d33.644991!4d75.018031?authuser=0&hl=en&rclk=1,33.644991,75.018031
S l diagnostic centre,Hospital,"opposite gurdawara, Bakshi Nagar, Jammu, Jammu and Kashmir 180001",https://www.google.co.kr/maps/place/S+l+diagnostic+centre/data=!4m5!3m4!1s0x391e846063c09fa7:0x48282c5e8e6c09fe!8m2!3d32.7366667!4d74.8509408?authuser=0&hl=en&rclk=1,32.7366667,74.8509408
RAZDAN PHYSIOTHERAPY CLINIC,Physical therapist,"Lakkar Mandi Rd, near citizen coperative bank etxtn counter, Bhawani Nagar, Janipur, Jammu, Jammu and Kashmir 180007",https://www.google.co.kr/maps/place/RAZDAN+PHYSIOTHERAPY+CLINIC/data=!4m5!3m4!1s0x391e843e588e0ddd:0x450f8b06253fc43e!8m2!3d32.760916!4d74.8478231?authuser=0&hl=en&rclk=1,32.760916,74.8478231
Dr Khalid Mehmood( Asia Gastro-liver & Endoscopy centre),Gastroenterologist,"near medical college, Bakshi Nagar, Jammu, Jammu and Kashmir 180001",https://www.google.co.kr/maps/place/Dr+Khalid+Mehmood(+Asia+Gastro-liver+%26+Endoscopy+centre)/data=!4m5!3m4!1s0x391e846013a116b3:0xa20c0096c931566b!8m2!3d32.7351958!4d74.8517321?authuser=0&hl=en&rclk=1,32.7351958,74.8517321
GULSHAN DENTAL CLINIC,Dental clinic,"Srigufwara, Anantnag, Jammu and Kashmir 192124",https://www.google.co.kr/maps/place/GULSHAN+DENTAL+CLINIC/data=!4m5!3m4!1s0x38e205ddbed9b42f:0xb1673ad5668ac5e0!8m2!3d33.7553768!4d75.1249647?authuser=0&hl=en&rclk=1,33.7553768,75.1249647
Dr imran's dental implants and facial surgery clinic,Oral and maxillofacial surgeon,"Brakpora bul bul nowgam anantnag, near PHC, Brakpora, Jammu and Kashmir 192202",https://www.google.co.kr/maps/place/Dr+imran's+dental+implants+and+facial+surgery+clinic/data=!4m5!3m4!1s0x38e20f62ab0b5f53:0xa46fab2239ffc2b0!8m2!3d33.712978!4d75.1824902?authuser=0&hl=en&rclk=1,33.712978,75.1824902
District Hospital Udhampur,Hospital,"Sailain Talab Rd, Adarsh Colony, Udhampur, Jammu and Kashmir 182101",https://www.google.co.kr/maps/place/District+Hospital+Udhampur/data=!4m5!3m4!1s0x391dd2bfa0808575:0x62b552ec742a57d3!8m2!3d32.9174346!4d75.1314361?authuser=0&hl=en&rclk=1,32.9174346,75.1314361
Dr Hamid's Plastic Surgery Clinic,Plastic surgeon,"KP Road, near General Bus Stand, Anantnag, Jammu and Kashmir 192101",https://www.google.co.kr/maps/place/Dr+Hamid's+Plastic+Surgery+Clinic/data=!4m5!3m4!1s0x38e205827f8bfae9:0xa343c416a3c49ac1!8m2!3d33.7384302!4d75.1463308?authuser=0&hl=en&rclk=1,33.7384302,75.1463308
Unani Hospital,Hospital,"Wanpoh-Kulgam Rd, Kulgam, Jammu and Kashmir 192231",https://www.google.co.kr/maps/place/Unani+Hospital/data=!4m5!3m4!1s0x38e201089438aa95:0x92c73fda020ee665!8m2!3d33.6451744!4d75.0185164?authuser=0&hl=en&rclk=1,33.6451744,75.0185164
SUVIDHA VET. CLINIC,Veterans hospital,"100/3, Digiana, Sanjay Nagar, Shastri Nagar, Jammu, Jammu and Kashmir 180001",https://www.google.co.kr/maps/place/SUVIDHA+VET.+CLINIC/data=!4m5!3m4!1s0x391e858fad587bf9:0xd3732e0816bfd20a!8m2!3d32.6870867!4d74.8574019?authuser=0&hl=en&rclk=1,32.6870867,74.8574019
Khanday hospital,Hospital,"Gund, adalkote, Banihal, Jammu and Kashmir 182146",https://www.google.co.kr/maps/place/Khanday+hospital/data=!4m5!3m4!1s0x391deffb36e82565:0xc9780ac3b29e33e8!8m2!3d33.4315959!4d75.200188?authuser=0&hl=en&rclk=1,33.4315959,75.200188
Luqman's Dental Clinic and Dental Lab,Dental clinic,"near Government High School, Bonpora, Zungal Pora, Jammu and Kashmir 192231",https://www.google.co.kr/maps/place/Luqman's+Dental+Clinic+and+Dental+Lab/data=!4m5!3m4!1s0x38e207fe864b60e3:0x9cf9e50b09419c91!8m2!3d33.645373!4d75.0637121?authuser=0&hl=en&rclk=1,33.645373,75.0637121
"Dr Vijant Singh Chandail , Gastroenterologist",Gastroenterologist,"opp. GGM Science College, Canal Road, Jammu, Jammu and Kashmir 180003","https://www.google.co.kr/maps/place/Dr+Vijant+Singh+Chandail+,+Gastroenterologist/data=!4m5!3m4!1s0x391e854ea8f0d8d7:0x560f878972335eab!8m2!3d32.7273601!4d74.8525445?authuser=0&hl=en&rclk=1",32.7273601,74.8525445
Government Primary Health Centre Chilly,Community health centre,"Chilly, Gandoh Bhalessa, Jammu and Kashmir 182203",https://www.google.co.kr/maps/place/Government+Primary+Health+Centre+Chilly/data=!4m5!3m4!1s0x391d1da48e3fdeef:0x1c0947440fbd08e6!8m2!3d33.043307!4d75.9735915?authuser=0&hl=en&rclk=1,33.043307,75.9735915
Al Noor Hospital Anantnag,Hospital,"Kproad, near, General Bus Stand Rd, near Al Noor Gali, Anantnag, Jammu and Kashmir 192101",https://www.google.co.kr/maps/place/Al+Noor+Hospital+Anantnag/data=!4m5!3m4!1s0x38e205a146d8904f:0x8ab9778f7fc66e47!8m2!3d33.7380235!4d75.1442731?authuser=0&hl=en&rclk=1,33.7380235,75.1442731
SUVIDHA VET. CLINIC,Veterans hospital,"1A/1A, Near Bikaner Sweet Shop, Trikuta Nagar, Jammu, Jammu and Kashmir 180012",https://www.google.co.kr/maps/place/SUVIDHA+VET.+CLINIC/data=!4m5!3m4!1s0x391e83d4d18f5309:0xf6e91aa806760bc!8m2!3d32.6969782!4d74.8834735?authuser=0&hl=en&rclk=1,32.6969782,74.8834735
Emergency Hospital,Hospital,"National Highway 1A, Jammu and Kashmir 192221",https://www.google.co.kr/maps/place/Emergency+Hospital/data=!4m5!3m4!1s0x391df7fa2bad2619:0x909c763cb876ed91!8m2!3d33.5984101!4d75.1605606?authuser=0&hl=en&rclk=1,33.5984101,75.1605606
Brite Smile Dental Clinic,Hospital,"171, main road, Talab Tillo, Jammu, Jammu and Kashmir 180002",https://www.google.co.kr/maps/place/Brite+Smile+Dental+Clinic/data=!4m5!3m4!1s0x391e8454a1a23079:0xc7fcda8877309697!8m2!3d32.736491!4d74.8286499?authuser=0&hl=en&rclk=1,32.736491,74.8286499
Jawahar Lal Nehru Memorial Hospital,Government hospital,"Rainawari, Srinagar, Jammu and Kashmir 190003",https://www.google.co.kr/maps/place/Jawahar+Lal+Nehru+Memorial+Hospital/data=!4m5!3m4!1s0x38e1857a20737157:0x1bfa4f1b686c5bd0!8m2!3d34.0977591!4d74.821652?authuser=0&hl=en&rclk=1,34.0977591,74.821652
Batra Hospital Sidhra,Hospital,"National Highway Bypass, Sidhra, Jammu, Batra Hospital Rd, Jammu and Kashmir 180017",https://www.google.co.kr/maps/place/Batra+Hospital+Sidhra/data=!4m5!3m4!1s0x391e83afe4b79643:0x254ba3b7900b8a37!8m2!3d32.7517708!4d74.9099565?authuser=0&hl=en&rclk=1,32.7517708,74.9099565
ENT and Head Neck Clinic,Doctor,"Principal guest house, lane, Bakshi Nagar, Jammu, Jammu and Kashmir 180001",https://www.google.co.kr/maps/place/ENT+and+Head+Neck+Clinic/data=!4m5!3m4!1s0x391e858e0ae62d07:0xf48781d82f686a5e!8m2!3d32.737421!4d74.8565804?authuser=0&hl=en&rclk=1,32.737421,74.8565804
DENTAL IMPLANT CENTRE,Dental clinic,"near New Bus Stand, Jammu and Kashmir",https://www.google.co.kr/maps/place/DENTAL+IMPLANT+CENTRE/data=!4m5!3m4!1s0x391dbfffffffffff:0x15adadf353afcaee!8m2!3d33.277839!4d75.3412179?authuser=0&hl=en&rclk=1,33.277839,75.3412179
Speech & Hearing Care Clinic,Hearing aid store,"237-D, 1st Floor Karan Market,Indra Chowk Jammu Jammu and Kashmir, 180005",https://www.google.co.kr/maps/place/Speech+%26+Hearing+Care+Clinic/data=!4m5!3m4!1s0x391e848890cb6d35:0xf21613a90c7ffcb3!8m2!3d32.7314372!4d74.8615697?authuser=0&hl=en&rclk=1,32.7314372,74.8615697
Govt. S.M.G.S. Hospital,Government hospital,"Shalamar, Resham Ghar Colony, Jammu, Jammu and Kashmir 180001",https://www.google.co.kr/maps/place/Govt.+S.M.G.S.+Hospital/data=!4m5!3m4!1s0x391e848871b88785:0x45760beabb3985fd!8m2!3d32.7328647!4d74.8613726?authuser=0&hl=en&rclk=1,32.7328647,74.8613726
Chest Specialist Dr Jaskirat Devinder Singh,Pulmonologist,"Consultant at JK Medicity, Narwal Bye Pass, Channi Himat, Jammu, Jammu and Kashmir 180015",https://www.google.co.kr/maps/place/Chest+Specialist+Dr+Jaskirat+Devinder+Singh/data=!4m5!3m4!1s0x391e8355af3ea31d:0x1285ed95370849d!8m2!3d32.6991884!4d74.9001084?authuser=0&hl=en&rclk=1,32.6991884,74.9001084
S.M.H.S. Hospital,Hospital,"SMHS Rd, near Gold Market, Karan Nagar, Srinagar, Jammu and Kashmir 190010",https://www.google.co.kr/maps/place/S.M.H.S.+Hospital/data=!4m5!3m4!1s0x38e18558b22508dd:0x3f60891d2f07a97f!8m2!3d34.086208!4d74.7977382?authuser=0&hl=en&rclk=1,34.086208,74.7977382
"Dr. Aniece Chowdhary, ENT Adult & Child Care Clinic",Doctor,"Residency Rd, opposite St Paul Church, Pakki Dhaki, Jammu, Jammu and Kashmir 180001","https://www.google.co.kr/maps/place/Dr.+Aniece+Chowdhary,+ENT+Adult+%26+Child+Care+Clinic/data=!4m5!3m4!1s0x391e8483becc04e1:0x2a5de193ab050d19!8m2!3d32.72918!4d74.8701038?authuser=0&hl=en&rclk=1",32.72918,74.8701038
"ESIC Model Hospital, Bari Brahmana Jammu",General hospital,"Mini Stadium Road, Bari Brahmana, Jammu, Jammu and Kashmir 184102","https://www.google.co.kr/maps/place/ESIC+Model+Hospital,+Bari+Brahmana+Jammu/data=!4m5!3m4!1s0x391e9db3b47d3cdb:0x2f3725473ab41f76!8m2!3d32.640745!4d74.9249369?authuser=0&hl=en&rclk=1",32.640745,74.9249369
Rajiv Gandhi Hospital,Hospital,"Babliana Jamu Jammu and Kashmir, 181101",https://www.google.co.kr/maps/place/Rajiv+Gandhi+Hospital/data=!4m5!3m4!1s0x391e9b43c037bba1:0x92df608ff0120155!8m2!3d32.672704!4d74.8578875?authuser=0&hl=en&rclk=1,32.672704,74.8578875
Medicover Fertility - Srinagar,Fertility clinic,"Srinagar Bypass Road, Gulshan Nagar, Nowgam, Srinagar, Jammu and Kashmir 190014",https://www.google.co.kr/maps/place/Medicover+Fertility+-+Srinagar/data=!4m5!3m4!1s0x38e18f64a4ad8f63:0x7c45cce84b479541!8m2!3d34.0262319!4d74.8202621?authuser=0&hl=en&rclk=1,34.0262319,74.8202621
Dr. Puneet Singh Soodan - MD Dermatologist & Skin Specialist,Dermatologist,"91-A IInd Extension, Gandhi Nagar, Jammu, Jammu and Kashmir 180004 Jammu Jammu and Kashmir, 180004",https://www.google.co.kr/maps/place/Dr.+Puneet+Singh+Soodan+-+MD+Dermatologist+%26+Skin+Specialist/data=!4m5!3m4!1s0x391e84ba95555545:0xab47f15b06594a06!8m2!3d32.6999336!4d74.8629792?authuser=0&hl=en&rclk=1,32.6999336,74.8629792
District Hospital Kulgam,Hospital,"J2WG+3PX, Gousia Colony, Kulgam, Jammu and Kashmir 192231",https://www.google.co.kr/maps/place/District+Hospital+Kulgam/data=!4m5!3m4!1s0x38e20192304db423:0x8c3b983fdb18cca6!8m2!3d33.6452283!4d75.0268629?authuser=0&hl=en&rclk=1,33.6452283,75.0268629
J.K Electronic Ears Prime Speech & Hearing Clinic,Hearing aid store,"New Plot Near Citizen Co-Operative Bank Electric Sub Station Lane Jammu Jammu and Kashmir, 180005",https://www.google.co.kr/maps/place/J.K+Electronic+Ears+Prime+Speech+%26+Hearing+Clinic/data=!4m5!3m4!1s0x391e846f101d7383:0x875ff468ac3ccb4c!8m2!3d32.7564327!4d74.8446568?authuser=0&hl=en&rclk=1,32.7564327,74.8446568
Dr imran's dental implants and facial surgery clinic,Oral and maxillofacial surgeon,"Brakpora bul bul nowgam anantnag, near PHC, Brakpora, Jammu and Kashmir 192202",https://www.google.co.kr/maps/place/Dr+imran's+dental+implants+and+facial+surgery+clinic/data=!4m5!3m4!1s0x38e20f7e4c3883a1:0x4a28d2332d52c3e5!8m2!3d33.712978!4d75.1824902?authuser=0&hl=en&rclk=1,33.712978,75.1824902
"NEPHROLOGIST Dr. IQBAL BHAT 'S KIDNEY DISEASE AND HYPERTENTION CLINIC , JAMMU. J&KJAMMU",Doctor,"City Chowk, Shalamar, Jammu, Jammu and Kashmir 180001","https://www.google.co.kr/maps/place/NEPHROLOGIST+Dr.+IQBAL+BHAT+'S+KIDNEY+DISEASE+AND+HYPERTENTION+CLINIC+,+JAMMU.+J%26KJAMMU/data=!4m5!3m4!1s0x391e85cf9e7e81f9:0x4f19edd4068aebf1!8m2!3d32.732753!4d74.8643253?authuser=0&hl=en&rclk=1",32.732753,74.8643253
Dental Health Care Clinic,Dental clinic,"Main Bazar, Batote",https://www.google.co.kr/maps/place/Dental+Health+Care+Clinic/data=!4m5!3m4!1s0x391dc7cbe480ff71:0xa3bbbefcf624ff8f!8m2!3d33.1235894!4d75.3206389?authuser=0&hl=en&rclk=1,33.1235894,75.3206389
Dr. Rajan Gupta,Urologist,"Kakryal (Village & Post, near, SMVD University, Katra, Jammu and Kashmir 182320",https://www.google.co.kr/maps/place/Dr.+Rajan+Gupta/data=!4m5!3m4!1s0x391e79dca3e2e50b:0x152ee5be21b4dac7!8m2!3d32.9914962!4d74.9318173?authuser=0&hl=en&rclk=1,32.9914962,74.9318173
SKIMS Maternity Hospital,Obstetrician-gynecologist,"4RQ3+M79, Soura, Srinagar, Jammu and Kashmir 190011",https://www.google.co.kr/maps/place/SKIMS+Maternity+Hospital/data=!4m5!3m4!1s0x38e185f750f20d27:0x3be67f5c5792d419!8m2!3d34.1391564!4d74.8032485?authuser=0&hl=en&rclk=1,34.1391564,74.8032485
Dr.Rohan Gupta (Neurologist),Neurologist,"630 B/A Extension, Gandhi Nagar, Jammu, Jammu and Kashmir 180004",https://www.google.co.kr/maps/place/Dr.Rohan+Gupta+(Neurologist)/data=!4m5!3m4!1s0x391e85deb46a697b:0x79fab97c1920d768!8m2!3d32.6973992!4d74.8614595?authuser=0&hl=en&rclk=1,32.6973992,74.8614595
Sub-District Hospital,Government hospital,"H7QX+4QP, Kokernag, Jammu and Kashmir 192202",https://www.google.co.kr/maps/place/Sub-District+Hospital/data=!4m5!3m4!1s0x391df506893b3cc3:0xf8c627f263ac215a!8m2!3d33.5878382!4d75.2994394?authuser=0&hl=en&rclk=1,33.5878382,75.2994394
"""Daiwik Homoeo Clinic"" Jammu",Homeopath,"73A-Friends Colony,, Trikuta Nagar, Jammu, Jammu and Kashmir 180012",https://www.google.co.kr/maps/place/%22Daiwik+Homoeo+Clinic%22+Jammu/data=!4m5!3m4!1s0x391e9cafa4a1c079:0x8e947f070aca88d!8m2!3d32.683579!4d74.883848?authuser=0&hl=en&rclk=1,32.683579,74.883848
Govt. Hospital Jagti,Hospital,"Jagti Rd, Jagti, Jammu and Kashmir 181221",https://www.google.co.kr/maps/place/Govt.+Hospital+Jagti/data=!4m5!3m4!1s0x391e8119368882cd:0x7038f48bf394534!8m2!3d32.8224496!4d74.9016805?authuser=0&hl=en&rclk=1,32.8224496,74.9016805
District Hospital Ramban,Hospital,"NH 1A, Upper Bazar, Ramban, Jammu and Kashmir 182144",https://www.google.co.kr/maps/place/District+Hospital+Ramban/data=!4m5!3m4!1s0x391dc222e4d407a9:0xfd7c041927faf3d7!8m2!3d33.2420569!4d75.2392611?authuser=0&hl=en&rclk=1,33.2420569,75.2392611
JAN DENTAL CLINIC,Dental clinic,"Central Market, opposite Post Office, Kulgam, Jammu and Kashmir 192231",https://www.google.co.kr/maps/place/JAN+DENTAL+CLINIC/data=!4m5!3m4!1s0x38e201ac56b07a29:0x6684ffd0bfa40062!8m2!3d33.6450656!4d75.0189477?authuser=0&hl=en&rclk=1,33.6450656,75.0189477
Kupwara District Hospital,Hospital,"G7G4+RX7, Kupwara, Jammu and Kashmir 193222",https://www.google.co.kr/maps/place/Kupwara+District+Hospital/data=!4m5!3m4!1s0x38e11f84f28193f7:0x22bff26d9a9e244a!8m2!3d34.5270467!4d74.2574236?authuser=0&hl=en&rclk=1,34.5270467,74.2574236
Dr. Lovi Padha,Orthopedic surgeon,"Channi Himat, Jammu, Jammu and Kashmir 180015",https://www.google.co.kr/maps/place/Dr.+Lovi+Padha/data=!4m5!3m4!1s0x391e9cb3f1285581:0xf20d0dd45d7b100d!8m2!3d32.6993059!4d74.9001947?authuser=0&hl=en&rclk=1,32.6993059,74.9001947
Gautam Ayurveda Clinic,Alternative medicine practitioner,"Ramgarh Road Near Gurudwar,Vijaypur, opp. J&K Bank, Jammu, Jammu and Kashmir 184120",https://www.google.co.kr/maps/place/Gautam+Ayurveda+Clinic/data=!4m5!3m4!1s0x391c21b223ca06df:0xf9a8d1fc1f40f36d!8m2!3d32.565299!4d75.019769?authuser=0&hl=en&rclk=1,32.565299,75.019769
The FOOD Clinic,Nutritionist,"No 8, Roulki bakshi nagar, Jammu, Jammu and Kashmir 180001",https://www.google.co.kr/maps/place/The+FOOD+Clinic/data=!4m5!3m4!1s0x391e84603c4b9d81:0xaaf795dce8a21109!8m2!3d32.735041!4d74.852185?authuser=0&hl=en&rclk=1,32.735041,74.852185
Sub District Hospital,Hospital,"Dooru, Verinag Anantnag Road, Doru Shahabad, Jammu and Kashmir 192211",https://www.google.co.kr/maps/place/Sub+District+Hospital/data=!4m5!3m4!1s0x391df65fb02cc343:0xd7055a28b1c43d06!8m2!3d33.5727945!4d75.2224123?authuser=0&hl=en&rclk=1,33.5727945,75.2224123
Al-Hayat Hospital,Hospital,"Unnamed Road, Janglat Mandi, Anantnag, Jammu and Kashmir 192101",https://www.google.co.kr/maps/place/Al-Hayat+Hospital/data=!4m5!3m4!1s0x38e20559269ab60f:0x3c3c1ecc9f6f7e44!8m2!3d33.7219805!4d75.1494586?authuser=0&hl=en&rclk=1,33.7219805,75.1494586
Skyline Family Dental Care,Dental clinic,"Panjthirthi Chowk, opposite Radio station, Jammu, Jammu and Kashmir 180001",https://www.google.co.kr/maps/place/Skyline+Family+Dental+Care/data=!4m5!3m4!1s0x391e854952d27e11:0x5e9f971ac80e97eb!8m2!3d32.7424002!4d74.8709228?authuser=0&hl=en&rclk=1,32.7424002,74.8709228
MMABM Hospital,Hospital,"NH 1B, Janglat Mandi, Anantnag, Jammu and Kashmir 192101",https://www.google.co.kr/maps/place/MMABM+Hospital/data=!4m5!3m4!1s0x38e205884e349ab1:0xb1f09aa6e748e579!8m2!3d33.723889!4d75.1524201?authuser=0&hl=en&rclk=1,33.723889,75.1524201
Dr Darshan's Vedas Ayurveda Clinic,Alternative medicine practitioner,"Fuwara Chowk, Opp. - Canara Bank, Greater Kailash, Jammu, Jammu and Kashmir 180011",https://www.google.co.kr/maps/place/Dr+Darshan's+Vedas+Ayurveda+Clinic/data=!4m5!3m4!1s0x391e9c92e6e4be7f:0xd01922a8679301be!8m2!3d32.664487!4d74.895821?authuser=0&hl=en&rclk=1,32.664487,74.895821
"Atulaya Healthcare - MRI Scan, CT Scan, CT Angiography, Digital X-Ray, Ultrasound, Mammography Center and Clinical Laboratory (Home Collection)",Medical diagnostic imaging center,"KC Theatre Complex, Bakshi Nagar, Jammu, Jammu and Kashmir 180001","https://www.google.co.kr/maps/place/Atulaya+Healthcare+-+MRI+Scan,+CT+Scan,+CT+Angiography,+Digital+X-Ray,+Ultrasound,+Mammography+Center+and+Clinical+Laboratory+(Home+Collection)/data=!4m5!3m4!1s0x391e8489e6ffa957:0xcb86420752d9ffb1!8m2!3d32.734253!4d74.85783?authuser=0&hl=en&rclk=1",32.734253,74.85783
"District Hospital, Samba",Government hospital,"Main Bazar, Jammu and Kashmir 184121","https://www.google.co.kr/maps/place/District+Hospital,+Samba/data=!4m5!3m4!1s0x391c2288c2971a27:0x1d8deded15b64396!8m2!3d32.5579277!4d75.1122671?authuser=0&hl=en&rclk=1",32.5579277,75.1122671
Runyal Dental Clinic,Dental clinic,Bus Stand Ramban,https://www.google.co.kr/maps/place/Runyal+Dental+Clinic/data=!4m5!3m4!1s0x391dc224712078fb:0x242c601347e6a557!8m2!3d33.2377759!4d75.2400673?authuser=0&hl=en&rclk=1,33.2377759,75.2400673
J K ELECTRONIC EARS (PRIME SPEECH AND HEARING CLINIC),Speech pathologist,"Beauty Parlour, H. No 613A Back side of Laxmi Narayan Mandir Opp Chavee, Gandhi Nagar, Jammu, Jammu and Kashmir 180004",https://www.google.co.kr/maps/place/J+K+ELECTRONIC+EARS+(PRIME+SPEECH+AND+HEARING+CLINIC)/data=!4m5!3m4!1s0x391e852a5a4f0199:0x1246999549906a37!8m2!3d32.6980382!4d74.8609511?authuser=0&hl=en&rclk=1,32.6980382,74.8609511
Govt Psychiatric Diseases Hospital,Hospital,"Krishna Nagar, Jammu, Jammu and Kashmir 180016",https://www.google.co.kr/maps/place/Govt+Psychiatric+Diseases+Hospital/data=!4m5!3m4!1s0x391e8461d67e624b:0xfc54c0c8ea4af844!8m2!3d32.7333952!4d74.8550899?authuser=0&hl=en&rclk=1,32.7333952,74.8550899
Swami Vivekananda Hospital,Government hospital,"Ved Mandir Road, Amphalla, Jammu, Jammu and Kashmir 180005",https://www.google.co.kr/maps/place/Swami+Vivekananda+Hospital/data=!4m5!3m4!1s0x391e847a6032e997:0x821b1e18423a745b!8m2!3d32.7455582!4d74.8653541?authuser=0&hl=en&rclk=1,32.7455582,74.8653541
"Aash Speech And Hearing Clinic , Acomplete Diagnostic And Rehabilitation Centre Ahanger Complex IInd Floor Near national School Karanagar Srinagar Kashmir 190010 Jammu and Kashmir India",Speech pathologist,"Ahanger Complex 2nd Floor, near National School, Karan Nagar, Srinagar, Jammu and Kashmir 190010","https://www.google.co.kr/maps/place/Aash+Speech+And+Hearing+Clinic+,+Acomplete+Diagnostic+And+Rehabilitation+Centre+Ahanger+Complex+IInd+Floor+Near+national+School+Karanagar+Srinagar+Kashmir+190010+Jammu+and+Kashmir+India/data=!4m5!3m4!1s0x38e185130a8ada61:0x85dc351d4b19e777!8m2!3d34.0875305!4d74.7924375?authuser=0&hl=en&rclk=1",34.0875305,74.7924375
Family Dental Clinic,Dental clinic,"Unnamed Road, Guru Tegh Bahadur Nagar, Channi Himat, Jammu, Jammu and Kashmir 180015",https://www.google.co.kr/maps/place/Family+Dental+Clinic/data=!4m5!3m4!1s0x391e83a86fb96483:0x10e6148827e32f5a!8m2!3d32.700787!4d74.889915?authuser=0&hl=en&rclk=1,32.700787,74.889915
Indira Gandhi Govt. Dental College and Hospital Amphala,Hospital,"Indra Gandhi dental college Amphala Jammu Jammu and, Kashmir, Jammu, Jammu and Kashmir 180012",https://www.google.co.kr/maps/place/Indira+Gandhi+Govt.+Dental+College+and+Hospital+Amphala/data=!4m5!3m4!1s0x391e84650ff157e1:0x466beef843f589f6!8m2!3d32.7460223!4d74.861262?authuser=0&hl=en&rclk=1,32.7460223,74.861262
"Heal Homoeopathic Clinic (Dr. Aadil Malik, Homoeopathic Physician)",Homeopath,"12 B/C, Hospital Rd, near Pace Hyundai, Gandhi Nagar, Jammu, Jammu and Kashmir 180004","https://www.google.co.kr/maps/place/Heal+Homoeopathic+Clinic+(Dr.+Aadil+Malik,+Homoeopathic+Physician)/data=!4m5!3m4!1s0x391e8583b668156d:0xad4a33e788ea7075!8m2!3d32.7084073!4d74.8611023?authuser=0&hl=en&rclk=1",32.7084073,74.8611023
Dental Clinic,Dental clinic,"P5WX+QPW, Krangsoo, Ranbir Pora, Jammu and Kashmir 192101",https://www.google.co.kr/maps/place/Dental+Clinic/data=!4m5!3m4!1s0x38e20f8051f92e89:0xc2b4c103ebc3712a!8m2!3d33.7469925!4d75.1993326?authuser=0&hl=en&rclk=1,33.7469925,75.1993326
Ortho care Physiotherapy clinic and cupping therapy centre,Physical therapist,"Near Emergency Hospital, opposite Fire Service Station, Qazigund, Jammu and Kashmir 192221",https://www.google.co.kr/maps/place/Ortho+care+Physiotherapy+clinic+and+cupping+therapy+centre/data=!4m5!3m4!1s0x391df7e781a9faeb:0x7c72faa4c70ab9f3!8m2!3d33.5972191!4d75.1609638?authuser=0&hl=en&rclk=1,33.5972191,75.1609638
Sub District Hospital,Hospital,"Ranbir Singh Pura, Jammu and Kashmir 181102",https://www.google.co.kr/maps/place/Sub+District+Hospital/data=!4m5!3m4!1s0x391e912074f10d0d:0x1ef02eba71dbecf1!8m2!3d32.6075495!4d74.7334617?authuser=0&hl=en&rclk=1,32.6075495,74.7334617
Al Hayat Maternity Laparoscopy Hospital,Hospital,"Jangalat Mandi Chowk, Anantnag, NH-1B, Anantnag Kishtwar Highway, Anantnag Simthan Top Road, Anantnag, Anantnag, Jammu and Kashmir 192122",https://www.google.co.kr/maps/place/Al+Hayat+Maternity+Laparoscopy+Hospital/data=!4m5!3m4!1s0x38e20587d0dc6103:0x9bd3d7e3e6a0bc6!8m2!3d33.7265!4d75.1522?authuser=0&hl=en&rclk=1,33.7265,75.1522
Rotary Eye & ENT Hospital,Hospital,"Rotary Eye & ENT Hospital, Housing Colony, Udhampur, Jammu and Kashmir 182101",https://www.google.co.kr/maps/place/Rotary+Eye+%26+ENT+Hospital/data=!4m5!3m4!1s0x391dd29012297d61:0xa129478e96643520!8m2!3d32.9337718!4d75.1419941?authuser=0&hl=en&rclk=1,32.9337718,75.1419941
Batra Hospital,General hospital,"Samba, Jammu, Jammu and Kashmir 180017",https://www.google.co.kr/maps/place/Batra+Hospital/data=!4m5!3m4!1s0x391e83affa2cf6b7:0x9b5698e45e8d4a90!8m2!3d32.7514694!4d74.9097213?authuser=0&hl=en&rclk=1,32.7514694,74.9097213
Rather Medical Hall,Medical clinic,"NH 44, Chanderkote, 182148",https://www.google.co.kr/maps/place/Rather+Medical+Hall/data=!4m5!3m4!1s0x391dc1957c6500c1:0xb5e3b1548dafb905!8m2!3d33.1902184!4d75.3016371?authuser=0&hl=en&rclk=1,33.1902184,75.3016371
Government Primary Health Centre,Hospital,"M48G+VQP, Vessu, Jammu and Kashmir 192101",https://www.google.co.kr/maps/place/Government+Primary+Health+Centre/data=!4m5!3m4!1s0x38e2075b3a2b969b:0xca55127be5d74cbe!8m2!3d33.667215!4d75.1269462?authuser=0&hl=en&rclk=1,33.667215,75.1269462
The SKJ Hospital,Hospital,"KP Rd, Iqbal Abad, Anantnag, Jammu and Kashmir 192101",https://www.google.co.kr/maps/place/The+SKJ+Hospital/data=!4m5!3m4!1s0x38e20fa69474f3a9:0x91af3773b56fb6b3!8m2!3d33.7455385!4d75.1856729?authuser=0&hl=en&rclk=1,33.7455385,75.1856729
Distt Hospital,Government hospital,"Upper Bazar, Upper Bazaar, Ramban, Jammu and Kashmir 182144",https://www.google.co.kr/maps/place/Distt+Hospital/data=!4m5!3m4!1s0x391dc2226167898b:0xeb8a5b09399e2153!8m2!3d33.2425461!4d75.2394283?authuser=0&hl=en&rclk=1,33.2425461,75.2394283
R M Diagnostic lab and polyclinic ,Diagnostic center,"P5G2+G7C, Janglat Mandi, Anantnag, Jammu and Kashmir 192101",https://www.google.co.kr/maps/place/R+M+Diagnostic+lab+and+polyclinic+%E2%9B%91/data=!4m5!3m4!1s0x38e205d185f2a75b:0xad4e771cb84e1323!8m2!3d33.7263103!4d75.1506421?authuser=0&hl=en&rclk=1,33.7263103,75.1506421
"TRT , Hospital",Hospital,"RW4G+J2W, Durga Vihar, Nagrota, 181221","https://www.google.co.kr/maps/place/TRT+,+Hospital/data=!4m5!3m4!1s0x391e819f1f01c2d7:0x763865075913e3a2!8m2!3d32.8066101!4d74.9250818?authuser=0&hl=en&rclk=1",32.8066101,74.9250818
SHAHEEN DIAGNOSTIC CENTRE KULGAM ( COMPLETE USG CLINIC),Medical Center,"opposite District Hospital, Kulgam, Jammu and Kashmir 192231",https://www.google.co.kr/maps/place/SHAHEEN+DIAGNOSTIC+CENTRE+KULGAM+(+COMPLETE+USG+CLINIC)/data=!4m5!3m4!1s0x38e201f5b1c6eed3:0x35bf2f22a27b0659!8m2!3d33.6449908!4d75.018031?authuser=0&hl=en&rclk=1,33.6449908,75.018031
Unani and Panchakarma Hospital,Hospital,"Sinthan Top, NH-1B, Anantnag Kishtwar Highway, Road, Anantnag, Jammu and Kashmir 192122",https://www.google.co.kr/maps/place/Unani+and+Panchakarma+Hospital/data=!4m5!3m4!1s0x38e20586beb33765:0xf40e73ab9e5202a0!8m2!3d33.7301307!4d75.1498831?authuser=0&hl=en&rclk=1,33.7301307,75.1498831
SUVIDHA VET. CLINIC,Veterans center,"Raya Morh, Jammu, Jammu and Kashmir 181143",https://www.google.co.kr/maps/place/SUVIDHA+VET.+CLINIC/data=!4m5!3m4!1s0x391e9ff8a2939607:0x84dc1e83b495a984!8m2!3d32.5927909!4d74.966114?authuser=0&hl=en&rclk=1,32.5927909,74.966114
Dr Lal PathLabs,Diagnostic center,"Army Clinical Lab,Opposite Shivalik Traders, Near Gurudwara Gali,, Near Gurudwara Gali, Jammu and Kashmir 190001",https://www.google.co.kr/maps/place/Dr+Lal+PathLabs/data=!4m5!3m4!1s0x391dd29582370b4b:0x89cd0ba072013714!8m2!3d32.923253!4d75.134249?authuser=0&hl=en&rclk=1,32.923253,75.134249
i-smile dental clinic,Dental clinic,"Ward no. 7, near skme hospital, Batote, Jammu and Kashmir 182143",https://www.google.co.kr/maps/place/i-smile+dental+clinic/data=!4m5!3m4!1s0x391dc77442aab7ff:0x3303b83f5a51c354!8m2!3d33.1204887!4d75.3253446?authuser=0&hl=en&rclk=1,33.1204887,75.3253446
166 Military Hospital,Military hospital,"MRWR+2GW, Raipur Satwari, Jammu, Jammu and Kashmir 180003",https://www.google.co.kr/maps/place/166+Military+Hospital/data=!4m5!3m4!1s0x391e84ce65c44d41:0xd7d75491d6313b79!8m2!3d32.6951007!4d74.8413348?authuser=0&hl=en&rclk=1,32.6951007,74.8413348
Military Command Hospital Udhampur,Hospital,"Raghunathpura, Udhampur, Jammu and Kashmir 182101",https://www.google.co.kr/maps/place/Military+Command+Hospital+Udhampur/data=!4m5!3m4!1s0x391dd2eca8fc6b4d:0x338fa0a4b0f5e0cc!8m2!3d32.9307865!4d75.1353478?authuser=0&hl=en&rclk=1,32.9307865,75.1353478
Al Shifa dental care,Dental clinic,"Bus Stand, Thalanga, Doda, Jammu and Kashmir 182202",https://www.google.co.kr/maps/place/Al+Shifa+dental+care/data=!4m5!3m4!1s0x391da5095d44fc1f:0x3c36040734e8e7b1!8m2!3d33.1444845!4d75.5452283?authuser=0&hl=en&rclk=1,33.1444845,75.5452283
Mir Homoeopathic Clinic,Homeopathic pharmacy,"Hamdan Mall Goni Khan Lane LD Road Lalchowk, Srinagar, Jammu and Kashmir 190001",https://www.google.co.kr/maps/place/Mir+Homoeopathic+Clinic/data=!4m5!3m4!1s0x38e18f4a72f4c6a7:0x99627901c6ccffb1!8m2!3d34.070528!4d74.8077056?authuser=0&hl=en&rclk=1,34.070528,74.8077056
District Hospital Reasi,Hospital,"3RWW+R7C, Reasi, Jammu and Kashmir 182312",https://www.google.co.kr/maps/place/District+Hospital+Reasi/data=!4m5!3m4!1s0x391e71175a629fc9:0x7a8dd4c4aeefa181!8m2!3d33.0970604!4d74.8456478?authuser=0&hl=en&rclk=1,33.0970604,74.8456478
SGM CLINIC FOR PHYSIOTHERAPY (Dr Puneet Gupta),Physical therapist,"H.no:-18, Lane No:-27, RAJPURA MANGOTRIAN, near Park, Jammu, Jammu and Kashmir 180001",https://www.google.co.kr/maps/place/SGM+CLINIC+FOR+PHYSIOTHERAPY+(Dr+Puneet+Gupta)/data=!4m5!3m4!1s0x391e857e42778c91:0x8891872740c38a11!8m2!3d32.7419313!4d74.8442924?authuser=0&hl=en&rclk=1,32.7419313,74.8442924
Government Medical College and hospital,Medical school,"maheshpura, chowk, Bakshi Nagar, Jammu, Jammu and Kashmir 180001",https://www.google.co.kr/maps/place/Government+Medical+College+and+hospital/data=!4m5!3m4!1s0x391e848e86e7c5b3:0x50790de0d0ccfc36!8m2!3d32.7361128!4d74.8539737?authuser=0&hl=en&rclk=1,32.7361128,74.8539737
Smile hub dental care and implant centre verinag,Dental clinic,"opposite PHC verinag, Verinag, Jammu and Kashmir 192212",https://www.google.co.kr/maps/place/Smile+hub+dental+care+and+implant+centre+verinag/data=!4m5!3m4!1s0x391df72cbba24991:0x8e7e7aa880cd39c9!8m2!3d33.5384596!4d75.2465052?authuser=0&hl=en&rclk=1,33.5384596,75.2465052
Sub District Hospital,Hospital,"XPJ8+JX5, Bhaderwah, Jammu and Kashmir 182222",https://www.google.co.kr/maps/place/Sub+District+Hospital/data=!4m5!3m4!1s0x391d000884d1f8e9:0x5d1ec657635fe912!8m2!3d32.9815016!4d75.7174999?authuser=0&hl=en&rclk=1,32.9815016,75.7174999
Sub District Hospital,Hospital,"PR67+9RH, Bani, Jammu and Kashmir 184206",https://www.google.co.kr/maps/place/Sub+District+Hospital/data=!4m5!3m4!1s0x391cf3fc714f5a73:0x4268f6b6bb5d3e97!8m2!3d32.7109361!4d75.8146012?authuser=0&hl=en&rclk=1,32.7109361,75.8146012
Dr wahab Homoeopathic clinic,Homeopath,"Ward no, 1, near GMC, Kheora, Rajouri, Jammu and Kashmir 185131",https://www.google.co.kr/maps/place/Dr+wahab+Homoeopathic+clinic/data=!4m5!3m4!1s0x391e2e80f020c167:0xc5585374048b519!8m2!3d33.3717007!4d74.312823?authuser=0&hl=en&rclk=1,33.3717007,74.312823
Dr Meer's Gastro & Liver Superspeciality Clinic,Doctor,"Dr Meer's Gastro and Liver SuperSpeciality Clinics Baba medical store, Janglat Mandi, Anantnag, Jammu and Kashmir 192101",https://www.google.co.kr/maps/place/Dr+Meer's+Gastro+%26+Liver+Superspeciality+Clinic/data=!4m5!3m4!1s0x38e205337dfd8417:0x5ae1a05ee4795903!8m2!3d33.7252725!4d75.1520913?authuser=0&hl=en&rclk=1,33.7252725,75.1520913
Dr Muzaffar's Clinic,Doctor,"CJ8R+C38, Plan Bandipora, 193502",https://www.google.co.kr/maps/place/Dr+Muzaffar's+Clinic/data=!4m5!3m4!1s0x38e16d5306d4bfd1:0xb4b178eacdb859be!8m2!3d34.4160475!4d74.6401879?authuser=0&hl=en&rclk=1,34.4160475,74.6401879
Ankur Nursing Home,Nursing home,"396-A, Gandhi Nagar, Jammu, Jammu and Kashmir 180004",https://www.google.co.kr/maps/place/Ankur+Nursing+Home/data=!4m5!3m4!1s0x391e84afc255fc57:0x264f8a5e7f5a4fec!8m2!3d32.6991041!4d74.8592094?authuser=0&hl=en&rclk=1,32.6991041,74.8592094
J K Electronic Ears - Speech therapy,Speech pathologist,"# 161, C/O Durga Saw Mills, Dhar Rd, near Mayur Palace, Udhampur, Jammu and Kashmir 182101",https://www.google.co.kr/maps/place/J+K+Electronic+Ears+-+Speech+therapy/data=!4m5!3m4!1s0x391dd2be7984da67:0xedf425fb91826c84!8m2!3d32.9181281!4d75.1322469?authuser=0&hl=en&rclk=1,32.9181281,75.1322469
U Like Car Clinic- Maruti,Car repair and maintenance,"GITA NAGAR, REASI, ROAD, Jyotipuram, Jammu and Kashmir 182311",https://www.google.co.kr/maps/place/U+Like+Car+Clinic-+Maruti/data=!4m5!3m4!1s0x391e70ded4faf961:0x7782b7dd7adf0a95!8m2!3d33.0780439!4d74.8358651?authuser=0&hl=en&rclk=1,33.0780439,74.8358651
Family dental care clinic,Dentist,"Ashajipora Bridge, Zodder, Janglat Mandi, Anantnag, Jammu and Kashmir 192101",https://www.google.co.kr/maps/place/Family+dental+care+clinic/data=!4m5!3m4!1s0x38e20587579119bf:0x13eb1aa836722c36!8m2!3d33.719767!4d75.1505933?authuser=0&hl=en&rclk=1,33.719767,75.1505933
Esthetics Dental Clinic,Dental clinic,"Unnamed Road, Kadi Pora, Anantnag, Jammu and Kashmir 192101",https://www.google.co.kr/maps/place/Esthetics+Dental+Clinic/data=!4m5!3m4!1s0x38e20f46636707fd:0xaa36d70bfea72e9a!8m2!3d33.7348399!4d75.1554255?authuser=0&hl=en&rclk=1,33.7348399,75.1554255
